id,title,funder,source,url,description,deadline,amount_max,currency,country,region,relevance,fetched_at
afe0f4c0f994,Global Greengrants Fund — Grassroots Environmental Grants,Global Greengrants Fund,greengrants.org,https://www.greengrants.org/apply-for-a-grant/,"Global Greengrants Fund provides small grants ($500–$5,000) for grassroots environmental and climate justice movements worldwide. Focus areas: indigenous rights, biodiversity, water justice, climate action, community-led conservation, and environmental health. Rolling applications with priority to underrepresented groups.",,,USD,GLOBAL,,82,2026-06-30T23:57:50.854068+00:00
e9b79659feb2,"HCLTech Grant — Water, Biodiversity & Environment",HCLFoundation,asia:hcl,https://www.hclfoundation.org/hcltech-grant,"Annual grant program from HCLFoundation for projects addressing water conservation, biodiversity protection, and environmental sustainability. Grants up to ₹5 Crore (~$600,000 USD). Open to registered NGOs and civil society organizations in India working on climate action and community resilience.",,50000000,INR,IN,,76,2026-06-30T23:57:59.608359+00:00
709dc032a3d9,80+ Funding Opportunities for Environment and Climate Action,,fundsforngos.org,https://www2.fundsforngos.org/listing/80-funding-opportunities-for-environment-and-climate-action/,"80+ Funding Opportunities for Environment and Climate Action 
 [June 2026]

Explore 80+ funding opportunities for environment and climate action. This guide features grants, awards, fellowships, and innovation opportunities supporting biodiversity conservation, sustainability, climate resilience, clean technology, ocean protection, and environmental …  [Read more...]  about 80+ Funding Opportuniti",,,,GLOBAL,,68,2026-06-30T23:58:44.990847+00:00
cf38fdd5695c,Climate Justice Resilience Fund — Grantmaking,Climate Justice Resilience Fund,cjrfund.org,https://cjrfund.org/our-grants/,"CJRF funds women, youth, and Indigenous communities responding to climate change. Focus on locally-led adaptation, climate justice, and community resilience in Africa, Asia, Latin America, and the Arctic. Multi-year grants for grassroots organizations. Priority: gender equity, Indigenous knowledge, and youth leadership in climate action.",,,,GLOBAL,,66,2026-06-30T23:57:50.847880+00:00
47f3479231c5,Calouste Gulbenkian Foundation — Programmes,Calouste Gulbenkian Foundation,gulbenkian.pt,https://gulbenkian.pt/programas/,"Gulbenkian Foundation supports projects in arts, environment, science, and social development. Focus areas: climate action, ocean conservation, cultural heritage, education, and social inclusion. Multi-year programmes with open calls throughout the year. Grants for NGOs, research institutions, and cultural organizations in Portugal and internationally.",,,EUR,EU,,62,2026-06-30T23:57:50.843229+00:00
b9024fb7b1d1,EEA and Norway Grants — Funding Programmes,EEA and Norway Grants,eeagrants.org,https://eeagrants.org/,"EEA and Norway Grants provide funding to 15 EU member states for projects in environment, climate change, civil society, culture, and social inclusion. Funded by Iceland, Liechtenstein, and Norway. Open calls managed by national Focal Points in each beneficiary country. Focus: green transition, democratic engagement, human rights, and cultural cooperation.",,,EUR,EU,,60,2026-06-30T23:57:50.842731+00:00
154b5d7b4552,Emerging Climate Champions Award — $1 Million Grants,Enlight Foundation / Lever For Change / Patchwork Collective,emerging-climate-champions,https://www.leverforchange.org/,"Bold $25 million global open call offering multiyear, flexible $1 million grants to youth-led organizations advancing climate solutions worldwide. Partnership of Enlight Foundation, The Patchwork Collective, and Lever For Change. Focus: youth-led, climate justice, socio-environmental, grassroots, global south.",,1000000,USD,GLOBAL,,60,2026-06-30T23:57:50.849061+00:00
7bd3ba14f66d,Incredible Funding Opportunities for Animal and Wildlife Conservation,,fundsforngos.org,https://www2.fundsforngos.org/listing/incredible-funding-opportunities-for-animal-and-wildlife-conservation/,"Incredible Funding Opportunities for Animal and Wildlife Conservation 
 [June 2026]








Explore a curated selection of funding opportunities supporting animal welfare, wildlife conservation, and biodiversity protection. These grants are open to NGOs, researchers, and conservation practitioners working on species protection, habitat restoration, marine and …  [Read more...]  about Incredible Fu",,,,GLOBAL,,60,2026-06-30T23:58:44.991902+00:00
89cdf05bcba1,Povos indígenas na linha de frente contra incêndios florestais na Amazônia,Fundo Casa Socioambiental,casa.org.br,https://casa.org.br/povos-indigenas-na-linha-de-frente-contra-incendios-florestais-na-amazonia/,"A chamada “Fortalecendo a autonomia e resiliência dos Povos Indígenas” apoiou 30 projetos em 39 Terras Indígenas, capacitando mais de 300 brigadistas e fornecendo equipamentos essenciais para fortalecer a proteção da Amazônia. A Amazônia enfrenta desafios cada vez maiores: incêndios florestais e desmatamento avançam sobre territórios indígenas, ameaçando comunidades e a biodiversidade. Os povos indígenas, que há séculos protegem a floresta, seguem na linha de frente dessa luta, mas precisam de e",,,,BR,,58,2026-06-30T23:57:55.145483+00:00
1faa49e8d7d5,Fundo Ecos lança edital para fortalecer organizações de base comunitária na Amazônia Legal,ISPN,ispn.org.br,https://ispn.org.br/noticia/fundo-ecos-lanca-edital-para-fortalecer-organizacoes-de-base-comunitaria-na-amazonia-legal/,"Organizações de base comunitária protagonizadas por povos indígenas, quilombolas, comunidades tradicionais e agricultores familiares dos estados do Maranhão, Tocantins e Mato Grosso poderão participar do 49º Edital do Fundo Ecos. O Instituto Sociedade, População e Natureza (ISPN), responsável pela gestão do Fundo Ecos , lança a chamada no âmbito do projeto Territórios Amazônicos Sociobiodiversos ( TAIPAS ), em parceria com o Forests, People, Climate ( FPC ) , uma plataforma estratégica de filant",,,,BR,,58,2026-06-30T23:58:04.999843+00:00
ff05d86da49b,Congresso desmonta proteção socioambiental: territórios tradicionais ficam ainda mais expostos à violência e conflitos,ISPN,ispn.org.br,https://ispn.org.br/nota-institucional/congresso-desmonta-protecao-socioambiental-territorios-indigenas-quilombolas-e-tradicionais-ficam-ainda-mais-expostos-a-violencia-e-conflitos/,"O ISPN manifesta profunda preocupação diante da decisão do Congresso Nacional, que em 27 de novembro derrubou 56 dos 63 vetos do Governo ao Projeto de Lei do Licenciamento Ambiental – conhecido por organizações da sociedade civil como PL da Devastação. A medida representa um dos maiores retrocessos socioambientais das últimas décadas e aprofunda a vulnerabilidade de povos indígenas, quilombolas, povos e comunidades tradicionais e agricultores familiares (PIPCTAFs) em todos os biomas do país. Ent",,,,BR,,58,2026-06-30T23:58:05.171399+00:00
355613b0a1ef,Fundo Brasil — General Grant Call (Edital Geral),Fundo Brasil de Direitos Humanos,fundobrasil.org.br,https://www.fundobrasil.org.br/editais/,"Fundo Brasil de Direitos Humanos supports Brazilian civil society organizations working on human rights, environmental justice, and social justice. Annual grant calls (Editais Gerais e Específicos) for projects across Brazil. Focus areas include environmental rights, LGBTQIA+, racial justice, and community development.",,,,BR,,58,2026-06-30T23:57:50.841488+00:00
3761e0f1eb9d,The Pollination Project — Grassroots Grants,The Pollination Project,pollinationproject.org,https://pollinationproject.org/grants/,"The Pollination Project provides $500–$8,000 seed funding to grassroots changemakers worldwide. Focus areas: environmental justice, animal protection, community health, human rights, and sustainable agriculture. Priority given to early-stage, community-led initiatives with strong social impact potential.",,,USD,GLOBAL,,56,2026-06-30T23:57:50.855211+00:00
a2d804409995,Apply for Climate Change Partnerships Grant Program (Australia),,fundsforngos.org,https://www2.fundsforngos.org/environment-2/apply-for-climate-change-partnerships-grant-program-australia/,"Deadline: 10-Aug-2026 The Climate Change Partnerships Grant Program supports community-led projects that help the Greater Geelong region respond to climate change and achieve a net zero emissions municipality by 2035. Eligible organizations, businesses, and partnerships can apply for grants of up to $50,000 to deliver projects focused on climate adaptation, renewable energy, biodiversity, sustainable transport, and community engagement. What Is the Climate Change Partnerships Grant Program? The Climate Change Partnerships Grant Program provides funding for collaborative projects that help comm",,th .,,GLOBAL,,54,2026-06-30T23:58:43.137923+00:00
ce1a6cd5a796,Confira os principais destaques da participação do ISPN no XII Sapis e VII Elapis,ISPN,ispn.org.br,https://ispn.org.br/noticia/confira-os-principais-destaques-da-participacao-do-ispn-no-xii-sapis-e-vii-elapis/,"O Instituto Sociedade, População e Natureza (ISPN) marcou presença no XII Seminário Brasileiro sobre Áreas Protegidas e Inclusão Social (Sapis) e no VII Encontro Latino-Americano sobre Áreas Protegidas e Inclusão Social (Elapis), que neste ano teve como tema central: Territórios, Áreas Conservadas e Sociobiodiversidade: caminhos para a equidade e a paz. A participação do ISPN nesses debates buscou ampliar a visibilidade dos povos indígenas, quilombolas e comunidades tradicionais como protagonist",,,,BR,,50,2026-06-30T23:58:05.047066+00:00
8a9286247a35,"Observatório Socioambiental lança ferramenta inédita que cruza dados de desmatamento e violência no campo, ao longo de quatro décadas",ISPN,ispn.org.br,https://ispn.org.br/noticia/observatorio-socioambiental-lanca-ferramenta-inedita-que-cruza-dados-de-desmatamento-e-violencia-no-campo-ao-longo-de-quatro-decadas/,"No próximo dia 27 de abril de 2026, será lançado oficialmente o Observatório Socioambiental , iniciativa da sociedade civil que reúne, de forma inédita, dados sistematizados entre 1980 e 2023 sobre violações de direitos humanos, desmatamento e expansão da agricultura industrial no Brasil. O lançamento será junto com o Caderno de Conflitos da CPT, cujos dados vão constar na plataforma. A ação é resultado de uma parceria entre o Instituto Sociedade, População e Natureza (ISPN), Comissão Pastoral d",,,,BR,,50,2026-06-30T23:58:05.089761+00:00
ee87d86116c7,Open Call for Indigenous Climate Action Grant (Canada),,fundsforngos.org,https://www2.fundsforngos.org/leadership/open-call-for-indigenous-climate-action-grant-canada/,"Deadline : 02-Sep-2026 The Indigenous Climate Action Grant supports Indigenous-led climate action projects in Toronto that promote environmental sustainability, knowledge sharing, and benefits for Indigenous communities. The grant prioritizes projects that directly support Toronto’s Urban Indigenous community and strengthen Indigenous participation in local climate action. Funding is available through two streams. Stream 1 provides up to $10,000 per project, while Stream 2 provides up to $20,000 per project for eligible Indigenous-led collectives and organizations. What is the Indigenous Clima",,us.,,GLOBAL,,50,2026-06-30T23:58:29.936639+00:00
2c51fb7ca8f3,African Wildlife Foundation — Conservation Partnerships,African Wildlife Foundation (AWF),africa:awf,https://www.awf.org/,"AWF partners with African communities, governments, and conservation organizations to protect wildlife and wild lands. Focus areas include protected area management, species conservation, community-based natural resource management, and climate resilience across sub-Saharan Africa.",,,,AFRICA,,50,2026-06-30T23:57:55.801410+00:00
5bc3f8398b1b,Youth Climate Justice Fund — Annual Grant Round,Youth Climate Justice Fund,ycjf.org,https://ycjf.org/how-to-apply,"Funds youth-led groups (majority under 35) advancing climate justice and socio-environmental action through community power. Up to $20,000 local, $40,000 national. Applications in Arabic, English, French, Hindi, Portuguese, Spanish, Swahili. No formal registration required. Latin America, Africa, Asia, Pacific, Europe and Central Asia, North America (underrepresented communities).",,40000,USD,GLOBAL,,48,2026-06-30T23:57:54.416847+00:00
ce09b77ce1cc,We believe in the incredible power of youth-led groups and organizations driving climate justice.,Youth Climate Justice Fund,ycjf.org,https://ycjf.org/about,"We believe in the incredible power of youth-led groups and organizations driving climate justice.
         
 
 
              About Us
             
 
 
 Youth-led climate justice advocacy groups are at the heart of climate and socio-environmental justice. We drive ambitious, fair, and sustainable transitions worldwide. From leading a huge socio-environmental effort in 2018 to holding policy-makers to their promises every day, youth climate advocates are a driving force for change.",,"$40,000",USD,GLOBAL,,46,2026-06-30T23:57:54.414869+00:00
5490b8c7b531,Apply Now: Project Viability Grants – Climate Change Impact (UK),,fundsforngos.org,https://www2.fundsforngos.org/arts-culture-2/apply-now-project-viability-grants-climate-change-impact-uk/,"Deadline: 31-Dec-2026 The Project Viability Grants – Climate Change Impact programme provides up to £15,000 for up to one year to support feasibility studies that explore how historic buildings can be adapted for improved energy efficiency and long-term sustainability. The grant focuses on non-profit and community organisations working on decarbonisation, climate adaptation, and sustainable reuse of heritage buildings. What Is the Project Viability Grants – Climate Change Impact Programme? The Project Viability Grants – Climate Change Impact programme supports early-stage studies that examine",,"£15,000",,GLOBAL,,46,2026-06-30T23:57:58.695159+00:00
91b0b09d7fa3,Território e Tradição: mulheres indígenas do Maranhão contam suas histórias por meio do audiovisual,Fundo Casa Socioambiental,casa.org.br,https://casa.org.br/territorio-e-tradicao-mulheres-indigenas-do-maranhao-contam-suas-historias-por-meio-do-audiovisual/,"Apoiadas pelo Fundo Casa Socioambiental, o protagonismo das mulheres indígenas é fortalecido através de documentários que destacam saberes tradicionais e a luta pela sustentabilidade. Nos territórios indígenas do Maranhão, câmeras registram histórias de resistência, saberes medicinais e conhecimento ancestral. Mulheres indígenas, protagonistas de suas próprias narrativas, utilizam o audiovisual como ferramenta para compartilhar com o mundo as ameaças das mudanças climáticas às suas terras e trad",,,,BR,,44,2026-06-30T23:57:55.221870+00:00
78d1bdca26b1,"Intercâmbios agroecológicos conectam quilombolas, agricultores familiares e indígenas no Maranhão",ISPN,ispn.org.br,https://ispn.org.br/noticia/intercambios-agroecologicos-conectam-quilombolas-agricultores-familiares-e-indigenas-no-maranhao/,"Para fortalecer a troca de experiências e impulsionar práticas agroecológicas que geram renda e preservam o meio ambiente, uma série de três intercâmbios ocorreu entre quilombolas, agricultores familiares e indígenas do povo Guajajara, no Maranhão. Mais do que visitas entre territórios, os intercâmbios se consolidaram como espaços de formação coletiva, diálogo intercultural e construção de estratégias comuns. Os intercâmbios foram realizados no âmbito do Projeto Floresta Amazônia, por meio da Mo",,,,BR,,44,2026-06-30T23:58:05.129667+00:00
cc2cf308b823,Thematic Call for Civil Society and Human Rights Organizations (Ecuador),,fundsforngos.org,https://www2.fundsforngos.org/civil-society-development/thematic-call-for-civil-society-and-human-rights-organizations-ecuador/,"Deadline: 01-Sep-2026 The European Commission’s funding programme aims to empower civil society organizations (CSOs) in Ecuador by supporting initiatives that protect human rights, strengthen democratic governance, improve environmental sustainability, and encourage inclusive social development. The programme recognizes civil society organizations as key partners in promoting democracy, accountability, the rule of law, environmental protection, and citizen participation. It also aligns with the Thematic Programme of Civil Society Organizations 2021–2027 and the Global Gateway Strategy , which",,"EUR 5,159,000",,GLOBAL,,44,2026-06-30T23:58:17.741785+00:00
0a92f5869692,Amazon Conservation Team — Grants for Indigenous & Local Communities,Amazon Conservation Team,latam:amazonconservation,https://www.amazonconservation.org/grants/,"Amazon Conservation Team supports Indigenous and local communities in protecting the Amazon rainforest. Grants for territorial management, cultural preservation, and sustainable livelihoods in Brazil, Colombia, Suriname, and Guyana.",,,,LATAM,,44,2026-06-30T23:57:50.852154+00:00
94bf20b79b80,Keidanren Nature Conservation Fund (KNCF) — Grant Program,Keidanren Nature Conservation Fund / Nippon Keidanren,asia:kncf,https://www.keidanren.net/kncf/en/fund/program,"Annual grant program for biodiversity conservation projects in the Asia-Pacific region. Grants up to ¥20 million/year for projects focused on nature conservation, sustainable resource use, and biodiversity protection. Open to NGOs, research institutions, and community organizations in Asia-Oceania.",,20000000,JPY,ASIA,,44,2026-06-30T23:57:59.608262+00:00
0a48a120ced3,49º Edital – Fundo Ecos – Organizações da Amazônia Legal,,capta.org.br,https://capta.org.br/oportunidades/49o-edital-fundo-ecos-organizacoes-da-amazonia-legal/,"Instituto Sociedade População e Natureza O 49º Edital (3º/2026) para apoio a organizações na Amazônia Legal, lançado pelo Instituto Sociedade População e Natureza (ISPN), através do Fundo Ecos, tem como objetivo apoiar iniciativas lideradas por povos indígenas, quilombolas, comunidades locais e tradicionais da Amazônia Legal brasileira, contribuindo para o fortalecimento da governança territorial, da sociobioeconomia e da justiça climática. O edital contempla propostas voltadas ao fortalecimento da incidência política e da participação social em espaços de governança relacionados à alimentação",2026-08-31,,,BR,,42,2026-06-30T23:57:59.056248+00:00
4718317e33b7,Territórios Vivos da Amazônia: apoio a soluções comunitárias,,capta.org.br,https://capta.org.br/oportunidades/territorios-vivos-da-amazonia-apoio-a-solucoes-comunitarias/,"Fundo Casa Socioambiental O edital Territórios Vivos da Amazônia: apoio a soluções comunitárias, lançado pelo Fundo Casa Socioambiental, tem como objetivo fortalecer povos indígenas, quilombolas e comunidades locais na defesa de seus direitos territoriais, na promoção da autodeterminação e no enfrentamento das ilegalidades em seus territórios. As propostas podem abranger ações de fortalecimento institucional, fortalecimento das ações para a governança e proteção territorial, reconhecimento e defesa dos direitos territoriais, além de iniciativas voltadas à proteção e segurança dos territórios.",2026-06-16,,,BR,,42,2026-06-30T23:57:59.063843+00:00
08f121990032,Chamada de Projetos: “Territórios Vivos da Amazônia:Apoio a soluções comunitárias”,Fundo Casa Socioambiental,casa.org.br,https://casa.org.br/chamada-de-projetos-territorios-vivos-da-amazoniaapoio-a-solucoes-comunitarias/,"O Fundo Casa Socioambiental lança a chamada de projetos Territórios Vivos da Amazônia: Apoio a soluções comunitárias , voltada ao fortalecimento de iniciativas lideradas por povos indígenas, quilombolas e comunidades locais na Amazônia Legal. A chamada conta com R$ 3,6 milhões em recursos e apoiará até 60 projetos comunitários, com valores de até R$ 60 mil cada , voltados à defesa de direitos territoriais, à governança e à proteção dos territórios. A iniciativa parte do reconhecimento de que a A",,,,BR,,42,2026-06-30T23:57:54.918005+00:00
308d2c904e96,Fortalecimento de redes e trocas de saberes marcam os encontros das Comunidades de Prática de Comunicação Comunitária,Fundo Casa Socioambiental,casa.org.br,https://casa.org.br/fortalecimento-de-redes-e-trocas-de-saberes-marcam-os-encontros-das-comunidades-de-pratica-de-comunicacao-comunitaria/,"A comunicação comunitária e popular é mais do que um direito, é a voz que resiste, que denuncia e que constrói futuros possíveis. Nos territórios tradicionais e locais, ela é um instrumento de luta, garantindo que histórias sejam contadas por quem vive a realidade de cada lugar. Em tempos de desinformação, discursos de ódio e ataques a defensoras e defensores de direitos humanos e ambientais, apoiar o fortalecimento desses comunicadores (as) é indispensável para a democracia e para a justiça soc",,,,BR,,42,2026-06-30T23:57:55.153871+00:00
6c28e1588aa2,"Sem povos e comunidades tradicionais, não haverá justiça climática",ISPN,ispn.org.br,https://ispn.org.br/artigo-de-opiniao/sem-povos-e-comunidades-tradicionais-nao-havera-justica-climatica/,"Enquanto governos encontram obstáculos na negociação de metas, indicadores e mecanismos financeiros para enfrentar a crise climática, uma pergunta continua sem resposta adequada nas negociações internacionais: o que será feito em prol de quem já está cuidando dos territórios que mantêm a biodiversidade , protegem as águas e ajudam a regular o clima do planeta? Participei, em junho, da Conferência de Bonn sobre Mudanças Climáticas, na Alemanha, etapa preparatória para a próxima Conferência das Pa",,,,BR,,42,2026-06-30T23:58:05.002563+00:00
1dda795d51e3,Applications open for Environmental Sustainability Grants 2026-2027 (Australia),,fundsforngos.org,https://www2.fundsforngos.org/community-development-2/applications-open-for-environmental-sustainability-grants-2026-2027-australia/,"Deadline: 10-Aug-2026 The Environmental Sustainability Grants program supports projects and minor capital works that improve the natural environment and promote environmental sustainability across the Geelong region. Eligible organizations can apply for up to $10,000 to deliver initiatives that reduce emissions, create greener spaces, protect biodiversity, and improve water management. What Are Environmental Sustainability Grants? The Environmental Sustainability Grants program provides funding to support community-led environmental projects and small-scale capital works that contribute to a m",,"$10,000",,GLOBAL,,42,2026-06-30T23:58:43.148168+00:00
6709491e9bcd,Current Funding Calls for Animal Protection Projects Worldwide,,fundsforngos.org,https://www2.fundsforngos.org/listing/current-funding-calls-for-animal-protection-projects-worldwide/,"Current Funding Calls for Animal Protection Projects Worldwide 
 [April 2026]
Explore a curated selection of global funding opportunities dedicated to wildlife conservation and animal protection. This listing features grants, awards, and research calls supporting projects in biodiversity conservation, marine life protection, habitat preservation, and animal …  [Read more...]  about Current Funding",,,,GLOBAL,,42,2026-06-30T23:58:44.997902+00:00
9945167551c6,Inscrições abertas: Teia da Sociobiodiversidade destinará R$ 40 milhões a iniciativas comunitárias de todo o Brasil,Fundo Casa Socioambiental,casa.org.br,https://casa.org.br/inscricoes-abertas-teia-da-sociobiodiversidade-destinara-r-40-milhoes-a-iniciativas-comunitarias-de-todo-o-brasil/,"A parceria do Fundo Casa Socioambiental e do Fundo Socioambiental CAIXA visa fortalecer comunidades locais e tradicionais em projetos de desenvolvimento local sustentável Na semana em que todo o globo se reúne para dialogar sobre a conservação dos recursos naturais na COP16 da Biodiversidade , o Fundo Casa Socioambiental, em parceria com o Fundo Socioambiental CAIXA (FSA CAIXA), lançam uma chamada pública que investirá R$ 40 milhões em iniciativas da sociedade civil que promovam o desenvolviment",,,,BR,,38,2026-06-30T23:57:55.262760+00:00
cd2a941f95a4,ISPN celebra 36 anos com lançamento de Política Institucional de Gênero,ISPN,ispn.org.br,https://ispn.org.br/noticia/ispn-celebra-36-anos-com-lancamento-de-politica-institucional-de-genero/,"No mês de abril, em que completa 36 anos de trajetória dedicada aos povos indígenas, quilombolas, aos povos e comunidades tradicionais e aos agricultores familiares, o Instituto Sociedade, População e Natureza (ISPN) dá mais um passo na promoção do fortalecimento dos meios de vida sustentáveis com protagonismo comunitário. A instituição lança oficialmente sua Política de Gênero , um marco estratégico que consolida a equidade de gênero como dimensão central de sua cultura organizacional, governan",,,,BR,,38,2026-06-30T23:58:05.083000+00:00
190a343710c8,Porticus Foundation — Programme Grants,Porticus Foundation,porticus.com,https://www.porticus.com/en/what-we-fund/,"Porticus funds organisations that strengthen the social and emotional well-being of children and young people, foster climate and environmental justice, and support meaningful education in Europe, Africa, Latin America, Asia, and the Middle East. Multi-year core and programme grants.",,,,GLOBAL,,38,2026-06-30T23:57:50.844083+00:00
d20503dd8ec1,Wiki Loves Earth Photography Contest 2026 (Côte d’Ivoire),,fundsforngos.org,https://www2.fundsforngos.org/individuals/wiki-loves-earth-photography-contest-2026-cote-divoire/,"Deadline: 31-Jul-2026 The Wiki Loves Earth Photography Contest in Côte d’Ivoire invites photographers of all experience levels to capture and share images of the country’s natural heritage through Wikimedia Commons. The competition helps document biodiversity, promote environmental conservation, and create freely licensed educational content for Wikipedia and other Wikimedia projects while offering participants the opportunity to win prizes. What Is the Wiki Loves Earth Photography Contest Côte d’Ivoire? The Wiki Loves Earth Photography Contest is part of the global Wiki Loves Earth initiative",,"rp,",,GLOBAL,,38,2026-06-30T23:57:58.756763+00:00
ad06d9da30b2,Doc Society Climate Story Fund for Independent Non-Fiction Projects,,fundsforngos.org,https://www2.fundsforngos.org/individuals/doc-society-climate-story-fund-for-independent-non-fiction-projects/,"Deadline : 06-Jul-2026 The Doc Society Climate Story Fund supports independent non-fiction projects and impact strategies that help audiences imagine a just transition and take action to make those visions real. The fund supports documentary films, short films, non-fiction series, radio documentaries, and non-fiction podcasts with strong social impact goals. Grants of up to USD 125,000 are available. Short film projects of 40 minutes or less may apply for production grants of up to USD 40,000 , with at least USD 5,000 of the requested budget allocated to impact activities. Fund Overview The Do",,"USD 125,000",,GLOBAL,,38,2026-06-30T23:58:17.855103+00:00
93ecb5ce3f1c,Call for Participation: G4CA Movement Opens Call for Membership for Young Eco-Feminist Climate Justice Leaders in Africa,,globalsouthopportunities.com,https://www.globalsouthopportunities.com/2026/06/30/g4ca/,"G4CA Movement Opens Call for Membership for Young Eco-Feminist Climate Justice Leaders in Africa A new continental call for participation has been announced for the #G4CAMovement of Young Eco-Feminists, inviting young women, adolescent girls, youth activists, and youth-led organizations across Africa to join a growing network focused on climate justice, gender equality, and community-led environmental …",,,,GLOBAL,,38,2026-06-30T23:57:53.352623+00:00
b22e001e9022,Apresentação,,capta.org.br,https://capta.org.br/tema/apresentacao/,"Este site apresenta um passo a passo para a elaboração de pequenos projetos socioambientais. Ele é voltado, principalmente, a organizações de base comunitária, formadas por agricultores familiares e povos e comunidades tradicionais, que buscam melhorar a qualidade de vida das pessoas por meio da conservação e do uso sustentável da biodiversidade. Estamos falando em ações feitas pela comunidade e para a comunidade . Ou seja, projetos em que as bases estão envolvidas em todas as etapas, desde a concepção e planejamento, ao envio da proposta aos financiadores. O Capta é uma iniciativa do Institut",,,,BR,,36,2026-06-30T23:57:59.088414+00:00
aaa59d865d61,Teia da Sociobiodiversidade lança nova chamada de apoio a projetos de desenvolvimento sustentável em todo o Brasil,Fundo Casa Socioambiental,casa.org.br,https://casa.org.br/teia-da-sociobiodiversidade-lanca-nova-chamada-de-apoio-a-projetos-de-desenvolvimento-sustentavel-em-todo-o-brasil/,"A Teia da Sociobiodiversidade segue tecendo caminhos de fortalecimento de iniciativas de desenvolvimento sustentável pelo território brasileiro. Após receber mais de duas mil propostas na primeira convocatória, o Fundo Casa Socioambiental anuncia nesta terça-feira (11) a sua segunda chamada. Serão selecionados, pelo menos, 200 projetos com apoio de até R$ 100 mil cada , voltados a comunidades tradicionais e locais, no campo e nas cidades. A submissão de propostas deve acontecer até o dia 16 de d",,,,BR,,36,2026-06-30T23:57:54.989265+00:00
bc387fd76836,Fortalecendo Raízes: o apoio a Soluções Baseadas na Natureza,Fundo Casa Socioambiental,casa.org.br,https://casa.org.br/fortalecendo-raizes-o-apoio-a-solucoes-baseadas-na-natureza/,"Apoios estratégicos a projetos de base e comunidades locais potencializam a conservação e promovem um futuro sustentável, respeitando os saberes e as soluções dos povos tradicionais As respostas para os desafios socioambientais já existem e estão nas mãos de quem vive e protege os territórios. Comunidades indígenas, quilombolas, extrativistas e agricultores familiares vêm aplicando, há gerações, soluções que regeneram ecossistemas, garantem segurança alimentar e fortalecem modos de vida sustentá",,,,BR,,36,2026-06-30T23:57:55.180793+00:00
644aec54c9db,47º Edital do Fundo Ecos seleciona 10 projetos em TICCAs do Cerrado e da Caatinga,ISPN,ispn.org.br,https://ispn.org.br/noticia/47o-edital-do-fundo-ecos-seleciona-10-projetos-em-ticcas-do-cerrado-e-da-caatinga/,"O Fundo Ecos divulgou o resultado do 47º Edital , com a seleção de dez projetos que atuarão em Territórios e Áreas Conservadas por Povos Indígenas e Comunidades Tradicionais e Locais (TICCAs) nas paisagens prioritárias apoiadas pela chamada. As propostas serão executadas por organizações de base comunitárias do Oeste da Bahia, Sul do Maranhão e da paisagem Kaiowá e Guarani, em Mato Grosso do Sul. As iniciativas contemplam temas como produção sustentável, agroecologia, segurança alimentar e nutri",,,,BR,,36,2026-06-30T23:58:05.010400+00:00
ddf309bf3494,Fundo Ecos divulga projetos selecionados no edital 45°,ISPN,ispn.org.br,https://ispn.org.br/noticia/fundo-ecos-divulga-projetos-selecionados-no-edital-45/,"Um total de 26 projetos foi selecionado na chamada do Fundo Ecos, voltada ao apoio de iniciativas de organizações da sociedade civil (OSCs) e organizações de base comunitária (OBCs) nos biomas Cerrado e Caatinga. O 45º edital (nº 2 de 2025) apoia propostas que buscam promover práticas socioeconômicas sustentáveis, contribuindo para o bem-estar das comunidades e gerando benefícios ambientais globais. As iniciativas selecionadas valorizam cadeias da sociobiodiversidade e promovem a conservação dos",,,,BR,,36,2026-06-30T23:58:05.114060+00:00
068e1dc73c64,Climate Justice,Commonwealth Foundation,commonwealthfoundation.com,https://commonwealthfoundation.com/projects/?focus_area=697&location=&grant_stream=687,"Climate Justice  
 
 Read more 
 
 
 
 
 Projects could support civil society to engage meaningfully with government on: 
 
 Ensuring representation, inclusion, and protecting the rights of those most vulnerable to the effects of climate change.   
 Addressing  the social, political, and economic root causes of climate injustice.   
 Strengthening the voices of those most affected by the clim",,,,GLOBAL,,36,2026-06-30T23:57:52.083637+00:00
2d4a7242e0ca,2026 ICMPS – Small Grants for Local NGOs,,fundsforngos.org,https://www2.fundsforngos.org/hiv-aids/2026-icmps-small-grants-for-local-ngos/,"Deadline: 17-Jul-2026 The In-Country Micro Projects Scheme (ICMPS) provides grants of up to €10,000 to support small-scale development projects implemented by local non-governmental organizations (NGOs) in eligible countries where Ireland has diplomatic accreditation but no bilateral Irish Aid programme. The scheme funds one-year projects that address poverty, strengthen communities, promote human rights, improve access to essential services, advance gender equality, and support environmental sustainability. What Is the In-Country Micro Projects Scheme (ICMPS)? The In-Country Micro Projects Sc",,"€10,000",,GLOBAL,,36,2026-06-30T23:57:58.846603+00:00
3f93d3cad9e8,2026 FAO-Supported GROW Summer School Opens Applications on Agrobiodiversity and Climate Change – Apply Now,,globalsouthopportunities.com,https://www.globalsouthopportunities.com/2026/06/30/climate-88/,"FAO-Supported GROW Summer School Opens Applications on Agrobiodiversity and Climate Change A new international learning opportunity has been announced for students, researchers, and early-career professionals interested in sustainable agriculture and environmental science. The 2026 FAO Mountain Partnership GROW Summer School on Agrobiodiversity in a Changing Climate is now accepting applications, offering participants an immersive academic …",,,,GLOBAL,,36,2026-06-30T23:57:53.353201+00:00
05ed7a59f6cb,"Inclusive, Gender-responsive Conservation by Indigenous People in Northeastern Cambodia",Critical Ecosystem Partnership Fund,env:cepf,https://www.cepf.net/grants/grantee-projects/inclusive-gender-responsive-conservation-indigenous-people-northeastern,"Inclusive, Gender-responsive Conservation by Indigenous People in Northeastern Cambodia                 
 
 
                    Non-Timber Forest Products
                 
 
 
 
 
 
 
 View Photo",,,,GLOBAL,,36,2026-06-30T23:57:54.686765+00:00
4ce6345d722a,Apoio às comunidades é fundamental para resistir ao avanço dos combustíveis fósseis,Fundo Casa Socioambiental,casa.org.br,https://casa.org.br/apoio-as-comunidades-e-fundamental-para-resistir-ao-avanco-dos-combustiveis-fosseis/,"Petróleo avança e as comunidades resistem: saiba como o Fundo Casa fortalece iniciativas de base Enquanto discursos oficiais celebram novos ciclos de exploração, são essas populações que sentem, no cotidiano, os impactos mais profundos e desiguais desse modelo energético. Esse dilema é vivenciado diretamente nos territórios onde povos indígenas, ribeirinhos, quilombolas, pescadores e agricultores familiares lutam diariamente para proteger seus modos de vida. A exploração de hidrocarbonetos ameaç",,,,BR,,34,2026-06-30T23:57:55.032247+00:00
62da48b88ca5,Projetos selecionados da chamada Amazônia Resiliente – Fortalecendo Soluções Comunitárias Frente às Mudanças Climáticas,Fundo Casa Socioambiental,casa.org.br,https://casa.org.br/projetos-selecionados-da-chamada-amazonia-resiliente-fortalecendo-solucoes-comunitarias-frente-as-mudancas-climaticas/,"O Fundo Casa Socioambiental anuncia os 30 projetos selecionados na chamada “Amazônia Resiliente – Fortalecendo Soluções Comunitárias Frente às Mudanças Climáticas” , que apoiará organizações da sociedade civil atuantes diretamente nos territórios amazônicos. A chamada é uma realização do Fundo Casa com apoio da Comic Relief . A chamada, lançada em junho de 2025, recebeu 166 inscrições. A iniciativa tem como objetivo impulsionar projetos liderados por comunidades locais que enfrentam os impactos",,,,BR,,34,2026-06-30T23:57:55.056566+00:00
438bfcf0bd90,Rios irmãos: articulações locais para proteção dos rios Teles Pires e Juruena,Fundo Casa Socioambiental,casa.org.br,https://casa.org.br/rios-irmaos-articulacoes-locais-para-protecao-dos-rios-teles-pires-e-juruena/,"A mobilização das comunidades contra as hidrelétricas na Amazônia destaca a força das articulações locais e o papel crucial de apoios, como o do Fundo Casa Socioambiental, na garantia dos direitos territoriais e ambientais. Para muitas populações indígenas os rios são sagrados, sendo verdadeiras entidades que guardam consigo a história de seus povos. São fontes de água, alimento e transporte, essenciais para a sobrevivência das comunidades ribeirinhas e de uma infinidade de espécies. Para os eco",,,,BR,,34,2026-06-30T23:57:55.173883+00:00
21b48558b5cf,Fundo Casa na COP29,Fundo Casa Socioambiental,casa.org.br,https://casa.org.br/fundo-casa-na-cop29/,"Entre os dias 11 e 22 de novembro, autoridades de Estado, especialistas e representantes da sociedade civil de todo o mundo se reúnem, em Baku, no Azerbaijão, para a 29 ª Conferência da Convenção Quadro das Nações Unidas sobre Mudanças do Clima (COP29) . O Fundo Casa Socioambiental participará com uma delegação de 15 pessoas, dialogando em painéis sobre a arquitetura da filantropia no Sul Global e o papel dos fundos territoriais e locais para a proteção da biodiversidade e a promoção da justiça",,,,BR,,34,2026-06-30T23:57:55.244377+00:00
82bdb9f0a87f,Plataforma expõe relação entre commodities e violações de direitos no campo brasileiro,ISPN,ispn.org.br,https://ispn.org.br/noticia/plataforma-expoe-relacao-entre-commodities-e-violacoes-de-direitos-no-campo-brasileiro/,"Um olhar para fortalecer e ampliar o debate socioambiental no Brasil. Com esse objetivo, um conjunto de organizações da sociedade civil se moveu para criar uma ferramenta que reúne dados sobre conflitos no campo, desmatamento e a expansão da agricultura industrial no Brasil. A Plataforma nasce como iniciativa do Observatório Socioambiental (OSA) , atendendo a necessidade urgente de produzir, analisar e dar visibilidade aos impactos sociais relacionados às violações de direitos humanos no campo,",,,,BR,,34,2026-06-30T23:58:05.079042+00:00
1149468bdd4f,Intercâmbio entre povos indígenas fortalece estratégias de restauração e defesa dos territórios,ISPN,ispn.org.br,https://ispn.org.br/noticia/territorios-livres-e-floresta-em-pe/,"Uma longa viagem de quase três mil quilômetros levou um grupo de indígenas Guarani-Kaiowá do Mato Grosso do Sul rumo aos territórios indígenas Ka’apor e Guajajara, no Maranhão. Na jornada eram oito mulheres e um homem com expectativas bem parecidas. A viagem teve um objetivo claro: trocar saberes sobre proteção da natureza e fortalecer estratégias para restaurar territórios devastados . Para eles, o encontro também representou um sonho coletivo: ver novamente florestas em pé e territórios livres",,,,BR,,34,2026-06-30T23:58:05.103518+00:00
90ca7f17d1ad,"Na COP30 e além dela, a sociobioeconomia ecoa como urgência planetária",ISPN,ispn.org.br,https://ispn.org.br/noticia/na-cop30-e-alem-dela-a-sociobiodiversidade-ecoa-como-urgencia-planetaria/,"A sociobioeconomia — modelo que integra biodiversidade, economia, conhecimentos tradicionais, justiça social, tecnologias sociais e inovação científica — tem ganhado protagonismo nas discussões sobre clima e desenvolvimento. Na COP30, o Brasil saiu como protagonista no tema, ao apresentar soluções que enfrentam a insegurança alimentar no planeta, decorrente do aquecimento global. Cientistas do IPCC (Painel Intergovernamental sobre Mudanças Climáticas) da ONU alertam sobre o risco de escassez de",,,,BR,,34,2026-06-30T23:58:05.152001+00:00
74237aeed9b3,Da coleta à farinha: encontro no Tocantins reúne extrativistas para fortalecer a cadeia do Jatobá,ISPN,ispn.org.br,https://ispn.org.br/noticia/da-coleta-a-farinha-encontro-no-tocantins-reune-extrativistas-para-fortalecer-a-cadeia-do-jatoba/,"Em Caseara, no estado do Tocantins, o Assentamento Onalício Barros recebeu, nos dias 4 e 5 de outubro, agricultores familiares, assentados, povos indígenas e comunidades tradicionais para um encontro focado na produção de farinha de Jatobá. Com nome de origem Tupi, que significa “árvore com frutos duros”, é uma planta icônica espalhada por grandes biomas brasileiros, como a Amazônia, a Mata Atlântica, o Pantanal e o Cerrado. A riqueza dessa espécie está em seu aproveitamento integral: a polpa, p",,,,BR,,34,2026-06-30T23:58:05.206915+00:00
b516ba04c072,Let's invest in grassroots young leaders,Youth Climate Justice Fund,ycjf.org,https://ycjf.org/impact-stories,"Let's invest in grassroots young leaders
         
 
 
 Initiatives supported 
 115 
 
 
 Countries reached 
 51 
 
 
 Funding committed 
 8114526 
 
 
 
 We are supporting the next generation of community-rooted compassionate leaders who are driving bold ,  equitable and sustainable solutions.  
 
 
 
          Learn about our grantee partners",,"$40,000",USD,GLOBAL,,34,2026-06-30T23:57:54.415196+00:00
72476315dc4d,Call for Applications: Stewart Island Rakiura Grant Program (New Zealand),,fundsforngos.org,https://www2.fundsforngos.org/community-development-2/call-for-applications-stewart-island-rakiura-grant-program-new-zealand/,"Deadline: 31-Oct-2026 The Stewart Island / Rakiura Grant Program is a community funding initiative by the Southland District Council that provides up to $4,514 per year to support local not-for-profit and community groups. It funds projects that improve social, cultural, environmental, and economic wellbeing in alignment with the Community Board Plan, with a focus on community-led development and long-term sustainability. What Is the Stewart Island / Rakiura Grant Program? The Stewart Island / Rakiura Grant Program is part of the Southland District Council’s Community Partnership Fund. It enab",,"$4,514",,GLOBAL,,34,2026-06-30T23:57:58.701875+00:00
dedd36df98f7,Innovation Fund Grant Supporting Global Youth Work Projects (Ireland),,fundsforngos.org,https://www2.fundsforngos.org/environment-2/innovation-fund-grant-supporting-global-youth-work-projects-ireland/,"Deadline : 03-Jul-2026 The Innovation Fund Grant supports youth work organisations on the island of Ireland to develop innovative projects that introduce or strengthen global youth work approaches. The fund helps youth services explore local-global connections and address justice issues such as poverty, gender equality, education, hunger, peace and security, clean water, clean energy, decent work, climate action and sustainable cities. Successful applicants can receive funding of up to €5,000 , along with free training support from the Youth 2030 training team. Projects must be implemented bet",,"€5,000",,GLOBAL,,34,2026-06-30T23:58:17.892435+00:00
b43118b831c5,"Discover India’s Latest Grants, Awards and Innovation Opportunities",,fundsforngos.org,https://www2.fundsforngos.org/listing/discover-indias-latest-grants-awards-and-innovation-opportunities/,"[ June 2026 ] Explore the latest funding opportunities in India for NGOs, startups, researchers, innovators, and nonprofit organizations. This curated collection features grants, awards, fellowships, innovation challenges, research funding, competitions, and startup support across sectors such as healthcare, education, agriculture, climate action, technology, entrepreneurship, and social development. Nominations Open: Indian Innovation Icons Awards Deadline : 22-July-2026 Indian Innovation Icons by MIF is a national innovation recognition platform that identifies and supports high-impact innov",2026-09-09,"th,",,GLOBAL,,34,2026-06-30T23:58:29.885840+00:00
18c88802c9de,"Incredible Open Calls for Funding, Awards & Innovation in Asia",,fundsforngos.org,https://www2.fundsforngos.org/listing/incredible-open-calls-for-funding-awards-innovation-in-asia/,"Incredible Open Calls for Funding, Awards & Innovation in Asia 
 [May 2026]




Explore incredible open calls across Asia, including funding opportunities, awards, competitions, and innovation programmes. These opportunities support work in technology, public health, sustainability, education, gender equality, conservation, and regional development, offering …  [Read more...]  about Incredible Ope",,,,GLOBAL,,34,2026-06-30T23:58:44.993431+00:00
f3c8e6f07eb5,"Cerrado Guardians for Socio-environmental Justice, Brazil",Critical Ecosystem Partnership Fund,env:cepf,https://www.cepf.net/grants/grantee-projects/cerrado-guardians-socio-environmental-justice-brazil,"Cerrado Guardians for Socio-environmental Justice, Brazil                 
 
 
                    Rede Cerrado
                 
 
 
 
 
 
 
 View Photo",,,,GLOBAL,,34,2026-06-30T23:57:54.684959+00:00
0eb4542fef08,Apoio Emergencial: Defensores de Direitos Humanos,,capta.org.br,https://capta.org.br/oportunidades/apoio-emergencial-defensores-de-direitos-humanos/,"Fundo Brasil de Direitos Humanos O edital Apoio Emergencial: Defensores de Direitos Humanos , lançado pelo Fundo Brasil de Direitos Humanos, tem como objetivo promover medidas de proteção para indivíduos, seus familiares e círculo próximo, além de apoiar organizações e coletivos em situações emergenciais. As propostas devem abordar temas como o aperfeiçoamento de medidas de segurança individual ou coletiva, a retirada emergencial de defensores de seus locais de atuação e o fortalecimento de redes de solidariedade. Não há valores máximos especificados, e o edital possui abrangência nacional. As",,,,BR,,32,2026-06-30T23:57:59.071209+00:00
be7ed12f69da,Projetos selecionados: Chamada Educação para o Bem Viver 2026 seleciona 54 projetos indígenas e quilombolas em todo o Brasil,Fundo Casa Socioambiental,casa.org.br,https://casa.org.br/projetos-selecionados-chamada-educacao-para-o-bem-viver-2026-seleciona-54-projetos-indigenas-e-quilombolas-em-todo-o-brasil/,"O Fundo Casa Socioambiental anuncia o resultado da chamada Educação para o Bem Viver 2026 – Fortalecendo organizações indígenas e quilombolas pela equidade na educação . Ao todo, a chamada recebeu 361 propostas vindas de todo o Brasil. Após o processo de análise, foram selecionadas 54 iniciativas , divididas igualmente entre 27 organizações indígenas e 27 organizações quilombolas, que desenvolvem ações educativas enraizadas nos territórios, nos saberes tradicionais e na valorização das identidad",,,,BR,,32,2026-06-30T23:57:54.893846+00:00
3c5a59959cc9,Chamada de Projetos: Educação para o Bem Viver 2026 – Fortalecendo organizações indígenas e quilombolas pela equidade na educação,Fundo Casa Socioambiental,casa.org.br,https://casa.org.br/chamada-de-projetos-educacao-para-o-bem-viver-2026-fortalecendo-organizacoes-indigenas-e-quilombolas-pela-equidade-na-educacao/,"O Fundo Casa Socioambiental lança a chamada de projetos Educação para o Bem Viver 2026 – Fortalecendo organizações indígenas e quilombolas pela equidade na educação , voltada ao apoio de iniciativas educativas comunitárias conduzidas por organizações de base em territórios indígenas e quilombolas em todo o Brasil. As inscrições estarão abertas até às 18h do dia 28 de abril de 2026 . A chamada contará com R$ 2,5 milhões em recursos , com apoio de financiadores parceiros como a Alliance for the Am",,,,BR,,32,2026-06-30T23:57:54.964272+00:00
81fcb5a142b6,Proteção de defensoras e defensores diante da polarização política e da crise climática,Fundo Casa Socioambiental,casa.org.br,https://casa.org.br/protecao-de-defensoras-e-defensores-diante-da-polarizacao-politica-e-da-crise-climatica/,"“Um rio não deixa de ser um rio porque conflui com outro rio. Ao contrário, ele passa a ser ele mesmo e outros rios, ele se fortalece.” Antônio Bispo dos Santos, no livro A terra dá, a terra quer. Foi com essa frase do livro de Nego Bispo que foi aberto o painel “Crise democrática e justiça climática: como a filantropia pode proteger defensoras e defensores – perspectivas sobre a conjuntura das eleições 2026” . Assim como os rios, quando nossas lutas se encontram, elas se tornam mais fortes. É d",,,,BR,,32,2026-06-30T23:57:55.042177+00:00
2447d30de219,Chamada de Projetos: Amazônia Resiliente – Fortalecendo Soluções Comunitárias Frente às Mudanças Climáticas,Fundo Casa Socioambiental,casa.org.br,https://casa.org.br/chamada-de-projetos-amazonia-resiliente-fortalecendo-solucoes-comunitarias-frente-as-mudancas-climaticas/,"O Fundo Casa Socioambiental anuncia a abertura da chamada “Amazônia Resiliente – Fortalecendo Soluções Comunitárias Frente às Mudanças Climáticas” , uma iniciativa que vai apoiar até 30 organizações da sociedade civil com atuação direta nos territórios no bioma amazônico, apoiando projetos que enfrentam, com sabedoria local os impactos das mudanças climáticas, em especial as secas e enchentes severas que vêm atingindo a região nos últimos anos. Serão destinados até R$50 mil por projeto, com um i",,,,BR,,32,2026-06-30T23:57:55.097540+00:00
74b62fd2bf9b,Demarcação da Terra Indígena Sawré Muybu: uma vitória histórica para o povo Munduruku,Fundo Casa Socioambiental,casa.org.br,https://casa.org.br/demarcacao-da-terra-indigena-sawre-muybu-uma-vitoria-historica-para-o-povo-munduruku/,"Celebração marcou um passo decisivo na luta pela garantia de direitos e reconhecimento do território indígena. A assinatura da portaria declaratória da Terra Indígena Sawré Muybu, no Pará, em setembro de 2024, após décadas de mobilização, representa uma conquista histórica para o povo Munduruku e é um marco para a proteção da Amazônia. Com mais de 178 mil hectares reconhecidos oficialmente pelo Ministério da Justiça, a decisão ajuda a fortalecer os direitos dos povos indígenas e reafirma a impor",,,,BR,,32,2026-06-30T23:57:55.210137+00:00
53021e611b5d,Brigadas comunitárias: a linha de frente contra incêndios florestais no Brasil,Fundo Casa Socioambiental,casa.org.br,https://casa.org.br/brigadas-comunitarias-a-linha-de-frente-contra-incendios-florestais-no-brasil/,"Apoio do Fundo Casa Socioambiental fortalece brigadas indígenas e voluntárias no combate aos incêndios florestais, integrando conhecimento tradicional e tecnologia para preservar ecossistemas e mitigar os impactos das mudanças climáticas. O aumento dos incêndios florestais no Brasil, agravado pelas mudanças climáticas e práticas inadequadas de uso da terra, tem colocado as brigadas comunitárias na linha de frente das ações de combate e prevenção. Compostas por voluntários e lideranças locais, es",,,,BR,,32,2026-06-30T23:57:55.305042+00:00
5898429dd21f,Fundo Casa Lança Apoio Emergencial às Brigadas Comunitárias,Fundo Casa Socioambiental,casa.org.br,https://casa.org.br/fundo-casa-lanca-apoio-emergencial-as-brigadas-comunitarias/,"Diante das crescentes ameaças ambientais provocadas pelas mudanças climáticas, o Brasil tem enfrentado eventos extremos que colocam em risco a biodiversidade e a vida das populações que dependem dos recursos naturais. Incêndios florestais alarmantes têm devastado os biomas brasileiros, exigindo respostas rápidas e eficazes para mitigar seus impactos severos. Com foco na urgência da situação, o Fundo Casa Socioambiental, em parceria com o Instituto Itaúsa , lança a chamada de projetos “Reforço Im",,,,BR,,32,2026-06-30T23:57:55.313195+00:00
326036a95a99,Fundo Ecos lança edital para apoiar projetos comunitários no Cerrado e na Caatinga,ISPN,ispn.org.br,https://ispn.org.br/noticia/fundo-ecos-lanca-edital-para-apoiar-projetos-comunitarios-no-cerrado-e-na-caatinga/,"O Fundo Ecos, mecanismo financeiro do ISPN, lança edital no âmbito da Oitava Fase Operacional do Small Grants Programme (SGP) no Brasil, com recursos do Fundo Global para o Meio Ambiente (GEF). O objetivo é apoiar iniciativas de organizações da sociedade civil (OSCs) e organizações de base comunitária (OBCs) nos biomas Cerrado e Caatinga que promovam práticas socioeconômicas sustentáveis, contribuindo para o bem-estar das comunidades e gerando benefícios ambientais globais. As inscrições devem s",,,,BR,,32,2026-06-30T23:58:05.230549+00:00
ea2c3c2a2316,Nominations Open: Australian Human Rights Awards 2026,,fundsforngos.org,https://www2.fundsforngos.org/individuals/nominations-open-australian-human-rights-awards-2026/,"Deadline: 03-Aug-2026 The Australian Human Rights Awards recognise individuals and organisations that make outstanding contributions to promoting and protecting human rights in Australia. They highlight achievements in areas such as anti-discrimination, Indigenous rights, disability inclusion, and social justice across multiple sectors. Eligible nominees include Australian citizens, residents, and registered organisations, with awards spanning categories like law, media, community , and youth. Overview of the Australian Human Rights Awards The Australian Human Rights Awards are national recogn",,th.,,GLOBAL,,32,2026-06-30T23:58:17.769367+00:00
085a05a48b6c,Global Grants Closing Soon: Apply Before June Ends,,fundsforngos.org,https://www2.fundsforngos.org/listing/global-grants-closing-soon-apply-before-june-ends/,"Global Grants Closing Soon: Apply Before June Ends 
 [June 2026]

Explore a curated collection of global grant opportunities with deadlines approaching in June 2026. Discover funding for research, conservation, women’s empowerment, health, technology, education, and sustainable development initiatives worldwide.

 

FIMI’s Ayni Fund for …  [Read more...]  about Global Grants Closing Soon: Apply Be",,,,GLOBAL,,32,2026-06-30T23:58:44.990325+00:00
7a9086962620,Explore 60+ Funding Opportunities Across Africa,,fundsforngos.org,https://www2.fundsforngos.org/listing/explore-60-funding-opportunities-across-africa/,"Explore 60+ Funding Opportunities Across Africa 
 [April 2026]
Explore 60+ funding opportunities across Africa, including grants, fellowships, awards, and innovation programs. Open to NGOs, startups, researchers, and emerging leaders, these opportunities span key sectors such as health, human rights, entrepreneurship, and community development. …  [Read more...]  about Explore 60+ Funding Opportun",,,,GLOBAL,,32,2026-06-30T23:58:44.997547+00:00
bb3bb858527d,Anonymous Was A Woman Environmental Art Grants,,sustainablepractice.org,https://sustainablepractice.org/open-calls/anonymous-was-a-woman-environmental-art-grants/,"Anonymous Was A Woman Environmental Art Grants - The Centre for Sustainable Practice in the Arts We use cookies to make your site experience better. Tracking cookies enables us to provide a functional Accessibility Toolbar, and easily log into your account (if you have one). For more information on how we use your data, read our privacy policy . Accept Decline Skip to content About Us Who we are How we think What we do Contact us Privacy Policy Services Programs Climate Change Theatre Action Convergence Department of Utopia Arts and Letters (DUAL) Fireside Chats Fringe Past Programs Publicatio",,,,GLOBAL,,32,2026-06-30T23:57:56.096706+00:00
42157e56c523,2025 Anonymous Was A Woman Environmental Art Grants,,sustainablepractice.org,https://sustainablepractice.org/open-calls/2025-anonymous-was-a-woman-environmental-art-grants/,"2025 Anonymous Was A Woman Environmental Art Grants - The Centre for Sustainable Practice in the Arts We use cookies to make your site experience better. Tracking cookies enables us to provide a functional Accessibility Toolbar, and easily log into your account (if you have one). For more information on how we use your data, read our privacy policy . Accept Decline Skip to content About Us Who we are How we think What we do Contact us Privacy Policy Services Programs Climate Change Theatre Action Convergence Department of Utopia Arts and Letters (DUAL) Fireside Chats Fringe Past Programs Publi",,,,GLOBAL,,32,2026-06-30T23:57:57.628965+00:00
b23d3225c35f,Chamada de Projetos: Juventudes e Justiça Climática – Apoio a soluções lideradas por juventudes periféricas e de comunidades tradicionais,Fundo Casa Socioambiental,casa.org.br,https://casa.org.br/chamada-de-projetos-juventudes-e-justica-climatica-apoio-a-solucoes-lideradas-por-juventudes-perifericas-e-de-comunidades-tradicionais/,"O Fundo Casa Socioambiental lança a chamada Juventudes e Justiça Climática – Apoio a soluções lideradas por juventudes periféricas e de comunidades tradicionais , voltada ao fortalecimento de iniciativas lideradas por jovens de periferias urbanas e rurais e de comunidades tradicionais de todo o Brasil. As inscrições estarão abertas até 30 de junho de 2026, às 18h (horário de Brasília). Com um total de R$ 1,9 milhões em apoio direto, a chamada apoiará até 32 projetos , com recursos de até R$ 60 m",,,,BR,,30,2026-06-30T23:57:54.906260+00:00
cc4a5caa1959,Chamada de Projetos: Amazônia Viva – fortalecendo a autonomia e a resiliência dos povos da floresta,Fundo Casa Socioambiental,casa.org.br,https://casa.org.br/chamada-de-projetos-amazonia-viva-fortalecendo-a-autonomia-e-a-resiliencia-dos-povos-da-floresta/,"O Fundo Casa Socioambiental lança a chamada de projetos “Amazônia Viva – Fortalecendo a Autonomia e a Resiliência dos Povos da Floresta” . Em 2024, a iniciativa destinou R$2,6 milhões a diversos grupos e, neste ano, serão mais R$2,8 milhões em apoios diretos para comunidades locais que promovem o desenvolvimento sustentável e a proteção da Amazônia, fortalecendo 48 projetos de até 60 mil reais cada. Segundo o Ministério do Meio Ambiente e Mudanças do Clima (MMA), a Amazônia abriga mais da metade",,,,BR,,30,2026-06-30T23:57:55.121970+00:00
1b39d9d7a855,Projetos da Chamada “Educação para o Bem Viver” Avançam na Valorização da Educação Indígena,Fundo Casa Socioambiental,casa.org.br,https://casa.org.br/projetos-da-chamada-educacao-para-o-bem-viver-avancam-na-valorizacao-da-educacao-indigena/,"Iniciativas apoiadas pelo Fundo Casa Socioambiental promovem equidade e fortalecem o ensino intercultural em comunidades indígenas de todo o Brasil. A chamada Educação para o Bem Viver , lançada em 2023 pelo Fundo Casa Socioambiental, apoia projetos que buscam fortalecer a educação indígena em todo o Brasil. As iniciativas selecionadas promovem a valorização dos saberes ancestrais, equidade educacional e o desenvolvimento de currículos interculturais, com objetivo de superar os desafios enfrenta",,,,BR,,30,2026-06-30T23:57:55.255016+00:00
a2c145aa6fb1,Open Call for Community Grants Program 2026/2027 (Australia),,fundsforngos.org,https://www2.fundsforngos.org/equipment/open-call-for-community-grants-program-2026-2027-australia/,"Deadline: 02-Jul-2026 The Community Grants Program provides financial support to local groups delivering projects that improve wellbeing, inclusion, cultural diversity, arts engagement, and environmental outcomes. It offers one-off grants across multiple categories including community development, events, equipment, and environmental initiatives. Funding is designed to support community benefit projects delivered by not-for-profit organisations and eligible groups. Community Grants Program Overview The Community Grants Program is a local funding initiative that supports community-led projects,",,"us,",,GLOBAL,,30,2026-06-30T23:57:58.624614+00:00
8d217a97397b,Submit Applications for Development and Operations grants (Australia),,fundsforngos.org,https://www2.fundsforngos.org/community-development-2/submit-applications-for-development-and-operations-grants-australia/,"Deadline: 11-Aug-2026 The Development & Operations Grants 2026/27 provide funding to strengthen the sustainability, resilience, and long-term capacity of community media organisations. The programme supports licensed community broadcasters and First Nations community media organisations through funding for operational costs, governance, training, broadcasting services, disability projects, and community engagement initiatives. What Are the Development & Operations Grants? The Development & Operations Grants are designed to help community media organisations build strong, sustainable , and resi",,"rm,",,GLOBAL,,30,2026-06-30T23:58:06.963410+00:00
d719de4ef8ae,Call for Strategic Partnerships to Advance Social Justice Initiatives (Uganda),,fundsforngos.org,https://www2.fundsforngos.org/innovation/call-for-strategic-partnerships-to-advance-social-justice-initiatives-uganda/,"Deadline : 02-Jul-2026 ActionAid International Uganda (AAIU) is inviting eligible organizations and institutions in Uganda to submit Expressions of Interest for strategic partnership opportunities under its Country Strategy Paper VI 2025–2029 . The call seeks competent, values-driven partners working on social justice, gender equality, poverty eradication, climate justice, governance, refugee programming, research, innovation, and inclusive development. Overview The AAIU Strategic Partnership EOI aims to build a network of partners that can support programme implementation, advocacy, research,",,,,GLOBAL,,30,2026-06-30T23:58:17.689605+00:00
9cb7a67cfeec,CFAs: Training on Litigation Sexual and Reproductive Health Rights,,fundsforngos.org,https://www2.fundsforngos.org/individuals/cfas-training-on-litigation-sexual-and-reproductive-health-rights/,"Deadline : 01-Jul-2026 The Centre for Human Rights is inviting applications for a training programme focused on strengthening litigation skills related to Sexual and Reproductive Health and Rights across Africa. The programme supports legal practitioners, civil society actors, human rights defenders, researchers, adjudicators, and community advocates working to improve access to justice and accountability for SRHR-related violations. The training focuses on practical legal capacity building, strategic litigation, accountability mechanisms, national and regional adjudicatory systems, and the im",,"my,",,GLOBAL,,30,2026-06-30T23:58:17.763141+00:00
529fda3cfd45,Nominations Open: AI for Climate Action Award,,fundsforngos.org,https://www2.fundsforngos.org/innovation/nominations-open-ai-for-climate-action-award/,"Deadline : 03-Jul-2026 The UNFCCC Technology Mechanism AI for Climate Action (AICA) Award recognizes open-source, AI-powered solutions that support climate adaptation and mitigation in least developed countries (LDCs) and small island developing States (SIDS) . The award is open to individuals aged 18 and above , with the winner receiving travel and accommodation support to present their solution at COP31 in Antalya, Türkiye . Overview The AICA Award supports innovative artificial intelligence solutions that help vulnerable countries respond to climate change . The award focuses on open-source",,"th,",,GLOBAL,,30,2026-06-30T23:58:43.327981+00:00
0453198382a4,Women and Youth Leadership in Fishery Resource Conservation in Cambodia,Critical Ecosystem Partnership Fund,env:cepf,https://www.cepf.net/grants/grantee-projects/women-and-youth-leadership-fishery-resource-conservation-cambodia,"Women and Youth Leadership in Fishery Resource Conservation in Cambodia                 
 
 
                    My Village Organization
                 
 
 
 
 
 
 
 View Photo",,,,GLOBAL,,30,2026-06-30T23:57:54.686956+00:00
c364d1d9740f,National Geographic Society,,capta.org.br,https://capta.org.br/oportunidades/national-geographic-society/,"National Geographic Society A National Geographic Society financia projetos ao redor do mundo que contribuem significativamente para a conservação e sustentabilidade dos recursos biológicos, culturais e históricos do planeta Terra. As entidades ou indivíduos proponentes devem ter alguma experiência prévia com pesquisa e/ou ações de conservação. Os financiamentos variam, geralmente, entre US$ 15 mil e US$ 20 mil. As inscrições devem ser feitas somente em inglês, através de um formulário online. Região: todo o Brasil Inscrições: contínuas Edital: Conservation Trust Grants",,,,BR,,28,2026-06-30T23:57:59.082358+00:00
d455344e9ac7,Histórias do Xingu: articulação coletiva na defesa dos territórios,Fundo Casa Socioambiental,casa.org.br,https://casa.org.br/historias-do-xingu-articulacao-coletiva-na-defesa-dos-territorios/,"O Xingu é território vivo antes de denominar um projeto energético. É casa, cultura e memória que atravessa gerações. Muito antes do licenciamento ambiental da Usina Hidrelétrica de Belo Monte (PA), já havia povos organizados, alianças construídas e uma rede de apoios que ligava comunidades da floresta a pesquisadores, defensores ambientais e movimentos sociais no Brasil e fora dele. Quando a hidrelétrica foi anunciada, não encontrou um vazio. Encontrou território. E território tem voz e respond",,,,BR,,28,2026-06-30T23:57:54.925389+00:00
afa18fb91ab4,Educação que abre os olhos: livro de educação indígena fortalece alfabetização e cultura no Xingu,Fundo Casa Socioambiental,casa.org.br,https://casa.org.br/educacao-que-abre-os-olhos-livro-de-educacao-indigena-fortalece-alfabetizacao-e-cultura-no-xingu/,"Por Lucas Duarte Matos Projeto apoiado pela chamada “Educação para o BemViver – Apoio às comunidades indígenas pela equidade na educação” fortalece a alfabetização bilíngue no Alto Xingu A escola não chegou ao Alto Xingu de uma vez. Chegou aos poucos, na década de 1980, como semente que brota devagar. Antes dela, o saber vinha da palavra dos anciãos e anciãs, dos ensinadores, da memória viva que atravessava gerações. Com o tempo, quase toda aldeia passou a ter caderno, livro e professor. A escol",,,,BR,,28,2026-06-30T23:57:54.930587+00:00
3f68e20a3f1c,Chamada de Projetos: Mata Atlântica Viva – Apoiando soluções para conservação e regeneração (edição 2026),Fundo Casa Socioambiental,casa.org.br,https://casa.org.br/chamada-de-projetos-mata-atlantica-viva-apoiando-solucoes-para-conservacao-e-regeneracao-edicao-2026/,"O Fundo Casa Socioambiental lança a chamada de projetos Mata Atlântica Viva – Apoiando soluções para conservação e regeneração , convidando organizações comunitárias, coletivos e comunidades tradicionais de todo o Brasil a apresentarem propostas voltadas à proteção, recuperação e fortalecimento da Mata Atlântica. As inscrições estarão abertas de 24 de fevereiro a 25 de março de 2026 , com abrangência nacional em todo o bioma. A Mata Atlântica está presente em 17 estados e concentra cerca de 72%",,,,BR,,28,2026-06-30T23:57:54.974408+00:00
be396fef5cd4,Somos as sementes do que cultivamos,Fundo Casa Socioambiental,casa.org.br,https://casa.org.br/somos-as-sementes-do-que-cultivamos/,"​​Com a doação de MacKenzie Scott, seguimos ampliando o apoio às soluções que sustentam a vida Ao longo de duas décadas, o Fundo Casa Socioambiental vem afirmando que o valor humano nem sempre cabe em planilhas ou métricas. As vidas e projetos que apoiamos em cada território promovem transformações reais: um rio protegido, um grupo de mulheres que se fortalece, uma semente criola preservada, uma brigada comunitária que salva florestas. Quando apoiamos comunidades que criam suas próprias soluções",,,,BR,,28,2026-06-30T23:57:54.979429+00:00
9beea6d47ec4,Fundo Casa anuncia os projetos selecionados da chamada “Educação para o Bem Viver – Apoio às comunidades indígenas pela equidade na educação”,Fundo Casa Socioambiental,casa.org.br,https://casa.org.br/fundo-casa-anuncia-os-projetos-selecionados-da-chamada-educacao-para-o-bem-viver-apoio-as-comunidades-indigenas-pela-equidade-na-educacao/,"O Fundo Casa Socioambiental anuncia o resultado da chamada “ Educação para o Bem Viver – Apoio às comunidades indígenas pela equidade na educação” . A iniciativa, que chega à sua segunda edição, recebeu 171 propostas de 24 estados brasileiros e do Distrito Federal , demonstrando a força das mobilizações e o compromisso com uma educação justa, enraizada nas culturas, territórios e línguas originárias. Realizada em parceria com a Imaginable Futures, a chamada contou com o apoio da Alliance for the",,,,BR,,28,2026-06-30T23:57:55.108494+00:00
92831673aed0,Projetos Selecionados: Teia da Sociobiodiversidade — Primeira Chamada,Fundo Casa Socioambiental,casa.org.br,https://casa.org.br/projetos-selecionados-teia-da-sociobiodiversidade-primeira-chamada/,"Em outubro do ano passado, foi lançada a primeira chamada da Teia da Sociobiodiversidade , a maior iniciativa já realizada na história do Fundo Casa. Com apoio financeiro do Fundo Socioambiental CAIXA , a Teia pretende impulsionar transformações profundas em comunidades locais e tradicionais, fortalecendo projetos de desenvolvimento sustentável em todo o Brasil. A chamada nacional recebeu 2.048 propostas e 202 projetos foram selecionados, totalizando R$ 20 milhões em apoios diretos. Os projetos",,,,BR,,28,2026-06-30T23:57:55.157888+00:00
4349b92c2575,Fundo Casa Socioambiental lança chamada para apoiar a educação quilombola no Brasil,Fundo Casa Socioambiental,casa.org.br,https://casa.org.br/fundo-casa-socioambiental-lanca-chamada-para-apoiar-a-educacao-quilombola-no-brasil/,"O Fundo Casa Socioambiental anuncia a abertura da terceira chamada de projetos de 2025 “Educação para o Bem-Viver: apoio às comunidades quilombolas por uma educação antirracista.” Esta é a primeira chamada de projetos destinada ao apoio da educação quilombola como ferramenta de valorização cultural, enfrentamento do racismo e promoção da justiça social lançada pelo Fundo Casa. A chamada de projetos, realizada em parceria com a Imaginable Futures, dá continuidade à colaboração iniciada em 2023 co",,,,BR,,28,2026-06-30T23:57:55.190581+00:00
b1b175a68cde,Fundo Casa lança primeira Chamada de Projetos de 2025: Educação para o Bem-Viver,Fundo Casa Socioambiental,casa.org.br,https://casa.org.br/fundo-casa-lanca-primeira-chamada-de-projetos-de-2025-educacao-para-o-bem-viver/,"O Fundo Casa Socioambiental, em parceria com a Imaginable Futures , anuncia a abertura da segunda edição da Chamada de Projetos Educação para o Bem-Viver, dedicada à promoção da educação indígena, com foco na equidade e no combate ao racismo nas escolas. Essa iniciativa tem o objetivo de fortalecer a autonomia e a resiliência dos povos indígenas por meio de práticas educacionais culturalmente contextualizadas e inclusivas. Em um contexto onde as comunidades indígenas enfrentam sérios desafios, c",,,,BR,,28,2026-06-30T23:57:55.194327+00:00
086e35fd44ce,"Do Desperdício à Geração de Renda: como as mulheres da comunidade indígena Xucuru Kariri, de Alagoas, transformaram banana em oportunidade",Fundo Casa Socioambiental,casa.org.br,https://casa.org.br/do-desperdicio-a-geracao-de-renda-como-as-mulheres-da-comunidade-indigena-xucuru-kariri-de-alagoas-transformaram-banana-em-oportunidade/,"Apoiadas pelo Fundo Casa, o projeto transforma a banana em uma fonte de renda, fortalecendo a economia local e a autonomia das mulheres da comunidade. Palmeira dos Índios, AL – No Nordeste do Brasil, a comunidade indígena Xucuru Kariri, de Alagoas, está redefinindo sua trajetória econômica com a ajuda de uma solução eficiente. Diante dos desafios impostos no período da pandemia, a associação encontrou uma forma de transformar sua principal colheita, a banana, em uma nova fonte de renda. O projet",,,,BR,,28,2026-06-30T23:57:55.226090+00:00
ec7c80ccb3c6,Fundo Casa Socioambiental na COP16 da Biodiversidade,Fundo Casa Socioambiental,casa.org.br,https://casa.org.br/fundo-casa-socioambiental-na-cop16-da-biodiversidade/,"“As comunidades locais têm um papel fundamental na conservação da biodiversidade e, para isso, elas precisam de apoio contínuo para enfrentar as diversas ameaças que sofrem. É importante que os financiadores entendam essa realidade e atuem em verdadeira parceria com essas populações.” Cristina Orpheo, Diretora Executiva. Entre os dias 21 de outubro e 1º de novembro de 2024 acontece em Cali, na Colômbia, a COP16 da Biodiversidade, e o Fundo Casa Socioambiental estará presente. Este evento global",,,,BR,,28,2026-06-30T23:57:55.280689+00:00
e79f7cc69ab3,Call for Proposals: Project Viability Grants (United Kingdom),,fundsforngos.org,https://www2.fundsforngos.org/community-development-2/call-for-proposals-project-viability-grants-united-kingdom/,"Deadline: 31-Dec-2026 The Project Viability Grants provide up to £20,000 over one year to support early-stage feasibility studies for historic building projects in the UK. The funding helps organisations assess whether redevelopment, reuse, or conservation plans are financially, structurally, and socially sustainable. What Are Project Viability Grants? Project Viability Grants are designed to support early planning and feasibility work for historic buildings. They help organisations determine whether a proposed project is realistic, sustainable , and viable before moving into full development",,"£20,000",,GLOBAL,,28,2026-06-30T23:57:58.643167+00:00
2d67f2298a44,Call for Strengthening Response to Violence Against Women (South Africa),,fundsforngos.org,https://www2.fundsforngos.org/community-development-2/call-for-strengthening-response-to-violence-against-women-south-africa/,"Deadline: 03-Jul-2026 UN Women is inviting proposals to strengthen systems that prevent and respond to violence against women and girls (VAWG) in South Africa and Lesotho. The programme focuses on institutional capacity building, survivor-centred policing, community-based prevention, and social norm change to reduce gender-based violence and femicide. Funding ranges from USD 30,000 to USD 50,000 for a 10-month implementation period, with a strong emphasis on coordinated action between government, civil society , and community stakeholders. Programme Overview This UN Women initiative aims to ad",,"USD 30,000",,GLOBAL,,28,2026-06-30T23:58:17.829544+00:00
74fa018c3845,Apply Now: Strengthening Rural Communities – Small and Vital Grants (Australia),,fundsforngos.org,https://www2.fundsforngos.org/community-development-2/apply-now-strengthening-rural-communities-small-and-vital-grants-australia/,"Deadline: 17-Sep-2026 The Strengthening Rural Communities Small & Vital grant supports community-led projects that improve resilience and long-term sustainability in rural, remote, and very remote communities across Australia. It funds initiatives focused on development, disaster resilience, climate solutions, First Nations self-determination, and local capacity building. Grants range from $10,000 to $50,000 for eligible not-for-profit organisations serving communities under 15,000 people. Overview of the Program The Strengthening Rural Communities (Small & Vital) stream is an Australian commu",,"$10,000",,GLOBAL,,28,2026-06-30T23:58:29.901074+00:00
af380be6ef6e,Story Grants to Report on Asia’s Endangered Apes,,fundsforngos.org,https://www2.fundsforngos.org/science/story-grants-to-report-on-asias-endangered-apes/,"Deadline : 19-Jul-2026 The Earth Journalism Network is offering reporting grants to journalists and media practitioners in selected Asian range countries to produce in-depth stories on orangutans, gibbons and other apes. The grants support original reporting on threats to wild and captive apes, habitat protection, illegal trade, conservation strategies and One Health risks. Up to 10 story grants are available, each worth up to US$1,500. Eligible applicants include journalists from Cambodia, China , India, Indonesia, Laos, Malaysia, Myanmar, Thailand and Vietnam, with selected stories expected",,"th,",,GLOBAL,,28,2026-06-30T23:58:30.024902+00:00
097dc61e1e81,Cultural Protection Fund Grants for Safeguarding Heritage,,fundsforngos.org,https://www2.fundsforngos.org/environment-2/cultural-protection-fund-grants-for-safeguarding-heritage/,"Deadline : 20-Jul-2026 The Cultural Protection Fund (CPF) 2026 Funding Round invites registered organisations to submit Expressions of Interest for multi-year grants of up to £500,000 . The fund supports projects that protect cultural heritage at risk from conflict and climate change while contributing to social stability, cultural identity, and economic prosperity. Overview The Cultural Protection Fund is led by the British Council in partnership with the Department for Culture, Media and Sport (DCMS) . The fund supports the protection of cultural heritage that is threatened by conflict, clim",,"£500,000",,GLOBAL,,28,2026-06-30T23:58:43.295894+00:00
2df999f02c89,"Reducing Conservation Threats and Empowering Women In Pilon Lajas, Bolivia",Critical Ecosystem Partnership Fund,env:cepf,https://www.cepf.net/grants/grantee-projects/reducing-conservation-threats-and-empowering-women-pilon-lajas-bolivia,"Reducing Conservation Threats and Empowering Women In Pilon Lajas, Bolivia                 
 
 
                    Consejo Regional T'simane Mosetenes Pilon Lajas
                 
 
 
 
 
 
 
 View Photo",,,,GLOBAL,,28,2026-06-30T23:57:54.684667+00:00
ca13f8256a7e,GlobalGiving — Open Call Funding & Matching Campaigns,GlobalGiving Foundation,globalgiving.org,https://www.globalgiving.org/learn/funding-opportunities/,"GlobalGiving offers recurring Open Call grants ($5,000–$10,000) for community-led projects worldwide. Topics include disaster recovery, education, environment, health, gender equality, human rights, and economic development. Also runs matching campaigns where donations are matched by corporate and foundation partners.",,,USD,GLOBAL,,28,2026-06-30T23:57:50.855633+00:00
56e3b9e1b562,The Pollination Project,,capta.org.br,https://capta.org.br/oportunidades/the-pollination-project/,"The Pollination Project O Projeto “ The Pollination ” promove apoio financeiro a projetos em estágios iniciais de desenvolvimento que necessitam de uma pequena quantidade de dinheiro para solucionar muitos de seus problemas, e estimular seu desenvolvimento inicial para que possam crescer. Poderão se inscrever apenas projetos sem fins lucrativos nas áreas de: Direito e bem-estar dos animais; Artes e cultura; Empoderamento econômico; Sustentabilidade e meio-ambiente; Saúde e bem-estar; Direitos humanos e dignidade; Desenvolvimento de lideranças; Escolas e educação; Jovens. Os valor máximo das pr",,,,BR,,26,2026-06-30T23:57:59.083385+00:00
9e342a13e94a,Conheça os 203 projetos selecionados na 2ª chamada da Teia da Sociobiodiversidade,Fundo Casa Socioambiental,casa.org.br,https://casa.org.br/conheca-os-203-projetos-selecionados-na-2a-chamada-da-teia-da-sociobiodiversidade/,"A Teia da Sociobiodiversidade, em sua segunda chamada, amplia a presença em todos os biomas e regiões do Brasil, no campo e nas cidades. Nesta segunda edição, 203 iniciativas foram selecionadas, as quais vão se somar às 202 contempladas na primeira chamada , realizada em 2024. Essa grande rede conectada de comunidades que estão construindo um futuro mais justo e sustentável é plural, tem a cara do povo brasileiro. A Teia da Sociobiodiversidade é uma iniciativa do Fundo Casa Socioambiental , com",,,,BR,,26,2026-06-30T23:57:54.952781+00:00
aca56db1712a,“Do território à ação climática”: nova publicação do Fundo Casa revela a força das respostas locais,Fundo Casa Socioambiental,casa.org.br,https://casa.org.br/do-territorio-a-acao-climatica-nova-publicacao-do-fundo-casa-revela-a-forca-das-respostas-locais/,"Terceiro volume da série Construindo Justiça Climática mostra como mitigação, adaptação e transição justa já acontecem nos territórios. Em meio a um cenário global que discute metas, modelos e financiamento destinados ao clima, uma pergunta continua sem resposta evidente: o dinheiro chega, de fato, às comunidades que vivem e protegem os territórios mais vulneráveis do Brasil? A nova publicação do Fundo Casa Socioambiental “Do Território à Ação Climática: A atuação do Fundo Casa no financiamento",,,,BR,,26,2026-06-30T23:57:54.985769+00:00
fe50489b6aa2,Fundo Casa lança Relatório Anual 2024: mais de R$29 milhões doados para fortalecer soluções locais em todo o Brasil,Fundo Casa Socioambiental,casa.org.br,https://casa.org.br/fundo-casa-lanca-relatorio-anual-2024-mais-de-r29-milhoes-doados-para-fortalecer-solucoes-locais-em-todo-o-brasil/,"O Fundo Casa Socioambiental tem a alegria de lançar seu Relatório Anual 2024, reunindo dados, histórias e aprendizados que traduzem a potência das comunidades no enfrentamento aos desafios socioambientais do Brasil. Em um ano marcado por emergências climáticas, mobilizações comunitárias e importantes conquistas nos territórios, o Fundo Casa lançou 12 chamadas , o maior número da sua história, apoiando diretamente 535 novos projetos e 42 defensoras e defensores ambientais em todas as regiões do p",,,,BR,,26,2026-06-30T23:57:55.081128+00:00
dad35adb7579,Comunicação Comunitária e Direitos Humanos: Comunidades de prática fortalecem a luta por justiça e democracia no Brasil,Fundo Casa Socioambiental,casa.org.br,https://casa.org.br/comunicacao-comunitaria-e-direitos-humanos-comunidades-de-pratica-fortalecem-a-luta-por-justica-e-democracia-no-brasil/,"Primeiros encontros abordaram os desafios e o papel essencial da comunicação comunitária; em 2025, mais dois eventos vão promover a troca de experiências e o fortalecimento de redes de defesa dos direitos humanos. Nos dias 30 de outubro e 6 de novembro de 2024, ocorreram os dois primeiros encontros de formação das Comunidades de Prática “Comunicação Comunitária e Direitos Humanos”, uma iniciativa do Fundo Casa Socioambiental, que reuniu representantes de projetos apoiados em diversas chamadas de",,,,BR,,26,2026-06-30T23:57:55.239140+00:00
1e29acb2a1a1,Jornada Biovalor: formação promove o desenvolvimento de capacidades em comunicação e marketing para 25 negócios das sociobiodiversidade,ISPN,ispn.org.br,https://ispn.org.br/noticia/jornada-biovalor-formacao-em-comunicacao-e-marketing-para-25-negocios-das-sociobiodiversidade/,"A farinha de jatobá do Tocantins, o óleo de copaíba do Amazonas e o sabão de coco babaçu do Maranhão. Produtos que carregam territórios e tradições dentro das embalagens, mas que, muitas vezes, chegam aos mercados e feiras sem conseguir contar suas histórias. Para apoiar organizações e negócios comunitários na construção de estratégias de comunicação e marketing mais sólidas, o Instituto Sociedade, População e Natureza (ISPN) organizou uma formação intensiva para o desenvolvimento dessas capacid",,,,BR,,26,2026-06-30T23:58:05.027148+00:00
6fcbb74701d5,Quilombo Cariongo lança Plano de Gestão Territorial e Ambiental,ISPN,ispn.org.br,https://ispn.org.br/noticia/cariongo-lanca-plano-de-gestao-territorial-e-ambiental-quilombola-do-maranhao/,"O Quilombo Cariongo, localizado no município de Santa Rita (MA), entrou para a história ao se tornar a primeira comunidade quilombola do Maranhão a construir um Plano de Gestão Territorial e Ambiental Quilombola (PGTAQ) elaborado de forma participativa e a partir das prioridades definidas pelo próprio território. O plano foi apresentado à comunidade, a lideranças de outros quilombos e a representantes de instituições, consolidando-se como um marco político, social e histórico. Pioneiro no estado",,,,BR,,26,2026-06-30T23:58:05.125003+00:00
5f1e3c707f26,Indígenas fazem história na COP30 e demandam demarcação como solução climática,ISPN,ispn.org.br,https://ispn.org.br/noticia/indigenas-fazem-historia-na-cop30-e-demandam-demarcacao-como-solucao-climatica/,"A 30ª Conferência das Partes sobre Mudança do Clima (COP30), que aconteceu de 10 a 21 de novembro em Belém (PA), registrou a maior presença indígena da história da conferência. Povos do Brasil e do mundo organizaram e participaram de marchas, plenárias e espaços para lutar por direitos e reconhecimento dos conhecimentos indígenas como parte das soluções para conter os impactos das mudanças climáticas. Foram mais de cinco mil indígenas na capital paraense, de acordo com a ministra dos Povos Indíg",,,,BR,,26,2026-06-30T23:58:05.169671+00:00
387dcb152f3a,ISPN marca presença na COP30 com foco no protagonismo de comunidades locais e indígenas,ISPN,ispn.org.br,https://ispn.org.br/noticia/ispn-marca-presenca-na-cop30-com-foco-no-cerrado-financiamento-para-justica-socioambiental-e-climatica-sociobioeconomia-e-protagonismo-de-comunidades-locais-e-indigenas/,"O Instituto Sociedade, População e Natureza (ISPN) estará presente na 30ª Conferência das Nações Unidas sobre Mudanças Climáticas (COP30), que acontecerá de 10 a 21 de novembro de 2025, em Belém (PA). O ISPN terá uma participação robusta, com atuação direta em painéis, moderação de debates e atividades colaborativas de apoio a lideranças comunitárias de todo o Brasil. A presença do Instituto na COP30 será guiada por quatro eixos temáticos que compõem a narrativa institucional no evento: Cerrado,",,,,BR,,26,2026-06-30T23:58:05.187028+00:00
1f1ff9fab03c,Cantos do Céu e da Terra: a trama sagrada dos Awá‑Guajá no lugar de ser e resistir,ISPN,ispn.org.br,https://ispn.org.br/noticia/cantos-do-ceu-e-da-terra-a-trama-sagrada-dos-awa%e2%80%91guaja-no-lugar-de-ser-e-resistir/,"Entre raios de sol de um final de tarde, que iluminavam a mata à beira de um pequeno riacho, o povo Awá Guajá celebrou o lançamento da coletânea de cantos que registra sua cultura, modo de vida, relação com a natureza e ancestralidade. A coletânea Karawa Janaha nasceu a partir de um desejo dos povos que vivem nas Terras Indígenas Caru e Awa. O material valoriza o patrimônio cultural dos Awá Guajá e seus saberes, preservados com resistência frente às ameaças, como o desmatamento, invasão de madei",,,,BR,,26,2026-06-30T23:58:05.229183+00:00
61710be365a8,"European Commission — EU Funding Programmes (LIFE, Horizon, Creative Europe)",European Commission,eu-funding.europa.eu,https://ec.europa.eu/info/funding-tenders/opportunities/portal/screen/home,"The European Commission offers grants and tenders through multiple programmes: LIFE (environment & climate), Horizon Europe (research & innovation), Creative Europe (culture & arts), Erasmus+ (education & youth), and more. Open calls published on the Funding & Tenders Portal throughout the year.",,,EUR,EU,,26,2026-06-30T23:57:50.842192+00:00
e6f3e4bb41dd,Wiki Loves Earth 2026 Photo Competition (Madagascar),,fundsforngos.org,https://www2.fundsforngos.org/individuals/wiki-loves-earth-2026-photo-competition-madagascar/,"Deadline: 31-Jul-2026 Wiki Loves Earth 2026 in Madagascar is an international photography competition that invites everyone to capture and upload photographs of Madagascar’s natural heritage to Wikimedia Commons. The competition promotes biodiversity conservation, free knowledge, and the use of high-quality images in Wikipedia and other Wikimedia projects. What Is Wiki Loves Earth 2026 in Madagascar? Wiki Loves Earth 2026 in Madagascar is a photography competition that encourages participants to document the country’s natural heritage through original photographs. Images submitted to the compe",,th 2026,,GLOBAL,,26,2026-06-30T23:58:07.016740+00:00
697f587869a7,Call for Greenwich Peninsula Community Fund (United Kingdom),,fundsforngos.org,https://www2.fundsforngos.org/innovation/call-for-greenwich-peninsula-community-fund-united-kingdom/,"Deadline : 21-Jul-2026 The Greenwich Peninsula Community Fund supports community projects that deliver measurable social, economic and environmental benefits for residents of the Greenwich Peninsula. The fund prioritises employment and training, health and wellbeing, community participation, environmental sustainability, social inclusion, crime reduction and support for vulnerable groups. Grants of up to £10,000 per year are available for up to two years , allowing organisations to receive a maximum of £20,000 . Projects must directly benefit Greenwich Peninsula residents, and at least 80% of",,"£10,000",,GLOBAL,,26,2026-06-30T23:58:17.841752+00:00
c5f4f6e13ff4,Top Funding Opportunities for Disability Inclusion and Accessible Communities,,fundsforngos.org,https://www2.fundsforngos.org/listing/top-funding-opportunities-for-disability-inclusion-and-accessible-communities/,"Top Funding Opportunities for Disability Inclusion and Accessible Communities 
 [May 2026]

Explore a curated collection of grants, awards, scholarships, and global opportunities designed to create more inclusive and accessible communities. Open to NGOs, community organisations, grassroots groups, and changemakers working to empower persons with disabilities …  [Read more...]  about Top Funding Op",,,,GLOBAL,,26,2026-06-30T23:58:44.995338+00:00
f73f3edf9b10,Discover 100+ Funding Opportunities for Community Development Initiatives,,fundsforngos.org,https://www2.fundsforngos.org/listing/discover-100-funding-opportunities-for-community-development-initiatives/,"Discover 100+ Funding Opportunities for Community Development Initiatives 
 [May 2026]

Accessing the right funding can accelerate meaningful change at the grassroots level. This curated list highlights 100+ open grant opportunities designed to support community development projects—spanning areas like education, livelihoods, health and sustainability—helping …  [Read more...]  about Discover 100+",,,,GLOBAL,,26,2026-06-30T23:58:44.996037+00:00
8154e28d6f6a,"Agriculture, Climate, Environment, Energy & Food: June 2026 Funding Opportunities (50 new opportunities!)",,impactfunding.substack.com,https://impactfunding.substack.com/p/agriculture-climate-environment-energy-520,"91 active signals; $450M+. Industrial climate capital pivots to SMEs, community capital bypasses international NGOs, EU concentrates on bioremediation and biorefinery.",,,,GLOBAL,,26,2026-06-30T23:57:52.369072+00:00
d7584e7660e1,Conservation Planning and Implementation to Safeguard Bolivia'sPuya raimondii,Critical Ecosystem Partnership Fund,env:cepf,https://www.cepf.net/grants/grantee-projects/conservation-planning-and-implementation-safeguard-bolivias-puya-raimondii,"Conservation Planning and Implementation to Safeguard Bolivia's  Puya raimondii   
 
 
                    Centro de Estudios en Biología Teórica y Aplicada
                 
 
 
 
 
 
 
 View Photo",,,,GLOBAL,,26,2026-06-30T23:57:54.685293+00:00
2a119624b966,Building on Conservation Success of Vultures and Ibises in Cambodia,Critical Ecosystem Partnership Fund,env:cepf,https://www.cepf.net/grants/grantee-projects/building-conservation-success-vultures-and-ibises-cambodia,"Building on Conservation Success of Vultures and Ibises in Cambodia                 
 
 
                    Rising Phoenix Co. Ltd.
                 
 
 
 
 
 
 
 View Photo",,,,GLOBAL,,26,2026-06-30T23:57:54.686566+00:00
67a8466e0aec,"Em Brasília, Teia da Sociobiodiversidade anuncia 203 novos projetos e amplia atuação nacional",Fundo Casa Socioambiental,casa.org.br,https://casa.org.br/em-brasilia-teia-da-sociobiodiversidade-anuncia-203-novos-projetos-e-amplia-atuacao-nacional/,"Iniciativa do Fundo Casa Socioambiental e do Fundo Socioambiental CAIXA alcança 405 projetos apoiados em todos os biomas do Brasil No dia 26 de março, em Brasília, o Fundo Casa Socioambiental e o Fundo Socioambiental CAIXA anunciaram os 203 projetos selecionados na segunda chamada da Teia da Sociobiodiversidade. Com isso, a iniciativa alcança 405 projetos apoiados em todos os biomas e regiões do país, consolidando uma das maiores redes de apoio direto a organizações comunitárias no Brasil. O anú",,,,BR,,24,2026-06-30T23:57:54.948170+00:00
4eed94cf2448,Aliança entre organizações da sociedade civil fortalece cadeias de valor da sociodiversidade no Tocantins,ISPN,ispn.org.br,https://ispn.org.br/noticia/alianca-entre-organizacoes-da-sociedade-civil-fortalece-cadeias-de-valor-da-sociodiversidade-no-tocantins/,"Entre os dias 28 e 30 de abril, organizações nacionais e locais se reuniram em Palmas (TO) para estruturar uma aliança voltada ao fortalecimento das cadeias da sociobiodiversidade do jatobá e do capim dourado no Tocantins. A iniciativa foi organizada pelo WWF-Brasil, Central do Cerrado e pelo Instituto Sociedade, População e Natureza (ISPN). O encontro contou com a participação de 20 organizações, sendo associações de agroextrativistas e organizações da sociedade civil como como Rede Cerrado, Cá",,,,BR,,24,2026-06-30T23:58:05.061319+00:00
077b111df3b9,"Sociobiodiversidade no prato, territórios tradicionais conservados e protegidos: o clima agradece",ISPN,ispn.org.br,https://ispn.org.br/artigo-de-opiniao/sociobiodiversidade-no-prato-territorios-tradicionais-conservados-e-protegidos-o-clima-agradece/,"Ainda pouco falado, o aumento da insegurança alimentar no mundo como efeito do aquecimento global é um importante tema e requer ações imediatas para prevenir o caos nos sistemas alimentares, que mais uma vez vai afetar primeiro e mais intensamente as populações vulnerabilizadas. Cientistas do IPCC (Painel Intergovernamental sobre Mudanças Climáticas) alertam sobre os riscos crescentes de escassez de alimentos gerados pelas quebras de safra devido a secas, inundações, estresse térmico em plantas",,,,BR,,24,2026-06-30T23:58:05.158461+00:00
bc9b739d8cb7,Formalização do Mosaico Gurupi reforça protagonismo indígena na agenda climática,ISPN,ispn.org.br,https://ispn.org.br/noticia/formalizacao-do-mosaico-gurupi-reforca-protagonismo-indigena-na-agenda-climatica/,"“Acredito que o Mosaico Gurupi vai despertar a humanidade, inspirando as pessoas a reflorestar mais e a proteger as florestas que ainda existem em nosso país”. A afirmação do presidente eleito do Conselho Gestor do Mosaico Gurupi, o cacique Antônio Wilson Guajajara, da Terra Indígena Caru, no Maranhão, revela a profunda esperança no conjunto de áreas protegidas nesse chamado para o engajamento em defesa das florestas da Amazônia Oriental e de tudo o que elas significam para o futuro do planeta.",,,,BR,,24,2026-06-30T23:58:05.199589+00:00
62634545c2df,"Call for Artificial Intelligence: Technology, Society and Learning in the Arab Region",,fundsforngos.org,https://www2.fundsforngos.org/individuals/call-for-artificial-intelligence-technology-society-and-learning-in-the-arab-region/,"Deadline : 14-Jul-2026 The ACSS Small Grants Program – Cycle 10 supports research on Artificial Intelligence: Technology, Society and Learning in the Arab Region . Six grantees will receive up to USD 4,000 each for an 8-month research project examining AI’s social, political, educational, ethical, and economic impacts. Overview The programme supports new or ongoing research on artificial intelligence and its relationship with society in the Arab region. It is designed for scholars and activists working in the social sciences, humanities , or related interdisciplinary fields. Projects may inclu",,"USD 4,000",,GLOBAL,,24,2026-06-30T23:58:07.103638+00:00
7ad6c7cfd8dd,"Top Grants, Fellowships and Research Opportunities for Democracy and Governance",,fundsforngos.org,https://www2.fundsforngos.org/listing/top-grants-fellowships-and-research-opportunities-for-democracy-and-governance/,"[ June 2026 ] Explore a curated collection of grants, fellowships, research calls, programmes, and capacity-building opportunities that support democracy and strengthen civil society. Open to NGOs, researchers, journalists, civil society organizations, and changemakers committed to fostering inclusive and participatory societies worldwide. International Talent Development Scholarship Program Deadline : 15-July-2026 Applications are now open for the International Talent Development Scholarship Program, which supports international students and doctoral researchers pursuing academic studies or l",2026-09-22,"in,",,GLOBAL,,24,2026-06-30T23:58:17.862872+00:00
bcd9f094f40a,Strengthening Rural Communities – Prepare and Recover Grant Program (Australia),,fundsforngos.org,https://www2.fundsforngos.org/community-development-2/strengthening-rural-communities-prepare-and-recover-grant-program-australia/,"Deadline: 17-Sep-2026 The FRRR Strengthening Rural Communities (SRC) Prepare & Recover program provides grants of up to $25,000 to support rural, remote, and regional Australian communities in building disaster resilience and recovering from climate-related events. It funds community-led initiatives that strengthen preparedness, recovery, and long-term resilience, typically delivered within 12 months. What Is the SRC Prepare & Recover Program? The Strengthening Rural Communities Prepare & Recover program is an initiative by the Foundation for Rural & Regional Renewal (FRRR). It is designed to",,in 12,,GLOBAL,,24,2026-06-30T23:58:29.916939+00:00
05aa004642bc,Call for Proposals: Small Grant Program,,fundsforngos.org,https://www2.fundsforngos.org/individuals/call-for-proposals-small-grant-program/,"Deadline: 01-Oct-2026 The Endangered Languages Documentation Programme (ELDP) Small Grants support short-term, field-based and exploratory projects focused on documenting endangered languages worldwide. These grants are designed to support: Fieldwork and data collection Pilot and feasibility studies Completion or continuation of ongoing documentation projects Preliminary or supplementary linguistic research Core Purpose The programme aims to: Preserve endangered and under-documented languages Support creation of linguistic records and archives Enable early-stage or small-scale documentation wo",,"rm,",,GLOBAL,,24,2026-06-30T23:58:30.065927+00:00
8d64aafd90da,"From Farm to Future: Global Agriculture, Food & Nutrition Grants",,fundsforngos.org,https://www2.fundsforngos.org/listing/from-farm-to-future-global-agriculture-food-nutrition-grants/,"From Farm to Future: Global Agriculture, Food & Nutrition Grants 
 [May 2026]









A curated listing of global funding opportunities in agriculture, food, and nutrition, featuring grants, awards, fellowships, and open calls. These programs support sustainable farming, food security, agribusiness development, and nutrition innovation for NGOs, …  [Read more...]  about From Farm to Future: Globa",,,,GLOBAL,,24,2026-06-30T23:58:44.994765+00:00
469f22c6afd6,Yale Emerging Climate Leaders Fellowship 2027: The Complete Guide to This Prestigious International Clean Energy and Climate Change Fellowship for Global South Professionals,,opportunitiesforyouth.org,https://opportunitiesforyouth.org/2026/06/30/2026-yale-emerging-climate-leaders-fellowship-for-global-south-professionals/,"Yale University’s Jackson School of Global Affairs has officially opened applications for the 2027 cohort of the Emerging Climate Leaders Fellowship, an exclusive and highly competitive international fellowship designed to cultivate a global community of clean energy and climate change leaders from emerging and developing countries. Anchored by Yale’s International Leadership Center and led by […] The post Yale Emerging Climate Leaders Fellowship 2027: The Complete Guide to This Prestigious Inte",,th .,,LATAM,,24,2026-06-30T23:57:52.523472+00:00
6758e4a11485,"Education, Human Rights & Inclusion: Mid-June Update (25 new opportunities!)",,impactfunding.substack.com,https://impactfunding.substack.com/p/education-human-rights-and-inclusion-f5c,Civil society at the democratic-backsliding frontier intensifying; Spencer and W.T. Grant continue education-research-as-infrastructure.,,,,GLOBAL,,24,2026-06-30T23:57:52.366727+00:00
7e0ca9967f0d,AFD — Appels à Projets (Agence Française de Développement),Agence Française de Développement (AFD),fr:afd,https://www.afd.fr/fr/appels-projets,"L'AFD lance régulièrement des appels à projets pour les OSC, collectivités territoriales et secteur privé dans les domaines du développement durable, climat, biodiversité, éducation, et santé. Projets en Afrique, Méditerranée, Asie et Outre-mer. Subventions et financements pour projets à impact.",,,EUR,FR,,24,2026-06-30T23:57:50.852972+00:00
db28c6d75867,Projeto “Sementes Periféricas” promove inclusão social e transformação ambiental em Olinda,Fundo Casa Socioambiental,casa.org.br,https://casa.org.br/projeto-sementes-perifericas-promove-inclusao-social-e-transformacao-ambiental-em-olinda/,"“Na nossa horta, não colhemos só alimentos, mas acolhemos mulheres e pessoas LGBTQIAPN+ que, ano após ano, sofrem com as consequências das enchentes e das violências que nossa comunidade enfrenta. Elisângela Maranhão dos Santos, coordenadora do projeto Em Olinda, Pernambuco, o projeto “Sementes Periféricas: plantando e colhendo cuidados e saberes”, liderado pelo Coletivo Mulheres Periféricas e LGBT+, tem sido um exemplo de como a agroecologia pode funcionar como um agente de transformação social",,,,BR,,22,2026-06-30T23:57:55.216418+00:00
e373874ce077,Pesquisa revela grilagem verde sobre territórios tradicionais no oeste da Bahia,ISPN,ispn.org.br,https://ispn.org.br/noticia/pesquisa-revela-grilagem-verde-sobre-territorios-tradicionais-no-oeste-da-bahia/,"A compensação de Reserva Legal, prevista no Código Florestal como mecanismo de regularização ambiental, vem sendo usada de forma massiva pelo agronegócio no oeste da Bahia. No entanto, parte dessas áreas de compensação recai justamente sobre territórios ocupados historicamente por comunidades tradicionais e camponesas, convertendo um instrumento de preservação em estratégia de grilagem verde. Essa é uma das principais conclusões do artigo Making environmental compensation visible. Biased data tr",,,,BR,,22,2026-06-30T23:58:05.087084+00:00
e5b3f88545e2,Other important funding considerations,Commonwealth Foundation,commonwealthfoundation.com,https://commonwealthfoundation.com/grants/annual/,"Other important funding considerations 
 
 Read more 
 
 
 
 
 The Foundation’s three themes overlap and connect in myriad ways. For example, freedom of expression and protection of the free flow of information are critical to ensuring meaningful progress on health justice and climate justice.   
 Applicants are encouraged to explore the intersections between our three themes when developing t",,,,GLOBAL,,22,2026-06-30T23:57:52.084763+00:00
9ddaa97a24ab,What's New,Youth Climate Justice Fund,ycjf.org,https://ycjf.org/capacity-strengthening-is-community-building-what-we-are-learning-from-young-climate-leaders,"What's New
           
 
 Explore the latest updates and inspiring stories from the YCJF! 
 
 
 
 
 
 
 
 
 
 
 
 
          Capacity Strengthening is Community Building: What We're Learning from Young Climate Leaders
         
 
 
 
 
            Posted on: 
           
 
 June 19, 2026 
 
 
 
 
            Category: 
           
 
            News
           
 
 
 
 
            Supporting young climate leaders goes beyond funding projects; it is about strengthening the relation",,"$40,000",USD,GLOBAL,,22,2026-06-30T23:57:54.416443+00:00
3b906edfce68,Annual Program Statement for Public Diplomacy Grants (Cuba),,fundsforngos.org,https://www2.fundsforngos.org/religion/annual-program-statement-for-public-diplomacy-grants-cuba/,"Deadline: 15-Aug-2026 The U.S. Embassy in Cuba Public Diplomacy Grant Program provides funding for projects that promote democratic values, human rights, freedom of expression, and individual prosperity. The programme supports civil society initiatives that increase access to independent information and strengthen understanding of core freedoms. Projects must align with U.S. Department of State public diplomacy objectives and are typically completed within 12 months. About the Program The programme is funded by the U.S. Embassy in Cuba . It supports public diplomacy and civic engagement initia",,in 12,,GLOBAL,,22,2026-06-30T23:58:17.874227+00:00
aa71ef215c15,Balangay Film – Mga Kwento ng Klima Short Films 2026 (Philippines),,fundsforngos.org,https://www2.fundsforngos.org/individuals/balangay-film-mga-kwento-ng-klima-short-films-2026-philippines/,"Deadline: 15-Jul-2026 MKK Shorts is a climate storytelling initiative designed to amplify public awareness of climate change through short films. The programme supports emerging filmmakers in developing impactful climate narratives that highlight real community experiences, adaptation strategies, and underrepresented perspectives. The competition focuses on making climate storytelling more accessible by encouraging smartphone filmmaking and community-based creative participation . Programme Objectives The MKK Shorts programme aims to: Raise awareness about climate change and its impacts. Suppo",,"Php 30,000",,GLOBAL,,22,2026-06-30T23:58:29.861046+00:00
d43bd00bcb46,Request for Applications: Build Communities Strong Fund (Canada),,fundsforngos.org,https://www2.fundsforngos.org/construction/request-for-applications-build-communities-strong-fund-canada/,"Deadline : 14-Sep-2026 The Build Communities Strong Fund – Local Impact Stream supports public-benefit community infrastructure projects in British Columbia. The programme provides non-repayable contributions for projects that strengthen local assets, improve public spaces and advance regional economic development. Funding normally ranges from $125,000 to $1 million per project and generally covers up to 50% of eligible project costs. Eligible applicants include municipalities, regional governments, Indigenous communities and organisations, and not-for-profit organisations. What is the Build C",,th .,,GLOBAL,,22,2026-06-30T23:58:30.011283+00:00
6b2781b675ea,Community Economic Development and Diversification Program (Canada),,fundsforngos.org,https://www2.fundsforngos.org/individuals/community-economic-development-and-diversification-program-canada/,"Deadline : 31-Dec-2026 The Community Economic Development and Diversification Program supports projects that create long-term economic benefits for communities in British Columbia. The programme provides non-repayable contributions to eligible organisations working to strengthen local economies, attract investment, increase productivity and build resilient communities. Funding is typically available for up to 50% of eligible project costs, with higher contributions considered in exceptional circumstances. Eligible applicants include not-for-profit organisations, Indigenous governments, Indigen",,"us,",,GLOBAL,,22,2026-06-30T23:58:30.036007+00:00
f31e5bc074d6,Applications Open: Climate and Health Innovation Transition to Scale Program,,fundsforngos.org,https://www2.fundsforngos.org/community-development-2/applications-open-climate-and-health-innovation-transition-to-scale-program/,"Deadline : 22-Jul-2026 The Nexa Climate and Health Innovation Funding Opportunity supports climate-centred health innovations that help local health actors prepare for and respond to climate-driven health risks. Transition to Scale investments range from approximately USD 250,000 to USD 2,000,000 per innovation for funding periods of up to 24 months . Overview The funding opportunity supports innovations that improve health system preparedness, response, and service delivery in vulnerable communities affected by climate change . It focuses on solutions that turn climate-related health risk inf",,"USD 250,000",,GLOBAL,,22,2026-06-30T23:58:43.267292+00:00
b57754c746f2,Apply Now: Climate and Health Innovation Proof of Concept Program,,fundsforngos.org,https://www2.fundsforngos.org/innovation/apply-now-climate-and-health-innovation-proof-of-concept-program/,"Deadline : 22-Jul-2026 The Nexa Climate and Health Innovation funding opportunity supports early-stage innovations that address climate-driven health risks through real-world pilots. Proof of Concept funding provides up to USD 200,000 per innovation for 18–24 months , supporting eligible organizations incorporated in Africa or Brazil . Overview The funding supports solutions that help health systems anticipate, monitor, and respond to health risks caused by climate change. It focuses on innovations that can be tested in real-world settings to assess their impact, technical feasibility, operati",,"USD 200,000",,GLOBAL,,22,2026-06-30T23:58:43.276986+00:00
70f4ebcb72e6,Artichoke Dance Company EcoArts Festival – Open Call for Artists,,sustainablepractice.org,https://sustainablepractice.org/open-calls/artichoke-dance-company-ecoarts-festival-open-call-for-artists/,"Artichoke Dance Company EcoArts Festival - Open Call for Artists - The Centre for Sustainable Practice in the Arts We use cookies to make your site experience better. Tracking cookies enables us to provide a functional Accessibility Toolbar, and easily log into your account (if you have one). For more information on how we use your data, read our privacy policy . Accept Decline Skip to content About Us Who we are How we think What we do Contact us Privacy Policy Services Programs Climate Change Theatre Action Convergence Department of Utopia Arts and Letters (DUAL) Fireside Chats Fringe Past P",,,,GLOBAL,,22,2026-06-30T23:57:55.623421+00:00
a145dadfce91,Advancing Climate Justice Accountable Natural Resources Governance in Southern Africa,Southern Africa Trust,africa:sat,https://southernafricatrust.org/advancing-climate-justice-accountable-natural-resources-governance-in-southern-africa/,Advancing Climate Justice Accountable Natural Resources Governance in Southern Africa – Southern Africa Trust Home Who We Are Our Story Our Board Our Team Opportunities Our Strategic Framework What We Do Grantmaking Knowledge Hub News & Stories News Blog Stories of Change Society Talks Contact Us Home Who We Are Our Story Our Board Our Team Opportunities Our Strategic Framework What We Do Grantmaking Knowledge Hub News & Stories News Blog Stories of Change Society Talks Contact Us Home Who We Are Our Story Our Board Our Team Opportunities Our Strategic Framework What We Do Grantmaking Knowledge Hub News & Stories News Blog Stories of Change Society Talks Home Who We Are Our Story Our Board Our Team Opportunities Our Strategic Framework What We Do Grantmaking Knowledge Hub News & Stories Ne,,,,AFRICA,,22,2026-06-30T23:57:54.723086+00:00
95d36a5771ee,Consulado Geral do Japão,,capta.org.br,https://capta.org.br/oportunidades/consulado-geral-do-japao/,"Consulado Geral do Japão em São Paulo O Consulado Geral do Japão em São Paulo aceita projetos com atuação no atendimento às necessidades humanas básicas, principalmente nas áreas de assistência social: Saúde básica; Educação básica; Bem-Estar público e Meio Ambiente. São elegíveis pelo edital ONGs, governos locais e organizações sem fins lucrativos que atuem na promoção do desenvolvimento comunitário básico. O valor máximo de financiamento por projeto é 10 milhões de ienes. Os projetos são recebidos durante todo o ano e podem ser enviados por e-mail, por correios ou entregues pessoalmente no C",,,,BR,,20,2026-06-30T23:57:59.081611+00:00
d45304d1a326,Quando o território vira escola: a construção da educação quilombola em Cachoeira (BA),Fundo Casa Socioambiental,casa.org.br,https://casa.org.br/quando-o-territorio-vira-escola-a-construcao-da-educacao-quilombola-em-cachoeira-ba/,"Projeto apoiado pelo Fundo Casa Socioambiental fortalece a construção coletiva da educação quilombola em comunidades do Recôncavo Baiano No distrito de Santiago do Iguape, zona rural de Cachoeira, no Recôncavo da Bahia, em meio aos manguezais e aos braços da Baía do Iguape, no estuário do Rio Paraguaçu, aprender começa no ritmo das marés. Ele se move no trabalho de quem vive da pesca artesanal e da mariscagem, nas rodas de samba que atravessam gerações e nas histórias que seguem vivas na memória",,,,BR,,20,2026-06-30T23:57:54.936300+00:00
575740769b49,Chamada de Projetos: Fortalecendo o protagonismo local na agenda climática,Fundo Casa Socioambiental,casa.org.br,https://casa.org.br/chamada-de-projetos-fortalecendo-o-protagonismo-local-na-agenda-climatica/,"Nova chamada do Fundo Casa, às vésperas da COP30 no Brasil, apoiará projetos com foco em incidência política e produção de conhecimento sobre os impactos da crise climática A crise climática avança de forma acelerada e impacta desproporcionalmente comunidades tradicionais e locais que estão na linha de frente da conservação ambiental e na luta por políticas socioambientais mais justas. Com a aproximação da COP30, conferência global que será realizada em Belém (PA) neste ano, as discussões munici",2025-04-24,,,BR,,20,2026-06-30T23:57:55.148164+00:00
81e9210fb55b,Jovem indígena é selecionado para o programa internacional Restoration Steward,ISPN,ispn.org.br,https://ispn.org.br/noticia/jovem-indigena-e-selecionado-para-o-programa-internacional-restoration-steward/,"O programa internacional Restoration Stewards 2026, promovido pelo Global Landscapes Forum (GLF), selecionou cinco jovens de diferentes países para atuar na restauração e no cuidado com ecossistemas em diversas partes do mundo. Entre os escolhidos está o jovem indígena brasileiro Breno Amajunepá, do povo Balatiponé-Umutina, da Terra Indígena Umutina, no Mato Grosso. O jovem selecionado, entre mais de 1.250 candidaturas de todo o mundo, é estudante de Relações Internacionais na Universidade de Br",,,,BR,,20,2026-06-30T23:58:05.131888+00:00
1b82b5de81ec,"Novo relatório do Tô no Mapa revela que territórios tradicionais preservam até 80% de vegetação nativa, mesmo sob pressão externa de desmatamento",ISPN,ispn.org.br,https://ispn.org.br/noticia/novo-relatorio-do-to-no-mapa-revela-que-territorios-tradicionais-preservam-ate-80-de-vegetacao-nativa-mesmo-sob-pressao-externa-de-desmatamento/,"Os territórios ocupados por Povos e Comunidades Tradicionais (PCTs) e Agricultores Familiares desempenham um papel essencial para a conservação ambiental no Brasil. É o que reforça o 6º Relatório de Povoamento do Tô no Mapa, lançado pela iniciativa que apoia, desde 2020, a autodeclaração territorial dessas comunidades por meio de aplicativo gratuito. O estudo teve como foco o uso da terra nas comunidades tradicionais e analisou 399 territórios tradicionais, distribuídos em 111 municípios de 11 e",,,,BR,,20,2026-06-30T23:58:05.161209+00:00
f8b2f2d84dd3,Comunidades locais e povos afrodescendentes avançam na luta por reconhecimento no regime climático da ONU,ISPN,ispn.org.br,https://ispn.org.br/noticia/comunidades-locais-e-povos-afrodescendentes-avancam-na-luta-por-reconhecimento-no-regime-climatico-da-onu/,"Desde 2018, organizações comunitárias da América Latina, África e Ásia vêm articulando esforços para fortalecer o reconhecimento e a participação das comunidades locais no regime climático da Convenção-Quadro das Nações Unidas sobre Mudança do Clima (UNFCCC). Apesar de desempenharem papel essencial na conservação da biodiversidade e na regulação e adaptação climática, essas comunidades ainda não têm representação formal nos espaços decisórios da Convenção. A iniciativa apoiada pelo Instituto Soc",,,,BR,,20,2026-06-30T23:58:05.203986+00:00
44b955ab9aaf,Apply Now: Collaboration for Civil Society Organization Networks’ Engagement in Nepal,,fundsforngos.org,https://www2.fundsforngos.org/civil-society-development/apply-now-collaboration-for-civil-society-organization-networks-engagement-in-nepal/,"Deadline: 14-Jul-2026 The NGO Federation of Nepal (NFN), in partnership with the Association of International NGOs in Nepal (AIN), is inviting project proposals from civil society organization (CSO) networks and federations under the EU-supported Civic Space Project (CSP). The grants provide up to NPR 500,000 for projects lasting up to three months that strengthen civic engagement, policy advocacy, collaboration, and organizational capacity across Nepal. Civic Space Project (CSP) Grants Overview The Civic Space Project (CSP) is a grant initiative designed to strengthen civil society organizati",,,,GLOBAL,,20,2026-06-30T23:57:58.578874+00:00
37255c16927f,Wiki Loves Earth Photography Contest 2026 – Yemen,,fundsforngos.org,https://www2.fundsforngos.org/individuals/wiki-loves-earth-photography-contest-2026-yemen/,"Deadline: 15-Jul-2026 The Wiki Loves Earth Photography Contest in Yemen invites everyone to photograph the country’s natural heritage sites and upload their images to Wikimedia Commons. The competition promotes biodiversity, environmental awareness, and free educational content, with local cash prizes of up to $200 for the best photographs. What Is the Wiki Loves Earth Photography Contest? The Wiki Loves Earth Photography Contest is an international photography competition that encourages participants to capture and share photographs of natural heritage sites. In Yemen, the contest aims to doc",,ph.,,GLOBAL,,20,2026-06-30T23:58:06.990221+00:00
ce893765c9c3,Apply Now: Commercial Climate Services Call 4 (United Kingdom),,fundsforngos.org,https://www2.fundsforngos.org/environment-2/apply-now-commercial-climate-services-call-4-united-kingdom/,"Deadline : 31-Jul-2026 The UK Space Agency Commercial Climate Services Call supports early-stage projects that use satellite-based Earth Observation data to develop innovative climate services. The call offers up to £500,000 in total funding, with selected UK-led projects eligible for grants of up to £85,000 each. Overview The call aims to strengthen the UK’s Earth Observation climate services sector and help organisations develop commercially viable services for climate-related markets. It supports projects that use satellite data to address climate mitigation, adaptation, resilience, environ",,"£500,000",,GLOBAL,,20,2026-06-30T23:58:07.110159+00:00
f6cd9317f904,Open Call for Equity Initiative Fellowship Program,,fundsforngos.org,https://www2.fundsforngos.org/leadership/open-call-for-equity-initiative-fellowship-program/,"Deadline: 01-Aug-2026 The Equity Initiative Fellowship Program, also known as the Atlantic Fellows for Health Equity in Southeast Asia (AFHESEA), is accepting applications to develop leaders working to advance health equity across Southeast Asia and China. The programme supports professionals addressing the social, economic, political, and structural drivers of health inequality through systems change, leadership development, and regional collaboration. The fellowship is part of the global Atlantic Fellows network and is implemented by the CMB Foundation, focusing on long-term impact in health",,th.,,GLOBAL,,20,2026-06-30T23:58:17.868635+00:00
d6b8dc48e1c4,Apply for Adenauer Young Leaders Program (Philippines),,fundsforngos.org,https://www2.fundsforngos.org/leadership/apply-for-adenauer-young-leaders-program-philippines/,"Deadline: 31-Jul-2026 The Adenauer Young Leaders Program is a leadership development initiative that prepares emerging Filipino leaders for higher responsibility in governance, civil society, business, and community service. It combines training in politics, economics, and international relations with immersive learning visits and practical exposure. The program targets young professionals and public servants aged 25–35 (with some exceptions), with a strong emphasis on inclusive and values-based leadership. Overview of the Program The Adenauer Young Leaders Program is implemented by the Konrad",,,,GLOBAL,,20,2026-06-30T23:58:29.817852+00:00
3849e5616808,Empowering Africa’s Next Generation Through Educational Opportunities,,fundsforngos.org,https://www2.fundsforngos.org/listing/empowering-africas-next-generation-through-educational-opportunities/,"Empowering Africa’s Next Generation Through Educational Opportunities 
 [June 2026]

Explore grants, scholarships, fellowships, awards, research programmes, and training opportunities supporting education and learning across Africa. Open to students, researchers, educators, NGOs, and academic institutions, these opportunities promote skills development, academic …  [Read more...]  about Empowering",,,,GLOBAL,,20,2026-06-30T23:58:44.989620+00:00
5a4fbdc9a3e7,30+ Funding Opportunities for Child Development Initiatives,,fundsforngos.org,https://www2.fundsforngos.org/listing/30-funding-opportunities-for-child-development-initiatives/,"30+ Funding Opportunities for Child Development Initiatives 
 [May 2026]

A range of global funding opportunities is now open to support initiatives focused on children’s health, protection, and development. This list highlights 30+ grants, research programs, and funding calls designed to improve the wellbeing and long-term outcomes of children …  [Read more...]  about 30+ Funding Opportunities fo",,,,GLOBAL,,20,2026-06-30T23:58:44.996862+00:00
6fcb02f3b452,"Carbon Literacy for Culture: Connect, Share, Learn – Theatres Shareable Course Launch",,sustainablepractice.org,https://sustainablepractice.org/open-calls/carbon-literacy-for-culture-connect-share-learn-theatres-shareable-course-launch/,"Carbon Literacy for Culture: Connect, Share, Learn - Theatres Shareable Course Launch - The Centre for Sustainable Practice in the Arts We use cookies to make your site experience better. Tracking cookies enables us to provide a functional Accessibility Toolbar, and easily log into your account (if you have one). For more information on how we use your data, read our privacy policy . Accept Decline Skip to content About Us Who we are How we think What we do Contact us Privacy Policy Services Programs Climate Change Theatre Action Convergence Department of Utopia Arts and Letters (DUAL) Firesid",,,,GLOBAL,,20,2026-06-30T23:57:56.630097+00:00
511f3255f49a,Tony Elumelu Foundation — Entrepreneurship Programme,Tony Elumelu Foundation (TEF),africa:tef,https://www.tonyelumelufoundation.org/programmes/,"Annual $5,000 seed capital entrepreneurship grant for African startups. Open to African entrepreneurs with business ideas in any sector including environment, agriculture, technology, and social impact. Program includes mentorship, training, and networking alongside seed funding.",,5000,USD,AFRICA,,20,2026-06-30T23:57:55.801290+00:00
6195c873fae6,"Enhancing Sustainable Fishery Management on the Mekong, Stung Treng, Cambodia",Critical Ecosystem Partnership Fund,env:cepf,https://www.cepf.net/grants/grantee-projects/enhancing-sustainable-fishery-management-mekong-stung-treng-cambodia,"Enhancing Sustainable Fishery Management on the Mekong, Stung Treng, Cambodia                 
 
 
                    Culture and Environment Preservation Association
                 
 
 
 
 
 
 
 View Photo",,,,GLOBAL,,20,2026-06-30T23:57:54.684180+00:00
b7389513cb47,Empowering Youth to Combat Illegal Wildlife Trade in Lao PDR,Critical Ecosystem Partnership Fund,env:cepf,https://www.cepf.net/grants/grantee-projects/empowering-youth-combat-illegal-wildlife-trade-lao-pdr,"Empowering Youth to Combat Illegal Wildlife Trade in Lao PDR                 
 
 
                    Rural Development Agency
                 
 
 
 
 
 
 
 View Photo",,,,GLOBAL,,20,2026-06-30T23:57:54.686373+00:00
c2137ee399f8,"Edital Fomento à educação, proteção e bem-estar animal",,capta.org.br,https://capta.org.br/oportunidades/edital-fomento-a-educacao-protecao-e-bem-estar-animal/,"Programa Nosso Chão, Nossa História O Edital Meio Ambiente apoia iniciativas voltadas à educação ambiental, proteção e bem-estar animal em áreas afetadas pelo desastre socioambiental de Maceió. Além disso, a iniciativa busca reparar danos extrapatrimoniais, fortalecer os vínculos comunitários e promover a convivência entre pessoas, animais e território. Nesse sentido, o edital incentiva projetos de educação ambiental, proteção da fauna, atendimento veterinário, castração, vacinação, adoção responsável e fortalecimento de redes comunitárias de cuidado animal. Além disso, as propostas devem inco",2026-08-14,,,BR,,18,2026-06-30T23:57:59.055012+00:00
c29a01ef2ccf,Fundo Social da Cresol Rio Grande do Sul,,capta.org.br,https://capta.org.br/oportunidades/fundo-social-da-cresol-rio-grande-do-sul/,"Fundo Social Cresol 2026 O Fundo Social Cresol apoia projetos de organizações sem fins lucrativos que promovam o desenvolvimento social, comunitário e sustentável. A iniciativa financia ações nas áreas de educação e cultura, saúde e bem-estar, geração de renda e empreendedorismo, sustentabilidade e meio ambiente, desenvolvimento comunitário e social, além de esporte e lazer. Além disso, os projetos devem contribuir para os Objetivos de Desenvolvimento Sustentável (ODS) e gerar impactos positivos para as comunidades atendidas. Podem participar entidades que apresentem propostas com objetivos cl",2026-01-07,,,BR,,18,2026-06-30T23:57:59.057125+00:00
0db639692f93,Edital iCS nº 05/2026 – Soluções de Adaptação Climática Baseada em Territórios e Comunidades,,capta.org.br,https://capta.org.br/oportunidades/edital-ics-no-05-2026-solucoes-de-adaptacao-climatica-baseada-em-territorios-e-comunidades/,"Instituto Clima e Sociedade (iCS) O Edital iCS nº 05/2026 apoia projetos de adaptação às mudanças climáticas liderados por comunidades vulneráveis. Além disso, a iniciativa busca fortalecer a resiliência climática por meio de soluções participativas, territorializadas e com potencial de replicação. Nesse sentido, o edital incentiva ações voltadas ao enfrentamento de ondas de calor, secas prolongadas, inundações, deslizamentos e incêndios florestais. Também valoriza projetos que fortaleçam a governança comunitária, promovam capacitação local e utilizem Soluções Baseadas na Natureza (SbN). O pro",2026-01-07,,,BR,,18,2026-06-30T23:57:59.060063+00:00
3942cd276eca,Chamada – Zayed Sustainability Prize 2027,,capta.org.br,https://capta.org.br/oportunidades/chamada-zayed-sustainability-prize-2027/,"O Zayed Sustainability Prize, afiliado à Erth Zayed Philanthropies, abriu as inscrições para o ciclo de 2027 com um fundo ampliado de US$ 7,2 milhões. O prêmio reconhece pequenas e médias empresas, organizações sem fins lucrativos e escolas de ensino médio que desenvolvem soluções sustentáveis e inovadoras. O prêmio já impactou mais de 400 milhões de pessoas ao longo de 18 edições, ampliando o acesso a energia limpa, água, alimentos, saúde e fortalecendo a resiliência climática. As inscrições estão abertas para seis categorias: Saúde, Alimentação, Energia, Água, Ação Climática e Escolas de Ens",2026-07-15,,,BR,,18,2026-06-30T23:57:59.064835+00:00
40215b9d22c2,VBIO em busca de projetos,,capta.org.br,https://capta.org.br/oportunidades/vbio-em-busca-de-projetos/,"VBIO A VBIO é uma plataforma online que auxilia organizações na captação e destinação de recursos para projetos da biodiversidade brasileira. Podem se candidatar iniciativas focadas em temáticas como segurança alimentar, agricultura regenerativa, qualificação profissional de agricultores familiares e agroextrativistas, produtividade agrícola e geração de renda. Região: todo o Brasil Inscrições: contínuas Edital: VBIO em busca de projetos",,,,BR,,18,2026-06-30T23:57:59.078508+00:00
696448c684d5,Projetos selecionados – Chamada “Mata Atlântica Viva: apoiando soluções para conservação e regeneração 2026”,Fundo Casa Socioambiental,casa.org.br,https://casa.org.br/projetos-selecionados-chamada-mata-atlantica-viva-apoiando-solucoes-para-conservacao-e-regeneracao-2026/,"O Fundo Casa Socioambiental tem a alegria de anunciar os 42 projetos selecionados na chamada “Mata Atlântica Viva: apoiando soluções para conservação e regeneração 2026” . A iniciativa foi criada para fortalecer organizações comunitárias, coletivos, associações e movimentos que atuam na conservação, recuperação e proteção da Mata Atlântica em diferentes regiões do Brasil. Ao todo, 354 propostas foram recebidas de organizações de 20 estados brasileiros. Serão destinados mais de 2,5 milhões às ini",,,,BR,,18,2026-06-30T23:57:54.915109+00:00
d6839823c7ec,Chamada de Projetos: Apoio a ações comunitárias frente aos incêndios florestais,Fundo Casa Socioambiental,casa.org.br,https://casa.org.br/chamada-de-projetos-apoio-a-acoes-comunitarias-frente-aos-incendios-florestais/,"O Fundo Casa Socioambiental convida brigadas florestais voluntárias e comunitárias, associações comunitárias e comunidades tradicionais, locais e rurais de todo o Brasil a apresentarem propostas para a chamada de projetos Apoio a ações comunitárias frente aos incêndios florestais . Serão apoiados até 40 projetos , com recursos de até R$ 60 mil cada , totalizando R$ 2,8 milhões . A chamada tem como objetivo fortalecer iniciativas comunitárias que atuam na prevenção, no combate, no monitoramento e",,,,BR,,18,2026-06-30T23:57:54.976502+00:00
c3af96ae6ec6,Nova publicação “Onde estão os recursos para o clima?” aprofunda debate sobre o financiamento climático no Sul Global,Fundo Casa Socioambiental,casa.org.br,https://casa.org.br/nova-publicacao-onde-estao-os-recursos-para-o-clima-aprofunda-debate-sobre-o-financiamento-climatico-no-sul-global/,"Realizada pelo Fundo Casa Socioambiental, em correalização com a Rede Comuá, a publicação traz dados e análises sobre os fluxos financeiros e os desafios para democratizar o acesso aos recursos climáticos. O que realmente significa financiar o clima com justiça? E, mais importante: quem tem acesso a esses recursos? E quem ainda está de fora? O Fundo Casa Socioambiental , numa correalização com a Rede Comuá , lança a segunda publicação da série Construindo Justiça Climática , intitulada “Onde est",,,,BR,,18,2026-06-30T23:57:54.991676+00:00
55e243219b8a,Projetos selecionados: Chamada “Reconstruir RS – Apoio à Resiliência Climática e Reconstrução Comunitária 2025”,Fundo Casa Socioambiental,casa.org.br,https://casa.org.br/projetos-selecionados-chamada-reconstruir-rs-apoio-a-resiliencia-climatica-e-reconstrucao-comunitaria-2025/,"Em 2024 o Fundo Casa Socioambiental lançou o Fundo Reconstruir RS – Campanha pela Vida | Programa de eventos climáticos extremos – em resposta ao severo impacto gerado nas populações tradicionais do estado do Rio Grande do Sul, causado pela inundação histórica de maio. As ações dessa campanha incluíram duas chamadas de projetos voltados para comunidades tradicionais locais, na retomada de seus modos de vida, afetados pela enchente. A segunda chamada de apoio a projetos Reconstruir RS 2025 , lanç",,,,BR,,18,2026-06-30T23:57:55.025792+00:00
6cd526a42705,Projetos selecionados da chamada Fortalecimento dos direitos territoriais frente a megaprojetos de energia,Fundo Casa Socioambiental,casa.org.br,https://casa.org.br/projetos-selecionados-da-chamada-fortalecimento-dos-direitos-territoriais-frente-a-megaprojetos-de-energia/,"O Fundo Casa Socioambiental anuncia os 9 projetos selecionados na chamada “Fortalecimento dos direitos territoriais frente a megaprojetos de energia”, que apoiará organizações comunitárias e movimentos sociais da Amazônia Legal e do Nordeste. A chamada recebeu 94 inscrições de todo o país e vai destinar cerca de R$ 450 mil em apoios diretos, com até R$ 50 mil por projeto. O objetivo é fortalecer iniciativas locais que atuam na defesa dos territórios e dos modos de vida das comunidades impactadas",,,,BR,,18,2026-06-30T23:57:55.046949+00:00
7a5e5550ba56,Fundo Casa e Comuá lançam publicação inédita para fortalecer a participação da sociedade civil na agenda climática global e na COP 30,Fundo Casa Socioambiental,casa.org.br,https://casa.org.br/fundo-casa-e-comua-lancam-publicacao-inedita-para-fortalecer-a-participacao-da-sociedade-civil-na-agenda-climatica-global-e-na-cop-30/,"Com o objetivo de ampliar o acesso a informações qualificadas sobre as negociações climáticas e fortalecer a atuação de organizações de base nos espaços internacionais de decisão, o Fundo Casa Socioambiental e Rede Comuá lançam uma nova publicação voltada especialmente para grupos da sociedade civil que vêm se engajando na agenda do clima. A publicação sistematiza conteúdos essenciais para a compreensão do funcionamento da Conferência das Partes da Convenção do Clima da ONU (COP) e do Acordo de",,,,BR,,18,2026-06-30T23:57:55.049546+00:00
128690e66b00,Chamada de Projetos: Fortalecimento dos direitos territoriais frente a megaprojetos de energia,Fundo Casa Socioambiental,casa.org.br,https://casa.org.br/chamada-de-projetos-fortalecimento-dos-direitos-territoriais-frente-a-megaprojetos-de-energia-2/,"O Fundo Casa Socioambiental convida organizações comunitárias e movimentos sociais da Amazônia Legal e do Nordeste a apresentarem propostas para a nova chamada de apoio a projetos “ Fortalecimento dos direitos territoriais frente a megaprojetos de energia” . A chamada busca apoiar iniciativas locais que atuem na defesa dos territórios e dos modos de vida das comunidades impactadas por grandes empreendimentos energéticos, principalmente por usinas hidrelétricas, termelétricas, linhas de transmiss",,,,BR,,18,2026-06-30T23:57:55.070323+00:00
75293510c344,Projetos selecionados na chamada “Educação para o bem-viver – Apoio às comunidades quilombolas por uma educação antirracista”,Fundo Casa Socioambiental,casa.org.br,https://casa.org.br/projetos-selecionados-na-chamada-educacao-quilombola-fortalecendo-saberes-e-praticas-antirracistas-nos-territorios/,"Em fevereiro de 2025, o Fundo Casa Socioambiental lançou a chamada “ Educação para o Bem Viver – Apoio às comunidades quilombolas por uma educação antirracista “. Hoje, temos a alegria de anunciar os projetos selecionados. A chamada de apoio à educação quilombola recebeu 151 propostas e selecionou 25 projetos em 15 estados brasileiros, investindo mais de R$1,2 milhão de reais em apoios financeiros. São iniciativas que nascem dentro das próprias comunidades, pensadas por quem vive a realidade dos",,,,BR,,18,2026-06-30T23:57:55.114690+00:00
5522e41eb47f,"Um ano depois das enchentes, os frutos do apoios às comunidades já aparecem no Rio Grande do Sul",Fundo Casa Socioambiental,casa.org.br,https://casa.org.br/um-ano-depois-das-enchentes-os-frutos-do-apoios-as-comunidades-ja-aparecem-no-rio-grande-do-sul/,"Fundo Casa Socioambiental aponta impactos concretos da chamada Reconstruir RS em áreas como segurança alimentar, saúde mental, reflorestamento e reconstrução de vidas Passado um ano das enchentes no Rio Grande do Sul, os sinais de recuperação começam a brotar nas margens dos rios, nos quintais produtivos, nos encontros coletivos, nos plantios de mudas e nos espaços de acolhimento emocional. A chamada emergencial “Reconstruir RS – Apoio à Resiliência Climática e Reconstrução Comunitária” , realiz",,,,BR,,18,2026-06-30T23:57:55.119787+00:00
80559bf1d440,Justiça ambiental na bacia do Rio Madeira: o desafio da permanência,Fundo Casa Socioambiental,casa.org.br,https://casa.org.br/justica-ambiental-na-bacia-do-rio-madeira-o-desafio-da-permanencia/,"Comunidades atingidas por barragens se organizam para enfrentar violações e construir alternativas sustentáveis na Amazônia. O Rio Madeira corre há séculos, moldando a paisagem e a vida da região que atravessa. Pulsa vida, alimenta povos, guarda histórias e sonhos. Mas esse curso tem sido desafiado por grandes empreendimentos que alteraram drasticamente sua dinâmica. No entanto, onde há resistência, há esperança. A construção de barragens, como as de Santo Antônio e Jirau, em Rondônia, na década",,,,BR,,18,2026-06-30T23:57:55.132452+00:00
8f3457eaf7e8,Projetos selecionados na chamada “Mata Atlântica Viva – apoiando soluções para conservação e regeneração”,Fundo Casa Socioambiental,casa.org.br,https://casa.org.br/projetos-selecionados-na-chamada-mata-atlantica-viva-apoiando-solucoes-para-conservacao-e-regeneracao/,"Em fevereiro de 2025, o Fundo Casa Socioambiental lançou a chamada “Mata Atlântica Viva – apoiando soluções para conservação e regeneração” . Hoje, temos a alegria de anunciar os projetos selecionados nesta iniciativa. A chamada tem como objetivo fortalecer a autonomia de organizações comunitárias, promovendo o protagonismo local em ações socioambientais voltadas à restauração da Mata Atlântica e à construção de protocolos para o enfrentamento das mudanças climáticas. A chamada, de abrangência n",,,,BR,,18,2026-06-30T23:57:55.142323+00:00
99fa5481e8d6,Fundo Casa Socioambiental na Linha de Frente da Adaptação Climática,Fundo Casa Socioambiental,casa.org.br,https://casa.org.br/fundo-casa-socioambiental-na-linha-de-frente-da-adaptacao-climatica/,"Fortalecendo comunidades e soluções locais para um futuro mais resiliente ​​A adaptação climática precisa ser construída por quem sente, no cotidiano, os impactos da crise ambiental. No Fundo Casa Socioambiental, acreditamos que as soluções estão nas próprias comunidades e que fortalecer esses saberes é essencial para garantir a justiça climática. Com um modelo de financiamento descentralizado e focado no protagonismo local, apoiamos iniciativas que ajudam a restaurar territórios, a promover seg",,,,BR,,18,2026-06-30T23:57:55.188183+00:00
6f81f35ed449,Filantropia comunitária e soluções de adaptação lideradas localmente: lições aprendidas do Sul Global,Fundo Casa Socioambiental,casa.org.br,https://casa.org.br/filantropia-comunitaria-e-solucoes-de-adaptacao-lideradas-localmente-licoes-aprendidas-do-sul-global/,"O Fundo Casa Socioambiental já está em Baku, no Azerbaijão, participando da Conferência das Nações Unidas sobre Mudanças Climáticas (COP29). Como parte da sua agenda de atividades na Conferência, lançará o Policy Brief Filantropia Comunitária e Soluções de Adaptação Lideradas Localmente: lições aprendidas do Sul Global . O estudo, desenvolvido pela consultoria CLIMÁTICA para o Fundo Casa, aponta os principais desafios e oportunidades relacionados a mecanismos de financiamento, em particular o Fu",,,,BR,,18,2026-06-30T23:57:55.240981+00:00
076d974a0d6c,Fundo Casa Socioambiental está na Climate Week 2024,Fundo Casa Socioambiental,casa.org.br,https://casa.org.br/fundo-casa-socioambiental-esta-na-climate-week-2024/,"Entre 19 e 27 de setembro, estaremos representados em NY por Maria Amália Souza e Maha Akamine, que participam de discussões sobre a importância da filantropia comunitária e o protagonismo das comunidades locais em ações para mitigar os efeitos das transformações no clima global. A Climate Week NYC , organizada pelo Climate Group, é um dos maiores eventos anuais sobre clima e reúne mais de 600 eventos e atividades sobre o tema. O objetivo do evento é proporcionar discussões sobre como promover a",,,,BR,,18,2026-06-30T23:57:55.295182+00:00
8058a2e77c8a,Povos e Comunidades Tradicionais defendem na COP30 urgência na regulamentação fundiária dos territórios,ISPN,ispn.org.br,https://ispn.org.br/noticia/povos-e-comunidades-tradicionais-defendem-na-cop30-urgencia-na-regulamentacao-fundiaria-dos-territorios/,"Povos e Comunidades Tradicionais (PCTs) do Brasil têm cobrado urgência do governo federal na assinatura de um novo decreto que estabeleça um marco legal para o reconhecimento e a regularização fundiária de seus territórios. A pressão pelo decreto ganhou força na COP 30 em vários painéis, debates e protestos na Conferência do Clima. Representantes dos PCTs, movimentos sociais e organizações da sociedade civil têm cobrado mais transparência no processo de tramitação da proposta de decreto, formula",,,,BR,,18,2026-06-30T23:58:05.174223+00:00
6898e5071d01,"Raoni, palavras para o bem-viver: memória, espiritualidade e política na cosmovisão Mẽbêngôkre",ISPN,ispn.org.br,https://ispn.org.br/noticia/raoni-palavras-para-o-bem-viver-memoria-espiritualidade-e-politica-na-cosmovisao-mebengokre/,"O teatro do Centro Cultural Banco do Brasil (CCBB), em Brasília, ficou lotado no dia 9 de setembro de 2025 para receber Ropni Mẽtyktire, o cacique Raoni. Pertencente ao povo Mẽbêngôkre, conhecido como Kayapó, ele apresentou sua biografia intitulada Raoni – Memórias de um cacique, obra que percorre sua trajetória de vida, realizações, sonhos e visões de mundo. Reconhecido mundialmente pela luta em defesa dos direitos indígenas e da paz, Raoni travou sua luta desde o chão do território até as mais",,,,BR,,18,2026-06-30T23:58:05.237410+00:00
f243777b0afd,Seminário discute alimentação tradicional em escolas do Tocantins,ISPN,ispn.org.br,https://ispn.org.br/noticia/seminario-discute-alimentacao-tradicional-em-escolas-do-tocantins/,"Em 21 de outubro, no auditório do Ministério Público Estadual do Tocantins (MPE-TO), em Palmas, foi realizado o “Seminário Alimentação Tradicional nas Escolas do Tocantins”. O evento, realizado pelo Instituto Sociedade, População e Natureza (ISPN), Coalizão Vozes do Tocantins, Catrapovos e pelo Ministério Público Federal (MPF), com o co-financiamento da União Europeia, discutiu políticas de incentivo à aquisição de alimentos da agricultura familiar e da sociobiodiversidade para a alimentação esc",,,,BR,,18,2026-06-30T23:58:05.250989+00:00
93b83ff56655,Sem Cerrado não há solução climática justa,ISPN,ispn.org.br,https://ispn.org.br/artigo-de-opiniao/sem-cerrado-nao-ha-solucao-climatica-justa/,"O parecer técnico dizia ser uma atividade de “baixo impacto ambiental”: um desmatamento em larga escala, em pleno Cerrado, próximo de nascentes e de comunidades tradicionais na zona rural de Balsas, sul do Maranhão. Nenhuma audiência pública, nenhuma consulta às famílias. Quando as lideranças locais procuraram o órgão ambiental para compreender o processo, ouviram que “estava tudo dentro da legalidade”. Mas, no Cerrado, essa legalidade frequentemente mascara danos irreversíveis. Em nome de uma i",,,,BR,,18,2026-06-30T23:58:05.262367+00:00
36c91d945d45,For funders and supporters,Youth Climate Justice Fund,ycjf.org,https://ycjf.org/for-funders-and-supporters,"For funders and supporters
         
 
 
 
 
 
 
 
 
 
 
 
 
 
 
 
 
 
 
 
 
 
 
 
 
 
 
 
 
 
 
 
 
 
 
 
 
 
 
 
 
 
 
 
 
 
 
 
 
 
 
 
 
 
 
 
 
 
 
 
 
 
 
 
 
 
 
 
 
 
 
 
 
 
 
 
 
 
 
 
 
 
 
 
 
 
 
 
 
 
 
 
 
 
 
 
 
 
 
 
 
 
 
 
 
 
 
 
 
 
 
 
 
 
 
 
 
 
 
 
 
 
 
 
 
 
 
 
              Find out more
             
 
 
 We bridge funders and organizers by providing funders with more knowledge and opportunities to resource youth climate justice groups and organization",,"$40,000",USD,GLOBAL,,18,2026-06-30T23:57:54.415967+00:00
a6cbcb4d22d3,Get in touch,Youth Climate Justice Fund,ycjf.org,mailto:hello@ycjf.org,"Get in touch
         
 
 
 Subscribe to our newsletter for YCJF updates. Have questions or just want to say hello? Reach out to us anytime at  hello@ycjf.org ! 
 
 
 
 
 
 
 
 
 
 
 
 
 
 
 
 
 
 
 
 
 
 
 
 
 
 
 
 
 
 
 
 
 
 
 
 
 
 
 
 
 
 
 
 
 
 
 
 
 
 
 
 
 
 
 
 
 
 
 
 
 
 
 
 
 
 
 
 
 
 
 
 
 
 
 
 
 
    Sign up!
   
 
 
 
 
 *  indicates required 
 First Name  * Last Name  * Email Address  * Pronouns  She / her He / him They / them I rather not to say What sector do y",,"$40,000",USD,GLOBAL,,18,2026-06-30T23:57:54.416738+00:00
90dece2af9ae,Creativity Pioneers Fund Open Call — Moleskine Foundation,Moleskine Foundation,creativitypioneersfund.org,https://creativitypioneersfund.org/opencall,"€5,000 unrestricted grants for nonprofits using creativity for social transformation. Open globally. Focus: youth 16-27, marginalized communities, social + environmental challenges, intersectional approach. 
 
 
 
 
 Creativity Pioneers Fund | Creativity Pioneers Fund | Open Call 2026 – Apply Now 
 
 
 
 
 
 
 
 
 
 
 
 
 
 
 
 
 
 
 
 
 
 
 
 
 
 
 
 
 
 
 
 
 
 
 
                    
 
 
 
 
 
 Open call 
 Creativity Pioneers 
 Dataviz 
 Methodology 
 About 
 Fund 
 Join",,5000,EUR,GLOBAL,,18,2026-06-30T23:57:51.484422+00:00
00b6469525e8,Call for Applications: Creative Seed Grants (Australia),,fundsforngos.org,https://www2.fundsforngos.org/individuals/call-for-applications-creative-seed-grants-australia/,"Deadline: 03-Aug-2026 The City of Greater Geelong’s Creative Seed Grants 2026–27 provide funding of up to $2,500 to support artists, creatives, businesses, and organizations in developing innovative early-stage creative projects. The programme encourages experimentation, creative collaboration, new business models, community engagement, and projects that strengthen Greater Geelong’s creative economy. What Are the Creative Seed Grants? The Creative Seed Grants are designed to help artists and creative practitioners initiate, test, and develop new ideas through small-scale, early-stage projects.",,my.,,GLOBAL,,18,2026-06-30T23:57:58.776393+00:00
846ceec0e6b9,Last Chance: 250+ Funding Opportunities Closing in July 2026,,fundsforngos.org,https://www2.fundsforngos.org/listing/last-chance-250-funding-opportunities-closing-in-july-2026/,"[ June 2026 ] The countdown has begun! Explore 250+ funding opportunities closing in July 2026, including grants, fellowships, awards, innovation challenges, research funding, startup programs, and competitions from around the world. Whether you’re an NGO, nonprofit, startup, researcher, entrepreneur, or changemaker, don’t miss this opportunity to secure funding, gain recognition, and make a lasting impact before the deadlines pass. 2026 Earthna Prize for Traditional Knowledge and Sustainability Solutions Deadline : 20-July-2026 The Earthna Prize 2026 is a global award program recognizing orga",2026-07-27,"eur,",,GLOBAL,,18,2026-06-30T23:58:07.083446+00:00
77f5fb21bc6f,Call for Emergency Support for Displaced Women and Girls in Iraq,,fundsforngos.org,https://www2.fundsforngos.org/community-development-2/call-for-emergency-support-for-displaced-women-and-girls-in-iraq/,"Deadline : 16-Jul-2026 UN Women is seeking proposals from qualified local civil society organizations and women-led organizations to deliver integrated protection, legal, psychosocial, information, and livelihood services for vulnerable women and girls affected by displacement and return in Iraq . The selected partner will implement a six-month project with a proposal budget between USD 85,140 and USD 89,140 , focusing on strengthening the safety, resilience, wellbeing, and economic security of crisis-affected women and girls. Overview UN Women has launched a Call for Proposals to identify an",,"USD 85,140",,GLOBAL,,18,2026-06-30T23:58:17.708419+00:00
de688bca3d42,Access the Latest Funding Opportunities for Poverty Eradication Initiatives,,fundsforngos.org,https://www2.fundsforngos.org/listing/access-the-latest-funding-opportunities-for-poverty-eradication-initiatives/,"[ June 2026 ] A curated collection of grants and funding opportunities supporting initiatives that combat poverty and improve the lives of people living in poverty worldwide. These opportunities are designed for NGOs, nonprofits, charities, and social enterprises working to address the causes and impacts of poverty through sustainable and community-focused solutions. Apply now for iF Social Impact Prize 2026 Deadline : 19-August-2026 The iF Social Impact Prize supports initiatives that address major global and community-level challenges in alignment with the UN Sustainable Development Goals (S",2026-08-31,"€150,000",,GLOBAL,,18,2026-06-30T23:58:17.783874+00:00
e4ca6d57f7dc,2026 Sister-to-Sister Young Feminist Leadership Program,,fundsforngos.org,https://www2.fundsforngos.org/leadership/2026-sister-to-sister-young-feminist-leadership-program/,"Deadline: 26-Jun-2026 The Sister-to-Sister Young Feminist Leadership Program 2026 by the Nobel Women’s Initiative is a six-week virtual program for young feminist activists aged 18–35. It focuses on feminist leadership in the context of artificial intelligence, digital rights, disinformation, and peacebuilding. The program brings together 25 global participants to build skills in digital safety, AI governance awareness, and feminist collective action, along with providing an honorarium for participation support. Sister-to-Sister Young Feminist Leadership Program 2026 (Feminist Leadership & Dig",,th 25,,GLOBAL,,18,2026-06-30T23:58:17.794759+00:00
384088b3a427,Open Call: Catalyst for Change Fellowship Programme (India),,fundsforngos.org,https://www2.fundsforngos.org/individuals/open-call-catalyst-for-change-fellowship-programme-india/,"Deadline: 30-Jun-2026 The CFC Fellowship Programme is a 24-month professional opportunity designed to train and place early-career legal professionals in field-based human rights and legal aid work . The fellowship is based in Aizawl, Mizoram, India , and focuses on supporting: Displaced communities Migrant workers Survivors of gender-based violence Vulnerable and marginalised populations Core Purpose The programme aims to: Strengthen access to justice systems for migrants and displaced persons Provide legal aid and representation in vulnerable communities Support human rights-based advocacy a",,th 0,,GLOBAL,,18,2026-06-30T23:58:17.803166+00:00
a020796f45da,Rise Up Together Launches Leadership and Advocacy Program in Kenya,,fundsforngos.org,https://www2.fundsforngos.org/leadership/rise-up-together-launches-leadership-and-advocacy-program-in-kenya/,"Deadline: 19-Jul-2026 Applications are now open for the Rise Up Together Leadership and Advocacy Accelerator, a leadership development program designed to support local civil society leaders working to advance gender equity in education and create lasting social change in Kenya. The program will bring together 25 leaders for intensive training focused on leadership, advocacy, systems change, and policy engagement. Participants will gain practical skills, mentorship, and access to future funding opportunities to strengthen educational opportunities for girls and advance justice for women , girl",,,,GLOBAL,,18,2026-06-30T23:58:17.907125+00:00
f4c84589bc16,UN Women Grant for Gender Equality and Human Rights Support (Switzerland),,fundsforngos.org,https://www2.fundsforngos.org/human-rights-2/un-women-grant-for-gender-equality-and-human-rights-support-switzerland/,"Deadline : 30-Jun-2026 UN Women has launched a call for proposals to engage a Responsible Party to provide technical, analytical and convening services that strengthen gender equality and women’s rights engagement within the UN human rights system. The assignment will support country-level analysis of human rights recommendations, implementation roadmaps, regional workshops, stakeholder consultations and policy-oriented reporting. The selected Responsible Party will work with approximately 6–9 UN Women country presences across different regions. The work will help translate international human",,,,GLOBAL,,18,2026-06-30T23:58:17.931305+00:00
140b3306e190,One Health in Agrifood Systems Recognition for Good Practices and Innovations,,fundsforngos.org,https://www2.fundsforngos.org/innovation/one-health-in-agrifood-systems-recognition-for-good-practices-and-innovations/,"Deadline : 10-Jul-2026 Applications are open to recognize impactful One Health innovations in agrifood systems that show measurable real-world benefits. Selected innovations will receive official recognition at the FAO Global Conference for Actions on One Health in Agrifood Systems , taking place from 21–23 September 2026 at FAO headquarters. Overview This opportunity promotes good practices and innovations that apply a One Health approach to agrifood systems. It focuses on practical solutions that improve food security , animal health, environmental sustainability, social inclusion, and resil",,"th,",,GLOBAL,,18,2026-06-30T23:58:29.807167+00:00
d3e7f95148a5,Applications open for Translation Grant Program (Canada),,fundsforngos.org,https://www2.fundsforngos.org/innovation/applications-open-for-translation-grant-program-canada/,"Deadline: 02-Sep-2026 The Translation Grant supports the translation of Canadian literary and dramatic works into multiple languages, including French, English, Indigenous languages, and sign languages such as ASL and LSQ. It helps make Canadian artistic works more accessible to diverse audiences across Canada through publication, surtitling, and performance. Funding is administered by the Canada Council for the Arts with support from the Government of Canada. Overview of the Program The Translation Grant is part of the Arts Across Canada and Abroad program, which aims to strengthen cultural e",,"us,",,GLOBAL,,18,2026-06-30T23:58:29.828809+00:00
21c08429989a,Open Call for the BOOST: Innovation Ecosystem Accelerator in Moldova and Ukraine,,fundsforngos.org,https://www2.fundsforngos.org/innovation/open-call-for-the-boost-innovation-ecosystem-accelerator-in-moldova-and-ukraine/,"Deadline: 31-Jul-2026 The BOOST: Innovation Ecosystem Accelerator is a UNDP programme supporting business support organizations in Moldova and Ukraine to strengthen entrepreneurship ecosystems. It helps incubators, accelerators, and innovation hubs improve their services through training, mentorship, and ecosystem development support. After the accelerator, selected organizations may receive $50,000 grants to implement local entrepreneurship support programmes. Overview of the Programme The BOOST: Innovation Ecosystem Accelerator is implemented by the United Nations Development Programme in pa",,"th,",,GLOBAL,,18,2026-06-30T23:58:43.348087+00:00
582f19202975,EMBracing the Ocean Artist-in-Residence Programme 2026–2027,,sustainablepractice.org,https://sustainablepractice.org/open-calls/embracing-the-ocean-artist-in-residence-programme-2026-2027/,"EMBracing the Ocean Artist-in-Residence Programme 2026–2027 - The Centre for Sustainable Practice in the Arts We use cookies to make your site experience better. Tracking cookies enables us to provide a functional Accessibility Toolbar, and easily log into your account (if you have one). For more information on how we use your data, read our privacy policy . Accept Decline Skip to content About Us Who we are How we think What we do Contact us Privacy Policy Services Programs Climate Change Theatre Action Convergence Department of Utopia Arts and Letters (DUAL) Fireside Chats Fringe Past Progra",,,,GLOBAL,,18,2026-06-30T23:57:57.077622+00:00
7a88eb462e3c,Calling Organizers for Climate Change Theatre Action 2025,,sustainablepractice.org,https://sustainablepractice.org/open-calls/calling-organizers-for-climate-change-theatre-action-2025/,"Calling Organizers for Climate Change Theatre Action 2025 - The Centre for Sustainable Practice in the Arts We use cookies to make your site experience better. Tracking cookies enables us to provide a functional Accessibility Toolbar, and easily log into your account (if you have one). For more information on how we use your data, read our privacy policy . Accept Decline Skip to content About Us Who we are How we think What we do Contact us Privacy Policy Services Programs Climate Change Theatre Action Convergence Department of Utopia Arts and Letters (DUAL) Fireside Chats Fringe Past Programs",,,,GLOBAL,,18,2026-06-30T23:57:58.081950+00:00
e0d84be824eb,Fundo de Inovação Global,,capta.org.br,https://capta.org.br/oportunidades/fundo-de-inovacao-global/,"Fundo de Inovação Global O Fundo de Inovação Global recebe propostas a qualquer momento de soluções inovadoras que abordem os principais desafios do desenvolvimento, principalmente para grupos pobres e vulneráveis. O financiamento varia de £ 30 mil a £ 10 milhões de libras. Os temas apoiados são meio ambiente, assistência social, cultura e artes, desenvolvimento comunitário, dentre outros. É possível visitar o website do Fundo em português, porém a submissão das propostas deve ser feita em língua inglesa. Região: todo o Brasil Inscrições: contínuas Edital: Edital Contínuo Fundo de Inovação Glo",,,,BR,,16,2026-06-30T23:57:59.084163+00:00
ba619d2ce908,Chamada Simplificada: Fundo Casa vai apoiar até 100 iniciativas comunitárias em estágio inicial ou em retomada de atividades,Fundo Casa Socioambiental,casa.org.br,https://casa.org.br/chamada-simplificada-fundo-casa-vai-apoiar-ate-100-iniciativas-comunitarias-em-estagio-inicial-ou-em-retomada-de-atividades/,"O Fundo Casa Socioambiental lança a Chamada Simplificada – Apoio Direto a Iniciativas Comunitárias, voltada ao fortalecimento de organizações de base, associações comunitárias, coletivos e iniciativas que estão começando sua trajetória ou retomando suas atividades após períodos de paralisação. As inscrições estarão abertas até 14 de julho de 2026. Com um total de R$ 2 milhões em apoio direto , a chamada irá selecionar até 100 projetos em todo o Brasil, com recursos de até R$ 20 mil para cada ini",,,,BR,,16,2026-06-30T23:57:54.896512+00:00
8cdb48870dd0,Chamada de Projetos: Fortalecimento dos Direitos Territoriais,Fundo Casa Socioambiental,casa.org.br,https://casa.org.br/chamada-de-projetos-fortalecimento-dos-direitos-territoriais/,"O Fundo Casa Socioambiental lança a chamada de projetos Fortalecimento dos Direitos Territoriais , voltada ao apoio de iniciativas comunitárias que atuam na defesa e garantia de direitos territoriais em regiões da Amazônia Legal e do Nordeste brasileiro. As inscrições estarão abertas até às 18h do dia 19 de maio de 2026. A chamada contará com R$2,5 milhões em recursos , com apoio de parceiros como a Charles Stewart Mott Foundation e a Yield Giving, e apoiará até 50 projetos , com valores de até",,,,BR,,16,2026-06-30T23:57:54.932781+00:00
2b038cfcf03f,Chamada de Projetos: Crédito Comunitário Sustentável – Ampliando o acesso ao crédito rural para agricultores e agricultoras familiares por meio de organizações comunitárias,Fundo Casa Socioambiental,casa.org.br,https://casa.org.br/chamada-de-projetos-credito-comunitario-sustentavel-ampliando-o-acesso-ao-credito-rural-para-agricultores-e-agricultoras-familiares-por-meio-de-organizacoes-comunitarias/,"O Fundo Casa Socioambiental lança sua primeira chamada de projetos voltada ao acesso a crédito rural. A chamada Crédito Comunitário Sustentável (CCS) – Ampliando o acesso ao crédito rural para agricultores e agricultoras familiares por meio de organizações comunitárias busca fortalecer organizações de base rural para que atuem diretamente na viabilidade do acesso a crédito de seus integrantes, contribuindo para a sustentabilidade econômica, social e ambiental da agricultura familiar em todo o Br",,,,BR,,16,2026-06-30T23:57:54.971724+00:00
23cf7112e1b7,Nos vemos na COP 30!,Fundo Casa Socioambiental,casa.org.br,https://casa.org.br/nos-vemos-na-cop-30/,"Confira a agenda completa de eventos e painéis do Fundo Casa Socioambiental na COP 30, em Belém O Fundo Casa Socioambiental chega a Belém do Pará para a 30ª Conferência das Nações Unidas sobre Mudança do Clima com uma presença diversa e vibrante, reafirmando o nosso compromisso com a justiça climática e o fortalecimento das soluções que nascem nos territórios. Convidamos nossos parceiros, apoiadores, organizações comunitárias, jornalistas e todas as pessoas que acreditam no poder das ações locai",,,,BR,,16,2026-06-30T23:57:55.009515+00:00
a5dedfda5c08,Projetos selecionados da chamada “Amazônia Viva – Fortalecendo a Autonomia e a Resiliência dos Povos da Floresta”,Fundo Casa Socioambiental,casa.org.br,https://casa.org.br/projetos-selecionados-da-chamada-amazonia-viva-fortalecendo-a-autonomia-e-a-resiliencia-dos-povos-da-floresta/,"O Fundo Casa divulga, nesta quarta-feira (06/08), os projetos selecionados na chamada “Amazônia Viva – Fortalecendo a Autonomia e a Resiliência dos Povos da Floresta” . Foram 227 projetos inscritos e 48 iniciativas selecionadas para receber até R$ 60 mil cada uma, somando mais de R$ 2,8 milhões em apoio direto. Em 2025, a chamada chega à sua segunda edição reafirmando o compromisso do Fundo Casa Socioambiental com o apoio à proteção da Amazônia e o fortalecimento das populações que vivem nela. A",,,,BR,,16,2026-06-30T23:57:55.067641+00:00
999c7c824406,Fundo Casa Socioambiental lança chamada para apoios estruturantes a brigadas voluntárias e comunitárias,Fundo Casa Socioambiental,casa.org.br,https://casa.org.br/fundo-casa-socioambiental-lanca-chamada-para-apoios-estruturantes-a-brigadas-voluntarias-e-comunitarias/,"O Fundo Casa Socioambiental abre nesta quinta-feira (26) a chamada de Apoio a grupos locais no enfrentamento de Emergências Climáticas provocadas a partir dos Incêndios Florestais . A chamada, que possui apoio financeiro do Instituto ITAÚSA e Alliance for the Amazon and Beyond , tem como objetivo apoiar projetos que promovam ações estruturantes para brigadas existentes e também a criação de novas brigadas. Essa convocatória, se soma à chamada de apoio emergencial às brigadas voluntárias e comuni",,,,BR,,16,2026-06-30T23:57:55.291450+00:00
e2892e16a989,Mês da Filantropia que Transforma 2024 destaca a relação entre mudança climática e filantropia comunitária e de justiça ambiental,Fundo Casa Socioambiental,casa.org.br,https://casa.org.br/mes-da-filantropia-que-transforma-2024-destaca-a-relacao-entre-mudanca-climatica-e-filantropia-comunitaria-e-de-justica-ambiental/,"Pelo segundo ano consecutivo, a Rede Comuá promove um mês inteiro dedicado a travar debates e refletir sobre as agendas da filantropia comunitária e de justiça socioambiental. O Mês da Filantropia que Transforma acontece durante o mês de setembro, reunindo organizações membro da Rede Comuá, parceiros, financiadores e organizações da sociedade civil. Em 2023 , o foco da iniciativa teve por objetivo dar visibilidade à diversidade de práticas e experiências relacionadas a essas agendas. Em 2024 , o",,,,BR,,16,2026-06-30T23:57:55.309907+00:00
704cd746e551,Estudantes indígenas fortalecem protagonismo acadêmico durante evento da Uema,ISPN,ispn.org.br,https://ispn.org.br/noticia/estudantes-indigenas-fortalecem-protagonismo-academico-durante-evento-da-uema/,"Estudantes indígenas das Terras Indígenas Rio Pindaré, Canabrava, Morro Branco e Bacurizinho participaram do II Fórum Acadêmico Indígena da Universidade Estadual do Maranhão (Uema) e da II Jornada Nacional de Extensão , eventos realizados pela Pró-Reitoria de Extensão e Assuntos Estudantis (PROEXAE), entre os dias 27 a 29 de maio, no campus de São Luís, com os objetivos de promover intercâmbio de conhecimentos, fortalecer a permanência estudantil e ampliar os diálogos entre a universidade e os p",,,,BR,,16,2026-06-30T23:58:05.015435+00:00
ca2c9f3a2ea9,Projeto Porongaço representa avanço na regularização fundiária e vai impactar mais de 26 mil famílias na Amazônia,ISPN,ispn.org.br,https://ispn.org.br/noticia/projeto-porongaco-representa-avanco-na-regularizacao-fundiaria-e-vai-impactar-mais-de-26-mil-familias-na-amazonia/,"O projeto “Porongaço: Caminhos da Regularização Fundiária dos Territórios da Floresta” foi lançado, em Belém (PA), como uma iniciativa estratégica para fortalecer a garantia de direitos territoriais na Amazônia. A ação deve beneficiar diretamente mais de 26 mil famílias e contribuir para a proteção de mais de 1,6 milhão de hectares de florestas e águas na região. O lançamento foi marcado pela realização de um seminário, reunindo parceiros e a equipe responsável pela execução das atividades. O pr",,,,BR,,16,2026-06-30T23:58:05.053903+00:00
c9940edbc725,Formação amplia estratégias de comercialização de produtos da sociobiodiversidade,ISPN,ispn.org.br,https://ispn.org.br/noticia/formacao-amplia-a-comercializacao-de-produtos-da-sociobiodiversidade-de-organizacoes-comunitarias/,"A formação promovida pelo Formar e-COS (Programa de Formação Continuada em Comercialização dos Produtos da Sociobiodiversidade em Mercados Institucionais) tem incentivado lideranças comunitárias de territórios do Cerrado e da Caatinga a utilizarem ferramentas de comunicação para ampliar a comercialização de produtos da sociobiodiversidade, mobilizar jovens e fortalecer o acesso das organizações às políticas públicas. Dividido em três módulos realizados entre 2025 e 2026, o Formar e-COS é uma ini",,,,BR,,16,2026-06-30T23:58:05.059078+00:00
2653ef7bb27b,Lei do Pequi completa um ano sem regulamentação,ISPN,ispn.org.br,https://ispn.org.br/noticia/lei-do-pequi-completa-um-ano-sem-regulamentacao/,"Considerada um marco para a proteção e o fortalecimento da sociobiodiversidade do Cerrado, a Lei do Pequi completa um ano e segue sem sair do papel. Embora aprovada, a norma ainda não tem regulamentação, o que inviabiliza sua aplicação prática nos territórios. A Lei nº 15.089/2025 institui a Política Nacional para o Manejo Sustentável, Plantio, Extração, Consumo, Comercialização e Transformação do Pequi e de outros frutos nativos do bioma. Apesar do nome, a Lei do Pequi abrange mais frutos da so",,,,BR,,16,2026-06-30T23:58:05.138697+00:00
c98ba79e8ae7,Rainhas do Sertão: criação de abelhas nativas gera renda e ajuda a proteger o meio ambiente no Ceará,ISPN,ispn.org.br,https://ispn.org.br/noticia/rainhas-do-sertao-criacao-de-abelhas-nativas-gera-renda-e-ajuda-a-proteger-o-meio-ambiente-no-ceara/,"A criação de abelhas nativas sem ferrão está sendo expandida no sertão do Ceará, ao lado da já tradicional apicultura. Em municípios como Paramoti, Pentecoste e outros do Vale do Curu, a meliponicultura vem sendo adotada como uma alternativa sustentável de geração de renda, conservação ambiental e fortalecimento comunitário. O projeto Néctar do Sertão, realizado pela Agência de Desenvolvimento Econômico Local (ADEL) em parceria com o Instituto Sociedade, População e Natureza (ISPN), tem incentiv",,,,BR,,16,2026-06-30T23:58:05.155615+00:00
26319eb5fc1a,PIPOU fortalece políticas públicas de permanência indígena em universidades parceiras,ISPN,ispn.org.br,https://ispn.org.br/noticia/pipou-fortalece-politicas-publicas-de-permanencia-indigena-em-universidades-parceiras/,"Entre os dias 30 de setembro e 1º de outubro de 2025, Brasília (DF) recebeu o encontro Caminhos para a permanência: universidades e estudantes indígenas em diálogo. A iniciativa, realizada pelo ISPN por meio do Programa Indígena de Permanência e Oportunidades na Universidade (PIPOU), reuniu representantes de universidades parceiras, órgãos públicos e estudantes indígenas para trocar experiências e refletir sobre os desafios e os futuros da permanência indígena no ensino superior. A realização do",,,,BR,,16,2026-06-30T23:58:05.214398+00:00
af37d79efb03,Introduction,Commonwealth Foundation,commonwealthfoundation.com,https://commonwealthfoundation.com#mail-signup,"Introduction 
 We offer grants of up to £60,000 to civil society organisations in the Commonwealth. 
 Our open call grants  seek  to  facilitate  constructive engagement between  civil   society  and decision-makers ,  including civil society  participat ion   in  policy  development  and implementation.  
 Applications  must address one or more  of our three priority themes.  All applicatio",,,,GLOBAL,,16,2026-06-30T23:57:52.080522+00:00
3c909ab8e990,Open Call for Creative Communities Fund (New Zealand),,fundsforngos.org,https://www2.fundsforngos.org/individuals/open-call-for-creative-communities-fund-new-zealand/,"Deadline: 30-Sep-2026 The Creative Communities Fund supports local arts projects by increasing participation, diversity, and access to arts activities in Southland communities. It funds small to medium arts initiatives, with most grants typically under $2,000. The program is designed to strengthen community engagement with creative and cultural activities across New Zealand. Creative Communities Fund Overview The Creative Communities Fund supports local arts development and community participation in creative activities. It is designed to expand access to arts opportunities and encourage diver",,"th,",,GLOBAL,,16,2026-06-30T23:57:58.631396+00:00
b9399a49ac94,Open Call for Heritage Revival Fund: Project Development Grant (UK),,fundsforngos.org,https://www2.fundsforngos.org/arts-culture-2/open-call-for-heritage-revival-fund-project-development-grant-uk/,"Deadline: 31-Dec-2026 The Heritage Revival Fund Project Development Grant provides grants of up to £100,000 to help not-for-profit organizations develop historic building projects before construction begins. Funding supports feasibility work, professional services, business planning, community engagement, and project coordination for viable heritage restoration and adaptive reuse projects. What is the Heritage Revival Fund Project Development Grant? The Heritage Revival Fund Project Development Grant supports organizations undertaking the early development of historic building projects. The gr",,"£100,000",,GLOBAL,,16,2026-06-30T23:57:58.725210+00:00
d02f32a2f3ea,Call for Proposals: Advancing Peace and Stability in Sinjar (Iraq),,fundsforngos.org,https://www2.fundsforngos.org/civil-society-development/call-for-proposals-advancing-peace-and-stability-in-sinjar-iraq/,"Deadline : 23-Jul-2026 UN Women is seeking qualified Yazidi local peace structures, civil society organizations, and activist networks to implement community-led peacebuilding initiatives in Sinjar, Ninewa Governorate . The call supports projects with budgets between USD 41,228 and USD 43,333 that strengthen reconciliation, social cohesion, women and youth leadership, and inclusive peace processes. Overview This Call for Proposals is part of the Peacebuilding Fund project “Advancing Peace and Stability in Sinjar.” The initiative supports sustainable peace and recovery in Sinjar, an area affect",,"USD 41,228",,GLOBAL,,16,2026-06-30T23:58:07.097405+00:00
f599d102e943,Submit Applications for International Residencies Grant Program (Canada),,fundsforngos.org,https://www2.fundsforngos.org/individuals/submit-applications-for-international-residencies-grant-program-canada/,"Deadline: 21-Oct-2026 The International Residencies grant supports Canadian artists, arts workers, and Indigenous cultural practitioners in participating in residency programs outside Canada. It funds creative research, artistic creation, and international networking through structured residency experiences abroad. The program offers up to $20,000 per application to strengthen global artistic and cultural exchange. Overview of the Program The International Residencies grant is part of the Canada Council for the Arts initiative under the broader Arts Across Canada and Abroad framework. It aims",,"$20,000",,GLOBAL,,16,2026-06-30T23:58:29.837957+00:00
e5c17ba6a38e,Call for Applications: Active Transportation Grants (Canada),,fundsforngos.org,https://www2.fundsforngos.org/construction/call-for-applications-active-transportation-grants-canada/,"Deadline : 31-Dec-2026 The Active Transportation Grants support projects that promote human-powered mobility and improve safe, accessible, and connected transportation routes within Basin communities. The program helps local governments and Indigenous communities plan, design, and build active transportation systems that support walking, running, wheeling, and other non-motorized travel. Funding may cover up to 50% of total project costs. Planning and design projects may receive up to $50,000, while approved infrastructure projects may receive up to $500,000 for physical works. What are the Ac",,in.,,GLOBAL,,16,2026-06-30T23:58:29.946908+00:00
c10a8124a2bd,DOH Caraga Call for Research Proposals 2026 (Philippines),,fundsforngos.org,https://www2.fundsforngos.org/individuals/doh-caraga-call-for-research-proposals-2026-philippines/,"Deadline: 05-Aug-2026 The Department of Health Center for Health Development – Caraga invites research proposals to address priority health concerns in the Caraga region of the Philippines. The program supports evidence-based studies aligned with national and regional health agendas, including infectious diseases, non-communicable diseases, Indigenous Peoples’ health, and health system strengthening. Selected research proposals may receive up to ₱1,150,000 in funding, with only two projects approved under this call. Applicants must be affiliated with eligible institutions and submit proposals",,"th,",,GLOBAL,,16,2026-06-30T23:58:29.974329+00:00
10430b0f1dfa,Applications open for Future Leaders Scholarship 2027 (Australia),,fundsforngos.org,https://www2.fundsforngos.org/innovation/applications-open-for-future-leaders-scholarship-2027-australia/,"Deadline: 20-Aug-2026 The Westpac Foundation Future Leaders Scholarship supports emerging leaders in Australia who are pursuing postgraduate study and research. It provides up to AUD 120,000 in funding, along with leadership development training and international experiences to build skills in solving major societal challenges. The program focuses on sustainability, innovation , and strengthening Australia’s role in the Asia-Pacific region. Overview of the Scholarship The Westpac Future Leaders Scholarship is a competitive postgraduate funding program designed to develop Australia’s next gener",,in 2027,,GLOBAL,,16,2026-06-30T23:58:43.356263+00:00
35d1cb73742f,Call for Private Sector Development and Business Climate Enhancement (Kenya),,fundsforngos.org,https://www2.fundsforngos.org/business-industry-2/call-for-private-sector-development-and-business-climate-enhancement-kenya/,"Deadline: 19-Jul-2026 The Netherlands Embassy Kenya Business Climate Programme is a funding initiative that supports practical and innovative projects aimed at improving Kenya’s business and investment environment. The programme focuses on addressing structural barriers that limit private sector growth, particularly for small and medium-sized enterprises (SMEs). It encourages partnerships that improve regulatory efficiency, strengthen market integration, and create a more competitive and inclusive economy. The initiative forms part of the Netherlands’ 2026–2029 Multi-Annual Country Strategy fo",,"th,",,GLOBAL,,16,2026-06-30T23:58:43.384619+00:00
2685ea08792c,"Latest 25+ Human Rights Grants, Awards & Open Calls",,fundsforngos.org,https://www2.fundsforngos.org/listing/latest-25-human-rights-grants-awards-open-calls/,"Latest 25+ Human Rights Grants, Awards & Open Calls 
 [May 2026]









Explore a curated collection of grants, awards, and open calls designed to support individuals, organizations, and changemakers working to create lasting social impact worldwide. These opportunities aim to empower innovative ideas, strengthen community-led efforts, and …  [Read more...]  about Latest 25+ Human Rights Grants,",,,,GLOBAL,,16,2026-06-30T23:58:44.995052+00:00
1c5b8fb4fb90,International Finance Corporation (IFC) Women-Led Business Grant 2026 (up to $750K),,opportunitydesk.org,https://opportunitydesk.org/2026/06/30/ifc-women-led-business-grant-2026/,"Deadline: August 20, 2026 Applications are open for the IFC Women-Led Business Grant 2026. This program targets businesses founded or led by women, providing non-dilutive funding alongside leadership coaching and a global peer network. The program supports growth across all sectors. For more than 65 years, the International Finance Corporation (IFC) has worked with private [...]",2026-08-20,,,GLOBAL,,16,2026-06-30T23:57:52.383405+00:00
820f4e1022c1,"CIVICUS Global Alliance 2026 Opportunities: Internships, Research Roles, Data Coding & Evaluation Consultancies in Civic Space Monitoring (Apply by July 2026)",,opportunitiesforyouth.org,https://opportunitiesforyouth.org/2026/06/30/civicus-global-alliance-2026-opportunities-internships-research-roles-data-coding-evaluation-consultancies-in-civic-space-monitoring-apply-by-july-2026/,"The CIVICUS Global Alliance is offering multiple high-impact opportunities in 2026 for researchers, consultants, evaluators, and interns interested in civic space, human rights monitoring, data analysis, and global civil society strengthening. These roles support the CIVICUS Monitor, one of the world’s leading platforms tracking civic freedoms across nearly 200 countries and territories. These openings are […] The post CIVICUS Global Alliance 2026 Opportunities: Internships, Research Roles, Data",,in 2026,,LATAM,,16,2026-06-30T23:57:52.516949+00:00
c934257a76db,e-flux Announcements — Art & Activism Open Calls,e-flux,e-flux.com,https://www.e-flux.com/announcements/,"e-flux Announcements is a platform for art, film, architecture, and activism open calls, grants, residencies, and opportunities worldwide. Curated listings from institutions, collectives, and artists globally. Categories include open calls for exhibitions, residencies, grants, fellowships, and commissions.",,,,GLOBAL,,16,2026-06-30T23:57:50.851016+00:00
73616cca7f1a,"Agriculture, Climate, Environment, Energy & Food: Mid-June Update (17 new opportunities!)",,impactfunding.substack.com,https://impactfunding.substack.com/p/agriculture-climate-environment-energy-a51,Locally-led community capital consolidates across six cohorts; EU strategic-autonomy climate finance keeps deploying.,,,,GLOBAL,,16,2026-06-30T23:57:52.367002+00:00
458be2795a4b,Women Cross Border Traders Campaign – Interview with Mrs Sibongile Chilinga,Southern Africa Trust,africa:sat,https://southernafricatrust.org/women-cross-border-traders-campaign-interview-with-mrs-sibongile-chilinga/,Women Cross Border Traders Campaign – Interview with Mrs Sibongile Chilinga – Southern Africa Trust Home Who We Are Our Story Our Board Our Team Opportunities Our Strategic Framework What We Do Grantmaking Knowledge Hub News & Stories News Blog Stories of Change Society Talks Contact Us Home Who We Are Our Story Our Board Our Team Opportunities Our Strategic Framework What We Do Grantmaking Knowledge Hub News & Stories News Blog Stories of Change Society Talks Contact Us Home Who We Are Our Story Our Board Our Team Opportunities Our Strategic Framework What We Do Grantmaking Knowledge Hub News & Stories News Blog Stories of Change Society Talks Home Who We Are Our Story Our Board Our Team Opportunities Our Strategic Framework What We Do Grantmaking Knowledge Hub News & Stories News Blog St,,,,AFRICA,,16,2026-06-30T23:57:55.800656+00:00
55512a08191a,Sasakawa Peace Foundation — Idea Submission Program,Sasakawa Peace Foundation,asia:sasakawa,https://www.spf.org/en/about/idea_submission/,"Open call for idea submissions to the Sasakawa Peace Foundation. Focus areas: peacebuilding, maritime affairs, women in peace & security, US-Japan exchange, Middle East peace, and Pacific Islands development. Open to individuals, NGOs, and research institutions worldwide.",,,,ASIA,,16,2026-06-30T23:57:59.608447+00:00
ae41b0d0441d,Fundación Carolina — Convocatorias de Becas,Fundación Carolina,es:fundacioncarolina,https://www.fundacioncarolina.es/convocatorias/,"Fundación Carolina ofrece becas y programas de formación para estudiantes, investigadores y profesionales de América Latina en áreas como medio ambiente, cultura, ciencia y tecnología.",,,EUR,ES,,16,2026-06-30T23:57:50.853615+00:00
07a8c3fe0917,How To Apply,Critical Ecosystem Partnership Fund,env:cepf,https://www.cepf.net/grants/how-to-apply,"3
                         
 
 How To Apply 
 
                        Provide a letter of inquiry along with required documents.
                     
 
                        Prepare Your Application",,,,GLOBAL,,16,2026-06-30T23:57:54.683971+00:00
5e4508de32ca,Empowering Women and Youth for Threats Reduction in Northwest Ecuador,Critical Ecosystem Partnership Fund,env:cepf,https://www.cepf.net/grants/grantee-projects/empowering-women-and-youth-threats-reduction-northwest-ecuador,"Empowering Women and Youth for Threats Reduction in Northwest Ecuador                 
 
 
                    Fundación para el Desarrollo de Alternativas Comunitarias de Conservación del Trópico
                 
 
 
 
 
 
 
 View Photo",,,,GLOBAL,,16,2026-06-30T23:57:54.685612+00:00
7c2c2273f06d,Regional Implementation Team in the Tropical Andes Biodiversity Hotspot - Phase III,Critical Ecosystem Partnership Fund,env:cepf,https://www.cepf.net/grants/grantee-projects/regional-implementation-team-tropical-andes-biodiversity-hotspot-phase-iii,"Regional Implementation Team in the Tropical Andes Biodiversity Hotspot - Phase III                 
 
 
                    Profonanpe
                 
 
 
 
 
 
 
 View Photo",,,,GLOBAL,,16,2026-06-30T23:57:54.686177+00:00
a91470f1e150,Prosas Editais,,capta.org.br,https://capta.org.br/oportunidades/prosas-editais/,"Prosas A plataforma Prosas é um espaço digital que facilita a conexão entre instituições que promovem editais de apoio e financiamento a projetos sociais e as organizações que buscam essas oportunidades. A Prosas organiza editais públicos e privados em áreas como cultura, educação, saúde, meio ambiente, desenvolvimento social, etc. oferecendo um ambiente unificado para divulgação, inscrição e acompanhamento de projetos. Ela também permite que os interessados em participar dos editais monitorem prazos, critérios de elegibilidade e orientações para cada edital. Quase que diariamente essa platafo",,,,BR,,14,2026-06-30T23:57:59.066457+00:00
1ab89122478f,Acelen Incentiva,,capta.org.br,https://capta.org.br/oportunidades/acelen-incentiva/,"Acelen O edital Acelen Incentiva , lançado pela Acelen, tem como objetivo apoiar ações alinhadas com as estratégias de ESG e de Comunicação da empresa, contribuindo para a melhoria do meio ambiente e do futuro das comunidades. As propostas devem abordar temas como conservação da água, educação, segurança alimentar e promoção do setor de atuação da empresa. O edital possui abrangência em todo o estado da Bahia, com prioridade para projetos nas comunidades do entorno da Refinaria de Mataripe. Não há valores especificados. As inscrições estão abertas de forma contínua. Região: todo o estado da Ba",,,,BR,,14,2026-06-30T23:57:59.070366+00:00
9608c6dfeb83,Ousar e Transformar: A Escala do Apoio Direto às Comunidades,Fundo Casa Socioambiental,casa.org.br,https://casa.org.br/ousar-e-transformar-a-escala-do-apoio-direto-as-comunidades/,"Por Cristina Orpheo – Diretora Executiva do Fundo Casa Socioambiental Desde que iniciei minha jornada no campo do “grantmaking” ou no campo de apoio a projetos como prefiro falar, percebi que certos conceitos, frequentemente tratados como universais, revelam-se diversos e complexos quando observados de diferentes perspectivas. O significado de “pequeno” é um exemplo emblemático dessa complexidade. Durante minha trajetória, não foram raras as vezes em que ouvi questionamentos do tipo: “Mas um apo",,,,BR,,14,2026-06-30T23:57:55.298411+00:00
cd4a37b5d2a6,Request for Proposals: Improving Veteran Mental Health in United States,,fundsforngos.org,https://www2.fundsforngos.org/community-development-2/request-for-proposals-improving-veteran-mental-health-in-united-states/,"Deadline: 09-Jul-2026 The Improving Veteran Mental Health Grant Program provides grants of $150,000 to eligible nonprofit organizations that improve the mental health of military veterans through housing stability and evidence-informed support services. The one-year grant supports projects that increase permanent housing, improve housing affordability, and expand wraparound services to help veterans achieve long-term stability and well-being. What Is the Improving Veteran Mental Health Grant Program? The Improving Veteran Mental Health Grant Program supports nonprofit organizations that delive",,th.,,GLOBAL,,14,2026-06-30T23:57:58.748029+00:00
1f10521d9b2f,Submit Applications for Equity in Justice Fund (United Kingdom),,fundsforngos.org,https://www2.fundsforngos.org/youth-adolescents-2/submit-applications-for-equity-in-justice-fund-united-kingdom/,"Deadline: 05-Aug-2026 The Equity in Justice Fund provides long-term funding to UK charitable organizations that support racially minoritised young men aged 18–25 who are involved with the criminal justice system. The fund will award 13 grants of £200,000 over three to five years to organizations delivering specialist, person-centred, and holistic support services. What Is the Equity in Justice Fund? The Equity in Justice Fund is a grant programme that aims to improve equitable access to support services for racially minoritised young men aged 18 to 25 who have experience with the criminal just",,"£200,000",,GLOBAL,,14,2026-06-30T23:58:17.612332+00:00
107592822af5,Apply for Bagong Pilipinas Merit Scholarship Program (Philippines),,fundsforngos.org,https://www2.fundsforngos.org/science/apply-for-bagong-pilipinas-merit-scholarship-program-philippines/,"Deadline: 30-Jun-2026 The Bagong Pilipinas Merit Scholarship Program (BPMSP) is a Philippine government scholarship for academically outstanding incoming first-year college students pursuing priority degree programs such as STEM, healthcare, education, agriculture, and digital technology. It is administered by CHED and provides tuition support, stipends, and performance-based incentives, with priority given to high-achieving and equity-focused applicants who meet income requirements. The Bagong Pilipinas Merit Scholarship Program (BPMSP) is a national scholarship initiative in the Philippines",,,,GLOBAL,,14,2026-06-30T23:58:30.045694+00:00
7def650b985a,Open Call: Peatland Restoration Sector Capacity Grant (UK),,fundsforngos.org,https://www2.fundsforngos.org/community-development-2/open-call-peatland-restoration-sector-capacity-grant-uk/,"Deadline: 23-Jul-2026 The Department for Environment, Food & Rural Affairs (Defra) has launched the Peatland Restoration Sector Capacity Grant Scheme to strengthen England’s peatland restoration workforce through skills development, apprenticeships, internships, collaboration, and capacity building. The four-year programme offers £1.15 million in funding to help organizations expand peatland restoration activities, develop workforce expertise, and increase the delivery of restoration projects across England. The Peatland Restoration Sector Capacity Grant Scheme is a funding programme designed",,£1.15 million,,GLOBAL,,14,2026-06-30T23:58:43.397436+00:00
732a07ce084f,Open Funding Opportunities for Economic Development Projects,,fundsforngos.org,https://www2.fundsforngos.org/listing/open-funding-opportunities-for-economic-development-projects/,"Open Funding Opportunities for Economic Development Projects 
 [June 2026]
Discover open funding opportunities for economic development projects supporting NGOs and development organizations worldwide. Explore carefully curated calls from diverse global funding programs.
UNIDO–WTCA Blue Economy Global Call for Sustainable Innovation
Deadline: …  [Read more...]  about Open Funding Opportunities for",,,,GLOBAL,,14,2026-06-30T23:58:44.991258+00:00
1fe0f6e1c536,Funding Opportunities for Women and Gender Equality Initiatives,,fundsforngos.org,https://www2.fundsforngos.org/listing/funding-opportunities-for-women-and-gender-equality-initiatives/,"Funding Opportunities for Women and Gender Equality Initiatives 
 [June 2026]

Explore a curated collection of grants, awards, fellowships, scholarships, and open calls supporting women’s empowerment and gender equality worldwide. These opportunities provide funding, recognition, and capacity-building support for individuals, organizations, and initiatives …  [Read more...]  about Funding Opportun",,,,GLOBAL,,14,2026-06-30T23:58:44.992303+00:00
e05d7aa56337,Grants for translators of Swedish literature,Swedish Arts Council,nordic:kulturradet-se,https://www.kulturradet.se/en/,"Literature and translation 
 
 Open for application 
 Grants for translators of Swedish literature 
 This grant promotes international exchange and skill improvement activities among translators of Swedish literature and drama.

 
 
 
 
                        55
                     
 
                        days left
                     
 
 Last application date 25 Aug 2026",,,,GLOBAL,,14,2026-06-30T23:57:56.392405+00:00
b0e71bb90cf7,Patrocínios Instituto Claro,,capta.org.br,https://capta.org.br/oportunidades/patrocinios-instituto-claro/,"Instituto Claro O edital “Patrocínios Instituto Claro”, lançado pelo Instituto Claro, tem como objetivo apoiar projetos que promovam impacto social e ambiental, proporcionando entretenimento, conteúdo e diversão à sociedade. As linhas temáticas incluem cultura, esporte, educação, cidadania e meio ambiente. Serão escolhidos apenas projetos aprovados pelas Leis de Incentivo Estaduais e Municipais, nas localidades onde as leis de aporte via ICMS e ISS estão vigentes. A abrangência é nacional, e as inscrições estão abertas de forma contínua. Região: todo o Brasil Inscrições: contínuas Edital: Patr",,,,BR,,12,2026-06-30T23:57:59.072203+00:00
3333fb5ff706,Fondo de Acción Urgente,,capta.org.br,https://capta.org.br/oportunidades/fondo-de-accion-urgente/,"Fundos de Ação Urgente Os Apoios de Resposta Rápida – ARRs é um modelo único de financiamento flexível e de curto prazo criado pelos Fundos de Ação Urgente, para apoiar de maneira estratégica ações que: protegem a diversidade de ativistas e suas organizações, quando elas estão em risco ou ameaçadas por seu trabalho na defesa dos Direitos Humanos e do território e da natureza; ou que atuem pela defesa e promoção dos direitos das mulheres e das pessoas LBTIQ+, estabelecendo precedentes legais, influenciando políticas e/ou promover mudanças nas práticas sociais ou culturais. A ação deve ser imple",,,,BR,,12,2026-06-30T23:57:59.079343+00:00
ff0a511b7b46,Waitt Foundation,,capta.org.br,https://capta.org.br/oportunidades/waitt-foundation/,"Waitt Foundation A Waitt Foundation, por meio de um programa de pequenas doações, apoia projetos que visem a conservação dos oceanos. O objetivo é dar suporte a ONGs e pesquisadores ligados a instituições acadêmicas, com iniciativas locais ligadas à pesca e a sustentabilidade. Serão atendidas propostas orçadas em até U$ 10 mil, no entanto, a fundação informa que irá considerar ainda, projetos de até U$ 15 mil. As áreas de foco do programa são: Pesquisa Científica – o que engloba ciência natural e social; Política – projetos que tenham base em políticas públicas; Gestão – englobando tanto a exe",,,,BR,,12,2026-06-30T23:57:59.089299+00:00
ddfba4c75ac7,Fundo Casa Socioambiental lança publicação sobre liderança de mulheres na ação climática,Fundo Casa Socioambiental,casa.org.br,https://casa.org.br/fundo-casa-socioambiental-lanca-publicacao-sobre-lideranca-de-mulheres-na-acao-climatica/,"“Mulheres Potentes – Financiando Gênero e Liderança na Ação Climática” reúne aprendizados da Aliança GAGGA e será apresentada em evento online no dia 18 de março. Há conhecimentos que atravessam gerações. Saberes transmitidos entre avós, mães e filhas, guardados nas sementes, nas plantas medicinais, nas formas de cuidar da terra e das pessoas. Em muitos territórios da América do Sul, são as mulheres que mantêm vivos esses conhecimentos e que estão na linha de frente das respostas comunitárias à",,,,BR,,12,2026-06-30T23:57:54.969097+00:00
ad1d7ac6fc9f,Quilombos do Maranhão fortalecem produção sustentável e aumento de renda,ISPN,ispn.org.br,https://ispn.org.br/noticia/quilombos-do-maranhao-fortalecem-producao-sustentavel-e-aumento-de-renda/,"“Essa convivência com o projeto Floresta+ nos ajudou a mudar nossa visão em relação à natureza, chamando a gente para a responsabilidade de cuidar dela. Se a terra morrer, o homem também morrerá.” A fala é de dona Maria da Conceição Paiva, presidente da Associação do Quilombo Ponta Bonita, durante visita de técnicos do Programa das Nações Unidas para o Desenvolvimento (PNUD), do Ministério do Meio Ambiente e Mudança do Clima (MMA) e do Instituto Sociedade, População e Natureza (ISPN). A missão t",,,,BR,,12,2026-06-30T23:58:05.066230+00:00
70e712460666,Do fogão à conquista de espaços: a força do coletivo das mulheres da Chapada das Veredas,ISPN,ispn.org.br,https://ispn.org.br/noticia/do-fogao-a-conquista-de-espacos-a-forca-do-coletivo-das-mulheres-da-chapada-das-veredas/,"O que começou com um lanche compartilhado nos encontros de mulheres no Vale do Jequitinhonha (MG) tornou-se o alicerce de uma mudança estrutural. Desde 2023, moradoras de 11 comunidades rurais passaram a se reunir mensalmente pelo desejo de conquistar autonomia, partilhar saberes e vivências. Mirante, Ribeirão Veredinha, Ribeirão das Posses, Pindaíba, Boiada I, Boiada II, Gameleira, Monte Alegre, Caquente, Pontezinha, Vendinhas e Macaúbas ficaram mais próximas com encontros femininos que quebrar",,,,BR,,12,2026-06-30T23:58:05.118084+00:00
5e8e5c633e56,"Encontro inédito reúne comunidades da África, América Latina e Caribe na Semana do Clima da África",ISPN,ispn.org.br,https://ispn.org.br/noticia/encontro-inedito-reune-comunidades-da-africa-america-latina-e-caribe-na-semana-do-clima-da-africa/,"Adis Abeba (Etiópia) – Semana do Clima da África (Africa Climate Week) começou com um encontro inédito que aproximou comunidades locais da América Latina, do Caribe e da África. Representantes de Uganda, Nigéria, Moçambique e do Brasil se reúnem para articular uma agenda comum rumo à COP30, que será realizada em Belém, em novembro de 2025, em um movimento que reforça a centralidade dessas populações no debate climático global. Participam da agenda Joaquim Belo, enviado especial para a Sociedade",,,,BR,,12,2026-06-30T23:58:05.248444+00:00
13e8da7f3d80,Frequently asked questions,Commonwealth Foundation,commonwealthfoundation.com,https://commonwealthfoundation.com/projects/,"Frequently asked questions 
 
 
 
 Is my organisation eligible to apply? 
 
 Read less 
 
 
 
 
 To be eligible for a grant under this call, the following criteria must be met: 
 
 The applicant must be a not-for-profit civil society organisation (CSO) registered in an eligible Commonwealth Foundation member country. (See above for the list of eligible member countries). 
 Newly registered org",,,,GLOBAL,,12,2026-06-30T23:57:52.094232+00:00
178371a35b4d,What do I do if I have problems with my application?,Commonwealth Foundation,commonwealthfoundation.com,mailto:cfgrants@commonwealth.int,"What do I do if I have problems with my application? 
 
 Read more 
 
 
 
 
 If you have problems with your application, please contact  cfgrants@commonwealth.int  and a staff member of the Foundation will assist you. 
 We strongly  advise  that applicants  requiring  help reach out  to us  as soon as possible. Last-minute requests for help may not be responded to in time, and you could miss t",,,,GLOBAL,,12,2026-06-30T23:57:52.102447+00:00
9c16dcb3ab41,Open Call: Specialist Radio Programming Grants (Australia),,fundsforngos.org,https://www2.fundsforngos.org/community-development-2/open-call-specialist-radio-programming-grants-australia/,"Deadline: 11-Aug-2026 The Specialist Radio Programming Grants provide funding to support community radio programs that serve diverse communities, including people with print disabilities, ethnic communities, and First Nations Australians. The grants help community broadcasters develop new specialist programs through community engagement, consultation, and presenter training. Eligible organisations can receive a one-off grant of $2,000 per program to support program development. Specialist Radio Programming Grants Overview The Specialist Radio Programming Grants are designed to help community m",,"$2,000",,GLOBAL,,12,2026-06-30T23:57:58.548463+00:00
faa4ef6b1bd0,“Nomadic Culture of Central Asia: Preserving Traditions and Biodiversity”,,fundsforngos.org,https://www2.fundsforngos.org/individuals/nomadic-culture-of-central-asia-preserving-traditions-and-biodiversity/,"Deadline: 09-Aug-2026 The UNESCO Regional Office in Almaty is inviting photographers worldwide to participate in the international photo contest “Nomadic Cultures of Central Asia: Safeguarding Pastoralism Traditions and Biodiversity.” The competition celebrates nomadic heritage, pastoral traditions, biodiversity, and sustainable landscapes across Central Asia. Participation is free, and individuals aged 18 years or older may submit up to five original photographs . UNESCO International Photo Contest Overview The UNESCO Regional Office in Almaty has launched an international photography competi",,"ph,",,GLOBAL,,12,2026-06-30T23:57:58.567032+00:00
716d7eae0219,Entries open for the Julie Dunbabin Food Culture Evolution Award (Australia),,fundsforngos.org,https://www2.fundsforngos.org/individuals/entries-open-for-the-julie-dunbabin-food-culture-evolution-award-australia/,"Deadline: 31-Jul-2026 The Julie Dunbabin Food Culture Evolution Award recognises schools that are improving food culture by promoting food literacy, sustainability, and positive food experiences across their school communities. The winning school receives a $500 grant to support food-related projects such as school gardens, cooking activities, and food education initiatives. What Is the Julie Dunbabin Food Culture Evolution Award? The Julie Dunbabin Food Culture Evolution Award celebrates schools that are actively improving food culture within their school community . The award is based on the",,rm.,,GLOBAL,,12,2026-06-30T23:57:58.707921+00:00
df85b3fc2870,Applications open for Regional Events Funding Scheme (Australia),,fundsforngos.org,https://www2.fundsforngos.org/arts-culture-2/applications-open-for-regional-events-funding-scheme-australia/,"Deadline: 24-Jul-2026 The Regional Events Scheme (RES) provides grants of $5,000 to $40,000 to support small-scale and developing regional events across Western Australia. The program aims to increase regional tourism, stimulate local economies, promote Aboriginal cultural tourism, generate media exposure, and strengthen community wellbeing through high-quality regional events. What Is the Regional Events Scheme (RES)? The Regional Events Scheme (RES) is a funding program that supports regional events designed to attract visitors, increase tourism expenditure, and boost economic development ac",,th.,,GLOBAL,,12,2026-06-30T23:58:07.009601+00:00
5d5393c474ab,Academy for the Mathematical Sciences Fellowship Programme (UK),,fundsforngos.org,https://www2.fundsforngos.org/science/academy-for-the-mathematical-sciences-fellowship-programme-uk/,"Deadline : 14-Sep-2026 The Academy for the Mathematical Sciences is inviting applications from exceptional individuals committed to strengthening the UK mathematical sciences landscape. The fellowship seeks people involved in developing, teaching, researching, communicating, or applying mathematical sciences across academia, education, business, industry, government, and public engagement. Overview The fellowship call aims to identify individuals who can contribute to the Academy’s mission of transforming mathematical sciences across the United Kingdom. The initiative supports a stronger mathe",,"rm,",,GLOBAL,,12,2026-06-30T23:58:07.116661+00:00
d6e353aac4c4,Apply for Community and Social Cohesion Grants Programme (UK),,fundsforngos.org,https://www2.fundsforngos.org/community-development-2/apply-for-community-and-social-cohesion-grants-programme-uk/,"Deadline: 05-Aug-2026 The Community and Social Cohesion Grants Programme provides funding for projects and events that bring people together, strengthen community relationships, and build safer, more resilient communities across the Lewes District. The programme supports initiatives that promote inclusion, reduce social division, and encourage active participation in community life. Grants ranging from £500 to £10,000 are available for voluntary, community, and social enterprise organizations working to improve community cohesion, wellbeing, and resilience . About the Programme The programme s",,£500,,GLOBAL,,12,2026-06-30T23:58:17.899341+00:00
49fd89fad5ae,Latest Funding Opportunities for Educational Projects,,fundsforngos.org,https://www2.fundsforngos.org/listing/latest-funding-opportunities-for-educational-projects/,"Latest Funding Opportunities for Educational Projects 
 [May 2026]

Discover grants, scholarships, fellowships, research funding, and innovation opportunities supporting educational projects, learning initiatives, skills development, and academic growth.

 

WISE Prize for Education Supporting Global Education Innovations
Deadline: …  [Read more...]  about Latest Funding Opportunities for Educatio",,,,GLOBAL,,12,2026-06-30T23:58:44.994355+00:00
2fd0e3102dee,"Explore 50+ Funding Opportunities for Global Health, Research and Wellbeing",,fundsforngos.org,https://www2.fundsforngos.org/listing/explore-50-funding-opportunities-for-global-health-research-and-wellbeing/,"Explore 50+ Funding Opportunities for Global Health, Research and Wellbeing 
 [May 2026]


















Step into a world of global health opportunities with 50+ grants, fellowships, awards, and innovation calls supporting medical research, mental wellbeing, maternal and child health, digital health, cancer care, nutrition, and community wellness. Open …  [Read more...]  about Explore 50+ Fundi",,,,GLOBAL,,12,2026-06-30T23:58:44.995617+00:00
ce94c1408fd5,UNESCO Open Calls 2026: Top Funding Opportunities to Apply,,fundsforngos.org,https://www2.fundsforngos.org/listing/unesco-open-calls-2026-top-funding-opportunities-to-apply/,"UNESCO Open Calls 2026: Top Funding Opportunities to Apply 
 [May 2026]












Explore a curated listing of UNESCO prizes, awards, fellowships, and grants with upcoming deadlines. These global opportunities offer funding, recognition, and international exposure to individuals and organisations.



Capture the Future: Global Youth …  [Read more...]  about UNESCO Open Calls 2026: Top Funding Op",,,,GLOBAL,,12,2026-06-30T23:58:44.996590+00:00
e83e2d891f4e,Unlocking Growth: Funding Opportunities for Economic Development Worldwide,,fundsforngos.org,https://www2.fundsforngos.org/listing/unlocking-growth-funding-opportunities-for-economic-development-worldwide/,"Unlocking Growth: Funding Opportunities for Economic Development Worldwide 
 [April 2026]
A range of funding opportunities is available to support initiatives driving economic development and growth. This curated listing features grants, awards, fellowships, and competitions focused on entrepreneurship, innovation, research, and community development. Explore the …  [Read more...]  about Unlocking",,,,GLOBAL,,12,2026-06-30T23:58:44.998193+00:00
4a0c61931d14,"New York Climate Exchange Climate Tech Fellowship 2026: Win a $10,000 Non-Dilutive Stipend, Expert Mentorship, Investor Access, and Climate Week NYC Participation",,opportunitiesforyouth.org,https://opportunitiesforyouth.org/2026/06/30/new-york-climate-exchange-climate-tech-fellowship-2026-win-a-10000-non-dilutive-stipend-expert-mentorship-investor-access-and-climate-week-nyc-participation/,"The New York Climate Exchange Climate Tech Fellowship 2026 is now accepting applications from early-stage climate innovators around the world. Designed to bridge the critical gap between breakthrough research and market-ready solutions, this prestigious six-month hybrid fellowship equips researchers, scientists, engineers, entrepreneurs, and innovators with the tools, mentorship, funding, and industry connections needed to accelerate […] The post New York Climate Exchange Climate Tech Fellowship",,th .,,LATAM,,12,2026-06-30T23:57:52.516211+00:00
8e9f12b7db61,"Michael & Susan Dell Foundation Grants 2026: Funding Opportunities for Nonprofits, Education, Healthcare, and Economic Development Organizations",,opportunitiesforyouth.org,https://opportunitiesforyouth.org/2026/06/30/michael-susan-dell-foundation-grants-2026-funding-opportunities-for-nonprofits-education-healthcare-and-economic-development-organizations/,"Organizations across the world are constantly searching for sustainable funding opportunities to scale their impact, expand their services, and improve the lives of the communities they serve. One of the most influential philanthropic organizations supporting transformative initiatives globally is the Michael & Susan Dell Foundation. The Michael & Susan Dell Foundation is dedicated to unlocking […] The post Michael & Susan Dell Foundation Grants 2026: Funding Opportunities for Nonprofits, Educat",,th .,,AFRICA,,12,2026-06-30T23:57:52.521773+00:00
398b4464f8d9,IOY Opens Applications for 2026–2027 Youth Ambassador Program,,globalsouthopportunities.com,https://www.globalsouthopportunities.com/2026/06/30/ioy/,"The International Organization of Youth (IOY) has officially opened applications for its 2026–2027 IOY Ambassador Program, inviting young leaders from around the world to represent the organization and advance youth participation in global development initiatives. The year-long program offers participants an opportunity to serve as official ambassadors of the International Organization of Youth and the …",,,,GLOBAL,,12,2026-06-30T23:57:53.352074+00:00
c3d61b8b166c,Cooperación Española — Convocatorias MAEC-AECID,Cooperación Española / MAEC-AECID,es:cooperacion,https://www.cooperacionespanola.es/convocatorias/,"Cooperación Española ofrece becas, lectorados y convocatorias para proyectos de cooperación internacional, desarrollo sostenible, cultura y educación en países socios de América Latina, África y Asia.",,,EUR,ES,,12,2026-06-30T23:57:50.853537+00:00
7eac1fd4e333,Call for applications in autumn 2026: General grants for communities can be applied for from 1 October to 3 November 2026,Arts Promotion Centre Finland,nordic:taike-fi,https://www.taike.fi/en/news/call-applications-autumn-2026-general-grants-communities-can-be-applied-1-october-3-november,"News 
 
 
 24.6.2026 
 
 
 
    Call for applications in autumn 2026: General grants for communities can be applied for from 1 October to 3 November 2026
 
 
 
        Communities can apply for general grants for the arts, general grants for culture, general grants for festivals, and general grants for cultural magazines and online publications from the Finnish Arts and Cultu",,in 2026,,GLOBAL,,12,2026-06-30T23:57:58.365664+00:00
f49613013358,Edital de Concurso nº 01/2026 – Brasil Arquivos,,capta.org.br,https://capta.org.br/oportunidades/edital-de-concurso-no-01-2026-brasil-arquivos/,"Programa Pró-Memórias | Instituto Galo da Manhã O Edital Brasil Arquivos apoia projetos de preservação, organização, digitalização e difusão de acervos arquivísticos. Além disso, a iniciativa busca fortalecer a memória brasileira por meio da salvaguarda de documentos de interesse histórico, cultural e comunitário. Nesse sentido, o edital incentiva propostas de movimentos sociais, coletivos, instituições culturais, universidades, fundações, centros de memória e acervos de interesse público. Também apoia ações de diagnóstico, tratamento técnico, preservação, digitalização e criação de repositóri",2026-02-08,,,BR,,10,2026-06-30T23:57:59.061978+00:00
eaf4ccf01078,Chamada de Projeto – IACP 2025,,capta.org.br,https://capta.org.br/oportunidades/chamada-de-projeto-iacp-2025/,"Chamada de Projeto – IACP 2025 O Instituto ACP está com inscrições abertas para a Chamada de Projeto – IACP 2025, que tem como objetivo apoiar iniciativas voltadas ao fortalecimento e desenvolvimento institucional de organizações da sociedade civil (OSCs) em todo o Brasil. Os projetos devem ser co-financiados e podem assumir diversos formatos, como campanhas, eventos, cursos, negócios de impacto social, pesquisas ou plataformas. Outros formatos também podem ser propostos, desde que devidamente justificados. O valor máximo de apoio é de R$ 100.000. As inscrições permanecem abertas durante todo",,,,BR,,10,2026-06-30T23:57:59.065749+00:00
585f17434a99,Projetos selecionados – Chamada “Crédito Comunitário Sustentável: ampliando o acesso ao crédito rural para agricultores e agricultoras familiares por meio de organizações comunitárias”,Fundo Casa Socioambiental,casa.org.br,https://casa.org.br/projetos-selecionados-chamada-credito-comunitario-sustentavel-ampliando-o-acesso-ao-credito-rural-para-agricultores-e-agricultoras-familiares-por-meio-de-organizacoes-comunitarias/,"Fortalecer a agricultura familiar também significa ampliar as oportunidades para que agricultores e agricultoras possam investir em seus territórios, produzir de forma sustentável e construir caminhos de autonomia econômica. Com esse objetivo, a primeira edição da chamada Crédito Comunitário Sustentável: ampliando o acesso ao crédito rural para agricultores e agricultoras familiares por meio de organizações comunitárias selecionou 30 projetos que receberão apoio em diferentes regiões do Brasil.",,,,BR,,10,2026-06-30T23:57:54.903819+00:00
f17455648ec6,Chamada de Projetos: Reconstruir RS – Apoio à Resiliência Climática e Reconstrução Comunitária 2025,Fundo Casa Socioambiental,casa.org.br,https://casa.org.br/chamada-de-projetos-reconstruir-rs-apoio-a-resiliencia-climatica-e-reconstrucao-comunitaria-2025/,"O Rio Grande do Sul tem vivido, nos últimos anos, uma sequência de eventos climáticos extremos que impactam profundamente comunidades rurais, urbanas e tradicionais. As enchentes de maio de 2024, uma das maiores da história do estado, deixaram marcas profundas. Mas o que também vimos e ouvimos nos territórios atingidos foi a força de quem resiste: pessoas que se unem em mutirões, cuidam umas das outras, protegem os rios, replantam a vida e sonham coletivamente a reconstrução de seus lugares. O F",,,,BR,,10,2026-06-30T23:57:55.059154+00:00
c9d88a74112a,Vídeo da Brigada Autônoma do Jamacá (BAJ) mostra a urgência de apoiar quem está na linha de frente contra os incêndios,Fundo Casa Socioambiental,casa.org.br,https://casa.org.br/video-da-brigada-autonoma-do-jamaca-baj-mostra-a-urgencia-de-apoiar-quem-esta-na-linha-de-frente-contra-os-incendios/,"Em um território onde o fogo avança cada vez mais cedo e com mais intensidade, a resposta precisa ser rápida. E muitas vezes ela vem das próprias comunidades. O vídeo “Combate aos incêndios florestais” , realizado pela Brigada Autônoma do Jamacá (BAJ) , retrata a realidade de quem vive e atua no front da prevenção e combate ao fogo na Chapada dos Guimarães (MT). Formada em 2019 por moradores do Vale do Jamacá, um importante corredor ecológico ameaçado por incêndios cada vez mais frequentes, a br",,,,BR,,10,2026-06-30T23:57:55.083898+00:00
a330ffe2eecc,"Transição energética, sim, mas com justiça e protagonismo dos territórios",Fundo Casa Socioambiental,casa.org.br,https://casa.org.br/transicao-energetica-sim-mas-com-justica-e-protagonismo-dos-territorios/,"Em Recife, encontro de comunidades do Nordeste debateu sobre salvaguardas socioambientais e impactos de projetos de energia que desrespeitam modos de vida tradicionais . Encontro em Recife reúne comunidades do Nordeste para debater transição energética com justiça, protagonismo e proteção dos territórios tradicionais. “É urgente salvaguardar vidas, ecossistemas, paisagens e atividades já existentes nos territórios.” Essa frase reverberou entre os participantes do encontro realizado de 20 a 22 de",,,,BR,,10,2026-06-30T23:57:55.102814+00:00
add230a7c8b4,Retrospectiva 2024 – Um Ano de Avanços e Conquistas no Fundo Casa Socioambiental,Fundo Casa Socioambiental,casa.org.br,https://casa.org.br/retrospectiva-2024-um-ano-de-avancos-e-conquistas-no-fundo-casa-socioambiental/,"O ano de 2024 foi marcado por conquistas significativas para o Fundo Casa Socioambiental, reafirmando seu compromisso com as comunidades locais ao ampliar a escala dos apoios, consolidando sua atuação em diversas frentes. Com mais de 500 projetos apoiados no ano e cerca de R$28,6 milhões destinados a iniciativas de base, o Fundo Casa segue fortalecendo o seu papel como uma das principais organizações da filantropia dedicadas à proteção socioambiental no Brasil, ampliando seu impacto em nível nac",,,,BR,,10,2026-06-30T23:57:55.202089+00:00
d460ffb055d1,Projetos Selecionados: Chamada Transição Energética Justa: fortalecendo e aplicando salvaguardas sociais e ambientais,Fundo Casa Socioambiental,casa.org.br,https://casa.org.br/projetos-selecionados-chamada-transicao-energetica-justa-fortalecendo-e-aplicando-salvaguardas-sociais-e-ambientais/,"Em agosto, o Fundo Casa Socioambiental lançou a chamada “Transição Energética Justa: Fortalecendo e Aplicando Salvaguardas Sociais e Ambientais”, anunciamos hoje, os projetos selecionados nesta chamada. O objetivo é apoiar comunidades locais na implementação de salvaguardas que garantam que os grandes empreendimentos de energia renovável respeitem os direitos das comunidades locais e mitiguem os impactos sociais e ambientais. Recebemos o total de 37 projetos de todos os 9 estados do nordeste e a",,,,BR,,10,2026-06-30T23:57:55.259199+00:00
843cb6630414,Projetos Selecionados – Chamada “Reforço imediato: apoio emergencial às brigadas voluntárias e comunitárias”,Fundo Casa Socioambiental,casa.org.br,https://casa.org.br/projetos-selecionados-chamada-reforco-imediato-apoio-emergencial-as-brigadas-voluntarias-e-comunitarias/,"O Fundo Casa Socioambiental lançou neste mês a chamada de projetos “ Reforço imediato: apoio emergencial às brigadas voluntárias e comunitárias” . O objetivo é apoiar as Brigadas Voluntárias e Comunitárias, associações e comunidades de base que atuam na prevenção e combate a incêndios florestais. Esta chamada tem como objetivo apoiar projetos que busquem custear a compra de insumos emergenciais relacionados ao combate, controle e monitoramento de focos de incêndios florestais. O apoio emergencia",,,,BR,,10,2026-06-30T23:57:55.288596+00:00
4e0ddd6c075e,Projeto Restaura Maranhão vai recuperar 400 hectares degradados na Amazônia Maranhense,ISPN,ispn.org.br,https://ispn.org.br/noticia/projeto-restaura-maranhao-vai-recuperar-400-hectares-degradados-na-amazonia-maranhense/,"“A agroecologia não é só importante, mas necessária para o mundo. Ela pode revolucionar tudo no planeta. Quem se alimenta dela não adoece porque tudo que come não tem veneno nenhum e o corpo recebe bem.” A fala é do presidente da Associação de Pequenos Produtores Rurais do Assentamento São Jorge, em Cidelândia, no Maranhão. Uma área onde vivem cerca de 140 famílias que ocuparam as terras na década de 1990. Seu Luís Gonzaga Santos acompanhou a luta desde o início. Ele não esquece que só em 2013 f",,,,BR,,10,2026-06-30T23:58:05.033469+00:00
8071866ddbeb,Povos e comunidades tradicionais cobram celeridade do governo por decreto que protege territórios,ISPN,ispn.org.br,https://ispn.org.br/noticia/povos-e-comunidades-tradicionais-cobram-celeridade-do-governo-por-decreto-que-protege-territorios/,"Na região onde vive Rosângela (nome original alterado para preservar a identidade), retireira do Araguaia, no município de Luciara (MT), a grilagem avança sobre territórios tradicionais. “Eles vêm com máquinas e derrubam árvores. Colocam cercas e capangas para vigiar, alegando que a terra é deles”, relata. Algo parecido ocorre no oeste da Bahia, nos territórios de fundo e fecho de pasto, onde a grilagem, a destruição ambiental e violência no campo assustam moradores. “Restam 3% de nossas terras",,,,BR,,10,2026-06-30T23:58:05.136404+00:00
0c52f6bfdb2e,Cerrado enfrenta desmatamento acelerado e entra no centro do debate sobre conservação,ISPN,ispn.org.br,https://ispn.org.br/artigo-de-opiniao/cerrado-enfrenta-desmatamento-acelerado-e-entra-no-centro-do-debate-sobre-conservacao/,"O Cerrado cobre cerca de 2.036.448 quilômetros quadrados ou 22% do território nacional , o que é equivalente a 22% do país, mas ainda é pouco conhecido e valorizado. Chamado de ‘caixa d’água do Brasil’, o bioma abriga oito das doze maiores bacias hidrográficas do país e três grandes aquíferos — Guarani, Urucuia e Bambuí. A vegetação típica, composta por árvores de raízes profundas e adaptadas à seca, garante a infiltração da água no solo e alimenta rios que correm para diferentes regiões. Essa c",,,,BR,,10,2026-06-30T23:58:05.181698+00:00
bfa3e6854c4c,"Curtas Cerrado, Coração das Águas chegam ao SESI Lab com histórias do bioma que garante a água do Brasil",ISPN,ispn.org.br,https://ispn.org.br/noticia/curtas-cerrado-coracao-das-aguas-chegam-ao-sesi-lab-com-historias-do-bioma-que-garante-a-agua-do-brasil/,"O Instituto Sociedade, População e Natureza (ISPN) realiza entre os dias 24 e 26 de outubro, em Brasília, uma programação especial no SESI Lab com a exibição da série de curtas-metragens “Cerrado, Coração das Águas”. Produzida no âmbito da campanha nacional de mesmo nome, a série reúne histórias de povos e comunidades tradicionais que vivem e conservam o Cerrado, bioma responsável por abastecer as principais bacias hidrográficas do país. Mais da metade da vegetação nativa do Cerrado já foi derru",,,,BR,,10,2026-06-30T23:58:05.193228+00:00
1dd8ec939dc6,Veredinha: Feira da agricultura familiar é cultura comunitária onde ‘clientes são amigos’,ISPN,ispn.org.br,https://ispn.org.br/noticia/veredinha-feira-da-agricultura-familiar-e-cultura-comunitaria-onde-clientes-sao-amigos/,"A barraca “Caipira Fernandes” na Feira da Agricultura Familiar de Veredinha comercializa de tudo um pouco: ovos caipiras, leite de vaca, leite de cabra, derivados como queijo, requeijão e doce de leite, e até animais de pequeno porte, como pintinho, frango, pato, galinha e galinha-d’angola. Além disso, frutas como laranja, limão, mamão, banana nos tipos caturra e prata, chuchu, acerola, abacate; verduras como inhame, taioba, mandioca, abóbora, batata, quiabo; além de café, urucum e plantas medic",,,,BR,,10,2026-06-30T23:58:05.233687+00:00
eee4bb71627b,Doen Foundation — Open Calls,Doen Foundation,doen.nl,https://www.doen.nl/en/open-calls/,"Doen Foundation supports cultural, green-economy, and social initiatives in the Netherlands and abroad. Focus areas: culture, environment, social cohesion, and fair economy. Open calls for projects and organisations.",,,EUR,EU,,10,2026-06-30T23:57:50.843649+00:00
dccc49420a39,Nagaland Science Mission Seeks Research and Development Proposals (India),,fundsforngos.org,https://www2.fundsforngos.org/science/nagaland-science-mission-seeks-research-and-development-proposals-india/,"Deadline: 31-Jul-2026 The Community Partnership Fund – Fiordland provides $45,000 per year (across 3 rounds) to support community-led projects in Fiordland, New Zealand. Grants range from $500 to $5,000 and fund not-for-profit community initiatives aligned with local wellbeing outcomes and community development priorities. What Is the Fiordland Community Partnership Fund? The Fiordland Community Partnership Fund is a local funding program managed by the Southland District Council. It supports community-led development by giving local boards the ability to fund projects that meet the needs, asp",,"$45,000",,GLOBAL,,10,2026-06-30T23:57:58.657574+00:00
c7cac87da026,Apply now for Community Partnership Fund – Fiordland (New Zealand),,fundsforngos.org,https://www2.fundsforngos.org/community-development-2/apply-now-for-community-partnership-fund-fiordland-new-zealand/,"Deadline: 30-Sep-2026 The Community Partnership Fund – Fiordland provides $45,000 per year (across 3 rounds) to support community-led projects in Fiordland, New Zealand. Grants range from $500 to $5,000 and fund not-for-profit community initiatives aligned with local wellbeing outcomes and community development priorities. What Is the Fiordland Community Partnership Fund? The Fiordland Community Partnership Fund is a local funding program managed by the Southland District Council. It supports community-led development by giving local boards the ability to fund projects that meet the needs, asp",,"$45,000",,GLOBAL,,10,2026-06-30T23:57:58.664462+00:00
a3516d0500da,Apply now for Wallace Takitimu Grant Program (New Zealand),,fundsforngos.org,https://www2.fundsforngos.org/community-development-2/apply-now-for-wallace-takitimu-grant-program-new-zealand/,"Deadline: 31-Aug-2026 The Wallace Takitimu Grant Program is a Southland District Council community funding initiative providing $20,998 per year to support local community-led projects. It enables not-for-profit and informal groups to deliver initiatives aligned with community wellbeing, infrastructure, and development priorities in the Wallace–Takitimu area. What Is the Wallace Takitimu Grant Program? The Wallace Takitimu Grant Program is part of the Southland District Council’s Community Partnership Fund. It is designed to support community-led decision-making by funding local initiatives th",,"$20,998",,GLOBAL,,10,2026-06-30T23:57:58.678448+00:00
8bcaf44102e8,Call for Proposals: Arts Projects (United States),,fundsforngos.org,https://www2.fundsforngos.org/arts-culture-2/call-for-proposals-arts-projects-united-states/,"Deadline: 09-Jul-2026 The National Endowment for the Arts (NEA) is accepting applications for its Grants for Arts Projects (GAP) program to support high-quality arts initiatives that benefit communities across the United States. Eligible nonprofit organizations, government agencies, and federally recognized tribal communities can apply for funding ranging from $10,000 to $150,000, depending on the grant category. What are the National Endowment for the Arts Grants for Arts Projects (GAP)? The National Endowment for the Arts (NEA) Grants for Arts Projects (GAP) program provides financial suppor",,"$10,000",,GLOBAL,,10,2026-06-30T23:57:58.733479+00:00
c4d370b55f1a,Wiki Loves Earth Photography Competition 2026 in Haiti,,fundsforngos.org,https://www2.fundsforngos.org/individuals/wiki-loves-earth-photography-competition-2026-in-haiti/,"Deadline: 31-Jul-2026 The Wiki Loves Earth Photography Competition Haiti 2026 invites photographers of all skill levels to document Haiti’s protected natural areas and biodiversity through Wikimedia Commons. Participants can upload photographs of national parks, forests, rivers, mangroves, coastal areas, and other natural sites for a chance to win prizes of up to 50,000 HTG while contributing to free knowledge on Wikipedia. What Is the Wiki Loves Earth Photography Competition Haiti 2026? The Wiki Loves Earth Photography Competition Haiti 2026 is an international photography contest that promot",,"rp,",,GLOBAL,,10,2026-06-30T23:57:58.740283+00:00
e0a89c001ac6,Nominations open for Earth Partner Prize 2026,,fundsforngos.org,https://www2.fundsforngos.org/innovation/nominations-open-for-earth-partner-prize-2026/,"Deadline : 07-Oct-2026 The Earth Partner Prize 2026 invites young artists and creatives worldwide to submit original work responding to the ecological crisis. Open to applicants aged 14–30 as of 7 October 2026 , the prize offers cash awards of $10,000, $5,000, or $2,000 to eight winners, along with honourable mentions and international visibility. Overview The Earth Partner Prize 2026 is organized by Earth Partner in collaboration with the Global Environment Facility (GEF) and Re:wild . The prize supports creative responses to the ecological crisis through art, media, performance, technology,",,"$10,000,",,GLOBAL,,10,2026-06-30T23:58:17.717181+00:00
a2ecf3fe0503,Call for Proposals: Gender-Based Violence Prevention Funding (Canada),,fundsforngos.org,https://www2.fundsforngos.org/community-development-2/call-for-proposals-gender-based-violence-prevention-funding-canada/,"Deadline : 30-Jun-2026 The Department of Family Services is seeking proposals for community-based projects that strengthen gender-based violence prevention, education, awareness, support, and response in Nunavut. The funding opportunity supports larger-scale initiatives that address the underlying causes of gender-based violence and improve outcomes for people affected by it. The call is open for projects delivered during the 2026–2027 fiscal year under the Gender-Based Violence National Action Plan. Proposed initiatives should promote prevention, transform harmful social norms, and support he",,"th,",,GLOBAL,,10,2026-06-30T23:58:17.751934+00:00
69af3c323290,Tasmanian Honour Roll of Women Grant Program – Australia,,fundsforngos.org,https://www2.fundsforngos.org/individuals/tasmanian-honour-roll-of-women-grant-program-australia/,"Deadline: 30-Sep-2026 The Tasmanian Honour Roll of Women Grant Program is an official recognition initiative that celebrates the achievements and contributions of women and women’s organisations across Tasmania. It aims to formally acknowledge individuals and groups whose work has created meaningful and lasting impact in communities locally, nationally, or internationally. The program also serves an archival and historical function by ensuring that the contributions of women are documented and preserved as part of Tasmania’s social and cultural heritage . Purpose and Strategic Importance The p",,"th,",,GLOBAL,,10,2026-06-30T23:58:17.820160+00:00
d0f0a45d9673,Call for Proposals: UPCWGS Research Grant Program (Philippines),,fundsforngos.org,https://www2.fundsforngos.org/innovation/call-for-proposals-upcwgs-research-grant-program-philippines/,"Deadline : 31-Jul-2026 The University of the Philippines Center for Women’s and Gender Studies is accepting proposals for the UPCWGS Research Grant to support innovative research on women and gender in the Philippines. The grant aims to advance knowledge in women’s and gender studies while aligning with the thematic and methodological concerns of the UPCWGS Review of Women’s Studies. The UPCWGS will award up to PhP 100,000 each to four selected research projects. Projects must begin on January 1, 2027 , be completed within nine months , and produce a journal article and policy brief within an",,"PhP 100,000",,GLOBAL,,10,2026-06-30T23:58:17.882008+00:00
8ccf911d8e94,Individual Development Grants Program – Creative Arts (Australia),,fundsforngos.org,https://www2.fundsforngos.org/individuals/individual-development-grants-program-creative-arts-australia/,"Deadline: 30-Jun-2026 The Maitland City Council Individual Development Creative Arts Grant supports professional development for individual artists across all disciplines, including visual arts, music, theatre, digital arts, and cultural heritage practice. It provides up to $900 per applicant to fund creative production, exhibitions, training, and career development activities. The grant is available to artists living in the Maitland Local Government Area for projects delivered within six months. Overview of the Grant Program The Maitland City Council Individual Development Creative Arts Grant",,in 6,,GLOBAL,,10,2026-06-30T23:58:29.893235+00:00
cf6f26bc9efb,"Unlock Africa’s Most Promising Grants, Fellowships, Awards, and Innovation Opportunities",,fundsforngos.org,https://www2.fundsforngos.org/listing/unlock-africas-most-promising-grants-fellowships-awards-and-innovation-opportunities/,"Unlock Africa’s Most Promising Grants, Fellowships, Awards, and Innovation Opportunities 
 [June 2026]
Explore a curated collection of grants, fellowships, awards, competitions, startup programs, research fellowships, and innovation challenges open across Africa. Discover funding, recognition, mentorship, and capacity-building opportunities designed to support individuals, startups, …  [Read more.",,,,GLOBAL,,10,2026-06-30T23:58:44.992742+00:00
702bf17061fa,"Explore 60 Funding Programs for Sustainability, Innovation & Development",,fundsforngos.org,https://www2.fundsforngos.org/listing/explore-60-funding-programs-for-sustainability-innovation-development/,"Explore 60 Funding Programs for Sustainability, Innovation & Development 
 [May 2026]

Explore a curated listing of 60 funding opportunities designed to advance sustainable development worldwide. From international grants to collaborative programs, these opportunities support leaders, innovators and organizations working to drive impactful change across communities, …  [Read more...]  about Explor",,,,GLOBAL,,10,2026-06-30T23:58:44.996321+00:00
a76f93f574aa,"30+ Embassy Grants for Leadership, Development & Global Collaboration",,fundsforngos.org,https://www2.fundsforngos.org/listing/30-embassy-grants-for-leadership-development-global-collaboration/,"30+ Embassy Grants for Leadership, Development & Global Collaboration 
 [April]
Looking to scale your impact with embassy funding? Explore 30+ open grants and exchange programs from initiatives like the Canada Fund for Local Initiatives (CFLI), U.S. Embassy Grants, and Fulbright. These opportunities support leadership, innovation, and community-driven development. …  [Read more...]  about 30+ Emba",,,,GLOBAL,,10,2026-06-30T23:58:44.998473+00:00
ed1a58ea105e,CirculaRise Accelerator in Kenya 2026,,opportunitydesk.org,https://opportunitydesk.org/2026/06/30/circularise-accelerator-in-kenya-2026/,"Deadline: August 31, 2026 Applications for the CirculaRise Accelerator in Kenya 2026 are now open. The CirculaRise Accelerator in Kenya supports growth stage social businesses to develop and scale inclusive circular solutions. Through the CirculaRise Accelerator Framework, they guide entrepreneurs in bridging the gap between economic viability, environmental responsibility and social impact and enable them to implement validated circular solutions. [...]",2026-08-31,,,GLOBAL,,10,2026-06-30T23:57:52.382401+00:00
81c4a8668548,Chauncey Bailey Journalist of Color Investigative Reporting Fellowship 2027,,opportunitydesk.org,https://opportunitydesk.org/2026/06/29/chauncey-bailey-journalist-of-color-investigative-reporting-fellowship-2027/,"Deadline: September 1, 2026 Applications are open for the Chauncey Bailey Journalist of Color Investigative Reporting Fellowship 2027. The yearlong program is intended to prepare and support a journalist of color for a solid career in investigative reporting. It provides assistance to attend multiple IRE trainings, including a Data Journalism Bootcamp, the NICAR Conference, the [...]",2026-09-01,,,GLOBAL,,10,2026-06-30T23:57:52.385389+00:00
8d8bc0f77336,"Foresight Fellowship 2027: Fully Supported Global Fellowship for Early-Career Scientists, Engineers, and Innovators Driving the Future of Technology",,opportunitiesforyouth.org,https://opportunitiesforyouth.org/2026/06/30/unicef-youth-foresight-fellowship-2023fully-funded/,"The Foresight Fellowship 2027 is now accepting applications and nominations for its next cohort. This prestigious year-long fellowship is designed to support exceptional early-career scientists, engineers, researchers, entrepreneurs, and innovators who are committed to accelerating technological progress and solving some of humanity’s most important challenges. Organized by the Foresight Institute, the fellowship connects emerging leaders […] The post Foresight Fellowship 2027: Fully Supported G",,th .,,AFRICA,,10,2026-06-30T23:57:52.522629+00:00
80017b638ba2,Global Health & WASH: Mid-June Update (9 new opportunities!),,impactfunding.substack.com,https://impactfunding.substack.com/p/global-health-and-wash-mid-june-update,Cycle skews to niche biomedical research funders; CDC's $3M TB call anchors the NGO-relevant picks.,,,,GLOBAL,,10,2026-06-30T23:57:52.367605+00:00
bd6feb38ba8d,FAO Opens Internship Applications for Europe and Central Asia Regional Office: Apply by 25 Aug 2026,,globalsouthopportunities.com,https://www.globalsouthopportunities.com/2026/06/30/fao-57/,"The Food and Agriculture Organization of the United Nations (FAO) has announced a new Call for Expressions of Interest for its Internship Programme in Europe and Central Asia (REU), offering students and recent graduates the opportunity to gain professional experience within one of the UN’s leading agencies focused on food security, agriculture, and sustainable development. …",,,,GLOBAL,,10,2026-06-30T23:57:53.353721+00:00
32278aceb593,Fondo Acción Urgente — Financiamiento Feminista,Fondo Acción Urgente,latam:fau,https://fondoaccionurgente.org.co/,"Fondo Acción Urgente es un fondo feminista que financia y acompaña a defensoras de derechos humanos y ambientales en América Latina y el Caribe. Apoya organizaciones y movimientos sociales con financiamiento rápido y flexible para protección, seguridad y acción urgente.",,,,LATAM,,10,2026-06-30T23:57:50.852056+00:00
f2479c942569,Calling Civil Society Organisations and Social Enterprises: Join eYAA Cohort 6!,ASEAN Foundation,asia:asean,https://aseanfoundation.org/call-for-application/calling-civil-society-organisations-and-social-enterprises-join-eyaa-cohort-6/,Apply for eYAA Cohort 6 – CSO & SE Partnership Call Skip to content About Us Our Story Our Vision & Mission Our People Board of Trustees Our Team Press Library Programmes & Impacts Programmes Our Impacts Get Involved Call for Applications Careers Become Our Partner News & Publications News Publications About Us Our Story Our Vision & Mission Our People Board of Trustees Our Team Press Library Programmes & Impacts Programmes Our Impacts Get Involved Call for Applications Careers Become Our Partner News & Publications News Publications Contact Us About Us Our Story Our Vision & Mission Our People Board of Trustees Our Team Press Library Programmes & Impacts Programmes Our Impacts Get Involved Call for Applications Careers Become Our Partner News & Publications News Publications Search Contac,,"USD 25,000",,SEA,,10,2026-06-30T23:57:56.810616+00:00
e247e6fe9d49,Fondation de France — Appels à Projets,Fondation de France,fr:fondationdef,https://www.fondationdefrance.org/fr/appels-projets,"Fondation de France soutient des projets dans les domaines de l'environnement, de la solidarité, de la culture, de l'éducation et de la recherche. Appels à projets réguliers pour associations et organisations à but non lucratif en France.",,,EUR,FR,,10,2026-06-30T23:57:50.853066+00:00
eda9d4e916ca,Eligibility,Critical Ecosystem Partnership Fund,env:cepf,https://www.cepf.net/grants/eligibility,"1
                         
 
 Eligibility 
 
                        Find out if your organization and project idea are eligible for CEPF funding.
                     
 
                        Learn About Eligibility",,,,GLOBAL,,10,2026-06-30T23:57:54.683590+00:00
2d8f5a5b9258,"Supporting Women and Forest Fire Reduction in Cordillera de Colan, Peru",Critical Ecosystem Partnership Fund,env:cepf,https://www.cepf.net/grants/grantee-projects/supporting-women-and-forest-fire-reduction-cordillera-de-colan-peru,"Supporting Women and Forest Fire Reduction in Cordillera de Colan, Peru                 
 
 
                    Yunkawasi
                 
 
 
 
 
 
 
 View Photo",,,,GLOBAL,,10,2026-06-30T23:57:54.684385+00:00
af922eb8907f,Final call for applications within the Creative and Cultural Innovation Expertise ESF+ theme to open in autumn 2026,Arts Promotion Centre Finland,nordic:taike-fi,https://www.taike.fi/en,"News 
 
 
 16.6.2026 
 
 
 
    Final call for applications within the Creative and Cultural Innovation Expertise ESF+ theme to open in autumn 2026
 
 
 
        ESF+ funding within the Creative and Cultural Innovation Expertise theme is available for pilot projects that respond to the skill needs in the arts, culture and creative sectors. The final call for applications during the",,,,GLOBAL,,10,2026-06-30T23:57:58.367184+00:00
fd61196e3eeb,Programa de Apoio a Projetos Sociais – PAPS Edital 2027,,capta.org.br,https://capta.org.br/oportunidades/programa-de-apoio-a-projetos-sociais-paps-edital-2027/,"Fundação Salvador Arena A Fundação Salvador Arena lançou o Programa de Apoio a Projetos Sociais (PAPS) 2027 para fortalecer organizações da sociedade civil que atuam com populações em situação de vulnerabilidade social. O edital apoia iniciativas que ampliem atendimentos, criem novos serviços, qualifiquem ações existentes, promovam o acesso a direitos e melhorem as condições de moradia. Além disso, a chamada oferece apoio específico para projetos de educação infantil em creches comunitárias e municipalizadas das regiões Norte e Nordeste. Podem participar organizações sem fins lucrativos com pe",2026-07-13,,,BR,,8,2026-06-30T23:57:59.058496+00:00
54107a6f49e5,Google Brasil,,capta.org.br,https://capta.org.br/oportunidades/google-brasil/,"Google Brasil O Google Brasil está recebendo inscrições para seu programa “Google para organizações sem fins lucrativos”, que oferece ferramentas gratuitas de comunicação na web, visando aumentar a visibilidade e potencializar o impacto do trabalho das entidades. Os contemplados poderão acessar gratuitamente as ferramentas do Google como YouTube Premium (com botão para doação), AdWords (buscas patrocinadas), disponibilização de softwares de parceiros, além de ferramentas profissionais do Google Docs, Hangouts e Google Plus. Os participantes recebem um crédito de US$ 10 mil por mês para utiliza",,,,BR,,8,2026-06-30T23:57:59.085257+00:00
6689026f5cce,Fundação Ford,,capta.org.br,https://capta.org.br/oportunidades/ford-foundation/,"Fundação Ford A Fundação Ford recebe propostas o ano inteiro de projetos que atuem nas seguintes áreas: engajamento civil; desenvolvimento com equidade; economia inclusiva; oportunidades para a juventude; criatividade e livre expressão; justiça de raça, gênero e etnia; e liberdade na internet. A inscrição da ideia é feita por meio de um formulário online simplificado. Se a ideia for selecionada, entram em contato no prazo de 45 dias. A Fundação Ford alerta que os recursos são limitados e devido à grande demanda, apoiam cerca de 1% das propostas recebidas. Região: todo o Brasil Inscrições: cont",,,,BR,,8,2026-06-30T23:57:59.086258+00:00
08eaef4c458d,"O que permanece: sobre legado, escolha e o futuro que decidimos sustentar",Fundo Casa Socioambiental,casa.org.br,https://casa.org.br/o-que-permanece-sobre-legado-escolha-e-o-futuro-que-decidimos-sustentar/,"Há gestos que não pertencem apenas ao momento em que acontecem. Eles atravessam o tempo. Foi assim quando o Fundo Casa Socioambiental recebeu, pela primeira vez em sua história, uma doação por meio de herança, um legado deixado por Lucinda “Cindy” Buck Ewing (1941–2024) , fotógrafa e filantropa cuja vida foi marcada por uma atenção rara ao mundo e por um compromisso contínuo com o cuidado. Cindy em visita ao Brasil, em novembro de 2016, durante encontro com Maria Amalia Souza e aproximação com o",,,,BR,,8,2026-06-30T23:57:54.938845+00:00
cf28598d3864,Confiança nos territórios que vai além do discurso,Fundo Casa Socioambiental,casa.org.br,https://casa.org.br/confianca-nos-territorios-que-vai-alem-do-discurso/,"Com trajetórias consolidadas, Selma Dealdina Mbaye e Laura Yawanawá assumem a presidência e a vice-presidência do Conselho Deliberativo do Fundo Casa Socioambiental, conduzindo decisões a partir de quem constrói soluções O Fundo Casa Socioambiental foi estruturado a partir da confiança nas soluções que nascem nos territórios. É assim que a gente construiu nossa trajetória e é assim que seguimos organizando também os nossos espaços de decisão. A eleição de Selma Dealdina Mbaye, liderança quilombo",,,,BR,,8,2026-06-30T23:57:54.942715+00:00
17f19730638e,Projetos selecionados: Chamada “Apoio a Ações Comunitárias frente aos Incêndios Florestais”,Fundo Casa Socioambiental,casa.org.br,https://casa.org.br/projetos-selecionados-chamada-apoio-a-acoes-comunitarias-frente-aos-incendios-florestais/,"O Fundo Casa Socioambiental tem a alegria de anunciar os 40 projetos selecionados na chamada “Apoio a Ações Comunitárias frente aos Incêndios Florestais – 2026” , a primeira lançada em 2026. A iniciativa foi criada para fortalecer brigadas voluntárias, organizações de base e iniciativas comunitárias que atuam na prevenção, no combate e na recuperação de áreas afetadas pelo fogo em diferentes regiões do Brasil. Ao todo, 250 propostas foram recebidas de organizações de diferentes regiões do Brasil",,,,BR,,8,2026-06-30T23:57:54.961641+00:00
0d672b6f2555,Nossa Casa é o Mundo: 20 anos de histórias para celebrar,Fundo Casa Socioambiental,casa.org.br,https://casa.org.br/nossa-casa-e-o-mundo-20-anos-de-historias-para-celebrar/,"Há celebrações que falam mais do que um marco no calendário, falam de um caminho, de uma história coletiva, de tudo o que nos trouxe até aqui. O evento de 14 de novembro, durante a COP 30, em Belém, foi exatamente isso: um encontro que reuniu a equipe do Fundo Casa Socioambiental, parceiros, financiadores, apoiados e amigas e amigos de caminhada para celebrar nossos 20 anos e lançar o livro Nossa Casa é o Mundo. Foi um momento vivo, cheio de rostos, vozes e afetos em sintonia com o que acreditam",,,,BR,,8,2026-06-30T23:57:54.983130+00:00
21c19c1b7454,"Quando os incêndios florestais ameaçam, as brigadas comunitárias chegam primeiro",Fundo Casa Socioambiental,casa.org.br,https://casa.org.br/quando-os-incendios-florestais-ameacam-as-brigadas-comunitarias-chegam-primeiro/,"“Essa é a profissão do futuro. Quando faltar comida e oxigênio, é que vão entender o valor do nosso trabalho” Caroline Dantas, Brigada Guardiões da Cafuringa (DF) A frase foi dita pela brigadista Caroline Dantas, no “Brigadas em Rede – Encontro de Fortalecimento e Articulação entre Brigadas Voluntárias e Comunitárias”, realizado em Brasília, entre os dias 1º e 3 de julho. Era apenas um comentário espontâneo, mas ficou ecoando entre as rodas de conversa e oficinas. Porque é isso mesmo. Enquanto o",,,,BR,,8,2026-06-30T23:57:55.077350+00:00
8b1e6481c792,Encontro nacional reúne brigadistas comunitários em Brasília para fortalecer a resposta aos incêndios nos territórios,Fundo Casa Socioambiental,casa.org.br,https://casa.org.br/encontro-nacional-reune-brigadistas-comunitarios-em-brasilia-para-fortalecer-a-resposta-aos-incendios-nos-territorios/,"Com apoio do Fundo Casa Socioambiental, mais de 120 brigadistas de todas as regiões do Brasil participam de encontro inédito que articula experiências, destaca soluções locais e defende mais financiamento para quem protege os biomas. Em meio às crescentes emergências climáticas e à proximidade da COP30, quem protege os territórios todos os dias também precisa ser protegido e apoiado. É com esse compromisso que o Brigadas em Rede – Encontro de Fortalecimento e Articulação entre Brigadas Voluntári",,,,BR,,8,2026-06-30T23:57:55.086446+00:00
d3753331e146,Projetos selecionados da chamada “Fortalecendo o protagonismo local na agenda climática”,Fundo Casa Socioambiental,casa.org.br,https://casa.org.br/projetos-selecionados-da-chamada-fortalecendo-o-protagonismo-local-na-agenda-climatica/,"É com muita alegria que anunciamos os projetos selecionados na chamada “Fortalecendo o protagonismo local na agenda climática” . Ao todo, 51 iniciativas de todas as regiões do país serão apoiadas, com um investimento total de R$ 1,5 milhão . Com a aproximação da COP30, que será realizada em Belém (PA), o Fundo Casa Socioambiental lançou essa chamada estratégica para apoiar iniciativas locais com foco em incidência política e produção de conhecimentos sobre os impactos da crise climática. A chama",,,,BR,,8,2026-06-30T23:57:55.095537+00:00
a3bec7898ff1,Projetos Selecionados: Apoio a Grupos Locais no Enfrentamento de Emergências Climáticas provocadas por Incêndios Florestais,Fundo Casa Socioambiental,casa.org.br,https://casa.org.br/projetos-selecionados-apoio-a-grupos-locais-no-enfrentamento-de-emergencias-climaticas-provocadas-por-incendios-florestais/,"Em setembro de 2024, o Fundo Casa Socioambiental lançou a chamada “Apoio a Grupos Locais no Enfrentamento de Emergências Climáticas provocadas por Incêndios Florestais” . Hoje, temos o prazer de anunciar os projetos selecionados nesta chamada. O objetivo da chamada é fortalecer brigadas voluntárias e comunitárias, promover ações estruturantes e criar novas brigadas para prevenção e mitigação de incêndios florestais, com foco no Manejo Integrado do Fogo e na mobilização local. A chamada, de abran",,,,BR,,8,2026-06-30T23:57:55.234383+00:00
044e76d145f7,Submit Applications for District Initiatives Fund 2026 (New Zealand),,fundsforngos.org,https://www2.fundsforngos.org/community-development-2/submit-applications-for-district-initiatives-fund-2026-new-zealand/,"Deadline: 30-Sep-2026 The District Initiatives Fund provides financial support for community-led projects, programmes, facilities, events, and services that benefit communities across the Southland District. The fund prioritizes district-wide initiatives that improve community wellbeing, recreation, and public amenities, while supporting eligible non-profit organisations and community groups. Approximately $65,000 is available annually across two funding rounds . District Initiatives Fund Overview The District Initiatives Fund is a community grant programme established by the Southland Distric",,"$65,000",,GLOBAL,,8,2026-06-30T23:57:58.558216+00:00
19b3a9e70b02,Start Package Grants – for faculty recruitment Q4 2026 (Denmark),,fundsforngos.org,https://www2.fundsforngos.org/science/start-package-grants-for-faculty-recruitment-q4-2026-denmark/,"Deadline: 08-Oct-2026 The Start Package Grants Programme supports Danish universities and research institutions in recruiting outstanding researchers from around the world. The programme provides up to DKK 10 million over four years to strengthen recruitment, encourage international researcher mobility, and advance research in health, sustainability, and emerging technologies. Researchers of any nationality are eligible, provided they meet the mobility and appointment requirements. Start Package Grants Programme Overview The Start Package Grants Programme is designed to help Danish universitie",,"th,",,GLOBAL,,8,2026-06-30T23:57:58.588468+00:00
6488fc775ca5,Apply now for Project Viability Grants Programme (UK),,fundsforngos.org,https://www2.fundsforngos.org/construction/apply-now-for-project-viability-grants-programme-uk/,"Deadline: 31-Dec-2026 The Project Viability Grants Programme provides funding to help not-for-profit organisations assess the feasibility of restoring, repairing, or repurposing heritage buildings. Grants of up to £15,000 support studies that produce a comprehensive Viability Report, helping organisations plan future restoration projects and secure larger funding opportunities. The programme focuses on understanding a building’s condition, potential uses, repair requirements, and project viability. Project Viability Grants Programme Overview The Project Viability Grants Programme provides fina",,"£15,000",,GLOBAL,,8,2026-06-30T23:57:58.598364+00:00
b463344bd19a,Call for Technical Contributions: Africa Agrifood Systems Innovation Forum,,fundsforngos.org,https://www2.fundsforngos.org/innovation/call-for-technical-contributions-africa-agrifood-systems-innovation-forum/,"Deadline: 31-Jul-2026 The Food and Agriculture Organization of the United Nations (FAO), together with its partners, is inviting technical contributions for the Africa Forum on Harnessing Science and Innovation for Agrifood Systems Transformation. The Forum supports the Comprehensive Africa Agriculture Development Programme (CAADP) Strategy and Action Plan 2026–2035 by promoting science, technology, innovation, policy, and investment to transform Africa’s agrifood systems. Selected contributions will help shape policy discussions, investment opportunities, and a regional roadmap for strengthen",,,,GLOBAL,,8,2026-06-30T23:57:58.609249+00:00
4b4b8b5decb0,Apply for GDPC Spotlight Research Grants Program,,fundsforngos.org,https://www2.fundsforngos.org/innovation/apply-for-gdpc-spotlight-research-grants-program/,"Deadline: 31-Jul-2026 The Global Disaster Preparedness Center (GDPC) Spotlight Research Grants support original research on ethical, accountable, and humane use of technology in humanitarian action, including AI and ICTs. The program focuses on low- and middle-income countries and funds research on community needs, digital realities, and data protection. Selected researchers receive $10,000 USD for projects lasting up to eight months. GDPC Spotlight Research Grants Overview The Spotlight Research Grants Program is an initiative by the Global Disaster Preparedness Center in partnership with the",2027-06-30,in 8,,GLOBAL,,8,2026-06-30T23:57:58.617664+00:00
e31ccc2a2961,Apply Now: Logo Design Competition 2026 (India),,fundsforngos.org,https://www2.fundsforngos.org/individuals/apply-now-logo-design-competition-2026-india/,"Deadline: 05-Jul-2026 The Centre of Excellence for Human-Wildlife Conflict Management (CoE-HWCM), India, is inviting Indian citizens to participate in its Logo Design Competition 2026. The winning designer will receive a cash prize of ₹25,000, a certificate of appreciation, and commemorative goodies for creating a logo that reflects the vision of peaceful coexistence between people and wildlife. What is the CoE-HWCM Logo Design Competition 2026? The Centre of Excellence for Human-Wildlife Conflict Management (CoE-HWCM), India, has launched a national logo design competition to develop its offi",,"₹25,000,",,GLOBAL,,8,2026-06-30T23:58:06.935798+00:00
60432ae9c228,Call for Proposals: UN SDG Trust Fund 2026/2027 (Malaysia),,fundsforngos.org,https://www2.fundsforngos.org/peace-conflict-resolution/call-for-proposals-un-sdg-trust-fund-2026-2027-malaysia/,"Deadline : 06-Aug-2026 The Malaysia-UN SDG Trust Fund Call for Proposals 2026/2027 supports innovative, partnership-driven projects that advance the Sustainable Development Goals and benefit underserved communities in Malaysia. The call has a total budget of USD 4.4 million , with project grants ranging from USD 100,000 to USD 500,000 for initiatives lasting 12 to 24 months . Overview The Malaysia-UN SDG Trust Fund is a partnership between the United Nations in Malaysia and Yayasan Matlamat Pembangunan Mampan Malaysia , also known as Yayasan MySDG . The Fund is supported by the Ministry of Fin",,USD 4.4 million,,GLOBAL,,8,2026-06-30T23:58:17.678467+00:00
3d1678206ff2,RFPs: Global Health and Wellbeing in an Era of Transformative AI,,fundsforngos.org,https://www2.fundsforngos.org/individuals/rfps-global-health-and-wellbeing-in-an-era-of-transformative-ai/,"Deadline : 21-Aug-2026 Coefficient Giving is seeking global applications for projects that improve health and economic outcomes in a world potentially reshaped by transformative AI. The initiative provides total funding of $10 million to $30 million , with grant levels ranging from under $100,000 to $10 million for research, field-building, implementation, institutions, policy, and infrastructure projects. Overview Coefficient Giving supports work that prepares society for the opportunities and risks of transformative artificial intelligence. The initiative focuses on measurable impact, implem",,"th,",,GLOBAL,,8,2026-06-30T23:58:17.698386+00:00
104972b37cd8,Request for Applications: Community Quick Response Grant (Australia),,fundsforngos.org,https://www2.fundsforngos.org/community-development-2/request-for-applications-community-quick-response-grant-australia/,"Deadline: 30-Jun-2026 The Noosa Council Community Quick Response Grants provide fast, small-scale funding of $500–$2,500 to eligible not-for-profit organisations in the Noosa Shire. The program supports urgent, time-sensitive, or emergency community needs such as equipment replacement, disaster response, minor repairs, and capacity-building activities that cannot wait for standard grant cycles. What Are the Community Quick Response Grants? The Community Quick Response Grants are a funding program administered by the Noosa Council to support not-for-profit organisations facing urgent or unfores",,in 6,,GLOBAL,,8,2026-06-30T23:58:29.925752+00:00
3f068839cfd2,Open Call: Business Succession Planning Support Initiative (Canada),,fundsforngos.org,https://www2.fundsforngos.org/innovation/open-call-business-succession-planning-support-initiative-canada/,"Deadline : 28-Jul-2026 Innovation, Science and Economic Development Canada is offering funding to support business succession planning resources for Canadian small businesses and entrepreneurs. The call will provide up to $3 million over two years to one selected recipient to develop bilingual tools, training, events, and guidance for business sellers and buyers. The initiative aims to strengthen business continuity, improve awareness of ownership transition planning, and help entrepreneurs navigate business sales, acquisitions, valuation, taxation, and alternative ownership models. Eligible a",,in 2026,,GLOBAL,,8,2026-06-30T23:58:29.988211+00:00
ba7421a987a4,"MSME Day Special: Grants, Accelerators and Funding Opportunities for Startups and Small Businesses",,fundsforngos.org,https://www2.fundsforngos.org/listing/msme-day-special-grants-accelerators-and-funding-opportunities-for-startups-and-small-businesses/,"MSME Day Special: Grants, Accelerators and Funding Opportunities for Startups and Small Businesses 
 [June 2026]

On 27 June, the world celebrates Micro-, Small and Medium-Sized Enterprises (MSMEs) Day, recognizing the vital role MSMEs play in driving economic growth, fostering innovation, creating jobs, and supporting sustainable development. To mark this occasion, we have compiled a curated …  [",,,,GLOBAL,,8,2026-06-30T23:58:44.989169+00:00
435bc6b1a4f2,Advancing Discovery Through Research Grant Opportunities,,fundsforngos.org,https://www2.fundsforngos.org/listing/advancing-discovery-through-research-grant-opportunities/,"Advancing Discovery Through Research Grant Opportunities 
 [May 2026]
Research plays a vital role in advancing knowledge and generating solutions across disciplines. That is why we have compiled a list of research grants, funding programmes, fellowships, and scientific opportunities designed to support researchers, institutions, and early-career scholars …  [Read more...]  about Advancing Discover",,,,GLOBAL,,8,2026-06-30T23:58:44.993770+00:00
44b1b4588c64,"Emerging Voices in AI and Society Fellowship 2026: Receive a $30,000 Stipend to Shape the Future of Artificial Intelligence and Society (Remote Opportunity)",,opportunitiesforyouth.org,https://opportunitiesforyouth.org/2026/06/30/emerging-voices-in-ai-and-society-fellowship-2026-receive-a-30000-stipend-to-shape-the-future-of-artificial-intelligence-and-society-remote-opportunity/,"Artificial Intelligence (AI) is transforming nearly every aspect of modern life—from education and healthcare to governance, journalism, business, and communication. As AI systems become increasingly integrated into society, there is an urgent need for experts who can critically examine how these technologies influence humanity, ethics, public policy, culture, and everyday life. To help address these […] The post Emerging Voices in AI and Society Fellowship 2026: Receive a $30,000 Stipend to Sha",,th .,,LATAM,,8,2026-06-30T23:57:52.515333+00:00
9234ad09d149,British Council Going Global Partnerships TVET Grant Call 2026: Funding Opportunity for International Technical and Vocational Education Partnerships,,opportunitiesforyouth.org,https://opportunitiesforyouth.org/2026/06/30/british-council-going-global-partnerships-tvet-grant-call-2026-funding-opportunity-for-international-technical-and-vocational-education-partnerships/,"The British Council has officially launched the Going Global Partnerships Technical and Vocational Education and Training (TVET) Grant Call 2026, providing an exciting funding opportunity for Technical and Vocational Education and Training (TVET) institutions seeking to establish or strengthen international partnerships. The grant programme is designed to support collaborative projects between eligible TVET institutions in […] The post British Council Going Global Partnerships TVET Grant Call 20",,th .,,EU,,8,2026-06-30T23:57:52.520139+00:00
2601b08fcab2,"Humanitarian Aid, Emergency Programming & DRR: June 2026 Funding Opportunities (10 new opportunities!)",,impactfunding.substack.com,https://impactfunding.substack.com/p/humanitarian-aid-emergency-programming-e51,"31 active signals; $25.6M+. UNHCR shifts to RLO-direct partnership in Southern Africa, FCDO funds humanitarian-development transition, localization becomes eligibility filter.",,,,GLOBAL,,8,2026-06-30T23:57:52.369367+00:00
8ea70ea3c928,ICCROM is Seeking a National Coordinator Consultant Across 4 African Countries,,globalsouthopportunities.com,https://www.globalsouthopportunities.com/2026/06/30/iccrom-2/,"The International Centre for the Study of the Preservation and Restoration of Cultural Property (ICCROM) has announced new consultancy opportunities for qualified professionals to serve as National Coordinators in Tunisia, Côte d’Ivoire, Egypt, and Kenya under its multi-country cultural heritage project. The consultancy positions form part of ICCROM’s “Towards Sustainable Development in Africa: Transformative Capacity …",,,,GLOBAL,,8,2026-06-30T23:57:53.351006+00:00
ef569e7bb25d,CALL FOR NOMINATIONS,Southern Africa Trust,africa:sat,https://southernafricatrust.org/call-for-nominations/,"CALL FOR NOMINATIONS – Southern Africa Trust Home Who We Are Our Story Our Board Our Team Opportunities Our Strategic Framework What We Do Grantmaking Knowledge Hub News & Stories News Blog Stories of Change Society Talks Contact Us Home Who We Are Our Story Our Board Our Team Opportunities Our Strategic Framework What We Do Grantmaking Knowledge Hub News & Stories News Blog Stories of Change Society Talks Contact Us Home Who We Are Our Story Our Board Our Team Opportunities Our Strategic Framework What We Do Grantmaking Knowledge Hub News & Stories News Blog Stories of Change Society Talks Home Who We Are Our Story Our Board Our Team Opportunities Our Strategic Framework What We Do Grantmaking Knowledge Hub News & Stories News Blog Stories of Change Society Talks Contacts 92 Bowery St., N",,,,AFRICA,,8,2026-06-30T23:57:54.449118+00:00
e7a5b8b7f01a,Before You Apply,Critical Ecosystem Partnership Fund,env:cepf,https://www.cepf.net/grants/before-you-apply,"2
                         
 
 Before You Apply 
 
                        Understand what CEPF is looking for in a successful proposal.
                     
 
                        Read Proposal Guidance",,,,GLOBAL,,8,2026-06-30T23:57:54.683789+00:00
f0de34908030,"Empowering Communities to Conserve the Cordillera de Colán, Perú",Critical Ecosystem Partnership Fund,env:cepf,https://www.cepf.net/grants/grantee-projects/empowering-communities-conserve-cordillera-de-colan-peru,"Empowering Communities to Conserve the Cordillera de Colán, Perú                 
 
 
                    Asociación Peruana para la Conservación de la Naturaleza
                 
 
 
 
 
 
 
 View Photo",,,,GLOBAL,,8,2026-06-30T23:57:54.685921+00:00
e8c792e4b148,Ressources,Nordic Culture Fund,nordic:nordic-culture,https://www.nordiskkulturfond.org/en/inspirational-projects,Ressources Granted projects Funding Culture for a Changing World News Media kit,,,,GLOBAL,,8,2026-06-30T23:57:54.161558+00:00
e40b0afe04a9,Nordic Culture Fund is revising its programmes – changes to application deadlines in the autumn,Nordic Culture Fund,nordic:nordic-culture,https://www.nordiskkulturfond.org/en/news/nordic-culture-fund-is-revising-its-programmes-changes-to-application-deadlines-in-the-autumn,"Nordic Culture Fund is revising its programmes – changes to application deadlines in the autumn As part of implementing the Fund’s 2026–2030 strategy, we are currently updating the Fund’s overall grant-making approach and programme portfolio. As a result, the Opstart and Project Funding programmes will be revised, and there will be changes to the application deadlines this autumn while we finalise",,,,GLOBAL,,8,2026-06-30T23:57:54.162635+00:00
b14d573e5b63,"Supporting arts, culture and international exchange",Swedish Arts Council,nordic:kulturradet-se,https://www.kulturradet.se/en/#navigation,"Go to navigation 
 
 
 Go to content 
 
 
 
 
 
 
 
 
 
                        Listen
                     
 
 
 
 
                        In Swedish
                     
 
 
 
 
 
 
 
 
 
 
 
 
 Our grants 
 
 
 Our operations 
 
 
 About us 
 
 
 
 
 
 
  Log in 
 
 
 
 Search 
 
 
 
 
 
 
 
 
 
 
 
 
 
 
 
 
  
                            Our grants",,us.,,EU,,8,2026-06-30T23:57:56.384924+00:00
31bd0e2b5bad,Toledo Community Foundation,,capta.org.br,https://capta.org.br/oportunidades/toledo-community-foundation/,"Toledo Community Foundation A Toledo Community Foundation é uma fundação comunitária que busca soluções sustentáveis e economicamente viáveis para a geração de energia renovável. Atuando no Centro-Leste dos Estados Unidos, a fundação tem um processo contínuo de seleção de projetos comunitários em todo o mundo que causem impactos sociais positivos e dialoguem com seus princípios: educação “verde”, acesso à energia limpa e à água e desenvolvimento de tecnologias inovadoras e sustentáveis. O financiamento é voltado a projetos ou serviços que custam ou excedem US $ 10.000. Solicitações abaixo dess",,,,BR,,6,2026-06-30T23:57:59.080362+00:00
80a2757f372e,Jovens do campo são aposta para um futuro agroecológico,ISPN,ispn.org.br,https://ispn.org.br/noticia/jovens-do-campo-sao-aposta-para-um-futuro-agroecologico/,"“Temos uma ligação forte com a agricultura familiar, estudar aqui é como estar em uma segunda casa”, afirma o estudante Paulo Lopes sobre a vivência como aluno na Casa Familiar Rural (CFR) de Itapecuru-Mirim (MA), onde cursa o ensino médio. O local faz parte de um contexto de educação voltada para a realidade do campo, no qual os Centros Educativos Familiares de Formação por Alternância (CEFFAs) trabalham com a juventude, filhos e filhas da agricultura familiar. São instituições comunitárias, se",,,,BR,,6,2026-06-30T23:58:05.257880+00:00
3bed9b3d747d,The IFCD invests in projects that foster the emergence of dynamic cultural and creative sectors in the Global South,UNESCO,unesco.org,https://www.unesco.org/creativity/en/international-fund-cultural-diversity,"Small World Stories Small World Stories  International Fund for Cultural Diversity The International Fund for Cultural Diversity invests in the cultural and creative industries to empower countries in the Global South, to overcome inequalities, and enrich the entire world.   Home   What is the IFCD?   Funded projects   Apply for funding    Support the Fund   Impact   IFCD resources",,,,GLOBAL,,6,2026-06-30T23:57:57.251584+00:00
5ba592f5d59f,Request for Applications: Centennial Bursary Scheme (New Zealand),,fundsforngos.org,https://www2.fundsforngos.org/individuals/request-for-applications-centennial-bursary-scheme-new-zealand/,"Deadline: 15-Dec-2026 The Centennial Bursary Scheme is a Southland District Council initiative providing up to $2,000 per student to support eligible Southland residents entering tertiary education. It is awarded to academically qualified applicants based on merit, community involvement, and personal development potential. What Is the Centennial Bursary Scheme? The Centennial Bursary Scheme is a local education support program run by the Southland District Council. It provides financial assistance to students beginning tertiary education and aims to encourage academic growth, community partici",,"th,",,GLOBAL,,6,2026-06-30T23:57:58.636888+00:00
4252d2134cc7,Request for Applications: Community Partnership Fund – Ardlussa (New Zealand),,fundsforngos.org,https://www2.fundsforngos.org/community-development-2/request-for-applications-community-partnership-fund-ardlussa-new-zealand/,"Deadline: 30-Sep-2026 The Community Partnership Fund – Ardlussa provides $6,522 per year to support community-led projects that meet local needs and priorities. It funds not-for-profit initiatives delivered by community groups or individuals on a case-by-case basis, with a focus on community wellbeing and alignment with the Ardlussa Community Board Plan. What Is the Ardlussa Community Partnership Fund? The Ardlussa Community Partnership Fund is a local funding scheme designed to support community-led development . It enables the Ardlussa Community Board to allocate funding directly to projects",,"$6,522",,GLOBAL,,6,2026-06-30T23:57:58.650387+00:00
e7bab94d43a2,Open Call: Wiki Loves Earth Photography Competition 2026 (Kazakhstan),,fundsforngos.org,https://www2.fundsforngos.org/individuals/open-call-wiki-loves-earth-photography-competition-2026-kazakhstan/,"Deadline: 15-Jul-2026 The Wiki Loves Earth Photography Competition 2026 in Kazakhstan invites photographers and videographers worldwide to document the country’s protected natural heritage sites through original photos and videos. Participants can upload unlimited entries to Wikimedia Commons between 15 June and 15 July 2026 for a chance to win prizes from a planned prize fund of 290,000 tenge while contributing freely licensed educational media to Wikipedia and other Wikimedia projects. What Is the Wiki Loves Earth Photography Competition 2026? The Wiki Loves Earth Photography Competition 202",,"rp,",,GLOBAL,,6,2026-06-30T23:57:58.767898+00:00
e2e023aad69f,Funding Available for Dual-Use Concepts in the Humanities and Social Sciences (Germany),,fundsforngos.org,https://www2.fundsforngos.org/individuals/funding-available-for-dual-use-concepts-in-the-humanities-and-social-sciences-germany/,"Deadline: 06-Oct-2026 The VolkswagenStiftung Foundation is inviting applications for interdisciplinary research projects that examine how concepts, theories, and research findings from the humanities and social sciences are repurposed in political and ideological contexts. The programme supports project teams with up to €650,000 in funding over two years to advance responsible research, science communication, and reflection on the societal use of academic knowledge. What Is the VolkswagenStiftung Research Grant? The VolkswagenStiftung Research Grant supports innovative interdisciplinary resear",,"€650,000",,GLOBAL,,6,2026-06-30T23:58:06.971546+00:00
da728be1da93,Open Call for Wiki Loves Earth Photography Contest 2026 (Malaysia),,fundsforngos.org,https://www2.fundsforngos.org/individuals/open-call-for-wiki-loves-earth-photography-contest-2026-malaysia/,"Deadline : 15-Jul-2026 The Wiki Loves Earth Photography Contest in Malaysia invites participants to document protected natural areas through original photographs and videos uploaded to Wikimedia Commons. Submissions must show protected areas in Malaysia, meet a minimum resolution of 2 megapixels , and include useful details such as location names, species information, and coordinates where possible. Overview The contest encourages contributors to celebrate and document Malaysia’s protected natural heritage through visual media. Participants help expand freely accessible content on Wikimedia Co",,,,GLOBAL,,6,2026-06-30T23:58:07.090113+00:00
ac5ff395effb,Challenging Patriarchal Institutions and Strengthening Anti-Harassment Responses in ASEAN,,fundsforngos.org,https://www2.fundsforngos.org/individuals/challenging-patriarchal-institutions-and-strengthening-anti-harassment-responses-in-asean/,"Deadline: 10-Jul-2026 The SHAPE-SEA Program supports Southeast Asian researchers in studying anti-harassment systems and patriarchal institutional structures across ASEAN Member States. It funds evidence-based research on why sexual and gender-based violence policies often fail in practice despite legal frameworks. Selected scholars receive up to THB 80,000 and present findings at a regional policy dialogue with key ASEAN stakeholders. Overview of the SHAPE-SEA Program The SHAPE-SEA Program is a regional research funding initiative designed to generate policy-relevant evidence on anti-harassme",,"THB 80,000",,GLOBAL,,6,2026-06-30T23:58:17.777130+00:00
73fcdf30cc50,Ireland Fellows Programme – Kader Asmal Fellowship 2027/2028 (Fully-funded),,opportunitydesk.org,https://opportunitydesk.org/2026/06/30/kader-asmal-fellowship-2027-2028/,"Deadline: July 27, 2026 Applications are open for the Ireland Fellows Programme – Kader Asmal Fellowship 2027/2028. The Kader Asmal Fellowship Programme is a fully-funded scholarship opportunity offered to South African students to study at Master’s level in Ireland’s world-renowned Higher Education Institutions. This flagship programme of the Embassy of Ireland in South Africa is [...]",2026-07-27,,,GLOBAL,,6,2026-06-30T23:57:52.381831+00:00
3dec51061fa1,Gender Equality & Women Empowerment: Mid-June Update (17 new opportunities!),,impactfunding.substack.com,https://impactfunding.substack.com/p/gender-equality-and-women-empowerment-e23,AWG funding converging across four independent funder types; the women-in-STEM corridor keeps adding entrants.,,,,GLOBAL,,6,2026-06-30T23:57:52.367865+00:00
b5cac2910f06,"Fully Funded Fellowship Offers Researchers $3,000 Monthly Stipend to Advance AI Safety in South Africa",,globalsouthopportunities.com,https://www.globalsouthopportunities.com/2026/06/30/fellowship-208/,"Applications are now open for the 2026–2027 Winter PIBBSS Fellowship, a fully funded interdisciplinary research program designed to support researchers transitioning into the rapidly growing field of artificial intelligence (AI) safety. Organized by Principles of Intelligence (PrincInt), the approximately three-month fellowship connects participants with leading AI safety mentors to conduct full-time research at the intersection …",,,,GLOBAL,,6,2026-06-30T23:57:53.349921+00:00
c8732d0262d4,Applications Open for the 2026 Fully Funded Entrepreneurial Design Fellowship in Rwanda,,globalsouthopportunities.com,https://www.globalsouthopportunities.com/2026/06/30/entrepreneurial/,"Applications are now open for Cohort 4 of the Entrepreneurial Design Fellowship, a fully funded youth entrepreneurship program aimed at equipping aspiring entrepreneurs in Rwanda with the skills, mentorship, and opportunities needed to develop sustainable business solutions. Organized by the Thriving Inclusive Community Organization (TICO), the fellowship is designed to empower young people to become …",,,,GLOBAL,,6,2026-06-30T23:57:53.351537+00:00
ca08d396a78c,Funding Culture for a Changing World,Nordic Culture Fund,nordic:nordic-culture,https://www.nordiskkulturfond.org/en/funding-culture-for-a-changing-world,"Funding Culture for a Changing World Across two volumes, Brussels-based researcher Elena Polivtseva investigates, analyses, and summarises Globus, the global funding initiative of the Nordic Culture Fund  during 2020-2025. Both publications offer recommendations and forward-looking perspectives on how to develop more relevant, responsive and future-oriented funding models for cross-border cultural",,"us,",,GLOBAL,,6,2026-06-30T23:57:54.163207+00:00
9aa565e35cc7,Current grants,Swedish Arts Council,nordic:kulturradet-se,https://www.kulturradet.se/en/our-grants/grants-for-international-promotion-of-swedish-literature-and-drama/,"Current grants 
 
 
 
 
 
 Literature and translation 
 
 Open for application 
 Grants for international promotion of Swedish literature and drama 
 This grant aims to promote the international dissemination of high-quality Swedish literature and Swedish drama and to enable international exchanges in the field. 
 
 
 
                        50",,,,GLOBAL,,6,2026-06-30T23:57:56.388588+00:00
762b4d54696e,Public display grants 2026,Arts Promotion Centre Finland,nordic:taike-fi,https://www.taike.fi/en/awarded-support/public-display-grants-2026,"Awarded support
 
 
 
 Published
 6.5.2026 
 
 
 
  
    Public display grants 2026

 
 
 
 The National Council for the Visual Arts has awarded the 2026 public display grants, a total of 950,000 euros. Public display grants were awarded to 95 artists out of 1260 who applied. Public display grants are awarded as four-month working grants, and the amount of each grant is",,in 2026,,GLOBAL,,6,2026-06-30T23:57:58.369522+00:00
cff37ee20e83,Subsídio de Desenvolvimento Comunitário,,capta.org.br,https://capta.org.br/oportunidades/subsidio-de-desenvolvimento-comunitario/,"Inter-American Foundation A Inter-American Foundation lançou o programa “Subsídio de Desenvolvimento Comunitário” com o objetivo de apoiar projetos de desenvolvimento liderados por comunidades na América Latina e no Caribe. A parceria visa organizações locais que identificam soluções inovadoras e viáveis para os desafios do desenvolvimento local, especialmente em comunidades desfavorecidas ou excluídas. O valor máximo de apoio é de US$ 400.000. O edital abrange todo o Brasil e as inscrições são contínuas. Região: todo o Brasil Inscrições: contínuas Edital: Subsídio de Desenvolvimento Comunitár",,,,BR,,4,2026-06-30T23:57:59.073915+00:00
feaac5fcd7c2,Catalisar 2024,,capta.org.br,https://capta.org.br/oportunidades/catalisar-2024/,"Fábrica Carioca de Catalisadores S.A. O edital Catalisar 2024, lançado pela Fábrica Carioca de Catalisadores S.A., tem como objetivo oferecer para populações em situação de vulnerabilidade social e econômica a oportunidade de exposição à cultura, esporte, cidadania, saúde, educação, conscientização ambiental e geração de renda. As linhas temáticas do edital incluem inclusão social, educação e desenvolvimento integral, geração de trabalho e renda, e prevenção e promoção à saúde. O valor total do edital é de R$ 317.739,34, e o valor máximo de apoio para cada projeto será determinado pela Fábrica",,,,BR,,4,2026-06-30T23:57:59.074925+00:00
c06f5ce6a0d9,Banco de Projetos Socioambientais,,capta.org.br,https://capta.org.br/oportunidades/banco-de-projetos-socioambientais/,"Instituto EDP O Banco de Projetos Socioambientais do Instituto EDP é um canal de captação contínua para projetos sociais que tenham como objetivo o desenvolvimento social, cultural e/ou ambiental. A fonte de recursos desse banco são o LICC, LIEC, PROAC, PIE, verba direta, FIA, Fundo do Idoso, Rouanet, PRONAS, PRONON e a Lei Federal do Esporte. Região: diversos municípios dos estados do Espirito Santo, São Paulo, Goiás, Ceará, entre outros. Para mais informações acesse o edital. Inscrições: contínuas Edital: Banco de Projetos Socioambientais",,,,BR,,4,2026-06-30T23:57:59.077048+00:00
fcd11756419b,Por um financiamento climático justo: chamado da Casa Sul Global iniciado na COP30,ISPN,ispn.org.br,https://ispn.org.br/noticia/por-um-financiamento-climatico-justo-chamado-da-casa-sul-global-iniciado-na-cop30/,"Enfrentar a crise climática é uma questão de sobrevivência humana no planeta. Ainda assim, seus impactos não se manifestam da mesma maneira. Comunidades do Sul Global, marcadas por desigualdades históricas e por processos de exclusão econômica, social e política, são as que menos contribuíram para a intensificação da crise climática, mas estão entre as mais afetadas por seus efeitos. Ao mesmo tempo, são essas comunidades as detentoras das soluções concretas às mudanças aceleradas. O Sul Global a",,,,BR,,4,2026-06-30T23:58:05.144519+00:00
b1dd38fe23ff,Mulheres guardiãs das águas do Cerrado são tema da nova temporada do podcast Canto da Coruja Comunidade,ISPN,ispn.org.br,https://ispn.org.br/noticia/mulheres-guardias-das-aguas-do-cerrado-sao-tema-da-nova-temporada-do-podcast-canto-da-coruja-comunidade/,"A resiliência do Cerrado se traduz na força de suas guardiãs. É com essa inspiração que o ISPN lança a 7ª temporada do podcast Canto da Coruja Comunidade, dedicada às mulheres cerratenses que participaram da formação Cerrativismo – Mulheres das Águas. A nova temporada chega num momento crucial, com o Brasil prestes a sediar a COP30, que começa na próxima semana, em Belém (PA). Ao amplificar as vozes das mulheres cerratenses, o ISPN antecipa um dos debates centrais na conferência: o papel das com",,,,BR,,4,2026-06-30T23:58:05.190074+00:00
cd3b3804a67d,Vozes do Cerrado do Sul do Maranhão se reúnem em audiência pública para discutir proteção do bioma,ISPN,ispn.org.br,https://ispn.org.br/noticia/vozes-do-cerrado-do-sul-do-maranhao-se-reunem-em-audiencia-publica-para-discutir-protecao-do-bioma/,"Quase toda a viagem de carro pela BR 230, rumo ao Sul do Maranhão, nos revela um cenário difícil de ver. A perder de vista, terras sem verde, sem vida, com redemoinhos de areia. Nessa época do ano, nem a soja se faz presente. A terra ainda está sendo preparada para recebê-la. Uma visão muito parecida em toda a região do Matopiba que abrange os estados do Tocantins e partes do Maranhão, Piauí e Bahia. Região considerada “celeiro de alimentos”, onde ocorreu forte expansão agrícola a partir da segu",,,,BR,,4,2026-06-30T23:58:05.220348+00:00
1da41c319242,"Os desafios, oportunidades e adaptações necessárias para o uso tradicional do fogo",ISPN,ispn.org.br,https://ispn.org.br/artigo-de-opiniao/os-desafios-oportunidades-e-adaptacoes-necessarias-para-o-uso-tradicional-do-fogo/,"Muitos povos e comunidades rurais fazem o uso tradicional do fogo para suas atividades produtivas, culturais e cotidianas em todo o Brasil. Entre as atividades em que o fogo é mais usado, podemos destacar as queimadas para: agricultura familiar; limpeza de áreas; redução de material combustível (vegetação seca) para proteção de áreas contra incêndios; caça de animais silvestres; rebrota de pastagens para a alimentação de gado e outros animais de criação; estímulo à floração e frutificação de pla",,,,BR,,4,2026-06-30T23:58:05.224691+00:00
6c68358b8f25,Register with SurveyMonkey Apply,Commonwealth Foundation,commonwealthfoundation.com,https://grants.commonwealthfoundation.com/prog/,"Register with SurveyMonkey Apply 
 
 Read more 
 
 
 
 
 Survey Monkey Apply are the providers of the online platform we are using for grant applications. We will only consider completed applications that have been submitted using the online application system. 
 Before applying, you need to set up a SurveyMonkey Apply account. To set up your account, click ‘register’ on the  website here .",,,,GLOBAL,,4,2026-06-30T23:57:52.088582+00:00
7638b733f6f6,Application guidance documents,Commonwealth Foundation,commonwealthfoundation.com,https://commonwealthfoundation.com/wp-content/uploads/2025/09/Frequently-asked-questions-2025.pdf,"Application guidance documents 
 Download the documentation you need to apply for this grants call 
 
 
 
 Frequently asked questions 
 Grant application form 
 Guidelines for applicants 
 Logic model template 
 What is constructive engagement? 
 How to submit an online application 
 
 
 
 Download all resources",,,,GLOBAL,,4,2026-06-30T23:57:52.090048+00:00
9d916378c58e,Apply Now: Hubert H. Humphrey Fellowship Program (Vietnam),,fundsforngos.org,https://www2.fundsforngos.org/leadership/apply-now-hubert-h-humphrey-fellowship-program-vietnam/,"Deadline: 09-Aug-2026 The Hubert H. Humphrey Fellowship Program (2027–2028) is a U.S.-funded non-degree academic exchange program for mid-career Vietnamese professionals with leadership potential. It provides approximately 10 months of graduate-level study, leadership development, and professional experience in the United States, including a 6-week professional affiliation with U.S. organizations. What Is the Humphrey Fellowship Program? The Hubert H. Humphrey Fellowship Program is a prestigious international exchange initiative that brings mid-career professionals to the United States for one",,"th,",,GLOBAL,,4,2026-06-30T23:57:58.688214+00:00
9a9f5bacc773,Nominations open for Sheikh Zayed Book Award,,fundsforngos.org,https://www2.fundsforngos.org/individuals/nominations-open-for-sheikh-zayed-book-award/,"Deadline: 01-Sep-2026 The Sheikh Zayed Book Award, organized by the Abu Dhabi Arabic Language Centre, is accepting submissions from authors, publishers, researchers, translators, and cultural institutions. The award recognizes exceptional books and cultural achievements that advance Arabic literature, scholarship, translation, publishing, and intellectual development across multiple categories. What is the Sheikh Zayed Book Award? The Sheikh Zayed Book Award is one of the Arab world’s most prestigious literary and cultural awards. Organized by the Abu Dhabi Arabic Language Centre, the award ce",,,,GLOBAL,,4,2026-06-30T23:57:58.717606+00:00
da69e5288f3d,Laboratory Leadership Fellowship Program (Uganda),,fundsforngos.org,https://www2.fundsforngos.org/leadership/laboratory-leadership-fellowship-program-uganda/,"Deadline: 31-Jul-2026 The Uganda Public Health Fellowship Program (UPHFP) Laboratory Leadership Fellowship is a two-year learning-through-service programme designed to strengthen Uganda’s public health laboratory workforce. The fellowship equips health laboratory professionals with practical leadership, laboratory systems, disease surveillance, biosafety, emergency response, and research skills while addressing real public health challenges through supervised field placements. What Is the Uganda Public Health Fellowship Program (UPHFP) Laboratory Leadership Fellowship? The Uganda Public Health",,th.,,GLOBAL,,4,2026-06-30T23:58:06.982320+00:00
4675e2736289,Advanced Field Epidemiology Fellowship Program (Uganda),,fundsforngos.org,https://www2.fundsforngos.org/leadership/advanced-field-epidemiology-fellowship-program-uganda/,"Deadline: 31-Jul-2026 The Uganda Public Health Fellowship Program (UPHFP) is accepting applications for its two-year Field Epidemiology Track, a learning-through-service fellowship designed to strengthen Uganda’s public health workforce. The program equips health professionals with practical skills in epidemiology, disease surveillance, outbreak investigation, public health leadership, and health systems management through supervised field placements and classroom training. What Is the Uganda Public Health Fellowship Program (UPHFP)? The Uganda Public Health Fellowship Program (UPHFP) is a pro",,th.,,GLOBAL,,4,2026-06-30T23:58:07.000021+00:00
a7c038ec5604,Rapid Grants for Initial Language Documentation Fieldwork,,fundsforngos.org,https://www2.fundsforngos.org/individuals/rapid-grants-for-initial-language-documentation-fieldwork/,Deadline: 01-Oct-2026 The Rapid Grant Programme supports early-stage fieldwork in endangered language documentation . It is designed to help researchers evaluate whether a full documentation project is feasible. The programme focuses on: Initial fieldwork and feasibility assessment Early engagement with language communities Preliminary linguistic data collection Survey work in under-documented regions Core Purpose The programme aims to: Identify and assess endangered languages in the field Build early relationships with language communities Gather baseline linguistic data Determine suitability,,"€5,000",,GLOBAL,,4,2026-06-30T23:58:30.056755+00:00
5206dfd661a6,The Ultimate Guide to Business Grants & Startup Support,,fundsforngos.org,https://www2.fundsforngos.org/listing/the-ultimate-guide-to-business-grants-startup-support/,"The Ultimate Guide to Business Grants & Startup Support 
 [April 2026]
Explore a curated list of business grants, startup programs, accelerators, and innovation challenges designed to support entrepreneurs and growing ventures worldwide. Whether you are an early-stage founder or scaling your business, this guide helps you identify relevant opportunities …  [Read more...]  about The Ultimate Guide",,,,GLOBAL,,4,2026-06-30T23:58:44.997283+00:00
9c3829d1e90d,Ireland Fellows Programme – Courtney Fellowship 2027/2028 (Fully-funded),,opportunitydesk.org,https://opportunitydesk.org/2026/06/30/courtney-fellowship-2027-2028/,"Deadline: July 26, 2026 Applications are open for the Ireland Fellows Programme – Courtney Fellowship 2027/2028. The aims of the programme are to nurture future leaders; to develop in-country capacity to achieve national Sustainable Development Goals and to build positive relationships with Ireland. The Ireland Fellows Programme is fully funded by the Government of Ireland [...]",2026-07-26,,,GLOBAL,,4,2026-06-30T23:57:52.382939+00:00
7a6c73186575,UNDP timbuktoo Pan-African MineTech Startup Incubation Programme 2026,,opportunitydesk.org,https://opportunitydesk.org/2026/06/30/undp-timbuktoo-pan-african-minetech-startup-incubation-programme-2026/,"Deadline: On Rolling Basis Applications are open for the UNDP timbuktoo Pan-African MineTech Startup Incubation Programme 2026. The timbuktoo MineTech Hub will identify and support startups building technology to make African mining safer, cleaner and more transparent — from equipment that protects artisanal miners, to tools that track where minerals come from, to systems that [...]",,,,GLOBAL,,4,2026-06-30T23:57:52.384191+00:00
f4a5ff01a9b4,"Apply for the Lagos Agrithon 2026 (₦200,000,000 prize)",,opportunitydesk.org,https://opportunitydesk.org/2026/06/29/lagos-agrithon-2026/,"Deadline: July 19, 2026 Applications for the Lagos Agrithon 2026 are now open. The Lagos Agrithon 2026 is the flagship youth agrifood innovation and enterprise acceleration programme of the Lagos State Ministry of Agriculture and Food Systems, powered by the Lagos Agrinnovation Club. It is designed to identify, nurture, support, and scale youth-led agribusinesses and [...]",2026-07-19,,,GLOBAL,,4,2026-06-30T23:57:52.384916+00:00
a81167d15adc,University of Calgary Mark Grosjean Postdoctoral Fellowship 2026 in Political Science: Fully Funded Research Opportunity in Canada,,opportunitiesforyouth.org,https://opportunitiesforyouth.org/2026/06/30/university-of-calgary-mark-grosjean-postdoctoral-fellowship-2026-in-political-science-fully-funded-research-opportunity-in-canada/,"The University of Calgary is inviting applications for the Mark Grosjean Postdoctoral Fellowship in Political Science, an outstanding research opportunity for early-career scholars seeking to advance their academic careers at one of Canada’s leading research-intensive universities. Hosted by the Department of Political Science within the Faculty of Arts, this prestigious fellowship provides postdoctoral researchers with […] The post University of Calgary Mark Grosjean Postdoctoral Fellowship 202",,th .,,LATAM,,4,2026-06-30T23:57:52.518647+00:00
5244b0634a61,Mid-June Update (#2): 29 New Funding Opportunities!,,impactfunding.substack.com,https://impactfunding.substack.com/p/mid-june-update-2-29-new-funding,"29 new opportunities across all sectors, including two UN Women openings in Palestine that close within days and a USD $9.4M humanitarian innovation call.",,,,GLOBAL,,4,2026-06-30T23:57:52.365947+00:00
d98486fc0859,The Global Good Fund Launches Fellowship 2027 to Support Emerging Social Entrepreneurs Worldwide: Apply Now,,globalsouthopportunities.com,https://www.globalsouthopportunities.com/2026/06/30/fellowship-189/,"The Global Good Fund has officially opened applications for its 2027 Fellowship Programme, a leadership development initiative designed to support social entrepreneurs who are driving measurable impact within their communities. The fellowship targets founders and enterprise leaders who are ready to scale both their ventures and their personal leadership capacity. The programme is structured to …",,,,GLOBAL,,4,2026-06-30T23:57:53.349052+00:00
5a9dba1c2e03,Calling All Youth Changemakers: Be Part of eYAA Cohort 6 Now!,ASEAN Foundation,asia:asean,https://aseanfoundation.org/call-for-application/calling-all-youth-changemakers-be-part-of-eyaa-cohort-6-now/,Apply for eYAA Cohort 6 – ASEAN Volunteering Programme Skip to content About Us Our Story Our Vision & Mission Our People Board of Trustees Our Team Press Library Programmes & Impacts Programmes Our Impacts Get Involved Call for Applications Careers Become Our Partner News & Publications News Publications About Us Our Story Our Vision & Mission Our People Board of Trustees Our Team Press Library Programmes & Impacts Programmes Our Impacts Get Involved Call for Applications Careers Become Our Partner News & Publications News Publications Contact Us About Us Our Story Our Vision & Mission Our People Board of Trustees Our Team Press Library Programmes & Impacts Programmes Our Impacts Get Involved Call for Applications Careers Become Our Partner News & Publications News Publications Search Con,,rm.,,SEA,,4,2026-06-30T23:57:57.324736+00:00
da53fd69eb38,Call for Applications: ASEAN Youth Creators for Impact Programme,ASEAN Foundation,asia:asean,https://aseanfoundation.org/call-for-application/call-for-applications-asean-youth-creators-for-impact-programme/,Call for Applications: ASEAN Youth Creators for Impact Programme  - ASEAN Foundation Skip to content About Us Our Story Our Vision & Mission Our People Board of Trustees Our Team Press Library Programmes & Impacts Programmes Our Impacts Get Involved Call for Applications Careers Become Our Partner News & Publications News Publications About Us Our Story Our Vision & Mission Our People Board of Trustees Our Team Press Library Programmes & Impacts Programmes Our Impacts Get Involved Call for Applications Careers Become Our Partner News & Publications News Publications Contact Us About Us Our Story Our Vision & Mission Our People Board of Trustees Our Team Press Library Programmes & Impacts Programmes Our Impacts Get Involved Call for Applications Careers Become Our Partner News & Publication,,in 1997,,SEA,,4,2026-06-30T23:57:57.815226+00:00
a57f7c844529,Calling All Youth Changemakers: Be Part of eYAA Cohort 5 Today!,ASEAN Foundation,asia:asean,https://aseanfoundation.org/call-for-application/call-for-applications-asean-youth-empowerment-for-peacebuilding-and-tolerance/calling-all-youth-changemakers-be-part-of-eyaa-cohort-5-today/,Calling All Youth Changemakers: Be Part of eYAA Cohort 5 Today! - ASEAN Foundation Skip to content About Us Our Story Our Vision & Mission Our People Board of Trustees Our Team Press Library Programmes & Impacts Programmes Our Impacts Get Involved Call for Applications Careers Become Our Partner News & Publications News Publications About Us Our Story Our Vision & Mission Our People Board of Trustees Our Team Press Library Programmes & Impacts Programmes Our Impacts Get Involved Call for Applications Careers Become Our Partner News & Publications News Publications Contact Us About Us Our Story Our Vision & Mission Our People Board of Trustees Our Team Press Library Programmes & Impacts Programmes Our Impacts Get Involved Call for Applications Careers Become Our Partner News & Publications,,rm.,,SEA,,4,2026-06-30T23:57:59.113552+00:00
06d413e29f31,Wellbeing Economy Alliance — Membership & Advocacy,Wellbeing Economy Alliance,weall.org,https://weall.org/,"The Wellbeing Economy Alliance (WEAll) is a global collaboration of organisations, governments, and individuals working to transform the economic system. While WEAll does not directly offer grants, members can access networking, policy advocacy, and capacity-building resources for post-growth, wellbeing-centered economic projects.",,,,GLOBAL,,4,2026-06-30T23:57:50.854476+00:00
5b00d3a22732,Pedagogies of the Rural,Nordic Culture Fund,nordic:nordic-culture,https://www.nordiskkulturfond.org/en/projects/pedagogies-of-the-rural,"Pedagogies of the Rural Pedagogies of the Rural facilitates experimental knowledge sharing across localities and communities in a global network with focus on peripheral art practices, rural community building, land care and alternative pedagogies. 
 Read more about the project",,,,GLOBAL,,4,2026-06-30T23:57:54.163605+00:00
00c01aa3c84b,Sustaining the Otherwise,Nordic Culture Fund,nordic:nordic-culture,https://www.nordiskkulturfond.org/en/projects/sustaining-the-otherwise,"Sustaining the Otherwise Sustaining the Otherwise is a research and artistic project about restitution, reparation and transformation, taking place in multiple locations in Europe and Africa. The project offers a space for artists, activists, scholars and writers to be in dialogue and to explore the topic of restitution in relation to both material and immaterial culture. Focusing on artistic prac",,,,AFRICA,,4,2026-06-30T23:57:54.164116+00:00
701bcb983340,Fundos Regenerativos – Nossa Cidade,,capta.org.br,https://capta.org.br/oportunidades/fundo-regenerativo-brumadinho/,"Associação Nossa Cidade Os Fundos Regenerativos , lançados pela Associação Nossa Cidade, tem como objetivo viabilizar ações para a regeneração de Brumadinho, Paraopeba, Belo Horizonte, Lagoa Santana, entre outras. As propostas devem se alinhar às linhas temáticas de reconexão (com a natureza, comunidade e consigo mesmo), resiliência, resistência (a qualquer forma de ameaça à vida), regeneração (do pensamento humano, das relações e da natureza), entre outras. O valor máximo de apoio é de R$ 3.000 por projeto. As inscrições estão abertas de forma contínua. Região: municípios de Brumadinho, Parao",,,,BR,,2,2026-06-30T23:57:59.067296+00:00
febae5454a70,Edital Nº 01/2025 – 2VCC,,capta.org.br,https://capta.org.br/oportunidades/edital-no-01-2025-2vcc/,"2ª Vara Criminal de Colatina O Edital Nº 01/2025 – 2VCC , lançado pela 2ª Vara Criminal de Colatina (2VCC), tem como objetivo apoiar projetos sociais em diversas áreas, incluindo cultura, educação e assistência. O valor total do edital não foi especificado, mas conta com um apoio máximo de R$ 45.000 por projeto. O edital abrange o município de Colatina, no Espírito Santo. As inscrições permanecem abertas de forma contínua. Região: município de Colatina no estado do Espírito Santo Inscrições: contínuas Edital: Edital Nº 01/2025 – 2VCC",,,,BR,,2,2026-06-30T23:57:59.068141+00:00
3657fbe4264e,Micro Financiamento de Projetos ao Redor do Mundo,,capta.org.br,https://capta.org.br/oportunidades/micro-financiamento-de-projetos-ao-redor-do-mundo/,"The Awesome Foundation O edital “Micro Financiamento de Projetos ao Redor do Mundo”, lançado pela The Awesome Foundation, visa apoiar iniciativas de destaque em diversas áreas de atuação, incluindo conservação e clima, apoio a pessoas com deficiência, água, e restauração de Brumadinho e Grande Belo Horizonte. O valor máximo de apoio é de US$ 1.000 por mês. O edital abrange todo o Brasil. As inscrições são contínuas. Região: todo o Brasil Inscrições: contínuas Edital: Micro Financiamento de Projetos ao Redor do Mundo",,,,BR,,2,2026-06-30T23:57:59.073053+00:00
80db29f429f6,Banco de Incentivados da Prosas – BIP,,capta.org.br,https://capta.org.br/oportunidades/banco-de-incentivados-da-prosas-bip/,"Prosas BIP é o Banco de Incentivados da Prosas que busca ajudar projetos sociais na captação de recursos. Esse banco é voltado para projetos com foco na promoção da cultura, esporte, direitos da criança e adolescente, e direitos do idoso. Projetos de todo o Brasil podem se inscrever. Região: todo o Brasil Inscrições: contínuas Site: Banco de Incentivados da Prosas – BIP",,,,BR,,2,2026-06-30T23:57:59.075616+00:00
5ba4d1403b1e,Banco de Projetos – Instituto John Deere,,capta.org.br,https://capta.org.br/oportunidades/banco-de-projetos-instituto-john-deere/,"Instituto John Deere O Banco de Projetos do Instituto John Deere visa apoiar iniciativas sociais voltadas para as áreas de combate à fome, desenvolvimento comunitário e educação. A fonte de recursos desse banco são o PRONON, recursos próprios, FIA, Fundo do Idoso, Lei Federal do Esporte, PRONAS, Lei Rouanet e Lei Estadual do Esporte de São Paulo. Região: estados de Goiás, Rio Grande do Sul e São Paulo Inscrições: contínuas Edital: Banco de Projetos – Instituto John Deere",,,,BR,,2,2026-06-30T23:57:59.076338+00:00
963d55188091,Fund for Innovation in Development,,capta.org.br,https://capta.org.br/oportunidades/fund-for-innovation-in-development/,"Fund for Innovation in Development O Fund for Innovation in Development (FID), visa apoiar projetos que trabalhem nas temáticas de redução da pobreza e desigualdade social, tendo apoio do governo da francês para financiar os projetos. Cada projeto pode receber até € 4.000.000 e não existe limite para o número de projetos que podem ser contemplados. A abrangência geográfica do edital é global. As inscrições podem ser realizadas durante todo o ano e devem ser feitas em inglês ou francês. Região: todo o Brasil Inscrições: contínuas Edital: Fund for Innovation in Development",,,,BR,,2,2026-06-30T23:57:59.077844+00:00
c33de2087ac6,"Profetas do tempo: sabedoria, sinais e futuro no sertão da abundância",ISPN,ispn.org.br,https://ispn.org.br/reportagem/profetas-do-tempo-sabedoria-sinais-e-futuro-no-sertao-da-abundancia/,"O guia Antonio José Rodrigues e seu neto Davi, que quer se tornar arqueólogo, na entrada da gruta no topo da Serra das Andorinhas, ponto final da recém-criada Trilha Ecológica da Comunidade Lagoa do Mato, em Milton Brandão. Foto: Paula Cinquetti/ Acervo ISPN Na beirada da Caatinga, no extremo norte do Nordeste brasileiro, o passado se faz presente em pinturas rupestres milenares e na sabedoria passada de pai para filho, de observar os ciclos da natureza para anunciar a chegada das chuvas. Desde",,,,BR,,2,2026-06-30T23:58:05.006708+00:00
6f8ade3e6fed,Comunidade tradicional do Cerrado lança material didático sobre saberes do território,ISPN,ispn.org.br,https://ispn.org.br/noticia/comunidade-tradicional-do-cerrado-lanca-material-didatico-sobre-saberes-do-territorio/,"Com o objetivo de proteger o Cerrado e valorizar a identidade dos povos que vivem no bioma, a Associação Comunitária dos Pequenos Criadores de Fecho de Pasto de Clemente (ACCFC), na Bahia, lança o livro “Território que Ensina: Saberes do Cerrado na Escola”. O material foi desenvolvido a partir da proposta de levar para as escolas os saberes do Cerrado. Para a elaboração da obra, foram realizadas oficinas com organizações sociais, professores, estudantes e comunidades de Fundo e Fecho de Pasto da",,,,BR,,2,2026-06-30T23:58:05.072814+00:00
a2600b282147,Fundo Ecos abre chamada para projetos em territórios conservados por comunidades,ISPN,ispn.org.br,https://ispn.org.br/noticia/fundo-ecos-abre-chamada-para-projetos-em-territorios-conservados-por-comunidades/,"A chamada Fortalecimento de Segurança Alimentar e Governança de Territórios de Comunidades do Cerrado e da Caatinga do 47° Edital (n° 1/2026) do Fundo Ecos, mecanismo financeiro do Instituto Sociedade, População e Natureza (ISPN), está aberta para envio de projetos até dia 27 de abril de 2026, às 18h, horário de Brasília (DF). O edital é voltado para as organizações inseridas no contexto de TICCAs – Territórios de Vida , um conceito internacional definido como territórios e áreas geridos, maneja",,,,BR,,2,2026-06-30T23:58:05.096683+00:00
239b98eb3d2c,Comunidades locais se articulam como sujeitos de direitos na COP30,ISPN,ispn.org.br,https://ispn.org.br/noticia/comunidades-locais-se-articulam-como-sujeitos-de-direitos-na-cop30/,"Representantes de comunidades locais da América Latina, Caribe, África e Ásia, articuladas internacionalmente, chegaram ao palco de negociações climáticas internacionais, a COP30, em Belém, buscando reconhecimento político e espaço de participação efetiva na agenda climática da ONU. Reunidos em um Fórum Global de Comunidades Locais sobre Mudança Climática, os participantes clamam pelo reconhecimento do recém-criado Caucus de Comunidades Locais na Convenção do Clima da ONU, o que significará um a",,,,BR,,2,2026-06-30T23:58:05.178709+00:00
435e215bf329,"Cerrado em foco: bioma estratégico para água, clima e produção pede protagonismo na COP30",ISPN,ispn.org.br,https://ispn.org.br/noticia/cerrado-em-foco-bioma-estrategico-para-agua-clima-e-producao-pede-protagonismo-na-cop30/,"A imensidão do Cerrado costuma despertar comparações com a savana africana. E não é à toa que o bioma é classificado como uma savana tropical, inclusive, a maior da América do Sul. Sua paisagem combina árvores de troncos retorcidos, campos abertos e áreas úmidas. Com cerca de 200 milhões de hectares, o Cerrado se espalha por 11 estados e o Distrito Federal e é considerado o berço das águas do Brasil: concentra as nascentes de oito das 12 grandes bacias hidrográficas do país, garantindo água para",,,,BR,,2,2026-06-30T23:58:05.242147+00:00
c25971f8b027,Da margem ao centro: comunidades articulam protagonismo climático em evento da UNFCCC,ISPN,ispn.org.br,https://ispn.org.br/noticia/da-margem-ao-centro-comunidades-articulam-protagonismo-climatico-em-evento-da-unfccc/,"Adis Abeba (Etiópia) – A Semana do Clima na África marcou um ponto de virada: pela primeira vez, comunidades locais ocuparam espaço oficial em evento organizado para debater desafios e apresentar soluções climáticas. O encontro evidenciou um impasse central da agenda global: como transformar a presença simbólica desses grupos em poder efetivo de decisão? O encontro “Fortalecendo o Papel das Comunidades Locais no Processo da UNFCCC”, promovido, em 3 de setembro, pela Presidência da COP30 em parce",,,,BR,,2,2026-06-30T23:58:05.245190+00:00
c03ac5e0dc3b,Submissions open for APEX Awards (UK),,fundsforngos.org,https://www2.fundsforngos.org/individuals/submissions-open-for-apex-awards-uk/,"Deadline: 08-Sep-2026 The APEX Awards provide up to £200,000 funding for established independent researchers in the UK to conduct interdisciplinary, curiosity-driven research. The scheme supports collaboration across disciplines—especially between science, engineering, and humanities/social sciences—to develop innovative research that is unlikely to be funded through conventional routes. What Are the APEX Awards? The APEX Awards are a UK-based research funding scheme designed to support high-impact interdisciplinary research. They enable experienced researchers to explore new ideas, methods, a",,"£200,000",,GLOBAL,,2,2026-06-30T23:57:58.670579+00:00
fe383ac75987,Apply Now: Inspiring Young Women’s Awards (Australia),,fundsforngos.org,https://www2.fundsforngos.org/individuals/apply-now-inspiring-young-womens-awards-australia/,"Deadline: 30-Sep-2026 The Inspiring Young Women’s Award is a Tasmanian recognition initiative that celebrates the achievements, talent, and potential of young women across the state. It highlights individuals who demonstrate dedication, leadership, or outstanding contribution in their chosen field or area of passion. The award is designed not only to recognise achievement but also to inspire other young women by showcasing role models from diverse backgrounds and communities throughout Tasmania. Purpose and Objectives The primary purpose of the award is to acknowledge and celebrate young women",,"th,",,GLOBAL,,2,2026-06-30T23:58:17.811927+00:00
0eb41748c53b,Apply Now: Regional Quantum Initiative in British Columbia (Canada),,fundsforngos.org,https://www2.fundsforngos.org/science/apply-now-regional-quantum-initiative-in-british-columbia-canada/,"Deadline : 31-Dec-2026 The Regional Quantum Initiative supports businesses and not-for-profit organizations developing, commercializing, or adopting quantum technologies in British Columbia. The program funds projects in quantum computing, quantum sensors, quantum communications, and quantum materials. Funding ranges from $500,000 to $5 million per recipient. Incorporated businesses receive repayable contributions, while not-for-profit organizations receive non-repayable contributions for non-commercial projects. What is the Regional Quantum Initiative? The Regional Quantum Initiative is a fun",,"th,",,GLOBAL,,2,2026-06-30T23:58:30.000870+00:00
a535a08e847c,World Internet Conference (WIC) Global Youth Leaders Program 2026 (Fully-funded),,opportunitydesk.org,https://opportunitydesk.org/2026/06/29/wic-global-youth-leaders-2026/,"Deadline: July 24, 2026 Applications are open for the World Internet Conference (WIC) Global Youth Leaders Program 2026. The Global Youth Leadership Program (GYLP) is a flagship initiative launched by the WIC in 2023. Over the past three years, 56 Global Youth Leaders from 38 countries and regions have been invited to attend the Youth Forum [...]",2026-07-24,in 2023.,,GLOBAL,,2,2026-06-30T23:57:52.385818+00:00
569ac0cf6afa,World Bank Group (WBG) Explorers Program 2026: Fully Funded Two-Year Global Career Opportunity for Young Professionals from Donor Countries,,opportunitiesforyouth.org,https://opportunitiesforyouth.org/2026/06/30/world-bank-group-wbg-explorers-program-2026-fully-funded-two-year-global-career-opportunity-for-young-professionals-from-donor-countries/,"The World Bank Group (WBG) Explorers Program 2026 is now accepting applications for one of the organization’s newest global talent initiatives designed to cultivate the next generation of development professionals. This prestigious two-year international programme offers young, high-potential professionals from eligible donor and developed countries the opportunity to gain hands-on experience working on real-world development […] The post World Bank Group (WBG) Explorers Program 2026: Fully Fund",,th .,,LATAM,,2,2026-06-30T23:57:52.517783+00:00
fd42ee72e9b8,Mid-June Update: 87 New Impact Funding Opportunities!,,impactfunding.substack.com,https://impactfunding.substack.com/p/mid-june-update-87-new-impact-funding,"87 new opportunities across seven sectors, with localization deepening, civil-society defense intensifying, and large-ticket capital landing.",,,,GLOBAL,,2,2026-06-30T23:57:52.366271+00:00
fcfdbcb95a2f,"The LEGO Foundation Fellowship - Inaugural Global Research Cohort, administered by Social Science Research Council.",,impactfunding.substack.com,https://impactfunding.substack.com/p/the-lego-foundation-fellowship-inaugural,"The LEGO Foundation has opened its first global research fellowship, marking the foundation’s 40th anniversary with USD $300,000 for researchers working on children’s thriving.",,,,GLOBAL,,2,2026-06-30T23:57:52.368220+00:00
4ad46e649e61,June Funding Roundup: 141 New Opportunities!,,impactfunding.substack.com,https://impactfunding.substack.com/p/june-funding-roundup-141-new-opportunities,"400+ active signals; $900M+. Funders make AI the deployment layer across sectors, and identity the eligibility filter.",,,,GLOBAL,,2,2026-06-30T23:57:52.368478+00:00
037dda882979,Cross-Cutting / Intersectional Impact: June 2026 Funding Opportunities (12 new opportunities!),,impactfunding.substack.com,https://impactfunding.substack.com/p/cross-cutting-intersectional-impact-aaa,"81 cross-sectoral signals; $220M+. Funders design calls at sector intersections, not as side effects. AI shows up as cross-sector capacity, not a sector of its own.",,,,GLOBAL,,2,2026-06-30T23:57:52.368771+00:00
0ba71455a0c6,"Innovation, Research & Smart Cities: June 2026 Funding Opportunities (25 new opportunities)",,impactfunding.substack.com,https://impactfunding.substack.com/p/innovation-research-and-smart-cities-65e,"57 active signals; $300M+. AI moves from research to deployment infrastructure, corporate accelerators take equity via SAFE, sovereign strategy drives deep tech capital.",,,,GLOBAL,,2,2026-06-30T23:57:52.369655+00:00
a13cfca4b73f,GovAI Opens Applications for DC Winter Fellowship 2027 Focused on US AI Policy and Governance,,globalsouthopportunities.com,https://www.globalsouthopportunities.com/2026/06/30/fellowship-198/,"The Governance AI has announced the opening of applications for its DC Winter Fellowship 2027, a three-month bipartisan research programme designed to support emerging and experienced professionals working in artificial intelligence policy and governance within the United States. The fellowship will take place in Washington, DC, from 18 January to 9 April 2027. Applications are …",,,,GLOBAL,,2,2026-06-30T23:57:53.350450+00:00
405a0400da9d,Call for Applications of Scam Ready Movers,ASEAN Foundation,asia:asean,https://aseanfoundation.org/call-for-application/call-for-applications-for-scam-ready-movers/,Call for Applications of Scam Ready Movers  - ASEAN Foundation Skip to content About Us Our Story Our Vision & Mission Our People Board of Trustees Our Team Press Library Programmes & Impacts Programmes Our Impacts Get Involved Call for Applications Careers Become Our Partner News & Publications News Publications About Us Our Story Our Vision & Mission Our People Board of Trustees Our Team Press Library Programmes & Impacts Programmes Our Impacts Get Involved Call for Applications Careers Become Our Partner News & Publications News Publications Contact Us About Us Our Story Our Vision & Mission Our People Board of Trustees Our Team Press Library Programmes & Impacts Programmes Our Impacts Get Involved Call for Applications Careers Become Our Partner News & Publications News Publications Se,,"in 1997,",,SEA,,2,2026-06-30T23:57:55.835263+00:00
87cea4f37928,ASEAN SOAR Together 2.0 Call for Applications is Now Open!,ASEAN Foundation,asia:asean,https://aseanfoundation.org/call-for-application/asean-soar-together-2-0-call-for-applications-is-now-open/,ASEAN SOAR Together 2.0 Call for Applications is Now Open! - ASEAN Foundation Skip to content About Us Our Story Our Vision & Mission Our People Board of Trustees Our Team Press Library Programmes & Impacts Programmes Our Impacts Get Involved Call for Applications Careers Become Our Partner News & Publications News Publications About Us Our Story Our Vision & Mission Our People Board of Trustees Our Team Press Library Programmes & Impacts Programmes Our Impacts Get Involved Call for Applications Careers Become Our Partner News & Publications News Publications Contact Us About Us Our Story Our Vision & Mission Our People Board of Trustees Our Team Press Library Programmes & Impacts Programmes Our Impacts Get Involved Call for Applications Careers Become Our Partner News & Publications News,,"my,",,SEA,,2,2026-06-30T23:57:56.288151+00:00
3ca5cb91c272,Calling Social Enterprises from 10 ASEAN Countries to Apply! Join Us in ASEAN SEDP 4.0,ASEAN Foundation,asia:asean,https://aseanfoundation.org/call-for-application/calling-social-enterprises-from-10-asean-countries-to-apply-join-us-in-asean-sedp-4-0/,Calling Social Enterprises from 10 ASEAN Countries to Apply! Join Us in ASEAN SEDP 4.0 - ASEAN Foundation Skip to content About Us Our Story Our Vision & Mission Our People Board of Trustees Our Team Press Library Programmes & Impacts Programmes Our Impacts Get Involved Call for Applications Careers Become Our Partner News & Publications News Publications About Us Our Story Our Vision & Mission Our People Board of Trustees Our Team Press Library Programmes & Impacts Programmes Our Impacts Get Involved Call for Applications Careers Become Our Partner News & Publications News Publications Contact Us About Us Our Story Our Vision & Mission Our People Board of Trustees Our Team Press Library Programmes & Impacts Programmes Our Impacts Get Involved Call for Applications Careers Become Our Partn,,in 10,,SEA,,2,2026-06-30T23:57:58.318272+00:00
3e193b1fc6b3,Calling CSOs and Social Enterprises: Join eYAA Cohort 5 Today!,ASEAN Foundation,asia:asean,https://aseanfoundation.org/call-for-application/calling-csos-and-social-enterprises-join-eyaa-cohort-5-today/,Calling CSOs and Social Enterprises: Join eYAA Cohort 5 Today! - ASEAN Foundation Skip to content About Us Our Story Our Vision & Mission Our People Board of Trustees Our Team Press Library Programmes & Impacts Programmes Our Impacts Get Involved Call for Applications Careers Become Our Partner News & Publications News Publications About Us Our Story Our Vision & Mission Our People Board of Trustees Our Team Press Library Programmes & Impacts Programmes Our Impacts Get Involved Call for Applications Careers Become Our Partner News & Publications News Publications Contact Us About Us Our Story Our Vision & Mission Our People Board of Trustees Our Team Press Library Programmes & Impacts Programmes Our Impacts Get Involved Call for Applications Careers Become Our Partner News & Publications N,,"USD 25,000",,SEA,,2,2026-06-30T23:57:59.607779+00:00
11c1082ef1cb,Highlights from the award ceremony,Swedish Arts Council,nordic:kulturradet-se,https://www.kulturradet.se/en/news2/highlights-from-the-award-ceremony/,"Jon Klassen receives Astrid Lindgren Memorial Award. Photo: Maja Brand. 
 
 
 
 
 
                                Highlights from the award ceremony
                             
 During a grand evening at the Stockholm Concert Hall on May 25, we celebrated the 2026 Astrid Lindgren Memorial Award Laureate, Jon Klassen. The award was presented by Her Royal Highness Crown Prince",,,,EU,,2,2026-06-30T23:57:56.387631+00:00
b9444fb866b0,Editais do Fundo das Penas Pecuniárias – MG,,capta.org.br,https://capta.org.br/oportunidades/editais-do-fundo-das-penas-pecuniarias-mg/,"Diversos editais para obtenção de recursos provenientes de penas pecuniárias estão abertos no site do Tribunal de Justiça do Estado de Minas Gerais, destinados ao financiamento de projetos sociais. Municípios como São João Evangelista, Bicas, Monte Alegre de Minas, entre outros, encontram-se com oportunidades disponíveis. Região: diversos municípios do estado de Minas Gerais. Para mais informações acesse o site. Site: Tribunal de Justiça do Estado de Minas Gerais",,,,BR,,0,2026-06-30T23:57:59.069430+00:00
3ff927baa537,Como começar,,capta.org.br,https://capta.org.br/tema/como-comecar/,"Um projeto pode ser fruto de um sonho, pode nascer de uma inquietação, da percepção de problemas ou de algo que te incomode na realidade e que, portanto, precisa de soluções para melhorar. O desafio é conseguir transformar as ideias em ações, fazendo acontecer na prática aquilo que se sonha melhorar. Clique e saiba mais.",,,,BR,,0,2026-06-30T23:57:59.086783+00:00
f434c5c7c14b,Fundação Doen,,capta.org.br,https://capta.org.br/oportunidades/fundacao-doen/,"Fundação Doen A holandesa Fundação Doen recebe projetos durante todo o ano para apoiar projetos sociais nas áreas de energias sustentáveis, economia solidária e empreendimentos sociais. Não há valor máximo e mínimo estabelecidos, mas indicam que normalmente financiam 1/3 do valor do projeto. Propostas devem ser enviadas pelo formulário online, em inglês. A análise das propostas costuma demorar 4 meses. Região: todo o Brasil Inscrições: contínuas Edital: Fundação Doen",,,,BR,,0,2026-06-30T23:57:59.089976+00:00
c6e365b1f143,+3 bilhões de reais,,prosas.com.br,,"+3 bilhões de reais 
 em recursos destinados a projetos.",,,,BR,,0,2026-06-30T23:57:51.551126+00:00
31d35cf1ba17,A natureza como sujeita de direitos: o caso do Rio Mosquito,ISPN,ispn.org.br,https://ispn.org.br/noticia/a-natureza-como-sujeita-de-direitos-o-caso-do-rio-mosquito/,"O reconhecimento do Rio Mosquito como sujeito de direitos foi um processo marcado pela massiva participação popular no norte de Minas Gerais. Para garantir a saúde do afluente, a Campanha Todos pelo Rio Mosquito resultou em um projeto de lei estadual e na aprovação de três leis municipais nas cidades de Serranópolis de Minas , Porteirinha e Nova Porteirinha , que cortam o rio. Nesse espaço do semiárido mineiro, a luta pelo Mosquito demonstra sua importância regional. Durante os períodos de estia",,,,BR,,0,2026-06-30T23:58:05.038818+00:00
6c197067abfb,Muito além do mel: publicação revela o conhecimento dos Awa Guajá sobre as abelhas,ISPN,ispn.org.br,https://ispn.org.br/noticia/muito-alem-do-mel-publicacao-revela-o-conhecimento-dos-awa-guaja-sobre-as-abelhas/,"Os Awa Guajá vivem em contato profundo com a floresta e acumulam conhecimentos ancestrais, como a classificação de dezenas de espécies de abelhas e suas características, parte de seu rico repertório historicamente construído nas relações com a floresta, expresso nas suas visões de mundo, histórias e cantos. Neste Dia Mundial das Abelhas, 20 de maio, divulgamos o lançamento da publicação Hai rawirokaha pape rehe (Livro do Mel) que reúne histórias contadas por pessoas de diferentes gerações do pov",,,,BR,,0,2026-06-30T23:58:05.051949+00:00
ab0909b26eda,Fogo sob controle: como a umidade do ar pode tornar as queimas mais seguras no Cerrado,ISPN,ispn.org.br,https://ispn.org.br/noticia/fogo-sob-controle-como-a-umidade-do-ar-pode-tornar-as-queimas-mais-seguras-no-cerrado/,"A umidade relativa do ar pode ser utilizada como um indicador prático e estratégico para decidir quando realizar queimas controladas ou prescritas. É o que aponta o novo estudo da assessora técnica do ISPN e pesquisadora de Manejo Integrado do Fogo (MIF), Lívia Carvalho Moura, e colaboradores , sob a orientação da professora Profa. Dra. Isabel Schmidt, publicado no International Journal of Wildland Fire. A pesquisa “A umidade relativa do ar no momento da queima é um fator preditivo fundamental d",,,,BR,,0,2026-06-30T23:58:05.069914+00:00
300b80da7f59,Serrinha do Paranoá e a luta pela água do Cerrado são temas de roda de conversa em Brasília,ISPN,ispn.org.br,https://ispn.org.br/noticia/serrinha-do-paranoa-e-a-luta-pela-agua-do-cerrado-sao-temas-de-roda-de-conversa-em-brasilia/,"A Serrinha do Paranoá, no Distrito Federal, virou alvo de interesses que expõem a pressão sobre a região. Há algumas semanas, o local entrou na mira do Governo do Distrito Federal, que cogitou seu uso para capitalizar o Banco de Brasília (BRB), envolvido no caso de corrupção com o Banco Master. A área está listada entre nove imóveis públicos que podem ser destinados para cobrir os prejuízos causados pelos negócios com o banco privado. O local, que fica situado entre o Varjão e o Paranoá, e abrig",,,,BR,,0,2026-06-30T23:58:05.092285+00:00
8feecf6c8e95,Dia Mundial da Água: campanha alerta para a importância do Cerrado na segurança hídrica do país,ISPN,ispn.org.br,https://ispn.org.br/noticia/dia-mundial-da-agua-campanha-alerta-para-a-importancia-do-cerrado-na-seguranca-hidrica-do-pais/,"No próximo dia 22 de março, quando se celebra o Dia Mundial da Água, o Instituto Sociedade, População e Natureza (ISPN) se soma a organizações parceiras para reforçar um alerta urgente: o bioma Cerrado, responsável por abastecer grande parte do território brasileiro, está perdendo suas águas. Como parte da campanha Cerrado, Coração das Águas, será realizada uma mobilização em Brasília (DF), no Eixão do Lazer (altura da 204 Norte), a partir das 10h30. A programação inclui uma roda de conversa sob",,,,BR,,0,2026-06-30T23:58:05.107405+00:00
e5a9a2a0725f,Provide the required additional documentation,Commonwealth Foundation,commonwealthfoundation.com,https://commonwealthfoundation.com/wp-content/uploads/2023/08/Logic-Model-Template.docx,"Provide the required additional documentation 
 
 Read more 
 
 
 
 
 All applicants must submit a completed online application form. All applications must include the following additional documentation: 
 
 A logic model  (using the  template provided here ). 
 A copy of the organisation’s registration certificate.  This should be a clear scan of an official registration document provided by",,,,GLOBAL,,0,2026-06-30T23:57:52.089293+00:00
a24d70142b6a,I don’t have a SurveyMonkey Apply account; how do I get one?,Commonwealth Foundation,commonwealthfoundation.com,https://grants.commonwealthfoundation.com/,"I don’t have a SurveyMonkey Apply account; how do I get one? 
 
 Read more 
 
 
 
 
 You can find out how to register for an account  here .",,,,GLOBAL,,0,2026-06-30T23:57:52.101498+00:00
f3d3706798e0,Award for Excellence in Political Journalism (India),,fundsforngos.org,https://www2.fundsforngos.org/individuals/award-for-excellence-in-political-journalism-india/,"Deadline: 07-Jul-2026 The Editors Guild of India is accepting submissions for the Award for Excellence in Political Journalism under the Prem Bhatia Journalism Awards. The award honors individual journalists whose work has demonstrated outstanding reporting, investigative depth, ethical standards, and significant public impact in covering governance, public policy, elections, and democratic institutions in India. What Is the Award for Excellence in Political Journalism? The Award for Excellence in Political Journalism is presented under the Prem Bhatia Journalism Awards to recognize journalist",,"th,",,GLOBAL,,0,2026-06-30T23:58:07.024594+00:00
cb3a07dbf1b4,New York State Professional Pathways Program 2026: Paid Career Opportunities for Students and Recent Graduates,,opportunitiesforyouth.org,https://opportunitiesforyouth.org/2026/06/30/new-york-state-professional-pathways-program-2026-paid-career-opportunities-for-students-and-recent-graduates/,"The New York State Professional Pathways Program is now accepting applications from students and recent graduates who are eager to launch rewarding careers in public service. Administered by the New York State Department of Civil Service, this innovative employment initiative provides participants with paid opportunities to gain valuable professional experience while working in New York […] The post New York State Professional Pathways Program 2026: Paid Career Opportunities for Students and Rec",,th .,,GLOBAL,,0,2026-06-30T23:57:52.520936+00:00
18d1c219b05d,Our Impact,Ashoka / Changemakers,changemakers.com,https://www.changemakers.com/en/about-changemakers,"Anyone, Anywhere can be a Changemaker  
 
 
 
 
 
 
 
 
 
 
 
 
 
 
 
 
 
 
 
 
 
 
 
   
 
 
 
 
 
 
 Our Impact 
 
 
 
 
 
 
 
 
 121 
 Completed Innovation Challenges 
 
 
 
 
 
 
 
 
 
 143 
 Countries Represented  
 
 
 
 
 
 
 
 
 
 33,240+ 
 Changemakers Engaged 
 
 
 
 
 
 
 
 
 
 86 
 Partner Companies 
 
 
 
 
 
 
 
                    About Changemakers",,in 2023,,GLOBAL,,0,2026-06-30T23:57:56.595811+00:00
68c5cf301092,My account,Creative New Zealand,oceania:creative-nz,https://portal.creativenz.govt.nz/,"My account 
 
 Register  or  sign in",,,,GLOBAL,,0,2026-06-30T23:58:00.576602+00:00
