{
  "type": "FeatureCollection",
  "features": [
    {
      "type": "Feature",
      "geometry": {
        "type": "Point",
        "coordinates": [
          -46.452419,
          -21.948982
        ]
      },
      "properties": {
        "processo": "3260/1936",
        "numero": 3260,
        "ano": 1936,
        "area_ha": 4.84,
        "fase": "CONCESSÃO DE LAVRA",
        "nome": "SRS: 61409892000173",
        "subs": "ZIRCÔNIO",
        "uso": "Demais substâncias",
        "uf": "MG",
        "category": "heavy_mineral_associated",
        "category_label": "Zircônio (heavy mineral, REE assoc.)",
        "dsprocesso": "003.260/1936"
      }
    },
    {
      "type": "Feature",
      "geometry": {
        "type": "Point",
        "coordinates": [
          -46.489831,
          -21.880238
        ]
      },
      "properties": {
        "processo": "7580/1941",
        "numero": 7580,
        "ano": 1941,
        "area_ha": 1.91,
        "fase": "CONCESSÃO DE LAVRA",
        "nome": "SRS: 61409892000173",
        "subs": "ZIRCÔNIO",
        "uso": "Demais substâncias",
        "uf": "MG",
        "category": "heavy_mineral_associated",
        "category_label": "Zircônio (heavy mineral, REE assoc.)",
        "dsprocesso": "007.580/1941"
      }
    },
    {
      "type": "Feature",
      "geometry": {
        "type": "Point",
        "coordinates": [
          -46.456407,
          -21.909229
        ]
      },
      "properties": {
        "processo": "322004/1942",
        "numero": 322004,
        "ano": 1942,
        "area_ha": 2.66,
        "fase": "CONCESSÃO DE LAVRA",
        "nome": "MINEGRAL CIA. BRASILEIRA DE MINERAÇÕES INDÚSTRIA E COMÉRCIO",
        "subs": "ZIRCÔNIO",
        "uso": "Demais substâncias",
        "uf": "MG",
        "category": "heavy_mineral_associated",
        "category_label": "Zircônio (heavy mineral, REE assoc.)",
        "dsprocesso": "322.004/1942"
      }
    },
    {
      "type": "Feature",
      "geometry": {
        "type": "Point",
        "coordinates": [
          -46.452837,
          -21.917466
        ]
      },
      "properties": {
        "processo": "322006/1942",
        "numero": 322006,
        "ano": 1942,
        "area_ha": 0.35,
        "fase": "CONCESSÃO DE LAVRA",
        "nome": "MINEGRAL CIA. BRASILEIRA DE MINERAÇÕES INDÚSTRIA E COMÉRCIO",
        "subs": "ZIRCÔNIO",
        "uso": "Demais substâncias",
        "uf": "MG",
        "category": "heavy_mineral_associated",
        "category_label": "Zircônio (heavy mineral, REE assoc.)",
        "dsprocesso": "322.006/1942"
      }
    },
    {
      "type": "Feature",
      "geometry": {
        "type": "Point",
        "coordinates": [
          -46.438867,
          -21.930787
        ]
      },
      "properties": {
        "processo": "3258/1936",
        "numero": 3258,
        "ano": 1936,
        "area_ha": 62.66,
        "fase": "CONCESSÃO DE LAVRA",
        "nome": "SRS: 61409892000173",
        "subs": "ZIRCÔNIO",
        "uso": "Demais substâncias",
        "uf": "MG",
        "category": "heavy_mineral_associated",
        "category_label": "Zircônio (heavy mineral, REE assoc.)",
        "dsprocesso": "003.258/1936"
      }
    },
    {
      "type": "Feature",
      "geometry": {
        "type": "Point",
        "coordinates": [
          -46.432659,
          -21.977005
        ]
      },
      "properties": {
        "processo": "6944/1941",
        "numero": 6944,
        "ano": 1941,
        "area_ha": 8.58,
        "fase": "CONCESSÃO DE LAVRA",
        "nome": "SRS: 61409892000173",
        "subs": "ZIRCÔNIO",
        "uso": "Demais substâncias",
        "uf": "MG",
        "category": "heavy_mineral_associated",
        "category_label": "Zircônio (heavy mineral, REE assoc.)",
        "dsprocesso": "006.944/1941"
      }
    },
    {
      "type": "Feature",
      "geometry": {
        "type": "Point",
        "coordinates": [
          -46.463446,
          -21.917206
        ]
      },
      "properties": {
        "processo": "3220/1942",
        "numero": 3220,
        "ano": 1942,
        "area_ha": 8,
        "fase": "CONCESSÃO DE LAVRA",
        "nome": "SRS: 61409892000173",
        "subs": "ZIRCÔNIO",
        "uso": "Demais substâncias",
        "uf": "MG",
        "category": "heavy_mineral_associated",
        "category_label": "Zircônio (heavy mineral, REE assoc.)",
        "dsprocesso": "003.220/1942"
      }
    },
    {
      "type": "Feature",
      "geometry": {
        "type": "Point",
        "coordinates": [
          -46.638994,
          -21.894643
        ]
      },
      "properties": {
        "processo": "2082/1940",
        "numero": 2082,
        "ano": 1940,
        "area_ha": 361.95,
        "fase": "CONCESSÃO DE LAVRA",
        "nome": "CONDOMINIO CAMPOS DOS QUIRINOS",
        "subs": "ZIRCÔNIO",
        "uso": "Demais substâncias",
        "uf": "MG",
        "category": "heavy_mineral_associated",
        "category_label": "Zircônio (heavy mineral, REE assoc.)",
        "dsprocesso": "002.082/1940"
      }
    },
    {
      "type": "Feature",
      "geometry": {
        "type": "Point",
        "coordinates": [
          -46.431491,
          -21.960096
        ]
      },
      "properties": {
        "processo": "370503/1942",
        "numero": 370503,
        "ano": 1942,
        "area_ha": 6.3,
        "fase": "CONCESSÃO DE LAVRA",
        "nome": "MINEGRAL CIA. BRASILEIRA DE MINERAÇÕES INDÚSTRIA E COMÉRCIO",
        "subs": "ZIRCÔNIO",
        "uso": "Demais substâncias",
        "uf": "MG",
        "category": "heavy_mineral_associated",
        "category_label": "Zircônio (heavy mineral, REE assoc.)",
        "dsprocesso": "370.503/1942"
      }
    },
    {
      "type": "Feature",
      "geometry": {
        "type": "Point",
        "coordinates": [
          -46.43149,
          -21.933615
        ]
      },
      "properties": {
        "processo": "164431/1935",
        "numero": 164431,
        "ano": 1935,
        "area_ha": 71.12,
        "fase": "CONCESSÃO DE LAVRA",
        "nome": "MINEGRAL CIA. BRASILEIRA DE MINERAÇÕES INDÚSTRIA E COMÉRCIO",
        "subs": "ZIRCÔNIO",
        "uso": "Demais substâncias",
        "uf": "MG",
        "category": "heavy_mineral_associated",
        "category_label": "Zircônio (heavy mineral, REE assoc.)",
        "dsprocesso": "164.431/1935"
      }
    },
    {
      "type": "Feature",
      "geometry": {
        "type": "Point",
        "coordinates": [
          -46.460425,
          -21.911465
        ]
      },
      "properties": {
        "processo": "322003/1942",
        "numero": 322003,
        "ano": 1942,
        "area_ha": 0.59,
        "fase": "CONCESSÃO DE LAVRA",
        "nome": "MINEGRAL CIA. BRASILEIRA DE MINERAÇÕES INDÚSTRIA E COMÉRCIO",
        "subs": "ZIRCÔNIO",
        "uso": "Demais substâncias",
        "uf": "MG",
        "category": "heavy_mineral_associated",
        "category_label": "Zircônio (heavy mineral, REE assoc.)",
        "dsprocesso": "322.003/1942"
      }
    },
    {
      "type": "Feature",
      "geometry": {
        "type": "Point",
        "coordinates": [
          -46.432929,
          -21.952935
        ]
      },
      "properties": {
        "processo": "2656/1935",
        "numero": 2656,
        "ano": 1935,
        "area_ha": 117.48,
        "fase": "CONCESSÃO DE LAVRA",
        "nome": "SRS: 61409892000173",
        "subs": "ZIRCÔNIO",
        "uso": "Demais substâncias",
        "uf": "MG",
        "category": "heavy_mineral_associated",
        "category_label": "Zircônio (heavy mineral, REE assoc.)",
        "dsprocesso": "002.656/1935"
      }
    },
    {
      "type": "Feature",
      "geometry": {
        "type": "Point",
        "coordinates": [
          -46.471702,
          -21.883179
        ]
      },
      "properties": {
        "processo": "164432/1935",
        "numero": 164432,
        "ano": 1935,
        "area_ha": 70.96,
        "fase": "CONCESSÃO DE LAVRA",
        "nome": "MINEGRAL CIA. BRASILEIRA DE MINERAÇÕES INDÚSTRIA E COMÉRCIO",
        "subs": "ZIRCÔNIO",
        "uso": "Demais substâncias",
        "uf": "MG",
        "category": "heavy_mineral_associated",
        "category_label": "Zircônio (heavy mineral, REE assoc.)",
        "dsprocesso": "164.432/1935"
      }
    },
    {
      "type": "Feature",
      "geometry": {
        "type": "Point",
        "coordinates": [
          -46.435805,
          -21.945529
        ]
      },
      "properties": {
        "processo": "3254/1936",
        "numero": 3254,
        "ano": 1936,
        "area_ha": 24.87,
        "fase": "CONCESSÃO DE LAVRA",
        "nome": "SRS: 61409892000173",
        "subs": "ZIRCÔNIO",
        "uso": "Demais substâncias",
        "uf": "MG",
        "category": "heavy_mineral_associated",
        "category_label": "Zircônio (heavy mineral, REE assoc.)",
        "dsprocesso": "003.254/1936"
      }
    },
    {
      "type": "Feature",
      "geometry": {
        "type": "Point",
        "coordinates": [
          -46.450477,
          -21.931135
        ]
      },
      "properties": {
        "processo": "322002/1942",
        "numero": 322002,
        "ano": 1942,
        "area_ha": 1.1,
        "fase": "CONCESSÃO DE LAVRA",
        "nome": "MINEGRAL CIA. BRASILEIRA DE MINERAÇÕES INDÚSTRIA E COMÉRCIO",
        "subs": "ZIRCÔNIO",
        "uso": "Demais substâncias",
        "uf": "MG",
        "category": "heavy_mineral_associated",
        "category_label": "Zircônio (heavy mineral, REE assoc.)",
        "dsprocesso": "322.002/1942"
      }
    },
    {
      "type": "Feature",
      "geometry": {
        "type": "Point",
        "coordinates": [
          -46.42864,
          -21.935919
        ]
      },
      "properties": {
        "processo": "370501/1942",
        "numero": 370501,
        "ano": 1942,
        "area_ha": 1.58,
        "fase": "CONCESSÃO DE LAVRA",
        "nome": "MINEGRAL CIA. BRASILEIRA DE MINERAÇÕES INDÚSTRIA E COMÉRCIO",
        "subs": "ZIRCÔNIO",
        "uso": "Demais substâncias",
        "uf": "MG",
        "category": "heavy_mineral_associated",
        "category_label": "Zircônio (heavy mineral, REE assoc.)",
        "dsprocesso": "370.501/1942"
      }
    },
    {
      "type": "Feature",
      "geometry": {
        "type": "Point",
        "coordinates": [
          -46.671046,
          -21.890033
        ]
      },
      "properties": {
        "processo": "164401/1935",
        "numero": 164401,
        "ano": 1935,
        "area_ha": 20.54,
        "fase": "CONCESSÃO DE LAVRA",
        "nome": "MINEGRAL CIA. BRASILEIRA DE MINERAÇÕES INDÚSTRIA E COMÉRCIO",
        "subs": "ZIRCÔNIO",
        "uso": "Demais substâncias",
        "uf": "MG",
        "category": "heavy_mineral_associated",
        "category_label": "Zircônio (heavy mineral, REE assoc.)",
        "dsprocesso": "164.401/1935"
      }
    },
    {
      "type": "Feature",
      "geometry": {
        "type": "Point",
        "coordinates": [
          -46.452376,
          -21.925963
        ]
      },
      "properties": {
        "processo": "322005/1942",
        "numero": 322005,
        "ano": 1942,
        "area_ha": 8.3,
        "fase": "CONCESSÃO DE LAVRA",
        "nome": "MINEGRAL CIA. BRASILEIRA DE MINERAÇÕES INDÚSTRIA E COMÉRCIO",
        "subs": "ZIRCÔNIO",
        "uso": "Demais substâncias",
        "uf": "MG",
        "category": "heavy_mineral_associated",
        "category_label": "Zircônio (heavy mineral, REE assoc.)",
        "dsprocesso": "322.005/1942"
      }
    },
    {
      "type": "Feature",
      "geometry": {
        "type": "Point",
        "coordinates": [
          -46.465435,
          -21.909446
        ]
      },
      "properties": {
        "processo": "16443/1935",
        "numero": 16443,
        "ano": 1935,
        "area_ha": 344.16,
        "fase": "CONCESSÃO DE LAVRA",
        "nome": "SRS: 61409892000173",
        "subs": "ZIRCÔNIO",
        "uso": "Demais substâncias",
        "uf": "MG",
        "category": "heavy_mineral_associated",
        "category_label": "Zircônio (heavy mineral, REE assoc.)",
        "dsprocesso": "016.443/1935"
      }
    },
    {
      "type": "Feature",
      "geometry": {
        "type": "Point",
        "coordinates": [
          -46.448907,
          -21.924591
        ]
      },
      "properties": {
        "processo": "322015/1942",
        "numero": 322015,
        "ano": 1942,
        "area_ha": 0.18,
        "fase": "CONCESSÃO DE LAVRA",
        "nome": "MINEGRAL CIA. BRASILEIRA DE MINERAÇÕES INDÚSTRIA E COMÉRCIO",
        "subs": "ZIRCÔNIO",
        "uso": "Demais substâncias",
        "uf": "MG",
        "category": "heavy_mineral_associated",
        "category_label": "Zircônio (heavy mineral, REE assoc.)",
        "dsprocesso": "322.015/1942"
      }
    },
    {
      "type": "Feature",
      "geometry": {
        "type": "Point",
        "coordinates": [
          -46.676314,
          -21.865078
        ]
      },
      "properties": {
        "processo": "164402/1935",
        "numero": 164402,
        "ano": 1935,
        "area_ha": 45.79,
        "fase": "CONCESSÃO DE LAVRA",
        "nome": "MINEGRAL CIA. BRASILEIRA DE MINERAÇÕES INDÚSTRIA E COMÉRCIO",
        "subs": "ZIRCÔNIO",
        "uso": "Demais substâncias",
        "uf": "MG",
        "category": "heavy_mineral_associated",
        "category_label": "Zircônio (heavy mineral, REE assoc.)",
        "dsprocesso": "164.402/1935"
      }
    },
    {
      "type": "Feature",
      "geometry": {
        "type": "Point",
        "coordinates": [
          -46.663065,
          -21.890073
        ]
      },
      "properties": {
        "processo": "164433/1935",
        "numero": 164433,
        "ano": 1935,
        "area_ha": 42.75,
        "fase": "CONCESSÃO DE LAVRA",
        "nome": "MINEGRAL CIA. BRASILEIRA DE MINERAÇÕES INDÚSTRIA E COMÉRCIO",
        "subs": "ZIRCÔNIO",
        "uso": "Demais substâncias",
        "uf": "MG",
        "category": "heavy_mineral_associated",
        "category_label": "Zircônio (heavy mineral, REE assoc.)",
        "dsprocesso": "164.433/1935"
      }
    },
    {
      "type": "Feature",
      "geometry": {
        "type": "Point",
        "coordinates": [
          -46.462873,
          -21.917226
        ]
      },
      "properties": {
        "processo": "322001/1942",
        "numero": 322001,
        "ano": 1942,
        "area_ha": 5.37,
        "fase": "CONCESSÃO DE LAVRA",
        "nome": "MINEGRAL CIA. BRASILEIRA DE MINERAÇÕES INDÚSTRIA E COMÉRCIO",
        "subs": "ZIRCÔNIO",
        "uso": "Demais substâncias",
        "uf": "MG",
        "category": "heavy_mineral_associated",
        "category_label": "Zircônio (heavy mineral, REE assoc.)",
        "dsprocesso": "322.001/1942"
      }
    },
    {
      "type": "Feature",
      "geometry": {
        "type": "Point",
        "coordinates": [
          -46.659213,
          -21.892741
        ]
      },
      "properties": {
        "processo": "3240/1936",
        "numero": 3240,
        "ano": 1936,
        "area_ha": 31.66,
        "fase": "CONCESSÃO DE LAVRA",
        "nome": "SRS: 61409892000173",
        "subs": "ZIRCÔNIO",
        "uso": "Demais substâncias",
        "uf": "SP",
        "category": "heavy_mineral_associated",
        "category_label": "Zircônio (heavy mineral, REE assoc.)",
        "dsprocesso": "003.240/1936"
      }
    },
    {
      "type": "Feature",
      "geometry": {
        "type": "Point",
        "coordinates": [
          -46.468103,
          -21.919984
        ]
      },
      "properties": {
        "processo": "3241/1936",
        "numero": 3241,
        "ano": 1936,
        "area_ha": 45.69,
        "fase": "CONCESSÃO DE LAVRA",
        "nome": "SRS: 61409892000173",
        "subs": "ZIRCÔNIO",
        "uso": "Demais substâncias",
        "uf": "MG",
        "category": "heavy_mineral_associated",
        "category_label": "Zircônio (heavy mineral, REE assoc.)",
        "dsprocesso": "003.241/1936"
      }
    },
    {
      "type": "Feature",
      "geometry": {
        "type": "Point",
        "coordinates": [
          -46.448881,
          -21.924603
        ]
      },
      "properties": {
        "processo": "322007/1942",
        "numero": 322007,
        "ano": 1942,
        "area_ha": 0.17,
        "fase": "CONCESSÃO DE LAVRA",
        "nome": "MINEGRAL CIA. BRASILEIRA DE MINERAÇÕES INDÚSTRIA E COMÉRCIO",
        "subs": "ZIRCÔNIO",
        "uso": "Demais substâncias",
        "uf": "MG",
        "category": "heavy_mineral_associated",
        "category_label": "Zircônio (heavy mineral, REE assoc.)",
        "dsprocesso": "322.007/1942"
      }
    },
    {
      "type": "Feature",
      "geometry": {
        "type": "Point",
        "coordinates": [
          -46.431609,
          -21.942486
        ]
      },
      "properties": {
        "processo": "370502/1942",
        "numero": 370502,
        "ano": 1942,
        "area_ha": 4,
        "fase": "CONCESSÃO DE LAVRA",
        "nome": "MINEGRAL CIA. BRASILEIRA DE MINERAÇÕES INDÚSTRIA E COMÉRCIO",
        "subs": "ZIRCÔNIO",
        "uso": "Demais substâncias",
        "uf": "MG",
        "category": "heavy_mineral_associated",
        "category_label": "Zircônio (heavy mineral, REE assoc.)",
        "dsprocesso": "370.502/1942"
      }
    },
    {
      "type": "Feature",
      "geometry": {
        "type": "Point",
        "coordinates": [
          -45.685842,
          -21.992294
        ]
      },
      "properties": {
        "processo": "830728/1983",
        "numero": 830728,
        "ano": 1983,
        "area_ha": 212.87,
        "fase": "CONCESSÃO DE LAVRA",
        "nome": "Brita Vale Ltda Me",
        "subs": "MINÉRIO DE TITÂNIO",
        "uso": "Industrial",
        "uf": "MG",
        "category": "heavy_mineral_associated",
        "category_label": "Minério de Titânio (heavy mineral, REE assoc.)",
        "dsprocesso": "830.728/1983"
      }
    },
    {
      "type": "Feature",
      "geometry": {
        "type": "Point",
        "coordinates": [
          -46.307093,
          -22.331826
        ]
      },
      "properties": {
        "processo": "820992/1971",
        "numero": 820992,
        "ano": 1971,
        "area_ha": 153.66,
        "fase": "CONCESSÃO DE LAVRA",
        "nome": "MINERACAO ESTRELA DO SUL LTDA",
        "subs": "APATITA",
        "uso": "Demais substâncias",
        "uf": "MG",
        "category": "phosphate_associated",
        "category_label": "Apatita (REE-bearing phosphate)",
        "dsprocesso": "820.992/1971"
      }
    },
    {
      "type": "Feature",
      "geometry": {
        "type": "Point",
        "coordinates": [
          -46.42386,
          -21.957781
        ]
      },
      "properties": {
        "processo": "370504/1942",
        "numero": 370504,
        "ano": 1942,
        "area_ha": 20.64,
        "fase": "CONCESSÃO DE LAVRA",
        "nome": "MINEGRAL CIA. BRASILEIRA DE MINERAÇÕES INDÚSTRIA E COMÉRCIO",
        "subs": "ZIRCÔNIO",
        "uso": "Demais substâncias",
        "uf": "MG",
        "category": "heavy_mineral_associated",
        "category_label": "Zircônio (heavy mineral, REE assoc.)",
        "dsprocesso": "370.504/1942"
      }
    },
    {
      "type": "Feature",
      "geometry": {
        "type": "Point",
        "coordinates": [
          -46.437316,
          -21.977426
        ]
      },
      "properties": {
        "processo": "370505/1942",
        "numero": 370505,
        "ano": 1942,
        "area_ha": 66.83,
        "fase": "CONCESSÃO DE LAVRA",
        "nome": "MINEGRAL CIA. BRASILEIRA DE MINERAÇÕES INDÚSTRIA E COMÉRCIO",
        "subs": "ZIRCÔNIO",
        "uso": "Demais substâncias",
        "uf": "MG",
        "category": "heavy_mineral_associated",
        "category_label": "Zircônio (heavy mineral, REE assoc.)",
        "dsprocesso": "370.505/1942"
      }
    },
    {
      "type": "Feature",
      "geometry": {
        "type": "Point",
        "coordinates": [
          -46.420517,
          -21.898965
        ]
      },
      "properties": {
        "processo": "2134/1948",
        "numero": 2134,
        "ano": 1948,
        "area_ha": 11.97,
        "fase": "CONCESSÃO DE LAVRA",
        "nome": "SRS: 61409892000173",
        "subs": "ZIRCÔNIO",
        "uso": "Demais substâncias",
        "uf": "MG",
        "category": "heavy_mineral_associated",
        "category_label": "Zircônio (heavy mineral, REE assoc.)",
        "dsprocesso": "002.134/1948"
      }
    },
    {
      "type": "Feature",
      "geometry": {
        "type": "Point",
        "coordinates": [
          -45.681069,
          -21.976421
        ]
      },
      "properties": {
        "processo": "831774/1984",
        "numero": 831774,
        "ano": 1984,
        "area_ha": 546.88,
        "fase": "CONCESSÃO DE LAVRA",
        "nome": "AURION MINERACAO LTDA",
        "subs": "TITÂNIO",
        "uso": "Demais substâncias",
        "uf": "MG",
        "category": "heavy_mineral_associated",
        "category_label": "Titânio (heavy mineral sand)",
        "dsprocesso": "831.774/1984"
      }
    },
    {
      "type": "Feature",
      "geometry": {
        "type": "Point",
        "coordinates": [
          -45.717632,
          -21.747506
        ]
      },
      "properties": {
        "processo": "830724/1983",
        "numero": 830724,
        "ano": 1983,
        "area_ha": 975,
        "fase": "CONCESSÃO DE LAVRA",
        "nome": "JOSUE SIQUEIRA BAGNI",
        "subs": "ILMENITA",
        "uso": "Demais substâncias",
        "uf": "MG",
        "category": "heavy_mineral_associated",
        "category_label": "Ilmenita (heavy mineral sand, REE assoc.)",
        "dsprocesso": "830.724/1983"
      }
    },
    {
      "type": "Feature",
      "geometry": {
        "type": "Point",
        "coordinates": [
          -46.457577,
          -21.924392
        ]
      },
      "properties": {
        "processo": "58201/1944",
        "numero": 58201,
        "ano": 1944,
        "area_ha": 114.52,
        "fase": "CONCESSÃO DE LAVRA",
        "nome": "SRS: 61409892000173",
        "subs": "ZIRCÔNIO",
        "uso": "Demais substâncias",
        "uf": "MG",
        "category": "heavy_mineral_associated",
        "category_label": "Zircônio (heavy mineral, REE assoc.)",
        "dsprocesso": "058.201/1944"
      }
    },
    {
      "type": "Feature",
      "geometry": {
        "type": "Point",
        "coordinates": [
          -45.72672,
          -21.888357
        ]
      },
      "properties": {
        "processo": "830727/1983",
        "numero": 830727,
        "ano": 1983,
        "area_ha": 758,
        "fase": "CONCESSÃO DE LAVRA",
        "nome": "COMERCIO DE AREIA RIO SAPUCAI LTDA",
        "subs": "MINÉRIO DE TITÂNIO",
        "uso": "Industrial",
        "uf": "MG",
        "category": "heavy_mineral_associated",
        "category_label": "Minério de Titânio (heavy mineral, REE assoc.)",
        "dsprocesso": "830.727/1983"
      }
    },
    {
      "type": "Feature",
      "geometry": {
        "type": "Point",
        "coordinates": [
          -45.838589,
          -22.122168
        ]
      },
      "properties": {
        "processo": "830735/1983",
        "numero": 830735,
        "ano": 1983,
        "area_ha": 962.52,
        "fase": "CONCESSÃO DE LAVRA",
        "nome": "EMACC - EMPRESA DE MINERACAO DE AGREGADOS DA CONSTRUCAO CIVIL LTDA",
        "subs": "MINÉRIO DE TITÂNIO",
        "uso": "Industrial",
        "uf": "MG",
        "category": "heavy_mineral_associated",
        "category_label": "Minério de Titânio (heavy mineral, REE assoc.)",
        "dsprocesso": "830.735/1983"
      }
    },
    {
      "type": "Feature",
      "geometry": {
        "type": "Point",
        "coordinates": [
          -46.48705,
          -21.854898
        ]
      },
      "properties": {
        "processo": "831866/1999",
        "numero": 831866,
        "ano": 1999,
        "area_ha": 17.35,
        "fase": "LICENCIAMENTO",
        "nome": "MINERACAO CALDENSE LTDA",
        "subs": "TINGUAÍTO",
        "uso": "Brita",
        "uf": "MG",
        "category": "carbonatite_associated",
        "category_label": "Tinguaito (alkaline complex)",
        "dsprocesso": "831.866/1999"
      }
    },
    {
      "type": "Feature",
      "geometry": {
        "type": "Point",
        "coordinates": [
          -45.64189,
          -21.920057
        ]
      },
      "properties": {
        "processo": "830299/1983",
        "numero": 830299,
        "ano": 1983,
        "area_ha": 944.3,
        "fase": "CONCESSÃO DE LAVRA",
        "nome": "AURION MINERACAO LTDA",
        "subs": "MINÉRIO DE TITÂNIO",
        "uso": "Industrial",
        "uf": "MG",
        "category": "heavy_mineral_associated",
        "category_label": "Minério de Titânio (heavy mineral, REE assoc.)",
        "dsprocesso": "830.299/1983"
      }
    },
    {
      "type": "Feature",
      "geometry": {
        "type": "Point",
        "coordinates": [
          -45.701593,
          -22.05149
        ]
      },
      "properties": {
        "processo": "830730/1983",
        "numero": 830730,
        "ano": 1983,
        "area_ha": 959.33,
        "fase": "CONCESSÃO DE LAVRA",
        "nome": "AURION MINERACAO LTDA",
        "subs": "MINÉRIO DE TITÂNIO",
        "uso": "Demais substâncias",
        "uf": "MG",
        "category": "heavy_mineral_associated",
        "category_label": "Minério de Titânio (heavy mineral, REE assoc.)",
        "dsprocesso": "830.730/1983"
      }
    },
    {
      "type": "Feature",
      "geometry": {
        "type": "Point",
        "coordinates": [
          -46.452382,
          -22.047504
        ]
      },
      "properties": {
        "processo": "830482/1988",
        "numero": 830482,
        "ano": 1988,
        "area_ha": 972.56,
        "fase": "AUTORIZAÇÃO DE PESQUISA",
        "nome": "JUVENAL ANTONIO DE MORAES",
        "subs": "FONÓLITO",
        "uso": "Demais substâncias",
        "uf": "MG",
        "category": "carbonatite_associated",
        "category_label": "Fonólito (alkaline complex)",
        "dsprocesso": "830.482/1988"
      }
    },
    {
      "type": "Feature",
      "geometry": {
        "type": "Point",
        "coordinates": [
          -45.78164,
          -22.107494
        ]
      },
      "properties": {
        "processo": "830733/1983",
        "numero": 830733,
        "ano": 1983,
        "area_ha": 985,
        "fase": "CONCESSÃO DE LAVRA",
        "nome": "MINERADORA VALE DAS GARCAS LTDA.",
        "subs": "MINÉRIO DE TITÂNIO",
        "uso": "Industrial",
        "uf": "MG",
        "category": "heavy_mineral_associated",
        "category_label": "Minério de Titânio (heavy mineral, REE assoc.)",
        "dsprocesso": "830.733/1983"
      }
    },
    {
      "type": "Feature",
      "geometry": {
        "type": "Point",
        "coordinates": [
          -46.596143,
          -21.760581
        ]
      },
      "properties": {
        "processo": "830615/1985",
        "numero": 830615,
        "ano": 1985,
        "area_ha": 712.03,
        "fase": "CONCESSÃO DE LAVRA",
        "nome": "MINERACAO CALDENSE LTDA",
        "subs": "FONÓLITO",
        "uso": "Revestimento",
        "uf": "MG",
        "category": "carbonatite_associated",
        "category_label": "Fonólito (alkaline complex)",
        "dsprocesso": "830.615/1985"
      }
    },
    {
      "type": "Feature",
      "geometry": {
        "type": "Point",
        "coordinates": [
          -46.578831,
          -22.041867
        ]
      },
      "properties": {
        "processo": "832212/1997",
        "numero": 832212,
        "ano": 1997,
        "area_ha": 33.46,
        "fase": "CONCESSÃO DE LAVRA",
        "nome": "PORTO HORIZONTE LTDA",
        "subs": "TINGUAÍTO",
        "uso": "Demais substâncias",
        "uf": "MG",
        "category": "carbonatite_associated",
        "category_label": "Tinguaito (alkaline complex)",
        "dsprocesso": "832.212/1997"
      }
    },
    {
      "type": "Feature",
      "geometry": {
        "type": "Point",
        "coordinates": [
          -45.713586,
          -21.787702
        ]
      },
      "properties": {
        "processo": "830725/1983",
        "numero": 830725,
        "ano": 1983,
        "area_ha": 949,
        "fase": "CONCESSÃO DE LAVRA",
        "nome": "RAMOS E MORAIS LTDA",
        "subs": "ILMENITA",
        "uso": "Demais substâncias",
        "uf": "MG",
        "category": "heavy_mineral_associated",
        "category_label": "Ilmenita (heavy mineral sand, REE assoc.)",
        "dsprocesso": "830.725/1983"
      }
    },
    {
      "type": "Feature",
      "geometry": {
        "type": "Point",
        "coordinates": [
          -46.618229,
          -22.023297
        ]
      },
      "properties": {
        "processo": "830228/2006",
        "numero": 830228,
        "ano": 2006,
        "area_ha": 546.92,
        "fase": "REQUERIMENTO DE LAVRA",
        "nome": "MINERACAO CALDENSE LTDA",
        "subs": "TINGUAÍTO",
        "uso": "Industrial",
        "uf": "MG",
        "category": "carbonatite_associated",
        "category_label": "Tinguaito (alkaline complex)",
        "dsprocesso": "830.228/2006"
      }
    },
    {
      "type": "Feature",
      "geometry": {
        "type": "Point",
        "coordinates": [
          -45.810372,
          -22.11099
        ]
      },
      "properties": {
        "processo": "830734/1983",
        "numero": 830734,
        "ano": 1983,
        "area_ha": 995,
        "fase": "CONCESSÃO DE LAVRA",
        "nome": "PORTO INACIO DEPOSITO DE AREIA LTDA",
        "subs": "MINÉRIO DE TITÂNIO",
        "uso": "Demais substâncias",
        "uf": "MG",
        "category": "heavy_mineral_associated",
        "category_label": "Minério de Titânio (heavy mineral, REE assoc.)",
        "dsprocesso": "830.734/1983"
      }
    },
    {
      "type": "Feature",
      "geometry": {
        "type": "Point",
        "coordinates": [
          -46.480921,
          -21.972139
        ]
      },
      "properties": {
        "processo": "830443/2018",
        "numero": 830443,
        "ano": 2018,
        "area_ha": 79.24,
        "fase": "AUTORIZAÇÃO DE PESQUISA",
        "nome": "FERTIMAX FERTILIZANTES ORGANICOS LTDA",
        "subs": "TERRAS RARAS",
        "uso": "Industrial",
        "uf": "MG",
        "category": "direct_ree",
        "category_label": "Terras Raras (REE)",
        "dsprocesso": "830.443/2018"
      }
    },
    {
      "type": "Feature",
      "geometry": {
        "type": "Point",
        "coordinates": [
          -46.460653,
          -21.947462
        ]
      },
      "properties": {
        "processo": "830444/2018",
        "numero": 830444,
        "ano": 2018,
        "area_ha": 248.34,
        "fase": "AUTORIZAÇÃO DE PESQUISA",
        "nome": "FERTIMAX FERTILIZANTES ORGANICOS LTDA",
        "subs": "TERRAS RARAS",
        "uso": "Industrial",
        "uf": "MG",
        "category": "direct_ree",
        "category_label": "Terras Raras (REE)",
        "dsprocesso": "830.444/2018"
      }
    },
    {
      "type": "Feature",
      "geometry": {
        "type": "Point",
        "coordinates": [
          -46.420113,
          -21.999807
        ]
      },
      "properties": {
        "processo": "830442/2018",
        "numero": 830442,
        "ano": 2018,
        "area_ha": 11.27,
        "fase": "AUTORIZAÇÃO DE PESQUISA",
        "nome": "VIRIDIS MINERACAO LTDA",
        "subs": "TERRAS RARAS",
        "uso": "Industrial",
        "uf": "MG",
        "category": "direct_ree",
        "category_label": "Terras Raras (REE)",
        "dsprocesso": "830.442/2018"
      }
    },
    {
      "type": "Feature",
      "geometry": {
        "type": "Point",
        "coordinates": [
          -46.456054,
          -22.046461
        ]
      },
      "properties": {
        "processo": "830652/2020",
        "numero": 830652,
        "ano": 2020,
        "area_ha": 1259.5,
        "fase": "AUTORIZAÇÃO DE PESQUISA",
        "nome": "ENOVA BRASIL LTDA",
        "subs": "APATITA",
        "uso": "Fertilizantes",
        "uf": "MG",
        "category": "phosphate_associated",
        "category_label": "Apatita (REE-bearing phosphate)",
        "dsprocesso": "830.652/2020"
      }
    },
    {
      "type": "Feature",
      "geometry": {
        "type": "Point",
        "coordinates": [
          -46.406221,
          -21.458937
        ]
      },
      "properties": {
        "processo": "832935/2021",
        "numero": 832935,
        "ano": 2021,
        "area_ha": 1960.27,
        "fase": "AUTORIZAÇÃO DE PESQUISA",
        "nome": "OSONIO RAMOS DE SOUZA",
        "subs": "MINÉRIO DE NIÓBIO",
        "uso": "Industrial",
        "uf": "MG",
        "category": "carbonatite_associated",
        "category_label": "Minério de Nióbio (carbonatite assoc.)",
        "dsprocesso": "832.935/2021"
      }
    },
    {
      "type": "Feature",
      "geometry": {
        "type": "Point",
        "coordinates": [
          -46.428933,
          -21.843769
        ]
      },
      "properties": {
        "processo": "831856/1993",
        "numero": 831856,
        "ano": 1993,
        "area_ha": 184.87,
        "fase": "REQUERIMENTO DE LAVRA",
        "nome": "MINERACAO CALDENSE LTDA",
        "subs": "TINGUAÍTO",
        "uso": "Brita",
        "uf": "MG",
        "category": "carbonatite_associated",
        "category_label": "Tinguaito (alkaline complex)",
        "dsprocesso": "831.856/1993"
      }
    },
    {
      "type": "Feature",
      "geometry": {
        "type": "Point",
        "coordinates": [
          -46.46608,
          -21.895116
        ]
      },
      "properties": {
        "processo": "3257/1936",
        "numero": 3257,
        "ano": 1936,
        "area_ha": 340.78,
        "fase": "CONCESSÃO DE LAVRA",
        "nome": "SRS: 61409892000173",
        "subs": "ZIRCÔNIO",
        "uso": "Demais substâncias",
        "uf": "MG",
        "category": "heavy_mineral_associated",
        "category_label": "Zircônio (heavy mineral, REE assoc.)",
        "dsprocesso": "003.257/1936"
      }
    },
    {
      "type": "Feature",
      "geometry": {
        "type": "Point",
        "coordinates": [
          -46.552174,
          -21.686916
        ]
      },
      "properties": {
        "processo": "830083/2023",
        "numero": 830083,
        "ano": 2023,
        "area_ha": 1995.5,
        "fase": "AUTORIZAÇÃO DE PESQUISA",
        "nome": "AXEL REE LTDA",
        "subs": "TERRAS RARAS",
        "uso": "Industrial",
        "uf": "MG",
        "category": "direct_ree",
        "category_label": "Terras Raras (REE)",
        "dsprocesso": "830.083/2023"
      }
    },
    {
      "type": "Feature",
      "geometry": {
        "type": "Point",
        "coordinates": [
          -46.536946,
          -22.038156
        ]
      },
      "properties": {
        "processo": "833020/2022",
        "numero": 833020,
        "ano": 2022,
        "area_ha": 91.33,
        "fase": "AUTORIZAÇÃO DE PESQUISA",
        "nome": "ALPHA MINERALS BRAZIL PARTICIPACOES LTDA.",
        "subs": "TERRAS RARAS",
        "uso": "Industrial",
        "uf": "MG",
        "category": "direct_ree",
        "category_label": "Terras Raras (REE)",
        "dsprocesso": "833.020/2022"
      }
    },
    {
      "type": "Feature",
      "geometry": {
        "type": "Point",
        "coordinates": [
          -46.560196,
          -22.046437
        ]
      },
      "properties": {
        "processo": "833021/2022",
        "numero": 833021,
        "ano": 2022,
        "area_ha": 142.22,
        "fase": "AUTORIZAÇÃO DE PESQUISA",
        "nome": "ALPHA MINERALS BRAZIL PARTICIPACOES LTDA.",
        "subs": "TERRAS RARAS",
        "uso": "Industrial",
        "uf": "MG",
        "category": "direct_ree",
        "category_label": "Terras Raras (REE)",
        "dsprocesso": "833.021/2022"
      }
    },
    {
      "type": "Feature",
      "geometry": {
        "type": "Point",
        "coordinates": [
          -46.578423,
          -21.738847
        ]
      },
      "properties": {
        "processo": "830082/2023",
        "numero": 830082,
        "ano": 2023,
        "area_ha": 1549.63,
        "fase": "AUTORIZAÇÃO DE PESQUISA",
        "nome": "AXEL REE LTDA",
        "subs": "TERRAS RARAS",
        "uso": "Industrial",
        "uf": "MG",
        "category": "direct_ree",
        "category_label": "Terras Raras (REE)",
        "dsprocesso": "830.082/2023"
      }
    },
    {
      "type": "Feature",
      "geometry": {
        "type": "Point",
        "coordinates": [
          -46.55556,
          -21.729276
        ]
      },
      "properties": {
        "processo": "832965/2022",
        "numero": 832965,
        "ano": 2022,
        "area_ha": 932.72,
        "fase": "AUTORIZAÇÃO DE PESQUISA",
        "nome": "ALPHA MINERALS BRAZIL PARTICIPACOES LTDA.",
        "subs": "TERRAS RARAS",
        "uso": "Industrial",
        "uf": "MG",
        "category": "direct_ree",
        "category_label": "Terras Raras (REE)",
        "dsprocesso": "832.965/2022"
      }
    },
    {
      "type": "Feature",
      "geometry": {
        "type": "Point",
        "coordinates": [
          -46.521337,
          -21.688943
        ]
      },
      "properties": {
        "processo": "830084/2023",
        "numero": 830084,
        "ano": 2023,
        "area_ha": 1327.5,
        "fase": "AUTORIZAÇÃO DE PESQUISA",
        "nome": "AXEL REE LTDA",
        "subs": "TERRAS RARAS",
        "uso": "Industrial",
        "uf": "MG",
        "category": "direct_ree",
        "category_label": "Terras Raras (REE)",
        "dsprocesso": "830.084/2023"
      }
    },
    {
      "type": "Feature",
      "geometry": {
        "type": "Point",
        "coordinates": [
          -46.4863,
          -21.982635
        ]
      },
      "properties": {
        "processo": "830461/2018",
        "numero": 830461,
        "ano": 2018,
        "area_ha": 50.88,
        "fase": "AUTORIZAÇÃO DE PESQUISA",
        "nome": "FERTIMAX FERTILIZANTES ORGANICOS LTDA",
        "subs": "TERRAS RARAS",
        "uso": "Industrial",
        "uf": "MG",
        "category": "direct_ree",
        "category_label": "Terras Raras (REE)",
        "dsprocesso": "830.461/2018"
      }
    },
    {
      "type": "Feature",
      "geometry": {
        "type": "Point",
        "coordinates": [
          -46.491259,
          -22.048249
        ]
      },
      "properties": {
        "processo": "833019/2022",
        "numero": 833019,
        "ano": 2022,
        "area_ha": 436.73,
        "fase": "AUTORIZAÇÃO DE PESQUISA",
        "nome": "ALPHA MINERALS BRAZIL PARTICIPACOES LTDA.",
        "subs": "TERRAS RARAS",
        "uso": "Industrial",
        "uf": "MG",
        "category": "direct_ree",
        "category_label": "Terras Raras (REE)",
        "dsprocesso": "833.019/2022"
      }
    },
    {
      "type": "Feature",
      "geometry": {
        "type": "Point",
        "coordinates": [
          -46.683922,
          -21.979345
        ]
      },
      "properties": {
        "processo": "820407/2022",
        "numero": 820407,
        "ano": 2022,
        "area_ha": 853.79,
        "fase": "AUTORIZAÇÃO DE PESQUISA",
        "nome": "FIDES ENERGY METALS LTDA",
        "subs": "FONÓLITO",
        "uso": "Industrial",
        "uf": "SP",
        "category": "carbonatite_associated",
        "category_label": "Fonólito (alkaline complex)",
        "dsprocesso": "820.407/2022"
      }
    },
    {
      "type": "Feature",
      "geometry": {
        "type": "Point",
        "coordinates": [
          -46.720055,
          -21.928681
        ]
      },
      "properties": {
        "processo": "820609/2022",
        "numero": 820609,
        "ano": 2022,
        "area_ha": 10.65,
        "fase": "REQUERIMENTO DE PESQUISA",
        "nome": "BRAZIL ROYALTY CORP PARTICIPACOES E INVESTIMENTOS LTDA.",
        "subs": "TERRAS RARAS",
        "uso": "Industrial",
        "uf": "SP",
        "category": "direct_ree",
        "category_label": "Terras Raras (REE)",
        "dsprocesso": "820.609/2022"
      }
    },
    {
      "type": "Feature",
      "geometry": {
        "type": "Point",
        "coordinates": [
          -46.427228,
          -21.779125
        ]
      },
      "properties": {
        "processo": "833014/2022",
        "numero": 833014,
        "ano": 2022,
        "area_ha": 524.82,
        "fase": "AUTORIZAÇÃO DE PESQUISA",
        "nome": "ALPHA MINERALS BRAZIL PARTICIPACOES LTDA.",
        "subs": "TERRAS RARAS",
        "uso": "Industrial",
        "uf": "MG",
        "category": "direct_ree",
        "category_label": "Terras Raras (REE)",
        "dsprocesso": "833.014/2022"
      }
    },
    {
      "type": "Feature",
      "geometry": {
        "type": "Point",
        "coordinates": [
          -46.475043,
          -21.764737
        ]
      },
      "properties": {
        "processo": "833013/2022",
        "numero": 833013,
        "ano": 2022,
        "area_ha": 334.23,
        "fase": "AUTORIZAÇÃO DE PESQUISA",
        "nome": "ALPHA MINERALS BRAZIL PARTICIPACOES LTDA.",
        "subs": "TERRAS RARAS",
        "uso": "Industrial",
        "uf": "MG",
        "category": "direct_ree",
        "category_label": "Terras Raras (REE)",
        "dsprocesso": "833.013/2022"
      }
    },
    {
      "type": "Feature",
      "geometry": {
        "type": "Point",
        "coordinates": [
          -46.695284,
          -21.938138
        ]
      },
      "properties": {
        "processo": "820609/2022",
        "numero": 820609,
        "ano": 2022,
        "area_ha": 124.38,
        "fase": "REQUERIMENTO DE PESQUISA",
        "nome": "BRAZIL ROYALTY CORP PARTICIPACOES E INVESTIMENTOS LTDA.",
        "subs": "TERRAS RARAS",
        "uso": "Industrial",
        "uf": "SP",
        "category": "direct_ree",
        "category_label": "Terras Raras (REE)",
        "dsprocesso": "820.609/2022"
      }
    },
    {
      "type": "Feature",
      "geometry": {
        "type": "Point",
        "coordinates": [
          -46.616996,
          -22.012984
        ]
      },
      "properties": {
        "processo": "830893/2023",
        "numero": 830893,
        "ano": 2023,
        "area_ha": 24.65,
        "fase": "AUTORIZAÇÃO DE PESQUISA",
        "nome": "AXEL REE LTDA",
        "subs": "TERRAS RARAS",
        "uso": "Industrial",
        "uf": "MG",
        "category": "direct_ree",
        "category_label": "Terras Raras (REE)",
        "dsprocesso": "830.893/2023"
      }
    },
    {
      "type": "Feature",
      "geometry": {
        "type": "Point",
        "coordinates": [
          -46.55048,
          -21.780883
        ]
      },
      "properties": {
        "processo": "830886/2023",
        "numero": 830886,
        "ano": 2023,
        "area_ha": 47.58,
        "fase": "AUTORIZAÇÃO DE PESQUISA",
        "nome": "AXEL REE LTDA",
        "subs": "TERRAS RARAS",
        "uso": "Industrial",
        "uf": "MG",
        "category": "direct_ree",
        "category_label": "Terras Raras (REE)",
        "dsprocesso": "830.886/2023"
      }
    },
    {
      "type": "Feature",
      "geometry": {
        "type": "Point",
        "coordinates": [
          -46.555962,
          -21.870062
        ]
      },
      "properties": {
        "processo": "830888/2023",
        "numero": 830888,
        "ano": 2023,
        "area_ha": 7.77,
        "fase": "AUTORIZAÇÃO DE PESQUISA",
        "nome": "AXEL REE LTDA",
        "subs": "TERRAS RARAS",
        "uso": "Industrial",
        "uf": "MG",
        "category": "direct_ree",
        "category_label": "Terras Raras (REE)",
        "dsprocesso": "830.888/2023"
      }
    },
    {
      "type": "Feature",
      "geometry": {
        "type": "Point",
        "coordinates": [
          -46.692222,
          -21.963923
        ]
      },
      "properties": {
        "processo": "820611/2022",
        "numero": 820611,
        "ano": 2022,
        "area_ha": 294.14,
        "fase": "AUTORIZAÇÃO DE PESQUISA",
        "nome": "ALPHA MINERALS BRAZIL PARTICIPACOES LTDA.",
        "subs": "TERRAS RARAS",
        "uso": "Industrial",
        "uf": "SP",
        "category": "direct_ree",
        "category_label": "Terras Raras (REE)",
        "dsprocesso": "820.611/2022"
      }
    },
    {
      "type": "Feature",
      "geometry": {
        "type": "Point",
        "coordinates": [
          -46.492896,
          -21.733662
        ]
      },
      "properties": {
        "processo": "833012/2022",
        "numero": 833012,
        "ano": 2022,
        "area_ha": 1059.19,
        "fase": "AUTORIZAÇÃO DE PESQUISA",
        "nome": "ALPHA MINERALS BRAZIL PARTICIPACOES LTDA.",
        "subs": "TERRAS RARAS",
        "uso": "Industrial",
        "uf": "MG",
        "category": "direct_ree",
        "category_label": "Terras Raras (REE)",
        "dsprocesso": "833.012/2022"
      }
    },
    {
      "type": "Feature",
      "geometry": {
        "type": "Point",
        "coordinates": [
          -46.660242,
          -21.999771
        ]
      },
      "properties": {
        "processo": "820612/2022",
        "numero": 820612,
        "ano": 2022,
        "area_ha": 227.22,
        "fase": "AUTORIZAÇÃO DE PESQUISA",
        "nome": "ALPHA MINERALS BRAZIL PARTICIPACOES LTDA.",
        "subs": "TERRAS RARAS",
        "uso": "Industrial",
        "uf": "SP",
        "category": "direct_ree",
        "category_label": "Terras Raras (REE)",
        "dsprocesso": "820.612/2022"
      }
    },
    {
      "type": "Feature",
      "geometry": {
        "type": "Point",
        "coordinates": [
          -46.419753,
          -21.925481
        ]
      },
      "properties": {
        "processo": "833018/2022",
        "numero": 833018,
        "ano": 2022,
        "area_ha": 148.85,
        "fase": "AUTORIZAÇÃO DE PESQUISA",
        "nome": "BRAZIL ROYALTY CORP PARTICIPACOES E INVESTIMENTOS LTDA.",
        "subs": "TERRAS RARAS",
        "uso": "Industrial",
        "uf": "MG",
        "category": "direct_ree",
        "category_label": "Terras Raras (REE)",
        "dsprocesso": "833.018/2022"
      }
    },
    {
      "type": "Feature",
      "geometry": {
        "type": "Point",
        "coordinates": [
          -46.614544,
          -21.853698
        ]
      },
      "properties": {
        "processo": "830885/2023",
        "numero": 830885,
        "ano": 2023,
        "area_ha": 695.36,
        "fase": "REQUERIMENTO DE PESQUISA",
        "nome": "AXEL REE LTDA",
        "subs": "TERRAS RARAS",
        "uso": "Industrial",
        "uf": "MG",
        "category": "direct_ree",
        "category_label": "Terras Raras (REE)",
        "dsprocesso": "830.885/2023"
      }
    },
    {
      "type": "Feature",
      "geometry": {
        "type": "Point",
        "coordinates": [
          -46.657693,
          -21.804224
        ]
      },
      "properties": {
        "processo": "830880/2023",
        "numero": 830880,
        "ano": 2023,
        "area_ha": 357.8,
        "fase": "REQUERIMENTO DE PESQUISA",
        "nome": "AXEL REE LTDA",
        "subs": "TERRAS RARAS",
        "uso": "Industrial",
        "uf": "MG",
        "category": "direct_ree",
        "category_label": "Terras Raras (REE)",
        "dsprocesso": "830.880/2023"
      }
    },
    {
      "type": "Feature",
      "geometry": {
        "type": "Point",
        "coordinates": [
          -46.627884,
          -21.823536
        ]
      },
      "properties": {
        "processo": "830881/2023",
        "numero": 830881,
        "ano": 2023,
        "area_ha": 32.34,
        "fase": "REQUERIMENTO DE PESQUISA",
        "nome": "AXEL REE LTDA",
        "subs": "TERRAS RARAS",
        "uso": "Industrial",
        "uf": "MG",
        "category": "direct_ree",
        "category_label": "Terras Raras (REE)",
        "dsprocesso": "830.881/2023"
      }
    },
    {
      "type": "Feature",
      "geometry": {
        "type": "Point",
        "coordinates": [
          -46.613572,
          -21.816357
        ]
      },
      "properties": {
        "processo": "830884/2023",
        "numero": 830884,
        "ano": 2023,
        "area_ha": 24.43,
        "fase": "AUTORIZAÇÃO DE PESQUISA",
        "nome": "AXEL REE LTDA",
        "subs": "TERRAS RARAS",
        "uso": "Industrial",
        "uf": "MG",
        "category": "direct_ree",
        "category_label": "Terras Raras (REE)",
        "dsprocesso": "830.884/2023"
      }
    },
    {
      "type": "Feature",
      "geometry": {
        "type": "Point",
        "coordinates": [
          -46.715513,
          -21.958088
        ]
      },
      "properties": {
        "processo": "820610/2022",
        "numero": 820610,
        "ano": 2022,
        "area_ha": 106.21,
        "fase": "AUTORIZAÇÃO DE PESQUISA",
        "nome": "ALPHA MINERALS BRAZIL PARTICIPACOES LTDA.",
        "subs": "TERRAS RARAS",
        "uso": "Industrial",
        "uf": "SP",
        "category": "direct_ree",
        "category_label": "Terras Raras (REE)",
        "dsprocesso": "820.610/2022"
      }
    },
    {
      "type": "Feature",
      "geometry": {
        "type": "Point",
        "coordinates": [
          -46.519977,
          -21.725936
        ]
      },
      "properties": {
        "processo": "830085/2023",
        "numero": 830085,
        "ano": 2023,
        "area_ha": 1454.03,
        "fase": "AUTORIZAÇÃO DE PESQUISA",
        "nome": "AXEL REE LTDA",
        "subs": "TERRAS RARAS",
        "uso": "Industrial",
        "uf": "MG",
        "category": "direct_ree",
        "category_label": "Terras Raras (REE)",
        "dsprocesso": "830.085/2023"
      }
    },
    {
      "type": "Feature",
      "geometry": {
        "type": "Point",
        "coordinates": [
          -46.568565,
          -21.946953
        ]
      },
      "properties": {
        "processo": "830891/2023",
        "numero": 830891,
        "ano": 2023,
        "area_ha": 5.63,
        "fase": "AUTORIZAÇÃO DE PESQUISA",
        "nome": "AXEL REE LTDA",
        "subs": "TERRAS RARAS",
        "uso": "Industrial",
        "uf": "MG",
        "category": "direct_ree",
        "category_label": "Terras Raras (REE)",
        "dsprocesso": "830.891/2023"
      }
    },
    {
      "type": "Feature",
      "geometry": {
        "type": "Point",
        "coordinates": [
          -46.626245,
          -21.827105
        ]
      },
      "properties": {
        "processo": "830882/2023",
        "numero": 830882,
        "ano": 2023,
        "area_ha": 8.12,
        "fase": "AUTORIZAÇÃO DE PESQUISA",
        "nome": "AXEL REE LTDA",
        "subs": "TERRAS RARAS",
        "uso": "Industrial",
        "uf": "MG",
        "category": "direct_ree",
        "category_label": "Terras Raras (REE)",
        "dsprocesso": "830.882/2023"
      }
    },
    {
      "type": "Feature",
      "geometry": {
        "type": "Point",
        "coordinates": [
          -46.384551,
          -21.908472
        ]
      },
      "properties": {
        "processo": "831092/2023",
        "numero": 831092,
        "ano": 2023,
        "area_ha": 1085.01,
        "fase": "AUTORIZAÇÃO DE PESQUISA",
        "nome": "AXEL REE LTDA",
        "subs": "TERRAS RARAS",
        "uso": "Industrial",
        "uf": "MG",
        "category": "direct_ree",
        "category_label": "Terras Raras (REE)",
        "dsprocesso": "831.092/2023"
      }
    },
    {
      "type": "Feature",
      "geometry": {
        "type": "Point",
        "coordinates": [
          -46.505838,
          -21.945948
        ]
      },
      "properties": {
        "processo": "830890/2023",
        "numero": 830890,
        "ano": 2023,
        "area_ha": 363.73,
        "fase": "AUTORIZAÇÃO DE PESQUISA",
        "nome": "AXEL REE LTDA",
        "subs": "TERRAS RARAS",
        "uso": "Industrial",
        "uf": "MG",
        "category": "direct_ree",
        "category_label": "Terras Raras (REE)",
        "dsprocesso": "830.890/2023"
      }
    },
    {
      "type": "Feature",
      "geometry": {
        "type": "Point",
        "coordinates": [
          -46.607663,
          -21.838199
        ]
      },
      "properties": {
        "processo": "830927/2023",
        "numero": 830927,
        "ano": 2023,
        "area_ha": 16.08,
        "fase": "AUTORIZAÇÃO DE PESQUISA",
        "nome": "FIDES ENERGY METALS LTDA",
        "subs": "FONÓLITO",
        "uso": "Industrial",
        "uf": "MG",
        "category": "carbonatite_associated",
        "category_label": "Fonólito (alkaline complex)",
        "dsprocesso": "830.927/2023"
      }
    },
    {
      "type": "Feature",
      "geometry": {
        "type": "Point",
        "coordinates": [
          -46.611442,
          -22.062633
        ]
      },
      "properties": {
        "processo": "831089/2023",
        "numero": 831089,
        "ano": 2023,
        "area_ha": 1983.83,
        "fase": "AUTORIZAÇÃO DE PESQUISA",
        "nome": "AXEL REE LTDA",
        "subs": "MINÉRIO DE LÍTIO",
        "uso": "Industrial",
        "uf": "MG",
        "category": "pegmatite_associated",
        "category_label": "Minério de Lítio (pegmatite, REE assoc.)",
        "dsprocesso": "831.089/2023"
      }
    },
    {
      "type": "Feature",
      "geometry": {
        "type": "Point",
        "coordinates": [
          -46.559173,
          -21.909473
        ]
      },
      "properties": {
        "processo": "832150/2022",
        "numero": 832150,
        "ano": 2022,
        "area_ha": 61.12,
        "fase": "AUTORIZAÇÃO DE PESQUISA",
        "nome": "GREEN MINING COMPANY LTDA",
        "subs": "ILMENITA",
        "uso": "Industrial",
        "uf": "MG",
        "category": "heavy_mineral_associated",
        "category_label": "Ilmenita (heavy mineral sand, REE assoc.)",
        "dsprocesso": "832.150/2022"
      }
    },
    {
      "type": "Feature",
      "geometry": {
        "type": "Point",
        "coordinates": [
          -46.645413,
          -22.059534
        ]
      },
      "properties": {
        "processo": "831088/2023",
        "numero": 831088,
        "ano": 2023,
        "area_ha": 1956.82,
        "fase": "AUTORIZAÇÃO DE PESQUISA",
        "nome": "AXEL REE LTDA",
        "subs": "MINÉRIO DE LÍTIO",
        "uso": "Industrial",
        "uf": "MG",
        "category": "pegmatite_associated",
        "category_label": "Minério de Lítio (pegmatite, REE assoc.)",
        "dsprocesso": "831.088/2023"
      }
    },
    {
      "type": "Feature",
      "geometry": {
        "type": "Point",
        "coordinates": [
          -46.550096,
          -22.07312
        ]
      },
      "properties": {
        "processo": "831090/2023",
        "numero": 831090,
        "ano": 2023,
        "area_ha": 1333.64,
        "fase": "AUTORIZAÇÃO DE PESQUISA",
        "nome": "AXEL REE LTDA",
        "subs": "MINÉRIO DE LÍTIO",
        "uso": "Industrial",
        "uf": "MG",
        "category": "pegmatite_associated",
        "category_label": "Minério de Lítio (pegmatite, REE assoc.)",
        "dsprocesso": "831.090/2023"
      }
    },
    {
      "type": "Feature",
      "geometry": {
        "type": "Point",
        "coordinates": [
          -46.516459,
          -22.069167
        ]
      },
      "properties": {
        "processo": "831091/2023",
        "numero": 831091,
        "ano": 2023,
        "area_ha": 1031.7,
        "fase": "AUTORIZAÇÃO DE PESQUISA",
        "nome": "FOXFIRE METALS LTDA",
        "subs": "MINÉRIO DE LÍTIO",
        "uso": "Industrial",
        "uf": "MG",
        "category": "pegmatite_associated",
        "category_label": "Minério de Lítio (pegmatite, REE assoc.)",
        "dsprocesso": "831.091/2023"
      }
    },
    {
      "type": "Feature",
      "geometry": {
        "type": "Point",
        "coordinates": [
          -46.429349,
          -21.817427
        ]
      },
      "properties": {
        "processo": "833015/2022",
        "numero": 833015,
        "ano": 2022,
        "area_ha": 174.24,
        "fase": "AUTORIZAÇÃO DE PESQUISA",
        "nome": "ALPHA MINERALS BRAZIL PARTICIPACOES LTDA.",
        "subs": "TERRAS RARAS",
        "uso": "Industrial",
        "uf": "MG",
        "category": "direct_ree",
        "category_label": "Terras Raras (REE)",
        "dsprocesso": "833.015/2022"
      }
    },
    {
      "type": "Feature",
      "geometry": {
        "type": "Point",
        "coordinates": [
          -46.663379,
          -21.861112
        ]
      },
      "properties": {
        "processo": "832149/2022",
        "numero": 832149,
        "ano": 2022,
        "area_ha": 12.1,
        "fase": "AUTORIZAÇÃO DE PESQUISA",
        "nome": "GREEN MINING COMPANY LTDA",
        "subs": "ILMENITA",
        "uso": "Industrial",
        "uf": "MG",
        "category": "heavy_mineral_associated",
        "category_label": "Ilmenita (heavy mineral sand, REE assoc.)",
        "dsprocesso": "832.149/2022"
      }
    },
    {
      "type": "Feature",
      "geometry": {
        "type": "Point",
        "coordinates": [
          -46.618107,
          -21.822657
        ]
      },
      "properties": {
        "processo": "830883/2023",
        "numero": 830883,
        "ano": 2023,
        "area_ha": 57.57,
        "fase": "REQUERIMENTO DE PESQUISA",
        "nome": "AXEL REE LTDA",
        "subs": "TERRAS RARAS",
        "uso": "Industrial",
        "uf": "MG",
        "category": "direct_ree",
        "category_label": "Terras Raras (REE)",
        "dsprocesso": "830.883/2023"
      }
    },
    {
      "type": "Feature",
      "geometry": {
        "type": "Point",
        "coordinates": [
          -46.69117,
          -22.076021
        ]
      },
      "properties": {
        "processo": "831087/2023",
        "numero": 831087,
        "ano": 2023,
        "area_ha": 1998.07,
        "fase": "AUTORIZAÇÃO DE PESQUISA",
        "nome": "AXEL REE LTDA",
        "subs": "MINÉRIO DE LÍTIO",
        "uso": "Industrial",
        "uf": "MG",
        "category": "pegmatite_associated",
        "category_label": "Minério de Lítio (pegmatite, REE assoc.)",
        "dsprocesso": "831.087/2023"
      }
    },
    {
      "type": "Feature",
      "geometry": {
        "type": "Point",
        "coordinates": [
          -46.604553,
          -21.842607
        ]
      },
      "properties": {
        "processo": "830928/2023",
        "numero": 830928,
        "ano": 2023,
        "area_ha": 13.13,
        "fase": "AUTORIZAÇÃO DE PESQUISA",
        "nome": "FIDES ENERGY METALS LTDA",
        "subs": "FONÓLITO",
        "uso": "Industrial",
        "uf": "MG",
        "category": "carbonatite_associated",
        "category_label": "Fonólito (alkaline complex)",
        "dsprocesso": "830.928/2023"
      }
    },
    {
      "type": "Feature",
      "geometry": {
        "type": "Point",
        "coordinates": [
          -46.680654,
          -22.024676
        ]
      },
      "properties": {
        "processo": "831084/2023",
        "numero": 831084,
        "ano": 2023,
        "area_ha": 1950.77,
        "fase": "AUTORIZAÇÃO DE PESQUISA",
        "nome": "AXEL REE LTDA",
        "subs": "MINÉRIO DE LÍTIO",
        "uso": "Industrial",
        "uf": "MG",
        "category": "pegmatite_associated",
        "category_label": "Minério de Lítio (pegmatite, REE assoc.)",
        "dsprocesso": "831.084/2023"
      }
    },
    {
      "type": "Feature",
      "geometry": {
        "type": "Point",
        "coordinates": [
          -46.689257,
          -22.048243
        ]
      },
      "properties": {
        "processo": "831086/2023",
        "numero": 831086,
        "ano": 2023,
        "area_ha": 1886.07,
        "fase": "AUTORIZAÇÃO DE PESQUISA",
        "nome": "AXEL REE LTDA",
        "subs": "MINÉRIO DE LÍTIO",
        "uso": "Industrial",
        "uf": "MG",
        "category": "pegmatite_associated",
        "category_label": "Minério de Lítio (pegmatite, REE assoc.)",
        "dsprocesso": "831.086/2023"
      }
    },
    {
      "type": "Feature",
      "geometry": {
        "type": "Point",
        "coordinates": [
          -46.369808,
          -21.839041
        ]
      },
      "properties": {
        "processo": "832377/2023",
        "numero": 832377,
        "ano": 2023,
        "area_ha": 107.95,
        "fase": "AUTORIZAÇÃO DE PESQUISA",
        "nome": "I.R.S Minerals Extração de Minerais EIRELI",
        "subs": "TERRAS RARAS",
        "uso": "Industrial",
        "uf": "MG",
        "category": "direct_ree",
        "category_label": "Terras Raras (REE)",
        "dsprocesso": "832.377/2023"
      }
    },
    {
      "type": "Feature",
      "geometry": {
        "type": "Point",
        "coordinates": [
          -46.547865,
          -21.812113
        ]
      },
      "properties": {
        "processo": "832378/2023",
        "numero": 832378,
        "ano": 2023,
        "area_ha": 70.9,
        "fase": "AUTORIZAÇÃO DE PESQUISA",
        "nome": "RCO MINERACAO LTDA",
        "subs": "TERRAS RARAS",
        "uso": "Industrial",
        "uf": "MG",
        "category": "direct_ree",
        "category_label": "Terras Raras (REE)",
        "dsprocesso": "832.378/2023"
      }
    },
    {
      "type": "Feature",
      "geometry": {
        "type": "Point",
        "coordinates": [
          -46.729846,
          -21.870144
        ]
      },
      "properties": {
        "processo": "820499/2023",
        "numero": 820499,
        "ano": 2023,
        "area_ha": 60.53,
        "fase": "AUTORIZAÇÃO DE PESQUISA",
        "nome": "IRMAOS MARTINS SERVICOS E COMERCIO LTDA",
        "subs": "TERRAS RARAS",
        "uso": "Industrial",
        "uf": "SP",
        "category": "direct_ree",
        "category_label": "Terras Raras (REE)",
        "dsprocesso": "820.499/2023"
      }
    },
    {
      "type": "Feature",
      "geometry": {
        "type": "Point",
        "coordinates": [
          -46.532422,
          -21.807517
        ]
      },
      "properties": {
        "processo": "832379/2023",
        "numero": 832379,
        "ano": 2023,
        "area_ha": 3.66,
        "fase": "AUTORIZAÇÃO DE PESQUISA",
        "nome": "RCO MINERACAO LTDA",
        "subs": "TERRAS RARAS",
        "uso": "Industrial",
        "uf": "MG",
        "category": "direct_ree",
        "category_label": "Terras Raras (REE)",
        "dsprocesso": "832.379/2023"
      }
    },
    {
      "type": "Feature",
      "geometry": {
        "type": "Point",
        "coordinates": [
          -46.687542,
          -21.852063
        ]
      },
      "properties": {
        "processo": "820504/2023",
        "numero": 820504,
        "ano": 2023,
        "area_ha": 19.19,
        "fase": "AUTORIZAÇÃO DE PESQUISA",
        "nome": "RCO MINERACAO LTDA",
        "subs": "TERRAS RARAS",
        "uso": "Industrial",
        "uf": "SP",
        "category": "direct_ree",
        "category_label": "Terras Raras (REE)",
        "dsprocesso": "820.504/2023"
      }
    },
    {
      "type": "Feature",
      "geometry": {
        "type": "Point",
        "coordinates": [
          -46.499233,
          -21.819888
        ]
      },
      "properties": {
        "processo": "832661/2023",
        "numero": 832661,
        "ano": 2023,
        "area_ha": 4.39,
        "fase": "AUTORIZAÇÃO DE PESQUISA",
        "nome": "IRMAOS MARTINS SERVICOS E COMERCIO LTDA",
        "subs": "TERRAS RARAS",
        "uso": "Industrial",
        "uf": "MG",
        "category": "direct_ree",
        "category_label": "Terras Raras (REE)",
        "dsprocesso": "832.661/2023"
      }
    },
    {
      "type": "Feature",
      "geometry": {
        "type": "Point",
        "coordinates": [
          -46.417597,
          -21.945305
        ]
      },
      "properties": {
        "processo": "832175/2023",
        "numero": 832175,
        "ano": 2023,
        "area_ha": 37.22,
        "fase": "AUTORIZAÇÃO DE PESQUISA",
        "nome": "ENOVA BRASIL LTDA",
        "subs": "TERRAS RARAS",
        "uso": "Industrial",
        "uf": "MG",
        "category": "direct_ree",
        "category_label": "Terras Raras (REE)",
        "dsprocesso": "832.175/2023"
      }
    },
    {
      "type": "Feature",
      "geometry": {
        "type": "Point",
        "coordinates": [
          -46.486546,
          -21.816114
        ]
      },
      "properties": {
        "processo": "832662/2023",
        "numero": 832662,
        "ano": 2023,
        "area_ha": 4.28,
        "fase": "AUTORIZAÇÃO DE PESQUISA",
        "nome": "IRMAOS MARTINS SERVICOS E COMERCIO LTDA",
        "subs": "TERRAS RARAS",
        "uso": "Industrial",
        "uf": "MG",
        "category": "direct_ree",
        "category_label": "Terras Raras (REE)",
        "dsprocesso": "832.662/2023"
      }
    },
    {
      "type": "Feature",
      "geometry": {
        "type": "Point",
        "coordinates": [
          -45.746472,
          -21.863522
        ]
      },
      "properties": {
        "processo": "832882/2023",
        "numero": 832882,
        "ano": 2023,
        "area_ha": 1966.74,
        "fase": "AUTORIZAÇÃO DE PESQUISA",
        "nome": "IRMAOS MARTINS SERVICOS E COMERCIO LTDA",
        "subs": "MINÉRIO DE TITÂNIO",
        "uso": "Industrial",
        "uf": "MG",
        "category": "heavy_mineral_associated",
        "category_label": "Minério de Titânio (heavy mineral, REE assoc.)",
        "dsprocesso": "832.882/2023"
      }
    },
    {
      "type": "Feature",
      "geometry": {
        "type": "Point",
        "coordinates": [
          -46.407959,
          -21.995465
        ]
      },
      "properties": {
        "processo": "832177/2023",
        "numero": 832177,
        "ano": 2023,
        "area_ha": 36.34,
        "fase": "AUTORIZAÇÃO DE PESQUISA",
        "nome": "ENOVA BRASIL LTDA",
        "subs": "TERRAS RARAS",
        "uso": "Industrial",
        "uf": "MG",
        "category": "direct_ree",
        "category_label": "Terras Raras (REE)",
        "dsprocesso": "832.177/2023"
      }
    },
    {
      "type": "Feature",
      "geometry": {
        "type": "Point",
        "coordinates": [
          -46.45998,
          -22.002193
        ]
      },
      "properties": {
        "processo": "832649/2023",
        "numero": 832649,
        "ano": 2023,
        "area_ha": 11.72,
        "fase": "AUTORIZAÇÃO DE PESQUISA",
        "nome": "IRMAOS MARTINS SERVICOS E COMERCIO LTDA",
        "subs": "TERRAS RARAS",
        "uso": "Industrial",
        "uf": "MG",
        "category": "direct_ree",
        "category_label": "Terras Raras (REE)",
        "dsprocesso": "832.649/2023"
      }
    },
    {
      "type": "Feature",
      "geometry": {
        "type": "Point",
        "coordinates": [
          -46.700511,
          -21.985793
        ]
      },
      "properties": {
        "processo": "820287/2023",
        "numero": 820287,
        "ano": 2023,
        "area_ha": 899.49,
        "fase": "AUTORIZAÇÃO DE PESQUISA",
        "nome": "AXEL REE LTDA",
        "subs": "TERRAS RARAS",
        "uso": "Industrial",
        "uf": "SP",
        "category": "direct_ree",
        "category_label": "Terras Raras (REE)",
        "dsprocesso": "820.287/2023"
      }
    },
    {
      "type": "Feature",
      "geometry": {
        "type": "Point",
        "coordinates": [
          -46.463871,
          -21.721471
        ]
      },
      "properties": {
        "processo": "832369/2023",
        "numero": 832369,
        "ano": 2023,
        "area_ha": 88.13,
        "fase": "AUTORIZAÇÃO DE PESQUISA",
        "nome": "IRMAOS MARTINS SERVICOS E COMERCIO LTDA",
        "subs": "TERRAS RARAS",
        "uso": "Industrial",
        "uf": "MG",
        "category": "direct_ree",
        "category_label": "Terras Raras (REE)",
        "dsprocesso": "832.369/2023"
      }
    },
    {
      "type": "Feature",
      "geometry": {
        "type": "Point",
        "coordinates": [
          -46.473028,
          -21.957739
        ]
      },
      "properties": {
        "processo": "832429/2023",
        "numero": 832429,
        "ano": 2023,
        "area_ha": 20.32,
        "fase": "AUTORIZAÇÃO DE PESQUISA",
        "nome": "RCO MINERACAO LTDA",
        "subs": "TERRAS RARAS",
        "uso": "Industrial",
        "uf": "MG",
        "category": "direct_ree",
        "category_label": "Terras Raras (REE)",
        "dsprocesso": "832.429/2023"
      }
    },
    {
      "type": "Feature",
      "geometry": {
        "type": "Point",
        "coordinates": [
          -46.546577,
          -21.987322
        ]
      },
      "properties": {
        "processo": "832359/2023",
        "numero": 832359,
        "ano": 2023,
        "area_ha": 16.07,
        "fase": "AUTORIZAÇÃO DE PESQUISA",
        "nome": "RCO MINERACAO LTDA",
        "subs": "TERRAS RARAS",
        "uso": "Industrial",
        "uf": "MG",
        "category": "direct_ree",
        "category_label": "Terras Raras (REE)",
        "dsprocesso": "832.359/2023"
      }
    },
    {
      "type": "Feature",
      "geometry": {
        "type": "Point",
        "coordinates": [
          -46.350602,
          -21.907551
        ]
      },
      "properties": {
        "processo": "832349/2023",
        "numero": 832349,
        "ano": 2023,
        "area_ha": 1735.23,
        "fase": "AUTORIZAÇÃO DE PESQUISA",
        "nome": "IRMAOS MARTINS SERVICOS E COMERCIO LTDA",
        "subs": "TERRAS RARAS",
        "uso": "Industrial",
        "uf": "MG",
        "category": "direct_ree",
        "category_label": "Terras Raras (REE)",
        "dsprocesso": "832.349/2023"
      }
    },
    {
      "type": "Feature",
      "geometry": {
        "type": "Point",
        "coordinates": [
          -46.328773,
          -21.974774
        ]
      },
      "properties": {
        "processo": "832409/2023",
        "numero": 832409,
        "ano": 2023,
        "area_ha": 900.82,
        "fase": "AUTORIZAÇÃO DE PESQUISA",
        "nome": "IRMAOS MARTINS SERVICOS E COMERCIO LTDA",
        "subs": "TERRAS RARAS",
        "uso": "Industrial",
        "uf": "MG",
        "category": "direct_ree",
        "category_label": "Terras Raras (REE)",
        "dsprocesso": "832.409/2023"
      }
    },
    {
      "type": "Feature",
      "geometry": {
        "type": "Point",
        "coordinates": [
          -46.430596,
          -21.940439
        ]
      },
      "properties": {
        "processo": "832174/2023",
        "numero": 832174,
        "ano": 2023,
        "area_ha": 27.6,
        "fase": "AUTORIZAÇÃO DE PESQUISA",
        "nome": "ENOVA BRASIL LTDA",
        "subs": "TERRAS RARAS",
        "uso": "Industrial",
        "uf": "MG",
        "category": "direct_ree",
        "category_label": "Terras Raras (REE)",
        "dsprocesso": "832.174/2023"
      }
    },
    {
      "type": "Feature",
      "geometry": {
        "type": "Point",
        "coordinates": [
          -46.452827,
          -21.865302
        ]
      },
      "properties": {
        "processo": "832360/2023",
        "numero": 832360,
        "ano": 2023,
        "area_ha": 12.21,
        "fase": "AUTORIZAÇÃO DE PESQUISA",
        "nome": "RCO MINERACAO LTDA",
        "subs": "TERRAS RARAS",
        "uso": "Industrial",
        "uf": "MG",
        "category": "direct_ree",
        "category_label": "Terras Raras (REE)",
        "dsprocesso": "832.360/2023"
      }
    },
    {
      "type": "Feature",
      "geometry": {
        "type": "Point",
        "coordinates": [
          -46.568776,
          -21.960683
        ]
      },
      "properties": {
        "processo": "832428/2023",
        "numero": 832428,
        "ano": 2023,
        "area_ha": 30.18,
        "fase": "AUTORIZAÇÃO DE PESQUISA",
        "nome": "RCO MINERACAO LTDA",
        "subs": "TERRAS RARAS",
        "uso": "Industrial",
        "uf": "MG",
        "category": "direct_ree",
        "category_label": "Terras Raras (REE)",
        "dsprocesso": "832.428/2023"
      }
    },
    {
      "type": "Feature",
      "geometry": {
        "type": "Point",
        "coordinates": [
          -46.583226,
          -21.978372
        ]
      },
      "properties": {
        "processo": "832427/2023",
        "numero": 832427,
        "ano": 2023,
        "area_ha": 10.79,
        "fase": "AUTORIZAÇÃO DE PESQUISA",
        "nome": "RCO MINERACAO LTDA",
        "subs": "TERRAS RARAS",
        "uso": "Industrial",
        "uf": "MG",
        "category": "direct_ree",
        "category_label": "Terras Raras (REE)",
        "dsprocesso": "832.427/2023"
      }
    },
    {
      "type": "Feature",
      "geometry": {
        "type": "Point",
        "coordinates": [
          -46.678403,
          -21.937526
        ]
      },
      "properties": {
        "processo": "820286/2023",
        "numero": 820286,
        "ano": 2023,
        "area_ha": 16.56,
        "fase": "AUTORIZAÇÃO DE PESQUISA",
        "nome": "AXEL REE LTDA",
        "subs": "TERRAS RARAS",
        "uso": "Industrial",
        "uf": "SP",
        "category": "direct_ree",
        "category_label": "Terras Raras (REE)",
        "dsprocesso": "820.286/2023"
      }
    },
    {
      "type": "Feature",
      "geometry": {
        "type": "Point",
        "coordinates": [
          -46.529587,
          -21.984922
        ]
      },
      "properties": {
        "processo": "832179/2023",
        "numero": 832179,
        "ano": 2023,
        "area_ha": 21.49,
        "fase": "AUTORIZAÇÃO DE PESQUISA",
        "nome": "ENOVA BRASIL LTDA",
        "subs": "TERRAS RARAS",
        "uso": "Industrial",
        "uf": "MG",
        "category": "direct_ree",
        "category_label": "Terras Raras (REE)",
        "dsprocesso": "832.179/2023"
      }
    },
    {
      "type": "Feature",
      "geometry": {
        "type": "Point",
        "coordinates": [
          -46.53791,
          -21.802765
        ]
      },
      "properties": {
        "processo": "832663/2023",
        "numero": 832663,
        "ano": 2023,
        "area_ha": 18.59,
        "fase": "AUTORIZAÇÃO DE PESQUISA",
        "nome": "IRMAOS MARTINS SERVICOS E COMERCIO LTDA",
        "subs": "TERRAS RARAS",
        "uso": "Industrial",
        "uf": "MG",
        "category": "direct_ree",
        "category_label": "Terras Raras (REE)",
        "dsprocesso": "832.663/2023"
      }
    },
    {
      "type": "Feature",
      "geometry": {
        "type": "Point",
        "coordinates": [
          -46.50594,
          -21.955382
        ]
      },
      "properties": {
        "processo": "832350/2023",
        "numero": 832350,
        "ano": 2023,
        "area_ha": 72.74,
        "fase": "AUTORIZAÇÃO DE PESQUISA",
        "nome": "I.R.S Minerals Extração de Minerais EIRELI",
        "subs": "TERRAS RARAS",
        "uso": "Industrial",
        "uf": "MG",
        "category": "direct_ree",
        "category_label": "Terras Raras (REE)",
        "dsprocesso": "832.350/2023"
      }
    },
    {
      "type": "Feature",
      "geometry": {
        "type": "Point",
        "coordinates": [
          -46.49383,
          -21.968334
        ]
      },
      "properties": {
        "processo": "832351/2023",
        "numero": 832351,
        "ano": 2023,
        "area_ha": 75.61,
        "fase": "AUTORIZAÇÃO DE PESQUISA",
        "nome": "I.R.S Minerals Extração de Minerais EIRELI",
        "subs": "TERRAS RARAS",
        "uso": "Industrial",
        "uf": "MG",
        "category": "direct_ree",
        "category_label": "Terras Raras (REE)",
        "dsprocesso": "832.351/2023"
      }
    },
    {
      "type": "Feature",
      "geometry": {
        "type": "Point",
        "coordinates": [
          -46.653312,
          -21.933926
        ]
      },
      "properties": {
        "processo": "833228/2023",
        "numero": 833228,
        "ano": 2023,
        "area_ha": 8.69,
        "fase": "AUTORIZAÇÃO DE PESQUISA",
        "nome": "I.R.S Minerals Extração de Minerais EIRELI",
        "subs": "TERRAS RARAS",
        "uso": "Industrial",
        "uf": "MG",
        "category": "direct_ree",
        "category_label": "Terras Raras (REE)",
        "dsprocesso": "833.228/2023"
      }
    },
    {
      "type": "Feature",
      "geometry": {
        "type": "Point",
        "coordinates": [
          -46.721602,
          -21.816547
        ]
      },
      "properties": {
        "processo": "820503/2023",
        "numero": 820503,
        "ano": 2023,
        "area_ha": 385.43,
        "fase": "AUTORIZAÇÃO DE PESQUISA",
        "nome": "IRMAOS MARTINS SERVICOS E COMERCIO LTDA",
        "subs": "TERRAS RARAS",
        "uso": "Industrial",
        "uf": "SP",
        "category": "direct_ree",
        "category_label": "Terras Raras (REE)",
        "dsprocesso": "820.503/2023"
      }
    },
    {
      "type": "Feature",
      "geometry": {
        "type": "Point",
        "coordinates": [
          -46.653357,
          -21.883496
        ]
      },
      "properties": {
        "processo": "820538/2023",
        "numero": 820538,
        "ano": 2023,
        "area_ha": 2.61,
        "fase": "REQUERIMENTO DE PESQUISA",
        "nome": "MINERACAO MONTE FORMOSO LTDA",
        "subs": "TERRAS RARAS",
        "uso": "Industrial",
        "uf": "MG",
        "category": "direct_ree",
        "category_label": "Terras Raras (REE)",
        "dsprocesso": "820.538/2023"
      }
    },
    {
      "type": "Feature",
      "geometry": {
        "type": "Point",
        "coordinates": [
          -46.745169,
          -21.986271
        ]
      },
      "properties": {
        "processo": "820319/2023",
        "numero": 820319,
        "ano": 2023,
        "area_ha": 1603.14,
        "fase": "AUTORIZAÇÃO DE PESQUISA",
        "nome": "AXEL REE LTDA",
        "subs": "MINÉRIO DE LÍTIO",
        "uso": "Industrial",
        "uf": "SP",
        "category": "pegmatite_associated",
        "category_label": "Minério de Lítio (pegmatite, REE assoc.)",
        "dsprocesso": "820.319/2023"
      }
    },
    {
      "type": "Feature",
      "geometry": {
        "type": "Point",
        "coordinates": [
          -46.613122,
          -21.910487
        ]
      },
      "properties": {
        "processo": "832364/2023",
        "numero": 832364,
        "ano": 2023,
        "area_ha": 7.7,
        "fase": "AUTORIZAÇÃO DE PESQUISA",
        "nome": "RCO MINERACAO LTDA",
        "subs": "TERRAS RARAS",
        "uso": "Industrial",
        "uf": "MG",
        "category": "direct_ree",
        "category_label": "Terras Raras (REE)",
        "dsprocesso": "832.364/2023"
      }
    },
    {
      "type": "Feature",
      "geometry": {
        "type": "Point",
        "coordinates": [
          -46.403655,
          -21.833092
        ]
      },
      "properties": {
        "processo": "832376/2023",
        "numero": 832376,
        "ano": 2023,
        "area_ha": 148.99,
        "fase": "AUTORIZAÇÃO DE PESQUISA",
        "nome": "I.R.S Minerals Extração de Minerais EIRELI",
        "subs": "TERRAS RARAS",
        "uso": "Industrial",
        "uf": "MG",
        "category": "direct_ree",
        "category_label": "Terras Raras (REE)",
        "dsprocesso": "832.376/2023"
      }
    },
    {
      "type": "Feature",
      "geometry": {
        "type": "Point",
        "coordinates": [
          -46.264051,
          -21.925969
        ]
      },
      "properties": {
        "processo": "832375/2023",
        "numero": 832375,
        "ano": 2023,
        "area_ha": 1489.08,
        "fase": "AUTORIZAÇÃO DE PESQUISA",
        "nome": "IRMAOS MARTINS SERVICOS E COMERCIO LTDA",
        "subs": "TERRAS RARAS",
        "uso": "Industrial",
        "uf": "MG",
        "category": "direct_ree",
        "category_label": "Terras Raras (REE)",
        "dsprocesso": "832.375/2023"
      }
    },
    {
      "type": "Feature",
      "geometry": {
        "type": "Point",
        "coordinates": [
          -46.705357,
          -21.356748
        ]
      },
      "properties": {
        "processo": "833390/2023",
        "numero": 833390,
        "ano": 2023,
        "area_ha": 890,
        "fase": "AUTORIZAÇÃO DE PESQUISA",
        "nome": "A. CARLOS FERREIRA",
        "subs": "TERRAS RARAS",
        "uso": "Industrial",
        "uf": "MG",
        "category": "direct_ree",
        "category_label": "Terras Raras (REE)",
        "dsprocesso": "833.390/2023"
      }
    },
    {
      "type": "Feature",
      "geometry": {
        "type": "Point",
        "coordinates": [
          -45.723597,
          -22.052231
        ]
      },
      "properties": {
        "processo": "833095/2023",
        "numero": 833095,
        "ano": 2023,
        "area_ha": 1989.6,
        "fase": "AUTORIZAÇÃO DE PESQUISA",
        "nome": "IRMAOS MARTINS SERVICOS E COMERCIO LTDA",
        "subs": "MINÉRIO DE TITÂNIO",
        "uso": "Industrial",
        "uf": "MG",
        "category": "heavy_mineral_associated",
        "category_label": "Minério de Titânio (heavy mineral, REE assoc.)",
        "dsprocesso": "833.095/2023"
      }
    },
    {
      "type": "Feature",
      "geometry": {
        "type": "Point",
        "coordinates": [
          -46.66389,
          -21.90291
        ]
      },
      "properties": {
        "processo": "820538/2023",
        "numero": 820538,
        "ano": 2023,
        "area_ha": 8.82,
        "fase": "REQUERIMENTO DE PESQUISA",
        "nome": "MINERACAO MONTE FORMOSO LTDA",
        "subs": "TERRAS RARAS",
        "uso": "Industrial",
        "uf": "MG",
        "category": "direct_ree",
        "category_label": "Terras Raras (REE)",
        "dsprocesso": "820.538/2023"
      }
    },
    {
      "type": "Feature",
      "geometry": {
        "type": "Point",
        "coordinates": [
          -45.740133,
          -21.852494
        ]
      },
      "properties": {
        "processo": "831617/2023",
        "numero": 831617,
        "ano": 2023,
        "area_ha": 639.99,
        "fase": "REQUERIMENTO DE LAVRA",
        "nome": "COMERCIO DE AREIA RIO SAPUCAI LTDA",
        "subs": "ILMENITA",
        "uso": "Demais substâncias",
        "uf": "MG",
        "category": "heavy_mineral_associated",
        "category_label": "Ilmenita (heavy mineral sand, REE assoc.)",
        "dsprocesso": "831.617/2023"
      }
    },
    {
      "type": "Feature",
      "geometry": {
        "type": "Point",
        "coordinates": [
          -46.536826,
          -21.817945
        ]
      },
      "properties": {
        "processo": "832380/2023",
        "numero": 832380,
        "ano": 2023,
        "area_ha": 38.06,
        "fase": "AUTORIZAÇÃO DE PESQUISA",
        "nome": "RCO MINERACAO LTDA",
        "subs": "TERRAS RARAS",
        "uso": "Industrial",
        "uf": "MG",
        "category": "direct_ree",
        "category_label": "Terras Raras (REE)",
        "dsprocesso": "832.380/2023"
      }
    },
    {
      "type": "Feature",
      "geometry": {
        "type": "Point",
        "coordinates": [
          -46.463516,
          -21.664306
        ]
      },
      "properties": {
        "processo": "833569/2023",
        "numero": 833569,
        "ano": 2023,
        "area_ha": 1769.28,
        "fase": "AUTORIZAÇÃO DE PESQUISA",
        "nome": "FOXFIRE METALS LTDA",
        "subs": "TERRAS RARAS",
        "uso": "Industrial",
        "uf": "MG",
        "category": "direct_ree",
        "category_label": "Terras Raras (REE)",
        "dsprocesso": "833.569/2023"
      }
    },
    {
      "type": "Feature",
      "geometry": {
        "type": "Point",
        "coordinates": [
          -46.442703,
          -22.030026
        ]
      },
      "properties": {
        "processo": "832648/2023",
        "numero": 832648,
        "ano": 2023,
        "area_ha": 23.11,
        "fase": "AUTORIZAÇÃO DE PESQUISA",
        "nome": "RCO MINERACAO LTDA",
        "subs": "TERRAS RARAS",
        "uso": "Industrial",
        "uf": "MG",
        "category": "direct_ree",
        "category_label": "Terras Raras (REE)",
        "dsprocesso": "832.648/2023"
      }
    },
    {
      "type": "Feature",
      "geometry": {
        "type": "Point",
        "coordinates": [
          -46.632068,
          -22.019531
        ]
      },
      "properties": {
        "processo": "830895/2023",
        "numero": 830895,
        "ano": 2023,
        "area_ha": 67.4,
        "fase": "AUTORIZAÇÃO DE PESQUISA",
        "nome": "AXEL REE LTDA",
        "subs": "TERRAS RARAS",
        "uso": "Industrial",
        "uf": "MG",
        "category": "direct_ree",
        "category_label": "Terras Raras (REE)",
        "dsprocesso": "830.895/2023"
      }
    },
    {
      "type": "Feature",
      "geometry": {
        "type": "Point",
        "coordinates": [
          -46.489161,
          -21.870919
        ]
      },
      "properties": {
        "processo": "830889/2023",
        "numero": 830889,
        "ano": 2023,
        "area_ha": 32.88,
        "fase": "AUTORIZAÇÃO DE PESQUISA",
        "nome": "AXEL REE LTDA",
        "subs": "TERRAS RARAS",
        "uso": "Industrial",
        "uf": "MG",
        "category": "direct_ree",
        "category_label": "Terras Raras (REE)",
        "dsprocesso": "830.889/2023"
      }
    },
    {
      "type": "Feature",
      "geometry": {
        "type": "Point",
        "coordinates": [
          -46.508636,
          -21.827021
        ]
      },
      "properties": {
        "processo": "830887/2023",
        "numero": 830887,
        "ano": 2023,
        "area_ha": 14.15,
        "fase": "AUTORIZAÇÃO DE PESQUISA",
        "nome": "AXEL REE LTDA",
        "subs": "TERRAS RARAS",
        "uso": "Industrial",
        "uf": "MG",
        "category": "direct_ree",
        "category_label": "Terras Raras (REE)",
        "dsprocesso": "830.887/2023"
      }
    },
    {
      "type": "Feature",
      "geometry": {
        "type": "Point",
        "coordinates": [
          -46.546689,
          -21.997293
        ]
      },
      "properties": {
        "processo": "830892/2023",
        "numero": 830892,
        "ano": 2023,
        "area_ha": 21.51,
        "fase": "AUTORIZAÇÃO DE PESQUISA",
        "nome": "FOXFIRE METALS LTDA",
        "subs": "TERRAS RARAS",
        "uso": "Industrial",
        "uf": "MG",
        "category": "direct_ree",
        "category_label": "Terras Raras (REE)",
        "dsprocesso": "830.892/2023"
      }
    },
    {
      "type": "Feature",
      "geometry": {
        "type": "Point",
        "coordinates": [
          -46.509589,
          -21.914385
        ]
      },
      "properties": {
        "processo": "832759/2023",
        "numero": 832759,
        "ano": 2023,
        "area_ha": 4.34,
        "fase": "AUTORIZAÇÃO DE PESQUISA",
        "nome": "VIRIDIS MINERACAO LTDA",
        "subs": "TERRAS RARAS",
        "uso": "Industrial",
        "uf": "MG",
        "category": "direct_ree",
        "category_label": "Terras Raras (REE)",
        "dsprocesso": "832.759/2023"
      }
    },
    {
      "type": "Feature",
      "geometry": {
        "type": "Point",
        "coordinates": [
          -46.889295,
          -21.681468
        ]
      },
      "properties": {
        "processo": "820036/2024",
        "numero": 820036,
        "ano": 2024,
        "area_ha": 1801.77,
        "fase": "AUTORIZAÇÃO DE PESQUISA",
        "nome": "ALPHA MINERALS BRAZIL PARTICIPACOES LTDA.",
        "subs": "TERRAS RARAS",
        "uso": "Industrial",
        "uf": "SP",
        "category": "direct_ree",
        "category_label": "Terras Raras (REE)",
        "dsprocesso": "820.036/2024"
      }
    },
    {
      "type": "Feature",
      "geometry": {
        "type": "Point",
        "coordinates": [
          -46.817037,
          -21.730167
        ]
      },
      "properties": {
        "processo": "820040/2024",
        "numero": 820040,
        "ano": 2024,
        "area_ha": 573.79,
        "fase": "AUTORIZAÇÃO DE PESQUISA",
        "nome": "ALPHA MINERALS BRAZIL PARTICIPACOES LTDA.",
        "subs": "TERRAS RARAS",
        "uso": "Industrial",
        "uf": "SP",
        "category": "direct_ree",
        "category_label": "Terras Raras (REE)",
        "dsprocesso": "820.040/2024"
      }
    },
    {
      "type": "Feature",
      "geometry": {
        "type": "Point",
        "coordinates": [
          -46.599398,
          -21.769753
        ]
      },
      "properties": {
        "processo": "832931/2023",
        "numero": 832931,
        "ano": 2023,
        "area_ha": 1.12,
        "fase": "REQUERIMENTO DE PESQUISA",
        "nome": "IRMAOS MARTINS SERVICOS E COMERCIO LTDA",
        "subs": "TERRAS RARAS",
        "uso": "Industrial",
        "uf": "MG",
        "category": "direct_ree",
        "category_label": "Terras Raras (REE)",
        "dsprocesso": "832.931/2023"
      }
    },
    {
      "type": "Feature",
      "geometry": {
        "type": "Point",
        "coordinates": [
          -46.426636,
          -21.747091
        ]
      },
      "properties": {
        "processo": "833250/2023",
        "numero": 833250,
        "ano": 2023,
        "area_ha": 641.37,
        "fase": "AUTORIZAÇÃO DE PESQUISA",
        "nome": "I.R.S Minerals Extração de Minerais EIRELI",
        "subs": "TERRAS RARAS",
        "uso": "Industrial",
        "uf": "MG",
        "category": "direct_ree",
        "category_label": "Terras Raras (REE)",
        "dsprocesso": "833.250/2023"
      }
    },
    {
      "type": "Feature",
      "geometry": {
        "type": "Point",
        "coordinates": [
          -46.39937,
          -22.057561
        ]
      },
      "properties": {
        "processo": "833493/2023",
        "numero": 833493,
        "ano": 2023,
        "area_ha": 1808.95,
        "fase": "AUTORIZAÇÃO DE PESQUISA",
        "nome": "FOXFIRE METALS LTDA",
        "subs": "TERRAS RARAS",
        "uso": "Industrial",
        "uf": "MG",
        "category": "direct_ree",
        "category_label": "Terras Raras (REE)",
        "dsprocesso": "833.493/2023"
      }
    },
    {
      "type": "Feature",
      "geometry": {
        "type": "Point",
        "coordinates": [
          -46.568004,
          -21.982692
        ]
      },
      "properties": {
        "processo": "833230/2023",
        "numero": 833230,
        "ano": 2023,
        "area_ha": 6.66,
        "fase": "AUTORIZAÇÃO DE PESQUISA",
        "nome": "I.R.S Minerals Extração de Minerais EIRELI",
        "subs": "TERRAS RARAS",
        "uso": "Industrial",
        "uf": "MG",
        "category": "direct_ree",
        "category_label": "Terras Raras (REE)",
        "dsprocesso": "833.230/2023"
      }
    },
    {
      "type": "Feature",
      "geometry": {
        "type": "Point",
        "coordinates": [
          -46.653463,
          -21.785894
        ]
      },
      "properties": {
        "processo": "833096/2023",
        "numero": 833096,
        "ano": 2023,
        "area_ha": 12.09,
        "fase": "REQUERIMENTO DE PESQUISA",
        "nome": "IRMAOS MARTINS SERVICOS E COMERCIO LTDA",
        "subs": "TERRAS RARAS",
        "uso": "Industrial",
        "uf": "MG",
        "category": "direct_ree",
        "category_label": "Terras Raras (REE)",
        "dsprocesso": "833.096/2023"
      }
    },
    {
      "type": "Feature",
      "geometry": {
        "type": "Point",
        "coordinates": [
          -46.470506,
          -22.08427
        ]
      },
      "properties": {
        "processo": "833492/2023",
        "numero": 833492,
        "ano": 2023,
        "area_ha": 1846.32,
        "fase": "AUTORIZAÇÃO DE PESQUISA",
        "nome": "FOXFIRE METALS LTDA",
        "subs": "TERRAS RARAS",
        "uso": "Industrial",
        "uf": "MG",
        "category": "direct_ree",
        "category_label": "Terras Raras (REE)",
        "dsprocesso": "833.492/2023"
      }
    },
    {
      "type": "Feature",
      "geometry": {
        "type": "Point",
        "coordinates": [
          -46.367842,
          -22.09477
        ]
      },
      "properties": {
        "processo": "833495/2023",
        "numero": 833495,
        "ano": 2023,
        "area_ha": 1977.69,
        "fase": "AUTORIZAÇÃO DE PESQUISA",
        "nome": "FOXFIRE METALS LTDA",
        "subs": "TERRAS RARAS",
        "uso": "Industrial",
        "uf": "MG",
        "category": "direct_ree",
        "category_label": "Terras Raras (REE)",
        "dsprocesso": "833.495/2023"
      }
    },
    {
      "type": "Feature",
      "geometry": {
        "type": "Point",
        "coordinates": [
          -46.372663,
          -22.159302
        ]
      },
      "properties": {
        "processo": "833497/2023",
        "numero": 833497,
        "ano": 2023,
        "area_ha": 1759.65,
        "fase": "AUTORIZAÇÃO DE PESQUISA",
        "nome": "FOXFIRE METALS LTDA",
        "subs": "TERRAS RARAS",
        "uso": "Industrial",
        "uf": "MG",
        "category": "direct_ree",
        "category_label": "Terras Raras (REE)",
        "dsprocesso": "833.497/2023"
      }
    },
    {
      "type": "Feature",
      "geometry": {
        "type": "Point",
        "coordinates": [
          -46.384286,
          -22.070017
        ]
      },
      "properties": {
        "processo": "833494/2023",
        "numero": 833494,
        "ano": 2023,
        "area_ha": 1989.6,
        "fase": "AUTORIZAÇÃO DE PESQUISA",
        "nome": "FOXFIRE METALS LTDA",
        "subs": "TERRAS RARAS",
        "uso": "Industrial",
        "uf": "MG",
        "category": "direct_ree",
        "category_label": "Terras Raras (REE)",
        "dsprocesso": "833.494/2023"
      }
    },
    {
      "type": "Feature",
      "geometry": {
        "type": "Point",
        "coordinates": [
          -46.301793,
          -22.01325
        ]
      },
      "properties": {
        "processo": "833334/2023",
        "numero": 833334,
        "ano": 2023,
        "area_ha": 1081.79,
        "fase": "AUTORIZAÇÃO DE PESQUISA",
        "nome": "I.R.S Minerals Extração de Minerais EIRELI",
        "subs": "TERRAS RARAS",
        "uso": "Industrial",
        "uf": "MG",
        "category": "direct_ree",
        "category_label": "Terras Raras (REE)",
        "dsprocesso": "833.334/2023"
      }
    },
    {
      "type": "Feature",
      "geometry": {
        "type": "Point",
        "coordinates": [
          -46.688078,
          -21.818128
        ]
      },
      "properties": {
        "processo": "830018/2024",
        "numero": 830018,
        "ano": 2024,
        "area_ha": 66.8,
        "fase": "AUTORIZAÇÃO DE PESQUISA",
        "nome": "I.R.S Minerals Extração de Minerais EIRELI",
        "subs": "TERRAS RARAS",
        "uso": "Industrial",
        "uf": "MG",
        "category": "direct_ree",
        "category_label": "Terras Raras (REE)",
        "dsprocesso": "830.018/2024"
      }
    },
    {
      "type": "Feature",
      "geometry": {
        "type": "Point",
        "coordinates": [
          -46.566196,
          -22.132847
        ]
      },
      "properties": {
        "processo": "833488/2023",
        "numero": 833488,
        "ano": 2023,
        "area_ha": 1987.63,
        "fase": "AUTORIZAÇÃO DE PESQUISA",
        "nome": "FOXFIRE METALS LTDA",
        "subs": "TERRAS RARAS",
        "uso": "Industrial",
        "uf": "MG",
        "category": "direct_ree",
        "category_label": "Terras Raras (REE)",
        "dsprocesso": "833.488/2023"
      }
    },
    {
      "type": "Feature",
      "geometry": {
        "type": "Point",
        "coordinates": [
          -46.593861,
          -21.767892
        ]
      },
      "properties": {
        "processo": "832931/2023",
        "numero": 832931,
        "ano": 2023,
        "area_ha": 1.35,
        "fase": "REQUERIMENTO DE PESQUISA",
        "nome": "IRMAOS MARTINS SERVICOS E COMERCIO LTDA",
        "subs": "TERRAS RARAS",
        "uso": "Industrial",
        "uf": "MG",
        "category": "direct_ree",
        "category_label": "Terras Raras (REE)",
        "dsprocesso": "832.931/2023"
      }
    },
    {
      "type": "Feature",
      "geometry": {
        "type": "Point",
        "coordinates": [
          -46.118167,
          -22.016627
        ]
      },
      "properties": {
        "processo": "830041/2024",
        "numero": 830041,
        "ano": 2024,
        "area_ha": 1836.61,
        "fase": "AUTORIZAÇÃO DE PESQUISA",
        "nome": "CROSS SECTION CONSULTORIA E PARTICIPAÇÕES LTDA",
        "subs": "TERRAS RARAS",
        "uso": "Industrial",
        "uf": "MG",
        "category": "direct_ree",
        "category_label": "Terras Raras (REE)",
        "dsprocesso": "830.041/2024"
      }
    },
    {
      "type": "Feature",
      "geometry": {
        "type": "Point",
        "coordinates": [
          -46.448405,
          -22.109566
        ]
      },
      "properties": {
        "processo": "833491/2023",
        "numero": 833491,
        "ano": 2023,
        "area_ha": 1959.41,
        "fase": "AUTORIZAÇÃO DE PESQUISA",
        "nome": "FOXFIRE METALS LTDA",
        "subs": "TERRAS RARAS",
        "uso": "Industrial",
        "uf": "MG",
        "category": "direct_ree",
        "category_label": "Terras Raras (REE)",
        "dsprocesso": "833.491/2023"
      }
    },
    {
      "type": "Feature",
      "geometry": {
        "type": "Point",
        "coordinates": [
          -46.141329,
          -22.018968
        ]
      },
      "properties": {
        "processo": "830131/2024",
        "numero": 830131,
        "ano": 2024,
        "area_ha": 538.52,
        "fase": "AUTORIZAÇÃO DE PESQUISA",
        "nome": "BORBOREMA RECURSOS MINERAIS LTDA",
        "subs": "TERRAS RARAS",
        "uso": "Industrial",
        "uf": "MG",
        "category": "direct_ree",
        "category_label": "Terras Raras (REE)",
        "dsprocesso": "830.131/2024"
      }
    },
    {
      "type": "Feature",
      "geometry": {
        "type": "Point",
        "coordinates": [
          -46.711415,
          -21.61912
        ]
      },
      "properties": {
        "processo": "820039/2024",
        "numero": 820039,
        "ano": 2024,
        "area_ha": 783.86,
        "fase": "AUTORIZAÇÃO DE PESQUISA",
        "nome": "ALPHA MINERALS BRAZIL PARTICIPACOES LTDA.",
        "subs": "TERRAS RARAS",
        "uso": "Industrial",
        "uf": "SP",
        "category": "direct_ree",
        "category_label": "Terras Raras (REE)",
        "dsprocesso": "820.039/2024"
      }
    },
    {
      "type": "Feature",
      "geometry": {
        "type": "Point",
        "coordinates": [
          -46.639154,
          -22.125789
        ]
      },
      "properties": {
        "processo": "833485/2023",
        "numero": 833485,
        "ano": 2023,
        "area_ha": 1994.34,
        "fase": "AUTORIZAÇÃO DE PESQUISA",
        "nome": "FOXFIRE METALS LTDA",
        "subs": "TERRAS RARAS",
        "uso": "Industrial",
        "uf": "MG",
        "category": "direct_ree",
        "category_label": "Terras Raras (REE)",
        "dsprocesso": "833.485/2023"
      }
    },
    {
      "type": "Feature",
      "geometry": {
        "type": "Point",
        "coordinates": [
          -46.52997,
          -21.829964
        ]
      },
      "properties": {
        "processo": "830278/2024",
        "numero": 830278,
        "ano": 2024,
        "area_ha": 1.87,
        "fase": "AUTORIZAÇÃO DE PESQUISA",
        "nome": "VIRIDIS MINERACAO LTDA",
        "subs": "TERRAS RARAS",
        "uso": "Industrial",
        "uf": "MG",
        "category": "direct_ree",
        "category_label": "Terras Raras (REE)",
        "dsprocesso": "830.278/2024"
      }
    },
    {
      "type": "Feature",
      "geometry": {
        "type": "Point",
        "coordinates": [
          -46.109666,
          -22.063422
        ]
      },
      "properties": {
        "processo": "830042/2024",
        "numero": 830042,
        "ano": 2024,
        "area_ha": 1173.46,
        "fase": "AUTORIZAÇÃO DE PESQUISA",
        "nome": "CROSSROADS PESQUISA MINERAL LTDA",
        "subs": "TERRAS RARAS",
        "uso": "Industrial",
        "uf": "MG",
        "category": "direct_ree",
        "category_label": "Terras Raras (REE)",
        "dsprocesso": "830.042/2024"
      }
    },
    {
      "type": "Feature",
      "geometry": {
        "type": "Point",
        "coordinates": [
          -46.141227,
          -22.09475
        ]
      },
      "properties": {
        "processo": "830780/2024",
        "numero": 830780,
        "ano": 2024,
        "area_ha": 1892.66,
        "fase": "AUTORIZAÇÃO DE PESQUISA",
        "nome": "CROSS SECTION CONSULTORIA E PARTICIPAÇÕES LTDA",
        "subs": "TERRAS RARAS",
        "uso": "Industrial",
        "uf": "MG",
        "category": "direct_ree",
        "category_label": "Terras Raras (REE)",
        "dsprocesso": "830.780/2024"
      }
    },
    {
      "type": "Feature",
      "geometry": {
        "type": "Point",
        "coordinates": [
          -46.487262,
          -21.95178
        ]
      },
      "properties": {
        "processo": "830850/2024",
        "numero": 830850,
        "ano": 2024,
        "area_ha": 319.07,
        "fase": "AUTORIZAÇÃO DE PESQUISA",
        "nome": "VIRIDIS MINERACAO LTDA",
        "subs": "TERRAS RARAS",
        "uso": "Industrial",
        "uf": "MG",
        "category": "direct_ree",
        "category_label": "Terras Raras (REE)",
        "dsprocesso": "830.850/2024"
      }
    },
    {
      "type": "Feature",
      "geometry": {
        "type": "Point",
        "coordinates": [
          -46.71192,
          -21.87448
        ]
      },
      "properties": {
        "processo": "820001/2024",
        "numero": 820001,
        "ano": 2024,
        "area_ha": 14.39,
        "fase": "AUTORIZAÇÃO DE PESQUISA",
        "nome": "I.R.S Minerals Extração de Minerais EIRELI",
        "subs": "TERRAS RARAS",
        "uso": "Industrial",
        "uf": "SP",
        "category": "direct_ree",
        "category_label": "Terras Raras (REE)",
        "dsprocesso": "820.001/2024"
      }
    },
    {
      "type": "Feature",
      "geometry": {
        "type": "Point",
        "coordinates": [
          -46.502736,
          -21.668551
        ]
      },
      "properties": {
        "processo": "833572/2023",
        "numero": 833572,
        "ano": 2023,
        "area_ha": 1687.09,
        "fase": "AUTORIZAÇÃO DE PESQUISA",
        "nome": "FOXFIRE METALS LTDA",
        "subs": "TERRAS RARAS",
        "uso": "Industrial",
        "uf": "MG",
        "category": "direct_ree",
        "category_label": "Terras Raras (REE)",
        "dsprocesso": "833.572/2023"
      }
    },
    {
      "type": "Feature",
      "geometry": {
        "type": "Point",
        "coordinates": [
          -45.714123,
          -21.845836
        ]
      },
      "properties": {
        "processo": "830561/2024",
        "numero": 830561,
        "ano": 2024,
        "area_ha": 1803.31,
        "fase": "AUTORIZAÇÃO DE PESQUISA",
        "nome": "RCO MINERACAO LTDA",
        "subs": "TERRAS RARAS",
        "uso": "Industrial",
        "uf": "MG",
        "category": "direct_ree",
        "category_label": "Terras Raras (REE)",
        "dsprocesso": "830.561/2024"
      }
    },
    {
      "type": "Feature",
      "geometry": {
        "type": "Point",
        "coordinates": [
          -46.128024,
          -21.87818
        ]
      },
      "properties": {
        "processo": "830359/2024",
        "numero": 830359,
        "ano": 2024,
        "area_ha": 1996.67,
        "fase": "AUTORIZAÇÃO DE PESQUISA",
        "nome": "I.R.S Minerals Extração de Minerais EIRELI",
        "subs": "TERRAS RARAS",
        "uso": "Industrial",
        "uf": "MG",
        "category": "direct_ree",
        "category_label": "Terras Raras (REE)",
        "dsprocesso": "830.359/2024"
      }
    },
    {
      "type": "Feature",
      "geometry": {
        "type": "Point",
        "coordinates": [
          -46.560219,
          -21.982734
        ]
      },
      "properties": {
        "processo": "833231/2023",
        "numero": 833231,
        "ano": 2023,
        "area_ha": 5.24,
        "fase": "AUTORIZAÇÃO DE PESQUISA",
        "nome": "I.R.S Minerals Extração de Minerais EIRELI",
        "subs": "TERRAS RARAS",
        "uso": "Industrial",
        "uf": "MG",
        "category": "direct_ree",
        "category_label": "Terras Raras (REE)",
        "dsprocesso": "833.231/2023"
      }
    },
    {
      "type": "Feature",
      "geometry": {
        "type": "Point",
        "coordinates": [
          -46.706837,
          -21.665034
        ]
      },
      "properties": {
        "processo": "820048/2024",
        "numero": 820048,
        "ano": 2024,
        "area_ha": 1622.15,
        "fase": "AUTORIZAÇÃO DE PESQUISA",
        "nome": "RTB GEOLOGIA E MINERACAO LTDA.",
        "subs": "TERRAS RARAS",
        "uso": "Industrial",
        "uf": "SP",
        "category": "direct_ree",
        "category_label": "Terras Raras (REE)",
        "dsprocesso": "820.048/2024"
      }
    },
    {
      "type": "Feature",
      "geometry": {
        "type": "Point",
        "coordinates": [
          -46.615477,
          -21.660672
        ]
      },
      "properties": {
        "processo": "830161/2024",
        "numero": 830161,
        "ano": 2024,
        "area_ha": 1987.93,
        "fase": "AUTORIZAÇÃO DE PESQUISA",
        "nome": "RTB GEOLOGIA E MINERACAO LTDA.",
        "subs": "TERRAS RARAS",
        "uso": "Industrial",
        "uf": "MG",
        "category": "direct_ree",
        "category_label": "Terras Raras (REE)",
        "dsprocesso": "830.161/2024"
      }
    },
    {
      "type": "Feature",
      "geometry": {
        "type": "Point",
        "coordinates": [
          -45.9083,
          -22.136063
        ]
      },
      "properties": {
        "processo": "830134/2024",
        "numero": 830134,
        "ano": 2024,
        "area_ha": 1479.53,
        "fase": "AUTORIZAÇÃO DE PESQUISA",
        "nome": "BORBOREMA RECURSOS MINERAIS LTDA",
        "subs": "TERRAS RARAS",
        "uso": "Industrial",
        "uf": "MG",
        "category": "direct_ree",
        "category_label": "Terras Raras (REE)",
        "dsprocesso": "830.134/2024"
      }
    },
    {
      "type": "Feature",
      "geometry": {
        "type": "Point",
        "coordinates": [
          -46.177206,
          -21.845995
        ]
      },
      "properties": {
        "processo": "830364/2024",
        "numero": 830364,
        "ano": 2024,
        "area_ha": 1992.38,
        "fase": "AUTORIZAÇÃO DE PESQUISA",
        "nome": "I.R.S Minerals Extração de Minerais EIRELI",
        "subs": "TERRAS RARAS",
        "uso": "Industrial",
        "uf": "MG",
        "category": "direct_ree",
        "category_label": "Terras Raras (REE)",
        "dsprocesso": "830.364/2024"
      }
    },
    {
      "type": "Feature",
      "geometry": {
        "type": "Point",
        "coordinates": [
          -46.565795,
          -22.006747
        ]
      },
      "properties": {
        "processo": "833232/2023",
        "numero": 833232,
        "ano": 2023,
        "area_ha": 27.17,
        "fase": "AUTORIZAÇÃO DE PESQUISA",
        "nome": "I.R.S Minerals Extração de Minerais EIRELI",
        "subs": "TERRAS RARAS",
        "uso": "Industrial",
        "uf": "MG",
        "category": "direct_ree",
        "category_label": "Terras Raras (REE)",
        "dsprocesso": "833.232/2023"
      }
    },
    {
      "type": "Feature",
      "geometry": {
        "type": "Point",
        "coordinates": [
          -46.279187,
          -21.799648
        ]
      },
      "properties": {
        "processo": "830277/2024",
        "numero": 830277,
        "ano": 2024,
        "area_ha": 8.41,
        "fase": "AUTORIZAÇÃO DE PESQUISA",
        "nome": "VIRIDIS MINERACAO LTDA",
        "subs": "TERRAS RARAS",
        "uso": "Industrial",
        "uf": "MG",
        "category": "direct_ree",
        "category_label": "Terras Raras (REE)",
        "dsprocesso": "830.277/2024"
      }
    },
    {
      "type": "Feature",
      "geometry": {
        "type": "Point",
        "coordinates": [
          -46.372731,
          -22.02477
        ]
      },
      "properties": {
        "processo": "830304/2024",
        "numero": 830304,
        "ano": 2024,
        "area_ha": 42.64,
        "fase": "AUTORIZAÇÃO DE PESQUISA",
        "nome": "I.R.S Minerals Extração de Minerais EIRELI",
        "subs": "TERRAS RARAS",
        "uso": "Industrial",
        "uf": "MG",
        "category": "direct_ree",
        "category_label": "Terras Raras (REE)",
        "dsprocesso": "830.304/2024"
      }
    },
    {
      "type": "Feature",
      "geometry": {
        "type": "Point",
        "coordinates": [
          -46.643565,
          -21.702768
        ]
      },
      "properties": {
        "processo": "820221/2024",
        "numero": 820221,
        "ano": 2024,
        "area_ha": 19.6,
        "fase": "AUTORIZAÇÃO DE PESQUISA",
        "nome": "VIRIDIS MINERACAO LTDA",
        "subs": "TERRAS RARAS",
        "uso": "Industrial",
        "uf": "SP",
        "category": "direct_ree",
        "category_label": "Terras Raras (REE)",
        "dsprocesso": "820.221/2024"
      }
    },
    {
      "type": "Feature",
      "geometry": {
        "type": "Point",
        "coordinates": [
          -46.271246,
          -22.129141
        ]
      },
      "properties": {
        "processo": "830133/2024",
        "numero": 830133,
        "ano": 2024,
        "area_ha": 1.35,
        "fase": "AUTORIZAÇÃO DE PESQUISA",
        "nome": "BORBOREMA RECURSOS MINERAIS LTDA",
        "subs": "TERRAS RARAS",
        "uso": "Industrial",
        "uf": "MG",
        "category": "direct_ree",
        "category_label": "Terras Raras (REE)",
        "dsprocesso": "830.133/2024"
      }
    },
    {
      "type": "Feature",
      "geometry": {
        "type": "Point",
        "coordinates": [
          -46.947973,
          -21.663988
        ]
      },
      "properties": {
        "processo": "820038/2024",
        "numero": 820038,
        "ano": 2024,
        "area_ha": 1929.06,
        "fase": "AUTORIZAÇÃO DE PESQUISA",
        "nome": "ALPHA MINERALS BRAZIL PARTICIPACOES LTDA.",
        "subs": "TERRAS RARAS",
        "uso": "Industrial",
        "uf": "SP",
        "category": "direct_ree",
        "category_label": "Terras Raras (REE)",
        "dsprocesso": "820.038/2024"
      }
    },
    {
      "type": "Feature",
      "geometry": {
        "type": "Point",
        "coordinates": [
          -46.230147,
          -22.029321
        ]
      },
      "properties": {
        "processo": "833280/2023",
        "numero": 833280,
        "ano": 2023,
        "area_ha": 1587.69,
        "fase": "AUTORIZAÇÃO DE PESQUISA",
        "nome": "ALPHA MINERALS BRAZIL PARTICIPACOES LTDA.",
        "subs": "TERRAS RARAS",
        "uso": "Industrial",
        "uf": "MG",
        "category": "direct_ree",
        "category_label": "Terras Raras (REE)",
        "dsprocesso": "833.280/2023"
      }
    },
    {
      "type": "Feature",
      "geometry": {
        "type": "Point",
        "coordinates": [
          -46.694045,
          -21.64043
        ]
      },
      "properties": {
        "processo": "820037/2024",
        "numero": 820037,
        "ano": 2024,
        "area_ha": 1577.57,
        "fase": "AUTORIZAÇÃO DE PESQUISA",
        "nome": "ALPHA MINERALS BRAZIL PARTICIPACOES LTDA.",
        "subs": "TERRAS RARAS",
        "uso": "Industrial",
        "uf": "SP",
        "category": "direct_ree",
        "category_label": "Terras Raras (REE)",
        "dsprocesso": "820.037/2024"
      }
    },
    {
      "type": "Feature",
      "geometry": {
        "type": "Point",
        "coordinates": [
          -46.321877,
          -21.794639
        ]
      },
      "properties": {
        "processo": "830149/2024",
        "numero": 830149,
        "ano": 2024,
        "area_ha": 28.64,
        "fase": "AUTORIZAÇÃO DE PESQUISA",
        "nome": "VIRIDIS MINERACAO LTDA",
        "subs": "TERRAS RARAS",
        "uso": "Industrial",
        "uf": "MG",
        "category": "direct_ree",
        "category_label": "Terras Raras (REE)",
        "dsprocesso": "830.149/2024"
      }
    },
    {
      "type": "Feature",
      "geometry": {
        "type": "Point",
        "coordinates": [
          -46.124365,
          -21.965134
        ]
      },
      "properties": {
        "processo": "830356/2024",
        "numero": 830356,
        "ano": 2024,
        "area_ha": 1998.44,
        "fase": "AUTORIZAÇÃO DE PESQUISA",
        "nome": "I.R.S Minerals Extração de Minerais EIRELI",
        "subs": "TERRAS RARAS",
        "uso": "Industrial",
        "uf": "MG",
        "category": "direct_ree",
        "category_label": "Terras Raras (REE)",
        "dsprocesso": "830.356/2024"
      }
    },
    {
      "type": "Feature",
      "geometry": {
        "type": "Point",
        "coordinates": [
          -46.062681,
          -21.941319
        ]
      },
      "properties": {
        "processo": "830366/2024",
        "numero": 830366,
        "ano": 2024,
        "area_ha": 1945.94,
        "fase": "AUTORIZAÇÃO DE PESQUISA",
        "nome": "I.R.S Minerals Extração de Minerais EIRELI",
        "subs": "TERRAS RARAS",
        "uso": "Industrial",
        "uf": "MG",
        "category": "direct_ree",
        "category_label": "Terras Raras (REE)",
        "dsprocesso": "830.366/2024"
      }
    },
    {
      "type": "Feature",
      "geometry": {
        "type": "Point",
        "coordinates": [
          -46.301316,
          -22.081431
        ]
      },
      "properties": {
        "processo": "830040/2024",
        "numero": 830040,
        "ano": 2024,
        "area_ha": 1892.3,
        "fase": "AUTORIZAÇÃO DE PESQUISA",
        "nome": "CROSS SECTION CONSULTORIA E PARTICIPAÇÕES LTDA",
        "subs": "TERRAS RARAS",
        "uso": "Industrial",
        "uf": "MG",
        "category": "direct_ree",
        "category_label": "Terras Raras (REE)",
        "dsprocesso": "830.040/2024"
      }
    },
    {
      "type": "Feature",
      "geometry": {
        "type": "Point",
        "coordinates": [
          -46.579482,
          -21.667483
        ]
      },
      "properties": {
        "processo": "830163/2024",
        "numero": 830163,
        "ano": 2024,
        "area_ha": 1877.27,
        "fase": "AUTORIZAÇÃO DE PESQUISA",
        "nome": "RTB GEOLOGIA E MINERACAO LTDA.",
        "subs": "TERRAS RARAS",
        "uso": "Industrial",
        "uf": "MG",
        "category": "direct_ree",
        "category_label": "Terras Raras (REE)",
        "dsprocesso": "830.163/2024"
      }
    },
    {
      "type": "Feature",
      "geometry": {
        "type": "Point",
        "coordinates": [
          -46.378793,
          -22.130045
        ]
      },
      "properties": {
        "processo": "833496/2023",
        "numero": 833496,
        "ano": 2023,
        "area_ha": 1924.08,
        "fase": "AUTORIZAÇÃO DE PESQUISA",
        "nome": "FOXFIRE METALS LTDA",
        "subs": "TERRAS RARAS",
        "uso": "Industrial",
        "uf": "MG",
        "category": "direct_ree",
        "category_label": "Terras Raras (REE)",
        "dsprocesso": "833.496/2023"
      }
    },
    {
      "type": "Feature",
      "geometry": {
        "type": "Point",
        "coordinates": [
          -46.077411,
          -22.006249
        ]
      },
      "properties": {
        "processo": "830777/2024",
        "numero": 830777,
        "ano": 2024,
        "area_ha": 295.64,
        "fase": "AUTORIZAÇÃO DE PESQUISA",
        "nome": "CROSS SECTION CONSULTORIA E PARTICIPAÇÕES LTDA",
        "subs": "TERRAS RARAS",
        "uso": "Industrial",
        "uf": "MG",
        "category": "direct_ree",
        "category_label": "Terras Raras (REE)",
        "dsprocesso": "830.777/2024"
      }
    },
    {
      "type": "Feature",
      "geometry": {
        "type": "Point",
        "coordinates": [
          -46.111561,
          -21.937513
        ]
      },
      "properties": {
        "processo": "830357/2024",
        "numero": 830357,
        "ano": 2024,
        "area_ha": 1997.01,
        "fase": "AUTORIZAÇÃO DE PESQUISA",
        "nome": "I.R.S Minerals Extração de Minerais EIRELI",
        "subs": "TERRAS RARAS",
        "uso": "Industrial",
        "uf": "MG",
        "category": "direct_ree",
        "category_label": "Terras Raras (REE)",
        "dsprocesso": "830.357/2024"
      }
    },
    {
      "type": "Feature",
      "geometry": {
        "type": "Point",
        "coordinates": [
          -46.091384,
          -22.07801
        ]
      },
      "properties": {
        "processo": "830778/2024",
        "numero": 830778,
        "ano": 2024,
        "area_ha": 1330.02,
        "fase": "AUTORIZAÇÃO DE PESQUISA",
        "nome": "CROSSROADS PESQUISA MINERAL LTDA",
        "subs": "TERRAS RARAS",
        "uso": "Industrial",
        "uf": "MG",
        "category": "direct_ree",
        "category_label": "Terras Raras (REE)",
        "dsprocesso": "830.778/2024"
      }
    },
    {
      "type": "Feature",
      "geometry": {
        "type": "Point",
        "coordinates": [
          -46.733006,
          -21.808106
        ]
      },
      "properties": {
        "processo": "820002/2024",
        "numero": 820002,
        "ano": 2024,
        "area_ha": 960.42,
        "fase": "AUTORIZAÇÃO DE PESQUISA",
        "nome": "I.R.S Minerals Extração de Minerais EIRELI",
        "subs": "TERRAS RARAS",
        "uso": "Industrial",
        "uf": "SP",
        "category": "direct_ree",
        "category_label": "Terras Raras (REE)",
        "dsprocesso": "820.002/2024"
      }
    },
    {
      "type": "Feature",
      "geometry": {
        "type": "Point",
        "coordinates": [
          -46.323039,
          -22.046879
        ]
      },
      "properties": {
        "processo": "833543/2023",
        "numero": 833543,
        "ano": 2023,
        "area_ha": 994.91,
        "fase": "AUTORIZAÇÃO DE PESQUISA",
        "nome": "I.R.S Minerals Extração de Minerais EIRELI",
        "subs": "TERRAS RARAS",
        "uso": "Industrial",
        "uf": "MG",
        "category": "direct_ree",
        "category_label": "Terras Raras (REE)",
        "dsprocesso": "833.543/2023"
      }
    },
    {
      "type": "Feature",
      "geometry": {
        "type": "Point",
        "coordinates": [
          -45.695003,
          -21.886434
        ]
      },
      "properties": {
        "processo": "833639/2023",
        "numero": 833639,
        "ano": 2023,
        "area_ha": 1978.56,
        "fase": "AUTORIZAÇÃO DE PESQUISA",
        "nome": "I.R.S Minerals Extração de Minerais EIRELI",
        "subs": "MINÉRIO DE TITÂNIO",
        "uso": "Industrial",
        "uf": "MG",
        "category": "heavy_mineral_associated",
        "category_label": "Minério de Titânio (heavy mineral, REE assoc.)",
        "dsprocesso": "833.639/2023"
      }
    },
    {
      "type": "Feature",
      "geometry": {
        "type": "Point",
        "coordinates": [
          -46.478529,
          -21.925232
        ]
      },
      "properties": {
        "processo": "830301/2024",
        "numero": 830301,
        "ano": 2024,
        "area_ha": 35.32,
        "fase": "AUTORIZAÇÃO DE PESQUISA",
        "nome": "BRAZIL ROYALTY CORP PARTICIPACOES E INVESTIMENTOS LTDA.",
        "subs": "TERRAS RARAS",
        "uso": "Industrial",
        "uf": "MG",
        "category": "direct_ree",
        "category_label": "Terras Raras (REE)",
        "dsprocesso": "830.301/2024"
      }
    },
    {
      "type": "Feature",
      "geometry": {
        "type": "Point",
        "coordinates": [
          -46.203231,
          -21.904308
        ]
      },
      "properties": {
        "processo": "830373/2024",
        "numero": 830373,
        "ano": 2024,
        "area_ha": 1995.57,
        "fase": "AUTORIZAÇÃO DE PESQUISA",
        "nome": "I.R.S Minerals Extração de Minerais EIRELI",
        "subs": "TERRAS RARAS",
        "uso": "Industrial",
        "uf": "MG",
        "category": "direct_ree",
        "category_label": "Terras Raras (REE)",
        "dsprocesso": "830.373/2024"
      }
    },
    {
      "type": "Feature",
      "geometry": {
        "type": "Point",
        "coordinates": [
          -46.469749,
          -22.141751
        ]
      },
      "properties": {
        "processo": "833490/2023",
        "numero": 833490,
        "ano": 2023,
        "area_ha": 1968.07,
        "fase": "AUTORIZAÇÃO DE PESQUISA",
        "nome": "FOXFIRE METALS LTDA",
        "subs": "TERRAS RARAS",
        "uso": "Industrial",
        "uf": "MG",
        "category": "direct_ree",
        "category_label": "Terras Raras (REE)",
        "dsprocesso": "833.490/2023"
      }
    },
    {
      "type": "Feature",
      "geometry": {
        "type": "Point",
        "coordinates": [
          -46.154977,
          -21.923694
        ]
      },
      "properties": {
        "processo": "830365/2024",
        "numero": 830365,
        "ano": 2024,
        "area_ha": 1983.98,
        "fase": "AUTORIZAÇÃO DE PESQUISA",
        "nome": "I.R.S Minerals Extração de Minerais EIRELI",
        "subs": "TERRAS RARAS",
        "uso": "Industrial",
        "uf": "MG",
        "category": "direct_ree",
        "category_label": "Terras Raras (REE)",
        "dsprocesso": "830.365/2024"
      }
    },
    {
      "type": "Feature",
      "geometry": {
        "type": "Point",
        "coordinates": [
          -46.110973,
          -21.90752
        ]
      },
      "properties": {
        "processo": "830358/2024",
        "numero": 830358,
        "ano": 2024,
        "area_ha": 1991.66,
        "fase": "AUTORIZAÇÃO DE PESQUISA",
        "nome": "I.R.S Minerals Extração de Minerais EIRELI",
        "subs": "TERRAS RARAS",
        "uso": "Industrial",
        "uf": "MG",
        "category": "direct_ree",
        "category_label": "Terras Raras (REE)",
        "dsprocesso": "830.358/2024"
      }
    },
    {
      "type": "Feature",
      "geometry": {
        "type": "Point",
        "coordinates": [
          -46.396441,
          -21.71976
        ]
      },
      "properties": {
        "processo": "830164/2024",
        "numero": 830164,
        "ano": 2024,
        "area_ha": 1650.55,
        "fase": "AUTORIZAÇÃO DE PESQUISA",
        "nome": "RTB GEOLOGIA E MINERACAO LTDA.",
        "subs": "TERRAS RARAS",
        "uso": "Industrial",
        "uf": "MG",
        "category": "direct_ree",
        "category_label": "Terras Raras (REE)",
        "dsprocesso": "830.164/2024"
      }
    },
    {
      "type": "Feature",
      "geometry": {
        "type": "Point",
        "coordinates": [
          -46.112024,
          -22.035001
        ]
      },
      "properties": {
        "processo": "830130/2024",
        "numero": 830130,
        "ano": 2024,
        "area_ha": 183.02,
        "fase": "AUTORIZAÇÃO DE PESQUISA",
        "nome": "BORBOREMA RECURSOS MINERAIS LTDA",
        "subs": "TERRAS RARAS",
        "uso": "Industrial",
        "uf": "MG",
        "category": "direct_ree",
        "category_label": "Terras Raras (REE)",
        "dsprocesso": "830.130/2024"
      }
    },
    {
      "type": "Feature",
      "geometry": {
        "type": "Point",
        "coordinates": [
          -46.340972,
          -22.064272
        ]
      },
      "properties": {
        "processo": "830044/2024",
        "numero": 830044,
        "ano": 2024,
        "area_ha": 396.98,
        "fase": "AUTORIZAÇÃO DE PESQUISA",
        "nome": "CROSS SECTION CONSULTORIA E PARTICIPAÇÕES LTDA",
        "subs": "TERRAS RARAS",
        "uso": "Industrial",
        "uf": "MG",
        "category": "direct_ree",
        "category_label": "Terras Raras (REE)",
        "dsprocesso": "830.044/2024"
      }
    },
    {
      "type": "Feature",
      "geometry": {
        "type": "Point",
        "coordinates": [
          -46.339837,
          -21.785064
        ]
      },
      "properties": {
        "processo": "830148/2024",
        "numero": 830148,
        "ano": 2024,
        "area_ha": 8.33,
        "fase": "AUTORIZAÇÃO DE PESQUISA",
        "nome": "VIRIDIS MINERACAO LTDA",
        "subs": "TERRAS RARAS",
        "uso": "Industrial",
        "uf": "MG",
        "category": "direct_ree",
        "category_label": "Terras Raras (REE)",
        "dsprocesso": "830.148/2024"
      }
    },
    {
      "type": "Feature",
      "geometry": {
        "type": "Point",
        "coordinates": [
          -46.268205,
          -21.764742
        ]
      },
      "properties": {
        "processo": "830166/2024",
        "numero": 830166,
        "ano": 2024,
        "area_ha": 1975.59,
        "fase": "AUTORIZAÇÃO DE PESQUISA",
        "nome": "RTB GEOLOGIA E MINERACAO LTDA.",
        "subs": "TERRAS RARAS",
        "uso": "Industrial",
        "uf": "MG",
        "category": "direct_ree",
        "category_label": "Terras Raras (REE)",
        "dsprocesso": "830.166/2024"
      }
    },
    {
      "type": "Feature",
      "geometry": {
        "type": "Point",
        "coordinates": [
          -45.693832,
          -21.813169
        ]
      },
      "properties": {
        "processo": "830562/2024",
        "numero": 830562,
        "ano": 2024,
        "area_ha": 1994.83,
        "fase": "AUTORIZAÇÃO DE PESQUISA",
        "nome": "IRMAOS MARTINS SERVICOS E COMERCIO LTDA",
        "subs": "TERRAS RARAS",
        "uso": "Industrial",
        "uf": "MG",
        "category": "direct_ree",
        "category_label": "Terras Raras (REE)",
        "dsprocesso": "830.562/2024"
      }
    },
    {
      "type": "Feature",
      "geometry": {
        "type": "Point",
        "coordinates": [
          -46.626565,
          -22.216327
        ]
      },
      "properties": {
        "processo": "830136/2024",
        "numero": 830136,
        "ano": 2024,
        "area_ha": 1518.63,
        "fase": "AUTORIZAÇÃO DE PESQUISA",
        "nome": "BORBOREMA RECURSOS MINERAIS LTDA",
        "subs": "TERRAS RARAS",
        "uso": "Industrial",
        "uf": "MG",
        "category": "direct_ree",
        "category_label": "Terras Raras (REE)",
        "dsprocesso": "830.136/2024"
      }
    },
    {
      "type": "Feature",
      "geometry": {
        "type": "Point",
        "coordinates": [
          -46.118881,
          -21.987055
        ]
      },
      "properties": {
        "processo": "830355/2024",
        "numero": 830355,
        "ano": 2024,
        "area_ha": 1979.54,
        "fase": "AUTORIZAÇÃO DE PESQUISA",
        "nome": "I.R.S Minerals Extração de Minerais EIRELI",
        "subs": "TERRAS RARAS",
        "uso": "Industrial",
        "uf": "MG",
        "category": "direct_ree",
        "category_label": "Terras Raras (REE)",
        "dsprocesso": "830.355/2024"
      }
    },
    {
      "type": "Feature",
      "geometry": {
        "type": "Point",
        "coordinates": [
          -46.84426,
          -21.683856
        ]
      },
      "properties": {
        "processo": "820041/2024",
        "numero": 820041,
        "ano": 2024,
        "area_ha": 768.05,
        "fase": "AUTORIZAÇÃO DE PESQUISA",
        "nome": "BORBOREMA RECURSOS MINERAIS LTDA",
        "subs": "TERRAS RARAS",
        "uso": "Industrial",
        "uf": "SP",
        "category": "direct_ree",
        "category_label": "Terras Raras (REE)",
        "dsprocesso": "820.041/2024"
      }
    },
    {
      "type": "Feature",
      "geometry": {
        "type": "Point",
        "coordinates": [
          -45.811252,
          -21.858031
        ]
      },
      "properties": {
        "processo": "831023/2024",
        "numero": 831023,
        "ano": 2024,
        "area_ha": 1769.51,
        "fase": "AUTORIZAÇÃO DE PESQUISA",
        "nome": "IRMAOS MARTINS SERVICOS E COMERCIO LTDA",
        "subs": "TERRAS RARAS",
        "uso": "Industrial",
        "uf": "MG",
        "category": "direct_ree",
        "category_label": "Terras Raras (REE)",
        "dsprocesso": "831.023/2024"
      }
    },
    {
      "type": "Feature",
      "geometry": {
        "type": "Point",
        "coordinates": [
          -45.774207,
          -21.795087
        ]
      },
      "properties": {
        "processo": "831022/2024",
        "numero": 831022,
        "ano": 2024,
        "area_ha": 1989.63,
        "fase": "AUTORIZAÇÃO DE PESQUISA",
        "nome": "IRMAOS MARTINS SERVICOS E COMERCIO LTDA",
        "subs": "TERRAS RARAS",
        "uso": "Industrial",
        "uf": "MG",
        "category": "direct_ree",
        "category_label": "Terras Raras (REE)",
        "dsprocesso": "831.022/2024"
      }
    },
    {
      "type": "Feature",
      "geometry": {
        "type": "Point",
        "coordinates": [
          -46.48258,
          -21.939173
        ]
      },
      "properties": {
        "processo": "831028/2024",
        "numero": 831028,
        "ano": 2024,
        "area_ha": 20.63,
        "fase": "AUTORIZAÇÃO DE PESQUISA",
        "nome": "IVAN RODRIGUES DOS SANTOS",
        "subs": "TERRAS RARAS",
        "uso": "Industrial",
        "uf": "MG",
        "category": "direct_ree",
        "category_label": "Terras Raras (REE)",
        "dsprocesso": "831.028/2024"
      }
    },
    {
      "type": "Feature",
      "geometry": {
        "type": "Point",
        "coordinates": [
          -45.828904,
          -21.818604
        ]
      },
      "properties": {
        "processo": "831024/2024",
        "numero": 831024,
        "ano": 2024,
        "area_ha": 1996.09,
        "fase": "AUTORIZAÇÃO DE PESQUISA",
        "nome": "RCO MINERACAO LTDA",
        "subs": "TERRAS RARAS",
        "uso": "Industrial",
        "uf": "MG",
        "category": "direct_ree",
        "category_label": "Terras Raras (REE)",
        "dsprocesso": "831.024/2024"
      }
    },
    {
      "type": "Feature",
      "geometry": {
        "type": "Point",
        "coordinates": [
          -45.850914,
          -21.862942
        ]
      },
      "properties": {
        "processo": "831025/2024",
        "numero": 831025,
        "ano": 2024,
        "area_ha": 1982.67,
        "fase": "AUTORIZAÇÃO DE PESQUISA",
        "nome": "RCO MINERACAO LTDA",
        "subs": "TERRAS RARAS",
        "uso": "Industrial",
        "uf": "MG",
        "category": "direct_ree",
        "category_label": "Terras Raras (REE)",
        "dsprocesso": "831.025/2024"
      }
    },
    {
      "type": "Feature",
      "geometry": {
        "type": "Point",
        "coordinates": [
          -45.753087,
          -21.935494
        ]
      },
      "properties": {
        "processo": "831040/2024",
        "numero": 831040,
        "ano": 2024,
        "area_ha": 1951.34,
        "fase": "AUTORIZAÇÃO DE PESQUISA",
        "nome": "I.R.S Minerals Extração de Minerais EIRELI",
        "subs": "TERRAS RARAS",
        "uso": "Industrial",
        "uf": "MG",
        "category": "direct_ree",
        "category_label": "Terras Raras (REE)",
        "dsprocesso": "831.040/2024"
      }
    },
    {
      "type": "Feature",
      "geometry": {
        "type": "Point",
        "coordinates": [
          -45.753849,
          -21.813659
        ]
      },
      "properties": {
        "processo": "831020/2024",
        "numero": 831020,
        "ano": 2024,
        "area_ha": 1992.92,
        "fase": "AUTORIZAÇÃO DE PESQUISA",
        "nome": "IRMAOS MARTINS SERVICOS E COMERCIO LTDA",
        "subs": "TERRAS RARAS",
        "uso": "Industrial",
        "uf": "MG",
        "category": "direct_ree",
        "category_label": "Terras Raras (REE)",
        "dsprocesso": "831.020/2024"
      }
    },
    {
      "type": "Feature",
      "geometry": {
        "type": "Point",
        "coordinates": [
          -46.598334,
          -22.120228
        ]
      },
      "properties": {
        "processo": "833487/2023",
        "numero": 833487,
        "ano": 2023,
        "area_ha": 1993.82,
        "fase": "AUTORIZAÇÃO DE PESQUISA",
        "nome": "FOXFIRE METALS LTDA",
        "subs": "TERRAS RARAS",
        "uso": "Industrial",
        "uf": "MG",
        "category": "direct_ree",
        "category_label": "Terras Raras (REE)",
        "dsprocesso": "833.487/2023"
      }
    },
    {
      "type": "Feature",
      "geometry": {
        "type": "Point",
        "coordinates": [
          -46.530082,
          -22.132089
        ]
      },
      "properties": {
        "processo": "833489/2023",
        "numero": 833489,
        "ano": 2023,
        "area_ha": 1812.46,
        "fase": "AUTORIZAÇÃO DE PESQUISA",
        "nome": "FOXFIRE METALS LTDA",
        "subs": "TERRAS RARAS",
        "uso": "Industrial",
        "uf": "MG",
        "category": "direct_ree",
        "category_label": "Terras Raras (REE)",
        "dsprocesso": "833.489/2023"
      }
    },
    {
      "type": "Feature",
      "geometry": {
        "type": "Point",
        "coordinates": [
          -45.885877,
          -21.878359
        ]
      },
      "properties": {
        "processo": "831076/2024",
        "numero": 831076,
        "ano": 2024,
        "area_ha": 1972.59,
        "fase": "AUTORIZAÇÃO DE PESQUISA",
        "nome": "RCO MINERACAO LTDA",
        "subs": "TERRAS RARAS",
        "uso": "Industrial",
        "uf": "MG",
        "category": "direct_ree",
        "category_label": "Terras Raras (REE)",
        "dsprocesso": "831.076/2024"
      }
    },
    {
      "type": "Feature",
      "geometry": {
        "type": "Point",
        "coordinates": [
          -45.776259,
          -21.839379
        ]
      },
      "properties": {
        "processo": "831021/2024",
        "numero": 831021,
        "ano": 2024,
        "area_ha": 1986.7,
        "fase": "AUTORIZAÇÃO DE PESQUISA",
        "nome": "IRMAOS MARTINS SERVICOS E COMERCIO LTDA",
        "subs": "TERRAS RARAS",
        "uso": "Industrial",
        "uf": "MG",
        "category": "direct_ree",
        "category_label": "Terras Raras (REE)",
        "dsprocesso": "831.021/2024"
      }
    },
    {
      "type": "Feature",
      "geometry": {
        "type": "Point",
        "coordinates": [
          -46.532153,
          -21.822146
        ]
      },
      "properties": {
        "processo": "831144/2024",
        "numero": 831144,
        "ano": 2024,
        "area_ha": 7.17,
        "fase": "REQUERIMENTO DE PESQUISA",
        "nome": "VIRIDIS MINERACAO LTDA",
        "subs": "TERRAS RARAS",
        "uso": "Industrial",
        "uf": "MG",
        "category": "direct_ree",
        "category_label": "Terras Raras (REE)",
        "dsprocesso": "831.144/2024"
      }
    },
    {
      "type": "Feature",
      "geometry": {
        "type": "Point",
        "coordinates": [
          -46.236374,
          -22.060554
        ]
      },
      "properties": {
        "processo": "833281/2023",
        "numero": 833281,
        "ano": 2023,
        "area_ha": 696.83,
        "fase": "AUTORIZAÇÃO DE PESQUISA",
        "nome": "ALPHA MINERALS BRAZIL PARTICIPACOES LTDA.",
        "subs": "TERRAS RARAS",
        "uso": "Industrial",
        "uf": "MG",
        "category": "direct_ree",
        "category_label": "Terras Raras (REE)",
        "dsprocesso": "833.281/2023"
      }
    },
    {
      "type": "Feature",
      "geometry": {
        "type": "Point",
        "coordinates": [
          -46.097772,
          -22.00289
        ]
      },
      "properties": {
        "processo": "831258/2024",
        "numero": 831258,
        "ano": 2024,
        "area_ha": 85.59,
        "fase": "AUTORIZAÇÃO DE PESQUISA",
        "nome": "BORBOREMA RECURSOS MINERAIS LTDA",
        "subs": "TERRAS RARAS",
        "uso": "Industrial",
        "uf": "MG",
        "category": "direct_ree",
        "category_label": "Terras Raras (REE)",
        "dsprocesso": "831.258/2024"
      }
    },
    {
      "type": "Feature",
      "geometry": {
        "type": "Point",
        "coordinates": [
          -46.49148,
          -21.93448
        ]
      },
      "properties": {
        "processo": "831230/2024",
        "numero": 831230,
        "ano": 2024,
        "area_ha": 7.29,
        "fase": "AUTORIZAÇÃO DE PESQUISA",
        "nome": "MINERACAO BARUEL LTDA",
        "subs": "TERRAS RARAS",
        "uso": "Industrial",
        "uf": "MG",
        "category": "direct_ree",
        "category_label": "Terras Raras (REE)",
        "dsprocesso": "831.230/2024"
      }
    },
    {
      "type": "Feature",
      "geometry": {
        "type": "Point",
        "coordinates": [
          -45.820847,
          -21.835012
        ]
      },
      "properties": {
        "processo": "831253/2024",
        "numero": 831253,
        "ano": 2024,
        "area_ha": 224,
        "fase": "AUTORIZAÇÃO DE PESQUISA",
        "nome": "IRMAOS MARTINS SERVICOS E COMERCIO LTDA",
        "subs": "TERRAS RARAS",
        "uso": "Industrial",
        "uf": "MG",
        "category": "direct_ree",
        "category_label": "Terras Raras (REE)",
        "dsprocesso": "831.253/2024"
      }
    },
    {
      "type": "Feature",
      "geometry": {
        "type": "Point",
        "coordinates": [
          -45.864122,
          -21.939956
        ]
      },
      "properties": {
        "processo": "831290/2024",
        "numero": 831290,
        "ano": 2024,
        "area_ha": 1991.16,
        "fase": "AUTORIZAÇÃO DE PESQUISA",
        "nome": "RCO MINERACAO LTDA",
        "subs": "TERRAS RARAS",
        "uso": "Industrial",
        "uf": "MG",
        "category": "direct_ree",
        "category_label": "Terras Raras (REE)",
        "dsprocesso": "831.290/2024"
      }
    },
    {
      "type": "Feature",
      "geometry": {
        "type": "Point",
        "coordinates": [
          -45.80745,
          -21.898418
        ]
      },
      "properties": {
        "processo": "831233/2024",
        "numero": 831233,
        "ano": 2024,
        "area_ha": 1987.66,
        "fase": "AUTORIZAÇÃO DE PESQUISA",
        "nome": "I.R.S Minerals Extração de Minerais EIRELI",
        "subs": "TERRAS RARAS",
        "uso": "Industrial",
        "uf": "MG",
        "category": "direct_ree",
        "category_label": "Terras Raras (REE)",
        "dsprocesso": "831.233/2024"
      }
    },
    {
      "type": "Feature",
      "geometry": {
        "type": "Point",
        "coordinates": [
          -45.863453,
          -21.962733
        ]
      },
      "properties": {
        "processo": "831291/2024",
        "numero": 831291,
        "ano": 2024,
        "area_ha": 1993.89,
        "fase": "AUTORIZAÇÃO DE PESQUISA",
        "nome": "RCO MINERACAO LTDA",
        "subs": "TERRAS RARAS",
        "uso": "Industrial",
        "uf": "MG",
        "category": "direct_ree",
        "category_label": "Terras Raras (REE)",
        "dsprocesso": "831.291/2024"
      }
    },
    {
      "type": "Feature",
      "geometry": {
        "type": "Point",
        "coordinates": [
          -46.084713,
          -22.030314
        ]
      },
      "properties": {
        "processo": "831259/2024",
        "numero": 831259,
        "ano": 2024,
        "area_ha": 129.74,
        "fase": "AUTORIZAÇÃO DE PESQUISA",
        "nome": "BORBOREMA RECURSOS MINERAIS LTDA",
        "subs": "TERRAS RARAS",
        "uso": "Industrial",
        "uf": "MG",
        "category": "direct_ree",
        "category_label": "Terras Raras (REE)",
        "dsprocesso": "831.259/2024"
      }
    },
    {
      "type": "Feature",
      "geometry": {
        "type": "Point",
        "coordinates": [
          -45.858264,
          -21.912755
        ]
      },
      "properties": {
        "processo": "831289/2024",
        "numero": 831289,
        "ano": 2024,
        "area_ha": 1937.15,
        "fase": "AUTORIZAÇÃO DE PESQUISA",
        "nome": "RCO MINERACAO LTDA",
        "subs": "TERRAS RARAS",
        "uso": "Industrial",
        "uf": "MG",
        "category": "direct_ree",
        "category_label": "Terras Raras (REE)",
        "dsprocesso": "831.289/2024"
      }
    },
    {
      "type": "Feature",
      "geometry": {
        "type": "Point",
        "coordinates": [
          -45.812245,
          -21.939247
        ]
      },
      "properties": {
        "processo": "831292/2024",
        "numero": 831292,
        "ano": 2024,
        "area_ha": 1983.96,
        "fase": "AUTORIZAÇÃO DE PESQUISA",
        "nome": "RCO MINERACAO LTDA",
        "subs": "TERRAS RARAS",
        "uso": "Industrial",
        "uf": "MG",
        "category": "direct_ree",
        "category_label": "Terras Raras (REE)",
        "dsprocesso": "831.292/2024"
      }
    },
    {
      "type": "Feature",
      "geometry": {
        "type": "Point",
        "coordinates": [
          -46.12806,
          -22.042929
        ]
      },
      "properties": {
        "processo": "831238/2024",
        "numero": 831238,
        "ano": 2024,
        "area_ha": 541.78,
        "fase": "AUTORIZAÇÃO DE PESQUISA",
        "nome": "CROSSROADS PESQUISA MINERAL LTDA",
        "subs": "TERRAS RARAS",
        "uso": "Industrial",
        "uf": "MG",
        "category": "direct_ree",
        "category_label": "Terras Raras (REE)",
        "dsprocesso": "831.238/2024"
      }
    },
    {
      "type": "Feature",
      "geometry": {
        "type": "Point",
        "coordinates": [
          -45.770747,
          -21.957027
        ]
      },
      "properties": {
        "processo": "831293/2024",
        "numero": 831293,
        "ano": 2024,
        "area_ha": 1988.44,
        "fase": "AUTORIZAÇÃO DE PESQUISA",
        "nome": "RCO MINERACAO LTDA",
        "subs": "TERRAS RARAS",
        "uso": "Industrial",
        "uf": "MG",
        "category": "direct_ree",
        "category_label": "Terras Raras (REE)",
        "dsprocesso": "831.293/2024"
      }
    },
    {
      "type": "Feature",
      "geometry": {
        "type": "Point",
        "coordinates": [
          -46.543051,
          -21.899752
        ]
      },
      "properties": {
        "processo": "831231/2024",
        "numero": 831231,
        "ano": 2024,
        "area_ha": 21.52,
        "fase": "AUTORIZAÇÃO DE PESQUISA",
        "nome": "MINERACAO BARUEL LTDA",
        "subs": "TERRAS RARAS",
        "uso": "Industrial",
        "uf": "MG",
        "category": "direct_ree",
        "category_label": "Terras Raras (REE)",
        "dsprocesso": "831.231/2024"
      }
    },
    {
      "type": "Feature",
      "geometry": {
        "type": "Point",
        "coordinates": [
          -46.146832,
          -22.04524
        ]
      },
      "properties": {
        "processo": "831260/2024",
        "numero": 831260,
        "ano": 2024,
        "area_ha": 181.47,
        "fase": "AUTORIZAÇÃO DE PESQUISA",
        "nome": "BORBOREMA RECURSOS MINERAIS LTDA",
        "subs": "TERRAS RARAS",
        "uso": "Industrial",
        "uf": "MG",
        "category": "direct_ree",
        "category_label": "Terras Raras (REE)",
        "dsprocesso": "831.260/2024"
      }
    },
    {
      "type": "Feature",
      "geometry": {
        "type": "Point",
        "coordinates": [
          -46.709644,
          -22.214246
        ]
      },
      "properties": {
        "processo": "830137/2024",
        "numero": 830137,
        "ano": 2024,
        "area_ha": 1810.91,
        "fase": "AUTORIZAÇÃO DE PESQUISA",
        "nome": "BORBOREMA RECURSOS MINERAIS LTDA",
        "subs": "TERRAS RARAS",
        "uso": "Industrial",
        "uf": "MG",
        "category": "direct_ree",
        "category_label": "Terras Raras (REE)",
        "dsprocesso": "830.137/2024"
      }
    },
    {
      "type": "Feature",
      "geometry": {
        "type": "Point",
        "coordinates": [
          -46.272442,
          -22.042322
        ]
      },
      "properties": {
        "processo": "833504/2023",
        "numero": 833504,
        "ano": 2023,
        "area_ha": 1723.73,
        "fase": "AUTORIZAÇÃO DE PESQUISA",
        "nome": "JOSE MARQUES BRAGA JUNIOR LTDA",
        "subs": "TERRAS RARAS",
        "uso": "Industrial",
        "uf": "MG",
        "category": "direct_ree",
        "category_label": "Terras Raras (REE)",
        "dsprocesso": "833.504/2023"
      }
    },
    {
      "type": "Feature",
      "geometry": {
        "type": "Point",
        "coordinates": [
          -46.668051,
          -22.217837
        ]
      },
      "properties": {
        "processo": "830135/2024",
        "numero": 830135,
        "ano": 2024,
        "area_ha": 1673.81,
        "fase": "AUTORIZAÇÃO DE PESQUISA",
        "nome": "BORBOREMA RECURSOS MINERAIS LTDA",
        "subs": "TERRAS RARAS",
        "uso": "Industrial",
        "uf": "MG",
        "category": "direct_ree",
        "category_label": "Terras Raras (REE)",
        "dsprocesso": "830.135/2024"
      }
    },
    {
      "type": "Feature",
      "geometry": {
        "type": "Point",
        "coordinates": [
          -46.632872,
          -21.627037
        ]
      },
      "properties": {
        "processo": "820049/2024",
        "numero": 820049,
        "ano": 2024,
        "area_ha": 1857.87,
        "fase": "AUTORIZAÇÃO DE PESQUISA",
        "nome": "RTB GEOLOGIA E MINERACAO LTDA.",
        "subs": "TERRAS RARAS",
        "uso": "Industrial",
        "uf": "SP",
        "category": "direct_ree",
        "category_label": "Terras Raras (REE)",
        "dsprocesso": "820.049/2024"
      }
    },
    {
      "type": "Feature",
      "geometry": {
        "type": "Point",
        "coordinates": [
          -46.080488,
          -22.045714
        ]
      },
      "properties": {
        "processo": "831372/2024",
        "numero": 831372,
        "ano": 2024,
        "area_ha": 458.62,
        "fase": "AUTORIZAÇÃO DE PESQUISA",
        "nome": "CROSS SECTION CONSULTORIA E PARTICIPAÇÕES LTDA",
        "subs": "TERRAS RARAS",
        "uso": "Industrial",
        "uf": "MG",
        "category": "direct_ree",
        "category_label": "Terras Raras (REE)",
        "dsprocesso": "831.372/2024"
      }
    },
    {
      "type": "Feature",
      "geometry": {
        "type": "Point",
        "coordinates": [
          -46.27554,
          -22.060466
        ]
      },
      "properties": {
        "processo": "831393/2024",
        "numero": 831393,
        "ano": 2024,
        "area_ha": 1.34,
        "fase": "AUTORIZAÇÃO DE PESQUISA",
        "nome": "AR AEROLEVANTAMENTO LTDA",
        "subs": "TERRAS RARAS",
        "uso": "Industrial",
        "uf": "MG",
        "category": "direct_ree",
        "category_label": "Terras Raras (REE)",
        "dsprocesso": "831.393/2024"
      }
    },
    {
      "type": "Feature",
      "geometry": {
        "type": "Point",
        "coordinates": [
          -46.094793,
          -22.047243
        ]
      },
      "properties": {
        "processo": "831370/2024",
        "numero": 831370,
        "ano": 2024,
        "area_ha": 181.12,
        "fase": "AUTORIZAÇÃO DE PESQUISA",
        "nome": "CROSSROADS PESQUISA MINERAL LTDA",
        "subs": "TERRAS RARAS",
        "uso": "Industrial",
        "uf": "MG",
        "category": "direct_ree",
        "category_label": "Terras Raras (REE)",
        "dsprocesso": "831.370/2024"
      }
    },
    {
      "type": "Feature",
      "geometry": {
        "type": "Point",
        "coordinates": [
          -46.572931,
          -21.9535
        ]
      },
      "properties": {
        "processo": "832340/2024",
        "numero": 832340,
        "ano": 2024,
        "area_ha": 1.96,
        "fase": "AUTORIZAÇÃO DE PESQUISA",
        "nome": "METEORIC CALDEIRA MINERACAO LTDA.",
        "subs": "TERRAS RARAS",
        "uso": "Industrial",
        "uf": "MG",
        "category": "direct_ree",
        "category_label": "Terras Raras (REE)",
        "dsprocesso": "832.340/2024"
      }
    },
    {
      "type": "Feature",
      "geometry": {
        "type": "Point",
        "coordinates": [
          -46.47528,
          -21.949551
        ]
      },
      "properties": {
        "processo": "831696/2024",
        "numero": 831696,
        "ano": 2024,
        "area_ha": 1.31,
        "fase": "AUTORIZAÇÃO DE PESQUISA",
        "nome": "VIRIDIS MINERACAO LTDA",
        "subs": "TERRAS RARAS",
        "uso": "Industrial",
        "uf": "MG",
        "category": "direct_ree",
        "category_label": "Terras Raras (REE)",
        "dsprocesso": "831.696/2024"
      }
    },
    {
      "type": "Feature",
      "geometry": {
        "type": "Point",
        "coordinates": [
          -46.61387,
          -21.958704
        ]
      },
      "properties": {
        "processo": "832339/2024",
        "numero": 832339,
        "ano": 2024,
        "area_ha": 1.86,
        "fase": "AUTORIZAÇÃO DE PESQUISA",
        "nome": "METEORIC CALDEIRA MINERACAO LTDA.",
        "subs": "TERRAS RARAS",
        "uso": "Industrial",
        "uf": "MG",
        "category": "direct_ree",
        "category_label": "Terras Raras (REE)",
        "dsprocesso": "832.339/2024"
      }
    },
    {
      "type": "Feature",
      "geometry": {
        "type": "Point",
        "coordinates": [
          -46.584614,
          -21.92558
        ]
      },
      "properties": {
        "processo": "832344/2024",
        "numero": 832344,
        "ano": 2024,
        "area_ha": 3.79,
        "fase": "REQUERIMENTO DE PESQUISA",
        "nome": "METEORIC CALDEIRA MINERACAO LTDA.",
        "subs": "TERRAS RARAS",
        "uso": "Industrial",
        "uf": "MG",
        "category": "direct_ree",
        "category_label": "Terras Raras (REE)",
        "dsprocesso": "832.344/2024"
      }
    },
    {
      "type": "Feature",
      "geometry": {
        "type": "Point",
        "coordinates": [
          -46.574094,
          -21.95901
        ]
      },
      "properties": {
        "processo": "832341/2024",
        "numero": 832341,
        "ano": 2024,
        "area_ha": 3.51,
        "fase": "AUTORIZAÇÃO DE PESQUISA",
        "nome": "METEORIC CALDEIRA MINERACAO LTDA.",
        "subs": "TERRAS RARAS",
        "uso": "Industrial",
        "uf": "MG",
        "category": "direct_ree",
        "category_label": "Terras Raras (REE)",
        "dsprocesso": "832.341/2024"
      }
    },
    {
      "type": "Feature",
      "geometry": {
        "type": "Point",
        "coordinates": [
          -46.478299,
          -22.06977
        ]
      },
      "properties": {
        "processo": "832496/2024",
        "numero": 832496,
        "ano": 2024,
        "area_ha": 768.64,
        "fase": "AUTORIZAÇÃO DE PESQUISA",
        "nome": "GESTAO DE ATIVOS BRASIL ADMINISTRADORA DE BENS LTDA",
        "subs": "TERRAS RARAS",
        "uso": "Industrial",
        "uf": "MG",
        "category": "direct_ree",
        "category_label": "Terras Raras (REE)",
        "dsprocesso": "832.496/2024"
      }
    },
    {
      "type": "Feature",
      "geometry": {
        "type": "Point",
        "coordinates": [
          -46.542634,
          -21.938061
        ]
      },
      "properties": {
        "processo": "832342/2024",
        "numero": 832342,
        "ano": 2024,
        "area_ha": 3.84,
        "fase": "AUTORIZAÇÃO DE PESQUISA",
        "nome": "METEORIC CALDEIRA MINERACAO LTDA.",
        "subs": "TERRAS RARAS",
        "uso": "Industrial",
        "uf": "MG",
        "category": "direct_ree",
        "category_label": "Terras Raras (REE)",
        "dsprocesso": "832.342/2024"
      }
    },
    {
      "type": "Feature",
      "geometry": {
        "type": "Point",
        "coordinates": [
          -46.555309,
          -21.879483
        ]
      },
      "properties": {
        "processo": "832346/2024",
        "numero": 832346,
        "ano": 2024,
        "area_ha": 3.68,
        "fase": "AUTORIZAÇÃO DE PESQUISA",
        "nome": "METEORIC CALDEIRA MINERACAO LTDA.",
        "subs": "TERRAS RARAS",
        "uso": "Industrial",
        "uf": "MG",
        "category": "direct_ree",
        "category_label": "Terras Raras (REE)",
        "dsprocesso": "832.346/2024"
      }
    },
    {
      "type": "Feature",
      "geometry": {
        "type": "Point",
        "coordinates": [
          -46.469017,
          -21.956121
        ]
      },
      "properties": {
        "processo": "832491/2024",
        "numero": 832491,
        "ano": 2024,
        "area_ha": 106.45,
        "fase": "AUTORIZAÇÃO DE PESQUISA",
        "nome": "VIRIDIS MINERACAO LTDA",
        "subs": "TERRAS RARAS",
        "uso": "Industrial",
        "uf": "MG",
        "category": "direct_ree",
        "category_label": "Terras Raras (REE)",
        "dsprocesso": "832.491/2024"
      }
    },
    {
      "type": "Feature",
      "geometry": {
        "type": "Point",
        "coordinates": [
          -46.55284,
          -21.922621
        ]
      },
      "properties": {
        "processo": "832343/2024",
        "numero": 832343,
        "ano": 2024,
        "area_ha": 2.55,
        "fase": "AUTORIZAÇÃO DE PESQUISA",
        "nome": "METEORIC CALDEIRA MINERACAO LTDA.",
        "subs": "TERRAS RARAS",
        "uso": "Industrial",
        "uf": "MG",
        "category": "direct_ree",
        "category_label": "Terras Raras (REE)",
        "dsprocesso": "832.343/2024"
      }
    },
    {
      "type": "Feature",
      "geometry": {
        "type": "Point",
        "coordinates": [
          -46.505565,
          -21.960648
        ]
      },
      "properties": {
        "processo": "180266/1977",
        "numero": 180266,
        "ano": 1977,
        "area_ha": 3193.22,
        "fase": "CONCESSÃO DE LAVRA",
        "nome": "INDUSTRIAS NUCLEARES DO BRASIL S.A - INB",
        "subs": "MINÉRIO DE URÂNIO",
        "uso": "Industrial",
        "uf": "MG",
        "category": "strategic_associated",
        "category_label": "Minério de Urânio (REE co-occurrence)",
        "dsprocesso": "180.266/1977"
      }
    },
    {
      "type": "Feature",
      "geometry": {
        "type": "Point",
        "coordinates": [
          -46.636478,
          -21.824535
        ]
      },
      "properties": {
        "processo": "830940/2024",
        "numero": 830940,
        "ano": 2024,
        "area_ha": 40.23,
        "fase": "AUTORIZAÇÃO DE PESQUISA",
        "nome": "RTB GEOLOGIA E MINERACAO LTDA.",
        "subs": "TERRAS RARAS",
        "uso": "Industrial",
        "uf": "MG",
        "category": "direct_ree",
        "category_label": "Terras Raras (REE)",
        "dsprocesso": "830.940/2024"
      }
    },
    {
      "type": "Feature",
      "geometry": {
        "type": "Point",
        "coordinates": [
          -46.492858,
          -21.902298
        ]
      },
      "properties": {
        "processo": "831026/2024",
        "numero": 831026,
        "ano": 2024,
        "area_ha": 22.81,
        "fase": "AUTORIZAÇÃO DE PESQUISA",
        "nome": "IVAN RODRIGUES DOS SANTOS",
        "subs": "TERRAS RARAS",
        "uso": "Industrial",
        "uf": "MG",
        "category": "direct_ree",
        "category_label": "Terras Raras (REE)",
        "dsprocesso": "831.026/2024"
      }
    },
    {
      "type": "Feature",
      "geometry": {
        "type": "Point",
        "coordinates": [
          -46.651183,
          -21.720513
        ]
      },
      "properties": {
        "processo": "820222/2024",
        "numero": 820222,
        "ano": 2024,
        "area_ha": 66.83,
        "fase": "AUTORIZAÇÃO DE PESQUISA",
        "nome": "VIRIDIS MINERACAO LTDA",
        "subs": "TERRAS RARAS",
        "uso": "Industrial",
        "uf": "SP",
        "category": "direct_ree",
        "category_label": "Terras Raras (REE)",
        "dsprocesso": "820.222/2024"
      }
    },
    {
      "type": "Feature",
      "geometry": {
        "type": "Point",
        "coordinates": [
          -46.255708,
          -21.97243
        ]
      },
      "properties": {
        "processo": "830737/2025",
        "numero": 830737,
        "ano": 2025,
        "area_ha": 356.22,
        "fase": "AUTORIZAÇÃO DE PESQUISA",
        "nome": "ANOVA ELO MINERACAO LTDA",
        "subs": "TERRAS RARAS",
        "uso": "Industrial",
        "uf": "MG",
        "category": "direct_ree",
        "category_label": "Terras Raras (REE)",
        "dsprocesso": "830.737/2025"
      }
    },
    {
      "type": "Feature",
      "geometry": {
        "type": "Point",
        "coordinates": [
          -46.20704,
          -21.850052
        ]
      },
      "properties": {
        "processo": "830732/2025",
        "numero": 830732,
        "ano": 2025,
        "area_ha": 1990.19,
        "fase": "AUTORIZAÇÃO DE PESQUISA",
        "nome": "ANOVA ELO MINERACAO LTDA",
        "subs": "TERRAS RARAS",
        "uso": "Industrial",
        "uf": "MG",
        "category": "direct_ree",
        "category_label": "Terras Raras (REE)",
        "dsprocesso": "830.732/2025"
      }
    },
    {
      "type": "Feature",
      "geometry": {
        "type": "Point",
        "coordinates": [
          -46.287536,
          -21.940336
        ]
      },
      "properties": {
        "processo": "830730/2025",
        "numero": 830730,
        "ano": 2025,
        "area_ha": 100.59,
        "fase": "AUTORIZAÇÃO DE PESQUISA",
        "nome": "ANOVA ELO MINERACAO LTDA",
        "subs": "TERRAS RARAS",
        "uso": "Industrial",
        "uf": "MG",
        "category": "direct_ree",
        "category_label": "Terras Raras (REE)",
        "dsprocesso": "830.730/2025"
      }
    },
    {
      "type": "Feature",
      "geometry": {
        "type": "Point",
        "coordinates": [
          -46.632028,
          -21.766293
        ]
      },
      "properties": {
        "processo": "830912/2024",
        "numero": 830912,
        "ano": 2024,
        "area_ha": 33.9,
        "fase": "AUTORIZAÇÃO DE PESQUISA",
        "nome": "VIRIDIS MINERACAO LTDA",
        "subs": "TERRAS RARAS",
        "uso": "Industrial",
        "uf": "MG",
        "category": "direct_ree",
        "category_label": "Terras Raras (REE)",
        "dsprocesso": "830.912/2024"
      }
    },
    {
      "type": "Feature",
      "geometry": {
        "type": "Point",
        "coordinates": [
          -46.488503,
          -21.788759
        ]
      },
      "properties": {
        "processo": "830026/2024",
        "numero": 830026,
        "ano": 2024,
        "area_ha": 0.96,
        "fase": "REQUERIMENTO DE PESQUISA",
        "nome": "VIRIDIS MINERACAO LTDA",
        "subs": "TERRAS RARAS",
        "uso": "Industrial",
        "uf": "MG",
        "category": "direct_ree",
        "category_label": "Terras Raras (REE)",
        "dsprocesso": "830.026/2024"
      }
    },
    {
      "type": "Feature",
      "geometry": {
        "type": "Point",
        "coordinates": [
          -45.734715,
          -21.824897
        ]
      },
      "properties": {
        "processo": "830726/1983",
        "numero": 830726,
        "ano": 1983,
        "area_ha": 188.01,
        "fase": "CONCESSÃO DE LAVRA",
        "nome": "MINERADORA SUCURI LTDA",
        "subs": "ILMENITA",
        "uso": "Demais substâncias",
        "uf": "MG",
        "category": "heavy_mineral_associated",
        "category_label": "Ilmenita (heavy mineral sand, REE assoc.)",
        "dsprocesso": "830.726/1983"
      }
    },
    {
      "type": "Feature",
      "geometry": {
        "type": "Point",
        "coordinates": [
          -46.378172,
          -21.781375
        ]
      },
      "properties": {
        "processo": "830165/2024",
        "numero": 830165,
        "ano": 2024,
        "area_ha": 1035.02,
        "fase": "AUTORIZAÇÃO DE PESQUISA",
        "nome": "VIRIDIS MINERACAO LTDA",
        "subs": "TERRAS RARAS",
        "uso": "Industrial",
        "uf": "MG",
        "category": "direct_ree",
        "category_label": "Terras Raras (REE)",
        "dsprocesso": "830.165/2024"
      }
    },
    {
      "type": "Feature",
      "geometry": {
        "type": "Point",
        "coordinates": [
          -45.719597,
          -21.702704
        ]
      },
      "properties": {
        "processo": "830723/1983",
        "numero": 830723,
        "ano": 1983,
        "area_ha": 946.02,
        "fase": "CONCESSÃO DE LAVRA",
        "nome": "MORAIS E GOUVEIA LTDA.",
        "subs": "ILMENITA",
        "uso": "Demais substâncias",
        "uf": "MG",
        "category": "heavy_mineral_associated",
        "category_label": "Ilmenita (heavy mineral sand, REE assoc.)",
        "dsprocesso": "830.723/1983"
      }
    },
    {
      "type": "Feature",
      "geometry": {
        "type": "Point",
        "coordinates": [
          -46.425952,
          -22.339965
        ]
      },
      "properties": {
        "processo": "830041/2026",
        "numero": 830041,
        "ano": 2026,
        "area_ha": 490.24,
        "fase": "AUTORIZAÇÃO DE PESQUISA",
        "nome": "BRASIL MUNDI EXPORTACAO E MINERACAO LTDA",
        "subs": "MINÉRIO DE LÍTIO",
        "uso": "Industrial",
        "uf": "MG",
        "category": "pegmatite_associated",
        "category_label": "Minério de Lítio (pegmatite, REE assoc.)",
        "dsprocesso": "830.041/2026"
      }
    },
    {
      "type": "Feature",
      "geometry": {
        "type": "Point",
        "coordinates": [
          -46.406285,
          -21.764628
        ]
      },
      "properties": {
        "processo": "830162/2024",
        "numero": 830162,
        "ano": 2024,
        "area_ha": 335.27,
        "fase": "REQUERIMENTO DE PESQUISA",
        "nome": "VIRIDIS MINERACAO LTDA",
        "subs": "TERRAS RARAS",
        "uso": "Industrial",
        "uf": "MG",
        "category": "direct_ree",
        "category_label": "Terras Raras (REE)",
        "dsprocesso": "830.162/2024"
      }
    },
    {
      "type": "Feature",
      "geometry": {
        "type": "Point",
        "coordinates": [
          -46.389482,
          -21.774967
        ]
      },
      "properties": {
        "processo": "830162/2024",
        "numero": 830162,
        "ano": 2024,
        "area_ha": 79,
        "fase": "REQUERIMENTO DE PESQUISA",
        "nome": "VIRIDIS MINERACAO LTDA",
        "subs": "TERRAS RARAS",
        "uso": "Industrial",
        "uf": "MG",
        "category": "direct_ree",
        "category_label": "Terras Raras (REE)",
        "dsprocesso": "830.162/2024"
      }
    },
    {
      "type": "Feature",
      "geometry": {
        "type": "Point",
        "coordinates": [
          -46.37778,
          -21.781067
        ]
      },
      "properties": {
        "processo": "831411/2025",
        "numero": 831411,
        "ano": 2025,
        "area_ha": 993.63,
        "fase": "AUTORIZAÇÃO DE PESQUISA",
        "nome": "GESTAO DE ATIVOS BRASIL ADMINISTRADORA DE BENS LTDA",
        "subs": "TERRAS RARAS",
        "uso": "Industrial",
        "uf": "MG",
        "category": "direct_ree",
        "category_label": "Terras Raras (REE)",
        "dsprocesso": "831.411/2025"
      }
    },
    {
      "type": "Feature",
      "geometry": {
        "type": "Point",
        "coordinates": [
          -45.643513,
          -21.992821
        ]
      },
      "properties": {
        "processo": "830272/2026",
        "numero": 830272,
        "ano": 2026,
        "area_ha": 1130.03,
        "fase": "REQUERIMENTO DE PESQUISA",
        "nome": "REAL INCOR S.A",
        "subs": "ILMENITA",
        "uso": "Industrial",
        "uf": "MG",
        "category": "heavy_mineral_associated",
        "category_label": "Ilmenita (heavy mineral sand, REE assoc.)",
        "dsprocesso": "830.272/2026"
      }
    },
    {
      "type": "Feature",
      "geometry": {
        "type": "Point",
        "coordinates": [
          -46.743124,
          -21.618683
        ]
      },
      "properties": {
        "processo": "820137/2026",
        "numero": 820137,
        "ano": 2026,
        "area_ha": 1082.59,
        "fase": "AUTORIZAÇÃO DE PESQUISA",
        "nome": "CARLOS AUGUSTO MARTINS MESQUITA",
        "subs": "TERRAS RARAS",
        "uso": "Industrial",
        "uf": "SP",
        "category": "direct_ree",
        "category_label": "Terras Raras (REE)",
        "dsprocesso": "820.137/2026"
      }
    },
    {
      "type": "Feature",
      "geometry": {
        "type": "Point",
        "coordinates": [
          -46.686871,
          -21.621238
        ]
      },
      "properties": {
        "processo": "820132/2026",
        "numero": 820132,
        "ano": 2026,
        "area_ha": 265.23,
        "fase": "REQUERIMENTO DE PESQUISA",
        "nome": "CARLOS AUGUSTO MARTINS MESQUITA",
        "subs": "TERRAS RARAS",
        "uso": "Industrial",
        "uf": "SP",
        "category": "direct_ree",
        "category_label": "Terras Raras (REE)",
        "dsprocesso": "820.132/2026"
      }
    },
    {
      "type": "Feature",
      "geometry": {
        "type": "Point",
        "coordinates": [
          -46.198465,
          -21.80028
        ]
      },
      "properties": {
        "processo": "830442/2026",
        "numero": 830442,
        "ano": 2026,
        "area_ha": 1235.62,
        "fase": "REQUERIMENTO DE PESQUISA",
        "nome": "AURYLIO CAMPOS GUIMARAES",
        "subs": "TERRAS RARAS",
        "uso": "Industrial",
        "uf": "MG",
        "category": "direct_ree",
        "category_label": "Terras Raras (REE)",
        "dsprocesso": "830.442/2026"
      }
    },
    {
      "type": "Feature",
      "geometry": {
        "type": "Point",
        "coordinates": [
          -46.126401,
          -21.739058
        ]
      },
      "properties": {
        "processo": "830426/2026",
        "numero": 830426,
        "ano": 2026,
        "area_ha": 1998.8,
        "fase": "REQUERIMENTO DE PESQUISA",
        "nome": "AURYLIO CAMPOS GUIMARAES",
        "subs": "TERRAS RARAS",
        "uso": "Industrial",
        "uf": "MG",
        "category": "direct_ree",
        "category_label": "Terras Raras (REE)",
        "dsprocesso": "830.426/2026"
      }
    },
    {
      "type": "Feature",
      "geometry": {
        "type": "Point",
        "coordinates": [
          -46.22964,
          -21.797134
        ]
      },
      "properties": {
        "processo": "830428/2026",
        "numero": 830428,
        "ano": 2026,
        "area_ha": 1572.62,
        "fase": "REQUERIMENTO DE PESQUISA",
        "nome": "AURYLIO CAMPOS GUIMARAES",
        "subs": "TERRAS RARAS",
        "uso": "Industrial",
        "uf": "MG",
        "category": "direct_ree",
        "category_label": "Terras Raras (REE)",
        "dsprocesso": "830.428/2026"
      }
    },
    {
      "type": "Feature",
      "geometry": {
        "type": "Point",
        "coordinates": [
          -46.167047,
          -21.781401
        ]
      },
      "properties": {
        "processo": "830427/2026",
        "numero": 830427,
        "ano": 2026,
        "area_ha": 844.75,
        "fase": "REQUERIMENTO DE PESQUISA",
        "nome": "AURYLIO CAMPOS GUIMARAES",
        "subs": "TERRAS RARAS",
        "uso": "Industrial",
        "uf": "MG",
        "category": "direct_ree",
        "category_label": "Terras Raras (REE)",
        "dsprocesso": "830.427/2026"
      }
    },
    {
      "type": "Feature",
      "geometry": {
        "type": "Point",
        "coordinates": [
          -46.557206,
          -22.169463
        ]
      },
      "properties": {
        "processo": "830546/2026",
        "numero": 830546,
        "ano": 2026,
        "area_ha": 1381.2,
        "fase": "REQUERIMENTO DE PESQUISA",
        "nome": "TH7 INVESTIMENTS LTDA",
        "subs": "TERRAS RARAS",
        "uso": "Industrial",
        "uf": "MG",
        "category": "direct_ree",
        "category_label": "Terras Raras (REE)",
        "dsprocesso": "830.546/2026"
      }
    },
    {
      "type": "Feature",
      "geometry": {
        "type": "Point",
        "coordinates": [
          -46.59288,
          -21.391228
        ]
      },
      "properties": {
        "processo": "830495/2026",
        "numero": 830495,
        "ano": 2026,
        "area_ha": 1394.19,
        "fase": "REQUERIMENTO DE PESQUISA",
        "nome": "ELIORA PARTICIPACOES LTDA",
        "subs": "TERRAS RARAS",
        "uso": "Industrial",
        "uf": "MG",
        "category": "direct_ree",
        "category_label": "Terras Raras (REE)",
        "dsprocesso": "830.495/2026"
      }
    },
    {
      "type": "Feature",
      "geometry": {
        "type": "Point",
        "coordinates": [
          -45.705817,
          -21.67613
        ]
      },
      "properties": {
        "processo": "831380/2024",
        "numero": 831380,
        "ano": 2024,
        "area_ha": 8.98,
        "fase": "REQUERIMENTO DE LAVRA",
        "nome": "AGRICOLA ESPERANCA LTDA",
        "subs": "ILMENITA",
        "uso": "Demais substâncias",
        "uf": "MG",
        "category": "heavy_mineral_associated",
        "category_label": "Ilmenita (heavy mineral sand, REE assoc.)",
        "dsprocesso": "831.380/2024"
      }
    },
    {
      "type": "Feature",
      "geometry": {
        "type": "Point",
        "coordinates": [
          -46.739197,
          -21.75193
        ]
      },
      "properties": {
        "processo": "820164/2026",
        "numero": 820164,
        "ano": 2026,
        "area_ha": 265.95,
        "fase": "REQUERIMENTO DE PESQUISA",
        "nome": "MARCIO EDUARDO FORTI RIBEIRO DE ANDRADE",
        "subs": "TERRAS RARAS",
        "uso": "Industrial",
        "uf": "SP",
        "category": "direct_ree",
        "category_label": "Terras Raras (REE)",
        "dsprocesso": "820.164/2026"
      }
    },
    {
      "type": "Feature",
      "geometry": {
        "type": "Point",
        "coordinates": [
          -46.509816,
          -22.169599
        ]
      },
      "properties": {
        "processo": "830545/2026",
        "numero": 830545,
        "ano": 2026,
        "area_ha": 1773.76,
        "fase": "REQUERIMENTO DE PESQUISA",
        "nome": "TH7 INVESTIMENTS LTDA",
        "subs": "TERRAS RARAS",
        "uso": "Industrial",
        "uf": "MG",
        "category": "direct_ree",
        "category_label": "Terras Raras (REE)",
        "dsprocesso": "830.545/2026"
      }
    },
    {
      "type": "Feature",
      "geometry": {
        "type": "Point",
        "coordinates": [
          -45.594994,
          -21.765564
        ]
      },
      "properties": {
        "processo": "830657/2026",
        "numero": 830657,
        "ano": 2026,
        "area_ha": 1996.66,
        "fase": "REQUERIMENTO DE PESQUISA",
        "nome": "RCO MINERACAO LTDA",
        "subs": "TERRAS RARAS",
        "uso": "Industrial",
        "uf": "MG",
        "category": "direct_ree",
        "category_label": "Terras Raras (REE)",
        "dsprocesso": "830.657/2026"
      }
    },
    {
      "type": "Feature",
      "geometry": {
        "type": "Point",
        "coordinates": [
          -45.662074,
          -21.7747
        ]
      },
      "properties": {
        "processo": "830656/2026",
        "numero": 830656,
        "ano": 2026,
        "area_ha": 1990.42,
        "fase": "REQUERIMENTO DE PESQUISA",
        "nome": "RCO MINERACAO LTDA",
        "subs": "TERRAS RARAS",
        "uso": "Industrial",
        "uf": "MG",
        "category": "direct_ree",
        "category_label": "Terras Raras (REE)",
        "dsprocesso": "830.656/2026"
      }
    },
    {
      "type": "Feature",
      "geometry": {
        "type": "Point",
        "coordinates": [
          -45.647932,
          -21.814176
        ]
      },
      "properties": {
        "processo": "830658/2026",
        "numero": 830658,
        "ano": 2026,
        "area_ha": 1989.23,
        "fase": "REQUERIMENTO DE PESQUISA",
        "nome": "RCO MINERACAO LTDA",
        "subs": "TERRAS RARAS",
        "uso": "Industrial",
        "uf": "MG",
        "category": "direct_ree",
        "category_label": "Terras Raras (REE)",
        "dsprocesso": "830.658/2026"
      }
    },
    {
      "type": "Feature",
      "geometry": {
        "type": "Point",
        "coordinates": [
          -45.617679,
          -21.806471
        ]
      },
      "properties": {
        "processo": "830660/2026",
        "numero": 830660,
        "ano": 2026,
        "area_ha": 1716.98,
        "fase": "REQUERIMENTO DE PESQUISA",
        "nome": "RCO MINERACAO LTDA",
        "subs": "TERRAS RARAS",
        "uso": "Industrial",
        "uf": "MG",
        "category": "direct_ree",
        "category_label": "Terras Raras (REE)",
        "dsprocesso": "830.660/2026"
      }
    }
  ]
}