{"type":"FeatureCollection","features":[{"type":"Feature","properties":{"processo":"164401/1935","numero":164401,"ano":1935,"area_ha":20.54,"fase":"CONCESSÃO DE LAVRA","nome":"MINEGRAL CIA. BRASILEIRA DE MINERAÇÕES INDÚSTRIA E COMÉRCIO","subs":"ZIRCÔNIO","uso":"Demais substâncias","uf":"MG","category":"heavy_mineral_associated","category_label":"Zircônio (heavy mineral, REE assoc.)","dsprocesso":"164.401/1935"},"geometry":{"type":"Point","coordinates":[-46.67142975855548,-21.889896370444376]}},{"type":"Feature","properties":{"processo":"164402/1935","numero":164402,"ano":1935,"area_ha":45.79,"fase":"CONCESSÃO DE LAVRA","nome":"MINEGRAL CIA. BRASILEIRA DE MINERAÇÕES INDÚSTRIA E COMÉRCIO","subs":"ZIRCÔNIO","uso":"Demais substâncias","uf":"MG","category":"heavy_mineral_associated","category_label":"Zircônio (heavy mineral, REE assoc.)","dsprocesso":"164.402/1935"},"geometry":{"type":"Point","coordinates":[-46.67646280433325,-21.865560432142786]}},{"type":"Feature","properties":{"processo":"16443/1935","numero":16443,"ano":1935,"area_ha":344.16,"fase":"CONCESSÃO DE LAVRA","nome":"COMPANHIA BRASILEIRA DE ALUMINIO","subs":"ZIRCÔNIO","uso":"Demais substâncias","uf":"MG","category":"heavy_mineral_associated","category_label":"Zircônio (heavy mineral, REE assoc.)","dsprocesso":"016.443/1935","overlaps":[{"name":"Zona de Amortecimento — APA Pedra Branca (indicativa, 3 km)","kind":"buffer_zone","distance_km":0}],"has_overlap":true},"geometry":{"type":"Point","coordinates":[-46.46223001554279,-21.907644126885643]}},{"type":"Feature","properties":{"processo":"164431/1935","numero":164431,"ano":1935,"area_ha":71.12,"fase":"CONCESSÃO DE LAVRA","nome":"MINEGRAL CIA. BRASILEIRA DE MINERAÇÕES INDÚSTRIA E COMÉRCIO","subs":"ZIRCÔNIO","uso":"Demais substâncias","uf":"MG","category":"heavy_mineral_associated","category_label":"Zircônio (heavy mineral, REE assoc.)","dsprocesso":"164.431/1935","overlaps":[{"name":"APA Santuário Ecológico da Pedra Branca","kind":"conservation_unit","distance_km":0.7},{"name":"Zona de Amortecimento — APA Pedra Branca (indicativa, 3 km)","kind":"buffer_zone","distance_km":0}],"has_overlap":true},"geometry":{"type":"Point","coordinates":[-46.43189373866661,-21.934383644199933]}},{"type":"Feature","properties":{"processo":"164432/1935","numero":164432,"ano":1935,"area_ha":70.96,"fase":"CONCESSÃO DE LAVRA","nome":"MINEGRAL CIA. BRASILEIRA DE MINERAÇÕES INDÚSTRIA E COMÉRCIO","subs":"ZIRCÔNIO","uso":"Demais substâncias","uf":"MG","category":"heavy_mineral_associated","category_label":"Zircônio (heavy mineral, REE assoc.)","dsprocesso":"164.432/1935"},"geometry":{"type":"Point","coordinates":[-46.472119995909026,-21.88282639227266]}},{"type":"Feature","properties":{"processo":"164433/1935","numero":164433,"ano":1935,"area_ha":42.75,"fase":"CONCESSÃO DE LAVRA","nome":"MINEGRAL CIA. BRASILEIRA DE MINERAÇÕES INDÚSTRIA E COMÉRCIO","subs":"ZIRCÔNIO","uso":"Demais substâncias","uf":"MG","category":"heavy_mineral_associated","category_label":"Zircônio (heavy mineral, REE assoc.)","dsprocesso":"164.433/1935"},"geometry":{"type":"Point","coordinates":[-46.66203082630762,-21.889621637076843]}},{"type":"Feature","properties":{"processo":"180266/1977","numero":180266,"ano":1977,"area_ha":3193.22,"fase":"CONCESSÃO DE LAVRA","nome":"INDUSTRIAS NUCLEARES DO BRASIL S.A - INB","subs":"MINÉRIO DE URÂNIO","uso":"Industrial","uf":"MG","category":"strategic_associated","category_label":"Minério de Urânio (REE co-occurrence)","dsprocesso":"180.266/1977","overlaps":[{"name":"Zona de Amortecimento — APA Pedra Branca (indicativa, 3 km)","kind":"buffer_zone","distance_km":0}],"has_overlap":true},"geometry":{"type":"Point","coordinates":[-46.51763746922216,-21.954409722111034]}},{"type":"Feature","properties":{"processo":"2082/1940","numero":2082,"ano":1940,"area_ha":361.95,"fase":"CONCESSÃO DE LAVRA","nome":"CONDOMINIO CAMPOS DOS QUIRINOS","subs":"ZIRCÔNIO","uso":"Demais substâncias","uf":"MG","category":"heavy_mineral_associated","category_label":"Zircônio (heavy mineral, REE assoc.)","dsprocesso":"002.082/1940"},"geometry":{"type":"Point","coordinates":[-46.63699723169994,-21.897509448433265]}},{"type":"Feature","properties":{"processo":"2134/1948","numero":2134,"ano":1948,"area_ha":11.97,"fase":"CONCESSÃO DE LAVRA","nome":"COMPANHIA BRASILEIRA DE ALUMINIO","subs":"ZIRCÔNIO","uso":"Demais substâncias","uf":"MG","category":"heavy_mineral_associated","category_label":"Zircônio (heavy mineral, REE assoc.)","dsprocesso":"002.134/1948","overlaps":[{"name":"APA Santuário Ecológico da Pedra Branca","kind":"conservation_unit","distance_km":1.7},{"name":"Zona de Amortecimento — APA Pedra Branca (indicativa, 3 km)","kind":"buffer_zone","distance_km":0}],"has_overlap":true},"geometry":{"type":"Point","coordinates":[-46.42038688459993,-21.899296146999927]}},{"type":"Feature","properties":{"processo":"2656/1935","numero":2656,"ano":1935,"area_ha":117.48,"fase":"CONCESSÃO DE LAVRA","nome":"COMPANHIA BRASILEIRA DE ALUMINIO","subs":"ZIRCÔNIO","uso":"Demais substâncias","uf":"MG","category":"heavy_mineral_associated","category_label":"Zircônio (heavy mineral, REE assoc.)","dsprocesso":"002.656/1935","overlaps":[{"name":"APA Santuário Ecológico da Pedra Branca","kind":"conservation_unit","distance_km":0},{"name":"Zona de Amortecimento — APA Pedra Branca (indicativa, 3 km)","kind":"buffer_zone","distance_km":0}],"has_overlap":true},"geometry":{"type":"Point","coordinates":[-46.43261085835288,-21.953555873882284]}},{"type":"Feature","properties":{"processo":"3220/1942","numero":3220,"ano":1942,"area_ha":8,"fase":"CONCESSÃO DE LAVRA","nome":"COMPANHIA BRASILEIRA DE ALUMINIO","subs":"ZIRCÔNIO","uso":"Demais substâncias","uf":"MG","category":"heavy_mineral_associated","category_label":"Zircônio (heavy mineral, REE assoc.)","dsprocesso":"003.220/1942","overlaps":[{"name":"Zona de Amortecimento — APA Pedra Branca (indicativa, 3 km)","kind":"buffer_zone","distance_km":1.1}],"has_overlap":true},"geometry":{"type":"Point","coordinates":[-46.46305632599993,-21.917047635166597]}},{"type":"Feature","properties":{"processo":"322001/1942","numero":322001,"ano":1942,"area_ha":5.37,"fase":"CONCESSÃO DE LAVRA","nome":"MINEGRAL CIA. BRASILEIRA DE MINERAÇÕES INDÚSTRIA E COMÉRCIO","subs":"ZIRCÔNIO","uso":"Demais substâncias","uf":"MG","category":"heavy_mineral_associated","category_label":"Zircônio (heavy mineral, REE assoc.)","dsprocesso":"322.001/1942","overlaps":[{"name":"Zona de Amortecimento — APA Pedra Branca (indicativa, 3 km)","kind":"buffer_zone","distance_km":1.1}],"has_overlap":true},"geometry":{"type":"Point","coordinates":[-46.462879116714234,-21.917185407142785]}},{"type":"Feature","properties":{"processo":"322002/1942","numero":322002,"ano":1942,"area_ha":1.1,"fase":"CONCESSÃO DE LAVRA","nome":"MINEGRAL CIA. BRASILEIRA DE MINERAÇÕES INDÚSTRIA E COMÉRCIO","subs":"ZIRCÔNIO","uso":"Demais substâncias","uf":"MG","category":"heavy_mineral_associated","category_label":"Zircônio (heavy mineral, REE assoc.)","dsprocesso":"322.002/1942","overlaps":[{"name":"Zona de Amortecimento — APA Pedra Branca (indicativa, 3 km)","kind":"buffer_zone","distance_km":0}],"has_overlap":true},"geometry":{"type":"Point","coordinates":[-46.45059209039992,-21.931035082399944]}},{"type":"Feature","properties":{"processo":"322003/1942","numero":322003,"ano":1942,"area_ha":0.59,"fase":"CONCESSÃO DE LAVRA","nome":"MINEGRAL CIA. BRASILEIRA DE MINERAÇÕES INDÚSTRIA E COMÉRCIO","subs":"ZIRCÔNIO","uso":"Demais substâncias","uf":"MG","category":"heavy_mineral_associated","category_label":"Zircônio (heavy mineral, REE assoc.)","dsprocesso":"322.003/1942","overlaps":[{"name":"Zona de Amortecimento — APA Pedra Branca (indicativa, 3 km)","kind":"buffer_zone","distance_km":0.9}],"has_overlap":true},"geometry":{"type":"Point","coordinates":[-46.46032347699993,-21.91145654299993]}},{"type":"Feature","properties":{"processo":"322004/1942","numero":322004,"ano":1942,"area_ha":2.66,"fase":"CONCESSÃO DE LAVRA","nome":"MINEGRAL CIA. BRASILEIRA DE MINERAÇÕES INDÚSTRIA E COMÉRCIO","subs":"ZIRCÔNIO","uso":"Demais substâncias","uf":"MG","category":"heavy_mineral_associated","category_label":"Zircônio (heavy mineral, REE assoc.)","dsprocesso":"322.004/1942","overlaps":[{"name":"Zona de Amortecimento — APA Pedra Branca (indicativa, 3 km)","kind":"buffer_zone","distance_km":0.5}],"has_overlap":true},"geometry":{"type":"Point","coordinates":[-46.45641439237492,-21.908924503249935]}},{"type":"Feature","properties":{"processo":"322005/1942","numero":322005,"ano":1942,"area_ha":8.3,"fase":"CONCESSÃO DE LAVRA","nome":"MINEGRAL CIA. BRASILEIRA DE MINERAÇÕES INDÚSTRIA E COMÉRCIO","subs":"ZIRCÔNIO","uso":"Demais substâncias","uf":"MG","category":"heavy_mineral_associated","category_label":"Zircônio (heavy mineral, REE assoc.)","dsprocesso":"322.005/1942","overlaps":[{"name":"Zona de Amortecimento — APA Pedra Branca (indicativa, 3 km)","kind":"buffer_zone","distance_km":0}],"has_overlap":true},"geometry":{"type":"Point","coordinates":[-46.45268947033326,-21.926046487166598]}},{"type":"Feature","properties":{"processo":"322006/1942","numero":322006,"ano":1942,"area_ha":0.35,"fase":"CONCESSÃO DE LAVRA","nome":"MINEGRAL CIA. BRASILEIRA DE MINERAÇÕES INDÚSTRIA E COMÉRCIO","subs":"ZIRCÔNIO","uso":"Demais substâncias","uf":"MG","category":"heavy_mineral_associated","category_label":"Zircônio (heavy mineral, REE assoc.)","dsprocesso":"322.006/1942","overlaps":[{"name":"Zona de Amortecimento — APA Pedra Branca (indicativa, 3 km)","kind":"buffer_zone","distance_km":0.1}],"has_overlap":true},"geometry":{"type":"Point","coordinates":[-46.452733412499924,-21.917310476749947]}},{"type":"Feature","properties":{"processo":"322007/1942","numero":322007,"ano":1942,"area_ha":0.17,"fase":"CONCESSÃO DE LAVRA","nome":"MINEGRAL CIA. BRASILEIRA DE MINERAÇÕES INDÚSTRIA E COMÉRCIO","subs":"ZIRCÔNIO","uso":"Demais substâncias","uf":"MG","category":"heavy_mineral_associated","category_label":"Zircônio (heavy mineral, REE assoc.)","dsprocesso":"322.007/1942","overlaps":[{"name":"Zona de Amortecimento — APA Pedra Branca (indicativa, 3 km)","kind":"buffer_zone","distance_km":0}],"has_overlap":true},"geometry":{"type":"Point","coordinates":[-46.44884228649991,-21.924502772999915]}},{"type":"Feature","properties":{"processo":"322015/1942","numero":322015,"ano":1942,"area_ha":0.18,"fase":"CONCESSÃO DE LAVRA","nome":"MINEGRAL CIA. BRASILEIRA DE MINERAÇÕES INDÚSTRIA E COMÉRCIO","subs":"ZIRCÔNIO","uso":"Demais substâncias","uf":"MG","category":"heavy_mineral_associated","category_label":"Zircônio (heavy mineral, REE assoc.)","dsprocesso":"322.015/1942","overlaps":[{"name":"Zona de Amortecimento — APA Pedra Branca (indicativa, 3 km)","kind":"buffer_zone","distance_km":0}],"has_overlap":true},"geometry":{"type":"Point","coordinates":[-46.448864644999944,-21.92448778774994]}},{"type":"Feature","properties":{"processo":"3240/1936","numero":3240,"ano":1936,"area_ha":31.66,"fase":"CONCESSÃO DE LAVRA","nome":"COMPANHIA BRASILEIRA DE ALUMINIO","subs":"ZIRCÔNIO","uso":"Demais substâncias","uf":"SP","category":"heavy_mineral_associated","category_label":"Zircônio (heavy mineral, REE assoc.)","dsprocesso":"003.240/1936"},"geometry":{"type":"Point","coordinates":[-46.65975870889993,-21.892740201299915]}},{"type":"Feature","properties":{"processo":"3241/1936","numero":3241,"ano":1936,"area_ha":45.69,"fase":"CONCESSÃO DE LAVRA","nome":"COMPANHIA BRASILEIRA DE ALUMINIO","subs":"ZIRCÔNIO","uso":"Demais substâncias","uf":"MG","category":"heavy_mineral_associated","category_label":"Zircônio (heavy mineral, REE assoc.)","dsprocesso":"003.241/1936","overlaps":[{"name":"Zona de Amortecimento — APA Pedra Branca (indicativa, 3 km)","kind":"buffer_zone","distance_km":1.5}],"has_overlap":true},"geometry":{"type":"Point","coordinates":[-46.46716743579992,-21.919435332799928]}},{"type":"Feature","properties":{"processo":"3254/1936","numero":3254,"ano":1936,"area_ha":24.87,"fase":"CONCESSÃO DE LAVRA","nome":"COMPANHIA BRASILEIRA DE ALUMINIO","subs":"ZIRCÔNIO","uso":"Demais substâncias","uf":"MG","category":"heavy_mineral_associated","category_label":"Zircônio (heavy mineral, REE assoc.)","dsprocesso":"003.254/1936","overlaps":[{"name":"APA Santuário Ecológico da Pedra Branca","kind":"conservation_unit","distance_km":0},{"name":"Zona de Amortecimento — APA Pedra Branca (indicativa, 3 km)","kind":"buffer_zone","distance_km":0}],"has_overlap":true},"geometry":{"type":"Point","coordinates":[-46.43575254657135,-21.945052910285654]}},{"type":"Feature","properties":{"processo":"3257/1936","numero":3257,"ano":1936,"area_ha":340.78,"fase":"CONCESSÃO DE LAVRA","nome":"COMPANHIA BRASILEIRA DE ALUMINIO","subs":"ZIRCÔNIO","uso":"Demais substâncias","uf":"MG","category":"heavy_mineral_associated","category_label":"Zircônio (heavy mineral, REE assoc.)","dsprocesso":"003.257/1936","overlaps":[{"name":"Zona de Amortecimento — APA Pedra Branca (indicativa, 3 km)","kind":"buffer_zone","distance_km":1.7}],"has_overlap":true},"geometry":{"type":"Point","coordinates":[-46.465977289199934,-21.896797525533263]}},{"type":"Feature","properties":{"processo":"3258/1936","numero":3258,"ano":1936,"area_ha":62.66,"fase":"CONCESSÃO DE LAVRA","nome":"COMPANHIA BRASILEIRA DE ALUMINIO","subs":"ZIRCÔNIO","uso":"Demais substâncias","uf":"MG","category":"heavy_mineral_associated","category_label":"Zircônio (heavy mineral, REE assoc.)","dsprocesso":"003.258/1936","overlaps":[{"name":"APA Santuário Ecológico da Pedra Branca","kind":"conservation_unit","distance_km":1.6},{"name":"Zona de Amortecimento — APA Pedra Branca (indicativa, 3 km)","kind":"buffer_zone","distance_km":0}],"has_overlap":true},"geometry":{"type":"Point","coordinates":[-46.43914686476915,-21.9299780072307]}},{"type":"Feature","properties":{"processo":"3260/1936","numero":3260,"ano":1936,"area_ha":4.84,"fase":"CONCESSÃO DE LAVRA","nome":"COMPANHIA BRASILEIRA DE ALUMINIO","subs":"ZIRCÔNIO","uso":"Demais substâncias","uf":"MG","category":"heavy_mineral_associated","category_label":"Zircônio (heavy mineral, REE assoc.)","dsprocesso":"003.260/1936","overlaps":[{"name":"APA Santuário Ecológico da Pedra Branca","kind":"conservation_unit","distance_km":1.1},{"name":"Zona de Amortecimento — APA Pedra Branca (indicativa, 3 km)","kind":"buffer_zone","distance_km":0}],"has_overlap":true},"geometry":{"type":"Point","coordinates":[-46.45228219719994,-21.949232548799944]}},{"type":"Feature","properties":{"processo":"370501/1942","numero":370501,"ano":1942,"area_ha":1.58,"fase":"CONCESSÃO DE LAVRA","nome":"MINEGRAL CIA. BRASILEIRA DE MINERAÇÕES INDÚSTRIA E COMÉRCIO","subs":"ZIRCÔNIO","uso":"Demais substâncias","uf":"MG","category":"heavy_mineral_associated","category_label":"Zircônio (heavy mineral, REE assoc.)","dsprocesso":"370.501/1942","overlaps":[{"name":"APA Santuário Ecológico da Pedra Branca","kind":"conservation_unit","distance_km":0.3},{"name":"Zona de Amortecimento — APA Pedra Branca (indicativa, 3 km)","kind":"buffer_zone","distance_km":0}],"has_overlap":true},"geometry":{"type":"Point","coordinates":[-46.428397476166595,-21.935894608833262]}},{"type":"Feature","properties":{"processo":"370502/1942","numero":370502,"ano":1942,"area_ha":4,"fase":"CONCESSÃO DE LAVRA","nome":"MINEGRAL CIA. BRASILEIRA DE MINERAÇÕES INDÚSTRIA E COMÉRCIO","subs":"ZIRCÔNIO","uso":"Demais substâncias","uf":"MG","category":"heavy_mineral_associated","category_label":"Zircônio (heavy mineral, REE assoc.)","dsprocesso":"370.502/1942","overlaps":[{"name":"APA Santuário Ecológico da Pedra Branca","kind":"conservation_unit","distance_km":0},{"name":"Zona de Amortecimento — APA Pedra Branca (indicativa, 3 km)","kind":"buffer_zone","distance_km":0}],"has_overlap":true},"geometry":{"type":"Point","coordinates":[-46.43184829239992,-21.94261945099994]}},{"type":"Feature","properties":{"processo":"370503/1942","numero":370503,"ano":1942,"area_ha":6.3,"fase":"CONCESSÃO DE LAVRA","nome":"MINEGRAL CIA. BRASILEIRA DE MINERAÇÕES INDÚSTRIA E COMÉRCIO","subs":"ZIRCÔNIO","uso":"Demais substâncias","uf":"MG","category":"heavy_mineral_associated","category_label":"Zircônio (heavy mineral, REE assoc.)","dsprocesso":"370.503/1942","overlaps":[{"name":"APA Santuário Ecológico da Pedra Branca","kind":"conservation_unit","distance_km":0},{"name":"Zona de Amortecimento — APA Pedra Branca (indicativa, 3 km)","kind":"buffer_zone","distance_km":0}],"has_overlap":true},"geometry":{"type":"Point","coordinates":[-46.43184338499994,-21.960022317857074]}},{"type":"Feature","properties":{"processo":"370504/1942","numero":370504,"ano":1942,"area_ha":20.64,"fase":"CONCESSÃO DE LAVRA","nome":"MINEGRAL CIA. BRASILEIRA DE MINERAÇÕES INDÚSTRIA E COMÉRCIO","subs":"ZIRCÔNIO","uso":"Demais substâncias","uf":"MG","category":"heavy_mineral_associated","category_label":"Zircônio (heavy mineral, REE assoc.)","dsprocesso":"370.504/1942","overlaps":[{"name":"APA Santuário Ecológico da Pedra Branca","kind":"conservation_unit","distance_km":0},{"name":"Zona de Amortecimento — APA Pedra Branca (indicativa, 3 km)","kind":"buffer_zone","distance_km":0}],"has_overlap":true},"geometry":{"type":"Point","coordinates":[-46.423941215999925,-21.958276365374935]}},{"type":"Feature","properties":{"processo":"370505/1942","numero":370505,"ano":1942,"area_ha":66.83,"fase":"CONCESSÃO DE LAVRA","nome":"MINEGRAL CIA. BRASILEIRA DE MINERAÇÕES INDÚSTRIA E COMÉRCIO","subs":"ZIRCÔNIO","uso":"Demais substâncias","uf":"MG","category":"heavy_mineral_associated","category_label":"Zircônio (heavy mineral, REE assoc.)","dsprocesso":"370.505/1942","overlaps":[{"name":"APA Santuário Ecológico da Pedra Branca","kind":"conservation_unit","distance_km":0},{"name":"Zona de Amortecimento — APA Pedra Branca (indicativa, 3 km)","kind":"buffer_zone","distance_km":0}],"has_overlap":true},"geometry":{"type":"Point","coordinates":[-46.43487730686661,-21.9764540024666]}},{"type":"Feature","properties":{"processo":"58201/1944","numero":58201,"ano":1944,"area_ha":114.52,"fase":"CONCESSÃO DE LAVRA","nome":"COMPANHIA BRASILEIRA DE ALUMINIO","subs":"ZIRCÔNIO","uso":"Demais substâncias","uf":"MG","category":"heavy_mineral_associated","category_label":"Zircônio (heavy mineral, REE assoc.)","dsprocesso":"058.201/1944","overlaps":[{"name":"Zona de Amortecimento — APA Pedra Branca (indicativa, 3 km)","kind":"buffer_zone","distance_km":0}],"has_overlap":true},"geometry":{"type":"Point","coordinates":[-46.453450116578864,-21.921860101842032]}},{"type":"Feature","properties":{"processo":"6944/1941","numero":6944,"ano":1941,"area_ha":8.58,"fase":"CONCESSÃO DE LAVRA","nome":"COMPANHIA BRASILEIRA DE ALUMINIO","subs":"ZIRCÔNIO","uso":"Demais substâncias","uf":"MG","category":"heavy_mineral_associated","category_label":"Zircônio (heavy mineral, REE assoc.)","dsprocesso":"006.944/1941","overlaps":[{"name":"APA Santuário Ecológico da Pedra Branca","kind":"conservation_unit","distance_km":0},{"name":"Zona de Amortecimento — APA Pedra Branca (indicativa, 3 km)","kind":"buffer_zone","distance_km":0}],"has_overlap":true},"geometry":{"type":"Point","coordinates":[-46.433033444599936,-21.977000491599938]}},{"type":"Feature","properties":{"processo":"7580/1941","numero":7580,"ano":1941,"area_ha":1.91,"fase":"CONCESSÃO DE LAVRA","nome":"COMPANHIA BRASILEIRA DE ALUMINIO","subs":"ZIRCÔNIO","uso":"Demais substâncias","uf":"MG","category":"heavy_mineral_associated","category_label":"Zircônio (heavy mineral, REE assoc.)","dsprocesso":"007.580/1941"},"geometry":{"type":"Point","coordinates":[-46.48977704019993,-21.880371014599927]}},{"type":"Feature","properties":{"processo":"820001/2024","numero":820001,"ano":2024,"area_ha":14.39,"fase":"AUTORIZAÇÃO DE PESQUISA","nome":"I.R.S Minerals Extração de Minerais EIRELI","subs":"TERRAS RARAS","uso":"Industrial","uf":"SP","category":"direct_ree","category_label":"Terras Raras (REE)","dsprocesso":"820.001/2024"},"geometry":{"type":"Point","coordinates":[-46.714771901923,-21.87497588353839]}},{"type":"Feature","properties":{"processo":"820002/2024","numero":820002,"ano":2024,"area_ha":960.42,"fase":"AUTORIZAÇÃO DE PESQUISA","nome":"I.R.S Minerals Extração de Minerais EIRELI","subs":"TERRAS RARAS","uso":"Industrial","uf":"SP","category":"direct_ree","category_label":"Terras Raras (REE)","dsprocesso":"820.002/2024"},"geometry":{"type":"Point","coordinates":[-46.733333584017466,-21.831191175508703]}},{"type":"Feature","properties":{"processo":"820036/2024","numero":820036,"ano":2024,"area_ha":1801.77,"fase":"AUTORIZAÇÃO DE PESQUISA","nome":"ALPHA MINERALS BRAZIL PARTICIPACOES LTDA.","subs":"TERRAS RARAS","uso":"Industrial","uf":"SP","category":"direct_ree","category_label":"Terras Raras (REE)","dsprocesso":"820.036/2024"},"geometry":{"type":"Point","coordinates":[-46.88734529284202,-21.68755007321046]}},{"type":"Feature","properties":{"processo":"820037/2024","numero":820037,"ano":2024,"area_ha":1577.57,"fase":"AUTORIZAÇÃO DE PESQUISA","nome":"ALPHA MINERALS BRAZIL PARTICIPACOES LTDA.","subs":"TERRAS RARAS","uso":"Industrial","uf":"SP","category":"direct_ree","category_label":"Terras Raras (REE)","dsprocesso":"820.037/2024"},"geometry":{"type":"Point","coordinates":[-46.693788555777715,-21.639327379814745]}},{"type":"Feature","properties":{"processo":"820039/2024","numero":820039,"ano":2024,"area_ha":783.86,"fase":"AUTORIZAÇÃO DE PESQUISA","nome":"ALPHA MINERALS BRAZIL PARTICIPACOES LTDA.","subs":"TERRAS RARAS","uso":"Industrial","uf":"SP","category":"direct_ree","category_label":"Terras Raras (REE)","dsprocesso":"820.039/2024"},"geometry":{"type":"Point","coordinates":[-46.714063606999936,-21.616778462733258]}},{"type":"Feature","properties":{"processo":"820040/2024","numero":820040,"ano":2024,"area_ha":573.79,"fase":"AUTORIZAÇÃO DE PESQUISA","nome":"ALPHA MINERALS BRAZIL PARTICIPACOES LTDA.","subs":"TERRAS RARAS","uso":"Industrial","uf":"SP","category":"direct_ree","category_label":"Terras Raras (REE)","dsprocesso":"820.040/2024"},"geometry":{"type":"Point","coordinates":[-46.819023187578885,-21.726636388999935]}},{"type":"Feature","properties":{"processo":"820041/2024","numero":820041,"ano":2024,"area_ha":768.05,"fase":"AUTORIZAÇÃO DE PESQUISA","nome":"BORBOREMA RECURSOS MINERAIS LTDA","subs":"TERRAS RARAS","uso":"Industrial","uf":"SP","category":"direct_ree","category_label":"Terras Raras (REE)","dsprocesso":"820.041/2024"},"geometry":{"type":"Point","coordinates":[-46.837167710432375,-21.686062319891825]}},{"type":"Feature","properties":{"processo":"820048/2024","numero":820048,"ano":2024,"area_ha":1622.15,"fase":"AUTORIZAÇÃO DE PESQUISA","nome":"RTB GEOLOGIA E MINERACAO LTDA.","subs":"TERRAS RARAS","uso":"Industrial","uf":"SP","category":"direct_ree","category_label":"Terras Raras (REE)","dsprocesso":"820.048/2024"},"geometry":{"type":"Point","coordinates":[-46.703463147359926,-21.66375107723994]}},{"type":"Feature","properties":{"processo":"820049/2024","numero":820049,"ano":2024,"area_ha":1857.87,"fase":"AUTORIZAÇÃO DE PESQUISA","nome":"RTB GEOLOGIA E MINERACAO LTDA.","subs":"TERRAS RARAS","uso":"Industrial","uf":"SP","category":"direct_ree","category_label":"Terras Raras (REE)","dsprocesso":"820.049/2024","overlaps":[{"name":"Quilombo da Favela (Chapéu Preto)","kind":"quilombo","distance_km":0}],"has_overlap":true},"geometry":{"type":"Point","coordinates":[-46.637442803052565,-21.624841769052566]}},{"type":"Feature","properties":{"processo":"820132/2026","numero":820132,"ano":2026,"area_ha":265.23,"fase":"AUTORIZAÇÃO DE PESQUISA","nome":"CARLOS AUGUSTO MARTINS MESQUITA","subs":"TERRAS RARAS","uso":"Industrial","uf":"SP","category":"direct_ree","category_label":"Terras Raras (REE)","dsprocesso":"820.132/2026"},"geometry":{"type":"Point","coordinates":[-46.688348277799925,-21.62280361099995]}},{"type":"Feature","properties":{"processo":"820137/2026","numero":820137,"ano":2026,"area_ha":1082.59,"fase":"AUTORIZAÇÃO DE PESQUISA","nome":"CARLOS AUGUSTO MARTINS MESQUITA","subs":"TERRAS RARAS","uso":"Industrial","uf":"SP","category":"direct_ree","category_label":"Terras Raras (REE)","dsprocesso":"820.137/2026"},"geometry":{"type":"Point","coordinates":[-46.73958325772721,-21.620304217272658]}},{"type":"Feature","properties":{"processo":"820164/2026","numero":820164,"ano":2026,"area_ha":265.95,"fase":"AUTORIZAÇÃO DE PESQUISA","nome":"MARCIO EDUARDO FORTI RIBEIRO DE ANDRADE","subs":"TERRAS RARAS","uso":"Industrial","uf":"SP","category":"direct_ree","category_label":"Terras Raras (REE)","dsprocesso":"820.164/2026"},"geometry":{"type":"Point","coordinates":[-46.74148100260862,-21.750837246347754]}},{"type":"Feature","properties":{"processo":"820195/2026","numero":820195,"ano":2026,"area_ha":5.66,"fase":"AUTORIZAÇÃO DE PESQUISA","nome":"ALPHA MINERALS BRAZIL PARTICIPACOES LTDA.","subs":"TERRAS RARAS","uso":"Industrial","uf":"SP","category":"direct_ree","category_label":"Terras Raras (REE)","dsprocesso":"820.195/2026"},"geometry":{"type":"Point","coordinates":[-46.68423180533327,-21.942179888888834]}},{"type":"Feature","properties":{"processo":"820221/2024","numero":820221,"ano":2024,"area_ha":19.6,"fase":"AUTORIZAÇÃO DE PESQUISA","nome":"VIRIDIS MINERACAO LTDA","subs":"TERRAS RARAS","uso":"Industrial","uf":"SP","category":"direct_ree","category_label":"Terras Raras (REE)","dsprocesso":"820.221/2024"},"geometry":{"type":"Point","coordinates":[-46.64332599999991,-21.70348406059993]}},{"type":"Feature","properties":{"processo":"820222/2024","numero":820222,"ano":2024,"area_ha":66.83,"fase":"AUTORIZAÇÃO DE PESQUISA","nome":"VIRIDIS MINERACAO LTDA","subs":"TERRAS RARAS","uso":"Industrial","uf":"SP","category":"direct_ree","category_label":"Terras Raras (REE)","dsprocesso":"820.222/2024"},"geometry":{"type":"Point","coordinates":[-46.65159205787492,-21.715675382874934]}},{"type":"Feature","properties":{"processo":"820286/2023","numero":820286,"ano":2023,"area_ha":16.56,"fase":"AUTORIZAÇÃO DE PESQUISA","nome":"AXEL REE LTDA","subs":"TERRAS RARAS","uso":"Industrial","uf":"SP","category":"direct_ree","category_label":"Terras Raras (REE)","dsprocesso":"820.286/2023"},"geometry":{"type":"Point","coordinates":[-46.67766418033326,-21.937909795499944]}},{"type":"Feature","properties":{"processo":"820287/2023","numero":820287,"ano":2023,"area_ha":899.49,"fase":"AUTORIZAÇÃO DE PESQUISA","nome":"AXEL REE LTDA","subs":"TERRAS RARAS","uso":"Industrial","uf":"SP","category":"direct_ree","category_label":"Terras Raras (REE)","dsprocesso":"820.287/2023"},"geometry":{"type":"Point","coordinates":[-46.69448334052074,-21.982617435770763]}},{"type":"Feature","properties":{"processo":"820319/2023","numero":820319,"ano":2023,"area_ha":1603.14,"fase":"AUTORIZAÇÃO DE PESQUISA","nome":"AXEL REE LTDA","subs":"MINÉRIO DE LÍTIO","uso":"Industrial","uf":"SP","category":"pegmatite_associated","category_label":"Minério de Lítio (pegmatite, REE assoc.)","dsprocesso":"820.319/2023"},"geometry":{"type":"Point","coordinates":[-46.75006196297137,-21.998864573971357]}},{"type":"Feature","properties":{"processo":"820407/2022","numero":820407,"ano":2022,"area_ha":853.79,"fase":"AUTORIZAÇÃO DE PESQUISA","nome":"FIDES ENERGY METALS LTDA","subs":"FONÓLITO","uso":"Industrial","uf":"SP","category":"carbonatite_associated","category_label":"Fonólito (alkaline complex)","dsprocesso":"820.407/2022"},"geometry":{"type":"Point","coordinates":[-46.68085353937203,-21.98065073281388]}},{"type":"Feature","properties":{"processo":"820499/2023","numero":820499,"ano":2023,"area_ha":60.53,"fase":"AUTORIZAÇÃO DE PESQUISA","nome":"ELO VERDE MINERACAO LTDA","subs":"TERRAS RARAS","uso":"Industrial","uf":"SP","category":"direct_ree","category_label":"Terras Raras (REE)","dsprocesso":"820.499/2023"},"geometry":{"type":"Point","coordinates":[-46.73175996293326,-21.870048018399928]}},{"type":"Feature","properties":{"processo":"820503/2023","numero":820503,"ano":2023,"area_ha":385.43,"fase":"AUTORIZAÇÃO DE PESQUISA","nome":"ELO VERDE MINERACAO LTDA","subs":"TERRAS RARAS","uso":"Industrial","uf":"SP","category":"direct_ree","category_label":"Terras Raras (REE)","dsprocesso":"820.503/2023"},"geometry":{"type":"Point","coordinates":[-46.71734493049992,-21.817291708199935]}},{"type":"Feature","properties":{"processo":"820504/2023","numero":820504,"ano":2023,"area_ha":19.19,"fase":"AUTORIZAÇÃO DE PESQUISA","nome":"RCO MINERACAO LTDA","subs":"TERRAS RARAS","uso":"Industrial","uf":"SP","category":"direct_ree","category_label":"Terras Raras (REE)","dsprocesso":"820.504/2023"},"geometry":{"type":"Point","coordinates":[-46.687623549222145,-21.852703240666578]}},{"type":"Feature","properties":{"processo":"820538/2023","numero":820538,"ano":2023,"area_ha":2.61,"fase":"REQUERIMENTO DE PESQUISA","nome":"MINERACAO MONTE FORMOSO LTDA","subs":"TERRAS RARAS","uso":"Industrial","uf":"MG","category":"direct_ree","category_label":"Terras Raras (REE)","dsprocesso":"820.538/2023"},"geometry":{"type":"Point","coordinates":[-46.65177914753838,-21.88228138669225]}},{"type":"Feature","properties":{"processo":"820609/2022","numero":820609,"ano":2022,"area_ha":124.38,"fase":"REQUERIMENTO DE PESQUISA","nome":"BRAZIL ROYALTY CORP PARTICIPACOES E INVESTIMENTOS LTDA.","subs":"TERRAS RARAS","uso":"Industrial","uf":"SP","category":"direct_ree","category_label":"Terras Raras (REE)","dsprocesso":"820.609/2022"},"geometry":{"type":"Point","coordinates":[-46.69577202408689,-21.93841612806514]}},{"type":"Feature","properties":{"processo":"820610/2022","numero":820610,"ano":2022,"area_ha":106.21,"fase":"AUTORIZAÇÃO DE PESQUISA","nome":"ALPHA MINERALS BRAZIL PARTICIPACOES LTDA.","subs":"TERRAS RARAS","uso":"Industrial","uf":"SP","category":"direct_ree","category_label":"Terras Raras (REE)","dsprocesso":"820.610/2022"},"geometry":{"type":"Point","coordinates":[-46.713581944333264,-21.957714960999933]}},{"type":"Feature","properties":{"processo":"820611/2022","numero":820611,"ano":2022,"area_ha":294.14,"fase":"AUTORIZAÇÃO DE PESQUISA","nome":"ALPHA MINERALS BRAZIL PARTICIPACOES LTDA.","subs":"TERRAS RARAS","uso":"Industrial","uf":"SP","category":"direct_ree","category_label":"Terras Raras (REE)","dsprocesso":"820.611/2022"},"geometry":{"type":"Point","coordinates":[-46.69128458033325,-21.965773089561345]}},{"type":"Feature","properties":{"processo":"820612/2022","numero":820612,"ano":2022,"area_ha":227.22,"fase":"AUTORIZAÇÃO DE PESQUISA","nome":"ALPHA MINERALS BRAZIL PARTICIPACOES LTDA.","subs":"TERRAS RARAS","uso":"Industrial","uf":"SP","category":"direct_ree","category_label":"Terras Raras (REE)","dsprocesso":"820.612/2022"},"geometry":{"type":"Point","coordinates":[-46.65730947713508,-21.995104134567498]}},{"type":"Feature","properties":{"processo":"830018/2024","numero":830018,"ano":2024,"area_ha":66.8,"fase":"AUTORIZAÇÃO DE PESQUISA","nome":"I.R.S Minerals Extração de Minerais EIRELI","subs":"TERRAS RARAS","uso":"Industrial","uf":"MG","category":"direct_ree","category_label":"Terras Raras (REE)","dsprocesso":"830.018/2024"},"geometry":{"type":"Point","coordinates":[-46.69013283012895,-21.816460867999933]}},{"type":"Feature","properties":{"processo":"830026/2024","numero":830026,"ano":2024,"area_ha":0.96,"fase":"REQUERIMENTO DE PESQUISA","nome":"VIRIDIS MINERACAO LTDA","subs":"TERRAS RARAS","uso":"Industrial","uf":"MG","category":"direct_ree","category_label":"Terras Raras (REE)","dsprocesso":"830.026/2024"},"geometry":{"type":"Point","coordinates":[-46.48868671428563,-21.788803375428504]}},{"type":"Feature","properties":{"processo":"830040/2024","numero":830040,"ano":2024,"area_ha":1892.3,"fase":"AUTORIZAÇÃO DE PESQUISA","nome":"CROSS SECTION CONSULTORIA E PARTICIPAÇÕES LTDA","subs":"TERRAS RARAS","uso":"Industrial","uf":"MG","category":"direct_ree","category_label":"Terras Raras (REE)","dsprocesso":"830.040/2024"},"geometry":{"type":"Point","coordinates":[-46.28321318039994,-22.070666004519925]}},{"type":"Feature","properties":{"processo":"830041/2024","numero":830041,"ano":2024,"area_ha":1836.61,"fase":"AUTORIZAÇÃO DE PESQUISA","nome":"CROSS SECTION CONSULTORIA E PARTICIPAÇÕES LTDA","subs":"TERRAS RARAS","uso":"Industrial","uf":"MG","category":"direct_ree","category_label":"Terras Raras (REE)","dsprocesso":"830.041/2024"},"geometry":{"type":"Point","coordinates":[-46.105074136312425,-22.017524619562433]}},{"type":"Feature","properties":{"processo":"830041/2026","numero":830041,"ano":2026,"area_ha":490.24,"fase":"AUTORIZAÇÃO DE PESQUISA","nome":"BRASIL MUNDI EXPORTACAO E MINERACAO LTDA","subs":"MINÉRIO DE LÍTIO","uso":"Industrial","uf":"MG","category":"pegmatite_associated","category_label":"Minério de Lítio (pegmatite, REE assoc.)","dsprocesso":"830.041/2026"},"geometry":{"type":"Point","coordinates":[-46.42313739323071,-22.338460470153773]}},{"type":"Feature","properties":{"processo":"830042/2024","numero":830042,"ano":2024,"area_ha":1173.46,"fase":"AUTORIZAÇÃO DE PESQUISA","nome":"CROSSROADS PESQUISA MINERAL LTDA","subs":"TERRAS RARAS","uso":"Industrial","uf":"MG","category":"direct_ree","category_label":"Terras Raras (REE)","dsprocesso":"830.042/2024"},"geometry":{"type":"Point","coordinates":[-46.10981355633326,-22.06575522999993]}},{"type":"Feature","properties":{"processo":"830044/2024","numero":830044,"ano":2024,"area_ha":396.98,"fase":"AUTORIZAÇÃO DE PESQUISA","nome":"CROSS SECTION CONSULTORIA E PARTICIPAÇÕES LTDA","subs":"TERRAS RARAS","uso":"Industrial","uf":"MG","category":"direct_ree","category_label":"Terras Raras (REE)","dsprocesso":"830.044/2024","overlaps":[{"name":"Zona de Amortecimento — APA Pedra Branca (indicativa, 3 km)","kind":"buffer_zone","distance_km":1.9}],"has_overlap":true},"geometry":{"type":"Point","coordinates":[-46.33692367599994,-22.06597878068175]}},{"type":"Feature","properties":{"processo":"830082/2023","numero":830082,"ano":2023,"area_ha":1549.63,"fase":"AUTORIZAÇÃO DE PESQUISA","nome":"AXEL REE LTDA","subs":"TERRAS RARAS","uso":"Industrial","uf":"MG","category":"direct_ree","category_label":"Terras Raras (REE)","dsprocesso":"830.082/2023","overlaps":[{"name":"Quilombo da Favela (Chapéu Preto)","kind":"quilombo","distance_km":0}],"has_overlap":true},"geometry":{"type":"Point","coordinates":[-46.572850474629114,-21.737225533707793]}},{"type":"Feature","properties":{"processo":"830083/2023","numero":830083,"ano":2023,"area_ha":1995.5,"fase":"AUTORIZAÇÃO DE PESQUISA","nome":"AXEL REE LTDA","subs":"TERRAS RARAS","uso":"Industrial","uf":"MG","category":"direct_ree","category_label":"Terras Raras (REE)","dsprocesso":"830.083/2023","overlaps":[{"name":"Quilombo da Favela (Chapéu Preto)","kind":"quilombo","distance_km":0}],"has_overlap":true},"geometry":{"type":"Point","coordinates":[-46.56525479292531,-21.694145783582012]}},{"type":"Feature","properties":{"processo":"830084/2023","numero":830084,"ano":2023,"area_ha":1327.5,"fase":"AUTORIZAÇÃO DE PESQUISA","nome":"AXEL REE LTDA","subs":"TERRAS RARAS","uso":"Industrial","uf":"MG","category":"direct_ree","category_label":"Terras Raras (REE)","dsprocesso":"830.084/2023","overlaps":[{"name":"Quilombo da Favela (Chapéu Preto)","kind":"quilombo","distance_km":0}],"has_overlap":true},"geometry":{"type":"Point","coordinates":[-46.523650404728045,-21.666169550691176]}},{"type":"Feature","properties":{"processo":"830085/2023","numero":830085,"ano":2023,"area_ha":1454.03,"fase":"AUTORIZAÇÃO DE PESQUISA","nome":"AXEL REE LTDA","subs":"TERRAS RARAS","uso":"Industrial","uf":"MG","category":"direct_ree","category_label":"Terras Raras (REE)","dsprocesso":"830.085/2023","overlaps":[{"name":"Quilombo da Favela (Chapéu Preto)","kind":"quilombo","distance_km":0}],"has_overlap":true},"geometry":{"type":"Point","coordinates":[-46.520923232545385,-21.730403409090847]}},{"type":"Feature","properties":{"processo":"830130/2024","numero":830130,"ano":2024,"area_ha":183.02,"fase":"AUTORIZAÇÃO DE PESQUISA","nome":"BORBOREMA RECURSOS MINERAIS LTDA","subs":"TERRAS RARAS","uso":"Industrial","uf":"MG","category":"direct_ree","category_label":"Terras Raras (REE)","dsprocesso":"830.130/2024"},"geometry":{"type":"Point","coordinates":[-46.108963857999925,-22.037152931888823]}},{"type":"Feature","properties":{"processo":"830131/2024","numero":830131,"ano":2024,"area_ha":538.52,"fase":"AUTORIZAÇÃO DE PESQUISA","nome":"BORBOREMA RECURSOS MINERAIS LTDA","subs":"TERRAS RARAS","uso":"Industrial","uf":"MG","category":"direct_ree","category_label":"Terras Raras (REE)","dsprocesso":"830.131/2024"},"geometry":{"type":"Point","coordinates":[-46.14777351005789,-22.013954659246316]}},{"type":"Feature","properties":{"processo":"830133/2024","numero":830133,"ano":2024,"area_ha":1.35,"fase":"AUTORIZAÇÃO DE PESQUISA","nome":"BORBOREMA RECURSOS MINERAIS LTDA","subs":"TERRAS RARAS","uso":"Industrial","uf":"MG","category":"direct_ree","category_label":"Terras Raras (REE)","dsprocesso":"830.133/2024"},"geometry":{"type":"Point","coordinates":[-46.271540664679705,-22.129069013814537]}},{"type":"Feature","properties":{"processo":"830135/2024","numero":830135,"ano":2024,"area_ha":1673.81,"fase":"AUTORIZAÇÃO DE PESQUISA","nome":"BORBOREMA RECURSOS MINERAIS LTDA","subs":"TERRAS RARAS","uso":"Industrial","uf":"MG","category":"direct_ree","category_label":"Terras Raras (REE)","dsprocesso":"830.135/2024"},"geometry":{"type":"Point","coordinates":[-46.66161662297363,-22.226112872315724]}},{"type":"Feature","properties":{"processo":"830136/2024","numero":830136,"ano":2024,"area_ha":1518.63,"fase":"AUTORIZAÇÃO DE PESQUISA","nome":"BORBOREMA RECURSOS MINERAIS LTDA","subs":"TERRAS RARAS","uso":"Industrial","uf":"MG","category":"direct_ree","category_label":"Terras Raras (REE)","dsprocesso":"830.136/2024"},"geometry":{"type":"Point","coordinates":[-46.630056865428486,-22.21552283847613]}},{"type":"Feature","properties":{"processo":"830137/2024","numero":830137,"ano":2024,"area_ha":1810.91,"fase":"AUTORIZAÇÃO DE PESQUISA","nome":"BORBOREMA RECURSOS MINERAIS LTDA","subs":"TERRAS RARAS","uso":"Industrial","uf":"MG","category":"direct_ree","category_label":"Terras Raras (REE)","dsprocesso":"830.137/2024"},"geometry":{"type":"Point","coordinates":[-46.704324271715976,-22.222630079543137]}},{"type":"Feature","properties":{"processo":"830148/2024","numero":830148,"ano":2024,"area_ha":8.33,"fase":"AUTORIZAÇÃO DE PESQUISA","nome":"VIRIDIS MINERACAO LTDA","subs":"TERRAS RARAS","uso":"Industrial","uf":"MG","category":"direct_ree","category_label":"Terras Raras (REE)","dsprocesso":"830.148/2024"},"geometry":{"type":"Point","coordinates":[-46.340130833285635,-21.785238095285656]}},{"type":"Feature","properties":{"processo":"830149/2024","numero":830149,"ano":2024,"area_ha":28.64,"fase":"AUTORIZAÇÃO DE PESQUISA","nome":"VIRIDIS MINERACAO LTDA","subs":"TERRAS RARAS","uso":"Industrial","uf":"MG","category":"direct_ree","category_label":"Terras Raras (REE)","dsprocesso":"830.149/2024"},"geometry":{"type":"Point","coordinates":[-46.321338105033284,-21.7944841680666]}},{"type":"Feature","properties":{"processo":"830161/2024","numero":830161,"ano":2024,"area_ha":1987.93,"fase":"AUTORIZAÇÃO DE PESQUISA","nome":"RTB GEOLOGIA E MINERACAO LTDA.","subs":"TERRAS RARAS","uso":"Industrial","uf":"MG","category":"direct_ree","category_label":"Terras Raras (REE)","dsprocesso":"830.161/2024","overlaps":[{"name":"Quilombo da Favela (Chapéu Preto)","kind":"quilombo","distance_km":0}],"has_overlap":true},"geometry":{"type":"Point","coordinates":[-46.625180080152695,-21.680597176666602]}},{"type":"Feature","properties":{"processo":"830162/2024","numero":830162,"ano":2024,"area_ha":79,"fase":"REQUERIMENTO DE PESQUISA","nome":"VIRIDIS MINERACAO LTDA","subs":"TERRAS RARAS","uso":"Industrial","uf":"MG","category":"direct_ree","category_label":"Terras Raras (REE)","dsprocesso":"830.162/2024"},"geometry":{"type":"Point","coordinates":[-46.390045783999916,-21.77378922514278]}},{"type":"Feature","properties":{"processo":"830163/2024","numero":830163,"ano":2024,"area_ha":1877.27,"fase":"AUTORIZAÇÃO DE PESQUISA","nome":"RTB GEOLOGIA E MINERACAO LTDA.","subs":"TERRAS RARAS","uso":"Industrial","uf":"MG","category":"direct_ree","category_label":"Terras Raras (REE)","dsprocesso":"830.163/2024","overlaps":[{"name":"Quilombo da Favela (Chapéu Preto)","kind":"quilombo","distance_km":0}],"has_overlap":true},"geometry":{"type":"Point","coordinates":[-46.57637008831661,-21.692194166666585]}},{"type":"Feature","properties":{"processo":"830164/2024","numero":830164,"ano":2024,"area_ha":1650.55,"fase":"AUTORIZAÇÃO DE PESQUISA","nome":"RTB GEOLOGIA E MINERACAO LTDA.","subs":"TERRAS RARAS","uso":"Industrial","uf":"MG","category":"direct_ree","category_label":"Terras Raras (REE)","dsprocesso":"830.164/2024"},"geometry":{"type":"Point","coordinates":[-46.4128485700169,-21.726855463593157]}},{"type":"Feature","properties":{"processo":"830165/2024","numero":830165,"ano":2024,"area_ha":1035.02,"fase":"AUTORIZAÇÃO DE PESQUISA","nome":"VIRIDIS MINERACAO LTDA","subs":"TERRAS RARAS","uso":"Industrial","uf":"MG","category":"direct_ree","category_label":"Terras Raras (REE)","dsprocesso":"830.165/2024"},"geometry":{"type":"Point","coordinates":[-46.38183614322573,-21.785403447741864]}},{"type":"Feature","properties":{"processo":"830166/2024","numero":830166,"ano":2024,"area_ha":1975.59,"fase":"AUTORIZAÇÃO DE PESQUISA","nome":"RTB GEOLOGIA E MINERACAO LTDA.","subs":"TERRAS RARAS","uso":"Industrial","uf":"MG","category":"direct_ree","category_label":"Terras Raras (REE)","dsprocesso":"830.166/2024"},"geometry":{"type":"Point","coordinates":[-46.27604392534085,-21.763928457681754]}},{"type":"Feature","properties":{"processo":"830228/2006","numero":830228,"ano":2006,"area_ha":546.92,"fase":"REQUERIMENTO DE LAVRA","nome":"MINERACAO CALDENSE LTDA","subs":"TINGUAÍTO","uso":"Industrial","uf":"MG","category":"carbonatite_associated","category_label":"Tinguaito (alkaline complex)","dsprocesso":"830.228/2006"},"geometry":{"type":"Point","coordinates":[-46.62082477652934,-22.02035019458818]}},{"type":"Feature","properties":{"processo":"830277/2024","numero":830277,"ano":2024,"area_ha":8.41,"fase":"AUTORIZAÇÃO DE PESQUISA","nome":"VIRIDIS MINERACAO LTDA","subs":"TERRAS RARAS","uso":"Industrial","uf":"MG","category":"direct_ree","category_label":"Terras Raras (REE)","dsprocesso":"830.277/2024"},"geometry":{"type":"Point","coordinates":[-46.27906768242849,-21.79867962057137]}},{"type":"Feature","properties":{"processo":"830278/2024","numero":830278,"ano":2024,"area_ha":1.87,"fase":"AUTORIZAÇÃO DE PESQUISA","nome":"VIRIDIS MINERACAO LTDA","subs":"TERRAS RARAS","uso":"Industrial","uf":"MG","category":"direct_ree","category_label":"Terras Raras (REE)","dsprocesso":"830.278/2024"},"geometry":{"type":"Point","coordinates":[-46.52989799999993,-21.83019020599993]}},{"type":"Feature","properties":{"processo":"830301/2024","numero":830301,"ano":2024,"area_ha":35.32,"fase":"AUTORIZAÇÃO DE PESQUISA","nome":"BRAZIL ROYALTY CORP PARTICIPACOES E INVESTIMENTOS LTDA.","subs":"TERRAS RARAS","uso":"Industrial","uf":"MG","category":"direct_ree","category_label":"Terras Raras (REE)","dsprocesso":"830.301/2024","overlaps":[{"name":"Zona de Amortecimento — APA Pedra Branca (indicativa, 3 km)","kind":"buffer_zone","distance_km":1.8}],"has_overlap":true},"geometry":{"type":"Point","coordinates":[-46.4770906075468,-21.925574982249927]}},{"type":"Feature","properties":{"processo":"830304/2024","numero":830304,"ano":2024,"area_ha":42.64,"fase":"AUTORIZAÇÃO DE PESQUISA","nome":"I.R.S Minerals Extração de Minerais EIRELI","subs":"TERRAS RARAS","uso":"Industrial","uf":"MG","category":"direct_ree","category_label":"Terras Raras (REE)","dsprocesso":"830.304/2024","overlaps":[{"name":"APA Santuário Ecológico da Pedra Branca","kind":"conservation_unit","distance_km":1.2},{"name":"Zona de Amortecimento — APA Pedra Branca (indicativa, 3 km)","kind":"buffer_zone","distance_km":0}],"has_overlap":true},"geometry":{"type":"Point","coordinates":[-46.3719743737777,-22.02462217977772]}},{"type":"Feature","properties":{"processo":"830355/2024","numero":830355,"ano":2024,"area_ha":1979.54,"fase":"AUTORIZAÇÃO DE PESQUISA","nome":"I.R.S Minerals Extração de Minerais EIRELI","subs":"TERRAS RARAS","uso":"Industrial","uf":"MG","category":"direct_ree","category_label":"Terras Raras (REE)","dsprocesso":"830.355/2024"},"geometry":{"type":"Point","coordinates":[-46.12306798852935,-21.99032458811758]}},{"type":"Feature","properties":{"processo":"830356/2024","numero":830356,"ano":2024,"area_ha":1998.44,"fase":"AUTORIZAÇÃO DE PESQUISA","nome":"I.R.S Minerals Extração de Minerais EIRELI","subs":"TERRAS RARAS","uso":"Industrial","uf":"MG","category":"direct_ree","category_label":"Terras Raras (REE)","dsprocesso":"830.356/2024"},"geometry":{"type":"Point","coordinates":[-46.11856217638454,-21.964010490692246]}},{"type":"Feature","properties":{"processo":"830357/2024","numero":830357,"ano":2024,"area_ha":1997.01,"fase":"AUTORIZAÇÃO DE PESQUISA","nome":"I.R.S Minerals Extração de Minerais EIRELI","subs":"TERRAS RARAS","uso":"Industrial","uf":"MG","category":"direct_ree","category_label":"Terras Raras (REE)","dsprocesso":"830.357/2024"},"geometry":{"type":"Point","coordinates":[-46.1207266666666,-21.942793518333286]}},{"type":"Feature","properties":{"processo":"830358/2024","numero":830358,"ano":2024,"area_ha":1991.66,"fase":"AUTORIZAÇÃO DE PESQUISA","nome":"I.R.S Minerals Extração de Minerais EIRELI","subs":"TERRAS RARAS","uso":"Industrial","uf":"MG","category":"direct_ree","category_label":"Terras Raras (REE)","dsprocesso":"830.358/2024"},"geometry":{"type":"Point","coordinates":[-46.10013810547052,-21.907694378588168]}},{"type":"Feature","properties":{"processo":"830359/2024","numero":830359,"ano":2024,"area_ha":1996.67,"fase":"AUTORIZAÇÃO DE PESQUISA","nome":"I.R.S Minerals Extração de Minerais EIRELI","subs":"TERRAS RARAS","uso":"Industrial","uf":"MG","category":"direct_ree","category_label":"Terras Raras (REE)","dsprocesso":"830.359/2024"},"geometry":{"type":"Point","coordinates":[-46.12089507499994,-21.869333415642796]}},{"type":"Feature","properties":{"processo":"830364/2024","numero":830364,"ano":2024,"area_ha":1992.38,"fase":"AUTORIZAÇÃO DE PESQUISA","nome":"I.R.S Minerals Extração de Minerais EIRELI","subs":"TERRAS RARAS","uso":"Industrial","uf":"MG","category":"direct_ree","category_label":"Terras Raras (REE)","dsprocesso":"830.364/2024"},"geometry":{"type":"Point","coordinates":[-46.16976595252074,-21.835176180104096]}},{"type":"Feature","properties":{"processo":"830365/2024","numero":830365,"ano":2024,"area_ha":1983.98,"fase":"AUTORIZAÇÃO DE PESQUISA","nome":"I.R.S Minerals Extração de Minerais EIRELI","subs":"TERRAS RARAS","uso":"Industrial","uf":"MG","category":"direct_ree","category_label":"Terras Raras (REE)","dsprocesso":"830.365/2024"},"geometry":{"type":"Point","coordinates":[-46.1594189196666,-21.9242479155555]}},{"type":"Feature","properties":{"processo":"830366/2024","numero":830366,"ano":2024,"area_ha":1945.94,"fase":"AUTORIZAÇÃO DE PESQUISA","nome":"I.R.S Minerals Extração de Minerais EIRELI","subs":"TERRAS RARAS","uso":"Industrial","uf":"MG","category":"direct_ree","category_label":"Terras Raras (REE)","dsprocesso":"830.366/2024"},"geometry":{"type":"Point","coordinates":[-46.06000960613456,-21.936121284192243]}},{"type":"Feature","properties":{"processo":"830373/2024","numero":830373,"ano":2024,"area_ha":1995.57,"fase":"AUTORIZAÇÃO DE PESQUISA","nome":"I.R.S Minerals Extração de Minerais EIRELI","subs":"TERRAS RARAS","uso":"Industrial","uf":"MG","category":"direct_ree","category_label":"Terras Raras (REE)","dsprocesso":"830.373/2024"},"geometry":{"type":"Point","coordinates":[-46.211675834446375,-21.908019595142793]}},{"type":"Feature","properties":{"processo":"830426/2026","numero":830426,"ano":2026,"area_ha":1998.32,"fase":"AUTORIZAÇÃO DE PESQUISA","nome":"AURYLIO CAMPOS GUIMARAES","subs":"TERRAS RARAS","uso":"Industrial","uf":"MG","category":"direct_ree","category_label":"Terras Raras (REE)","dsprocesso":"830.426/2026"},"geometry":{"type":"Point","coordinates":[-46.13067317571424,-21.734923618571365]}},{"type":"Feature","properties":{"processo":"830427/2026","numero":830427,"ano":2026,"area_ha":843.78,"fase":"AUTORIZAÇÃO DE PESQUISA","nome":"AURYLIO CAMPOS GUIMARAES","subs":"TERRAS RARAS","uso":"Industrial","uf":"MG","category":"direct_ree","category_label":"Terras Raras (REE)","dsprocesso":"830.427/2026"},"geometry":{"type":"Point","coordinates":[-46.17594810833327,-21.783944276666606]}},{"type":"Feature","properties":{"processo":"830428/2026","numero":830428,"ano":2026,"area_ha":1570.56,"fase":"AUTORIZAÇÃO DE PESQUISA","nome":"AURYLIO CAMPOS GUIMARAES","subs":"TERRAS RARAS","uso":"Industrial","uf":"MG","category":"direct_ree","category_label":"Terras Raras (REE)","dsprocesso":"830.428/2026"},"geometry":{"type":"Point","coordinates":[-46.23650309315782,-21.79239863263151]}},{"type":"Feature","properties":{"processo":"830442/2018","numero":830442,"ano":2018,"area_ha":11.27,"fase":"AUTORIZAÇÃO DE PESQUISA","nome":"VIRIDIS MINERACAO LTDA","subs":"TERRAS RARAS","uso":"Industrial","uf":"MG","category":"direct_ree","category_label":"Terras Raras (REE)","dsprocesso":"830.442/2018","overlaps":[{"name":"APA Santuário Ecológico da Pedra Branca","kind":"conservation_unit","distance_km":0},{"name":"Zona de Amortecimento — APA Pedra Branca (indicativa, 3 km)","kind":"buffer_zone","distance_km":0}],"has_overlap":true},"geometry":{"type":"Point","coordinates":[-46.418970023199925,-21.999721172799923]}},{"type":"Feature","properties":{"processo":"830442/2026","numero":830442,"ano":2026,"area_ha":1158.9,"fase":"AUTORIZAÇÃO DE PESQUISA","nome":"AURYLIO CAMPOS GUIMARAES","subs":"TERRAS RARAS","uso":"Industrial","uf":"MG","category":"direct_ree","category_label":"Terras Raras (REE)","dsprocesso":"830.442/2026"},"geometry":{"type":"Point","coordinates":[-46.19325949918912,-21.79631098667561]}},{"type":"Feature","properties":{"processo":"830443/2018","numero":830443,"ano":2018,"area_ha":79.24,"fase":"AUTORIZAÇÃO DE PESQUISA","nome":"FERTIMAX FERTILIZANTES ORGANICOS LTDA","subs":"TERRAS RARAS","uso":"Industrial","uf":"MG","category":"direct_ree","category_label":"Terras Raras (REE)","dsprocesso":"830.443/2018","overlaps":[{"name":"APA Santuário Ecológico da Pedra Branca","kind":"conservation_unit","distance_km":1.9},{"name":"Zona de Amortecimento — APA Pedra Branca (indicativa, 3 km)","kind":"buffer_zone","distance_km":0}],"has_overlap":true},"geometry":{"type":"Point","coordinates":[-46.47998001153839,-21.972364188692243]}},{"type":"Feature","properties":{"processo":"830444/2018","numero":830444,"ano":2018,"area_ha":248.34,"fase":"AUTORIZAÇÃO DE PESQUISA","nome":"FERTIMAX FERTILIZANTES ORGANICOS LTDA","subs":"TERRAS RARAS","uso":"Industrial","uf":"MG","category":"direct_ree","category_label":"Terras Raras (REE)","dsprocesso":"830.444/2018","overlaps":[{"name":"APA Santuário Ecológico da Pedra Branca","kind":"conservation_unit","distance_km":1.5},{"name":"Zona de Amortecimento — APA Pedra Branca (indicativa, 3 km)","kind":"buffer_zone","distance_km":0}],"has_overlap":true},"geometry":{"type":"Point","coordinates":[-46.45759855681473,-21.94874674577772]}},{"type":"Feature","properties":{"processo":"830461/2018","numero":830461,"ano":2018,"area_ha":50.88,"fase":"AUTORIZAÇÃO DE PESQUISA","nome":"FERTIMAX FERTILIZANTES ORGANICOS LTDA","subs":"TERRAS RARAS","uso":"Industrial","uf":"MG","category":"direct_ree","category_label":"Terras Raras (REE)","dsprocesso":"830.461/2018","overlaps":[{"name":"APA Santuário Ecológico da Pedra Branca","kind":"conservation_unit","distance_km":1.8},{"name":"Zona de Amortecimento — APA Pedra Branca (indicativa, 3 km)","kind":"buffer_zone","distance_km":0}],"has_overlap":true},"geometry":{"type":"Point","coordinates":[-46.483716648222156,-21.98449041388882]}},{"type":"Feature","properties":{"processo":"830482/1988","numero":830482,"ano":1988,"area_ha":972.56,"fase":"AUTORIZAÇÃO DE PESQUISA","nome":"JUVENAL ANTONIO DE MORAES","subs":"FONÓLITO","uso":"Demais substâncias","uf":"MG","category":"carbonatite_associated","category_label":"Fonólito (alkaline complex)","dsprocesso":"830.482/1988","overlaps":[{"name":"APA Santuário Ecológico da Pedra Branca","kind":"conservation_unit","distance_km":0},{"name":"Zona de Amortecimento — APA Pedra Branca (indicativa, 3 km)","kind":"buffer_zone","distance_km":0}],"has_overlap":true},"geometry":{"type":"Point","coordinates":[-46.45808356691297,-22.04625121004341]}},{"type":"Feature","properties":{"processo":"830545/2026","numero":830545,"ano":2026,"area_ha":1773.68,"fase":"AUTORIZAÇÃO DE PESQUISA","nome":"TH7 INVESTIMENTS LTDA","subs":"TERRAS RARAS","uso":"Industrial","uf":"MG","category":"direct_ree","category_label":"Terras Raras (REE)","dsprocesso":"830.545/2026"},"geometry":{"type":"Point","coordinates":[-46.50643178894729,-22.163517725263098]}},{"type":"Feature","properties":{"processo":"830546/2026","numero":830546,"ano":2026,"area_ha":1381.2,"fase":"AUTORIZAÇÃO DE PESQUISA","nome":"TH7 INVESTIMENTS LTDA","subs":"TERRAS RARAS","uso":"Industrial","uf":"MG","category":"direct_ree","category_label":"Terras Raras (REE)","dsprocesso":"830.546/2026"},"geometry":{"type":"Point","coordinates":[-46.561333999999945,-22.17239255599993]}},{"type":"Feature","properties":{"processo":"830615/1985","numero":830615,"ano":1985,"area_ha":712.03,"fase":"CONCESSÃO DE LAVRA","nome":"MINERACAO CALDENSE LTDA","subs":"FONÓLITO","uso":"Revestimento","uf":"MG","category":"carbonatite_associated","category_label":"Fonólito (alkaline complex)","dsprocesso":"830.615/1985"},"geometry":{"type":"Point","coordinates":[-46.602244140124924,-21.76791831006939]}},{"type":"Feature","properties":{"processo":"830652/2020","numero":830652,"ano":2020,"area_ha":1259.5,"fase":"AUTORIZAÇÃO DE PESQUISA","nome":"ENOVA BRASIL LTDA","subs":"APATITA","uso":"Fertilizantes","uf":"MG","category":"phosphate_associated","category_label":"Apatita (REE-bearing phosphate)","dsprocesso":"830.652/2020","overlaps":[{"name":"APA Santuário Ecológico da Pedra Branca","kind":"conservation_unit","distance_km":0},{"name":"Zona de Amortecimento — APA Pedra Branca (indicativa, 3 km)","kind":"buffer_zone","distance_km":0}],"has_overlap":true},"geometry":{"type":"Point","coordinates":[-46.44891573258816,-22.043729545999923]}},{"type":"Feature","properties":{"processo":"830730/2025","numero":830730,"ano":2025,"area_ha":100.59,"fase":"AUTORIZAÇÃO DE PESQUISA","nome":"ANOVA ELO MINERACAO LTDA","subs":"TERRAS RARAS","uso":"Industrial","uf":"MG","category":"direct_ree","category_label":"Terras Raras (REE)","dsprocesso":"830.730/2025"},"geometry":{"type":"Point","coordinates":[-46.283185845333264,-21.939130901666594]}},{"type":"Feature","properties":{"processo":"830732/2025","numero":830732,"ano":2025,"area_ha":1990.19,"fase":"AUTORIZAÇÃO DE PESQUISA","nome":"ANOVA ELO MINERACAO LTDA","subs":"TERRAS RARAS","uso":"Industrial","uf":"MG","category":"direct_ree","category_label":"Terras Raras (REE)","dsprocesso":"830.732/2025"},"geometry":{"type":"Point","coordinates":[-46.19801790125919,-21.848511728259197]}},{"type":"Feature","properties":{"processo":"830737/2025","numero":830737,"ano":2025,"area_ha":356.22,"fase":"AUTORIZAÇÃO DE PESQUISA","nome":"ANOVA ELO MINERACAO LTDA","subs":"TERRAS RARAS","uso":"Industrial","uf":"MG","category":"direct_ree","category_label":"Terras Raras (REE)","dsprocesso":"830.737/2025"},"geometry":{"type":"Point","coordinates":[-46.25348068780946,-21.96890648138088]}},{"type":"Feature","properties":{"processo":"830777/2024","numero":830777,"ano":2024,"area_ha":295.64,"fase":"AUTORIZAÇÃO DE PESQUISA","nome":"CROSS SECTION CONSULTORIA E PARTICIPAÇÕES LTDA","subs":"TERRAS RARAS","uso":"Industrial","uf":"MG","category":"direct_ree","category_label":"Terras Raras (REE)","dsprocesso":"830.777/2024"},"geometry":{"type":"Point","coordinates":[-46.074448896764636,-22.00435298670582]}},{"type":"Feature","properties":{"processo":"830778/2024","numero":830778,"ano":2024,"area_ha":1330.02,"fase":"AUTORIZAÇÃO DE PESQUISA","nome":"CROSSROADS PESQUISA MINERAL LTDA","subs":"TERRAS RARAS","uso":"Industrial","uf":"MG","category":"direct_ree","category_label":"Terras Raras (REE)","dsprocesso":"830.778/2024"},"geometry":{"type":"Point","coordinates":[-46.096743082166604,-22.07783935380548]}},{"type":"Feature","properties":{"processo":"830780/2024","numero":830780,"ano":2024,"area_ha":1892.66,"fase":"AUTORIZAÇÃO DE PESQUISA","nome":"CROSS SECTION CONSULTORIA E PARTICIPAÇÕES LTDA","subs":"TERRAS RARAS","uso":"Industrial","uf":"MG","category":"direct_ree","category_label":"Terras Raras (REE)","dsprocesso":"830.780/2024"},"geometry":{"type":"Point","coordinates":[-46.14497488077265,-22.085537389636297]}},{"type":"Feature","properties":{"processo":"830850/2024","numero":830850,"ano":2024,"area_ha":319.07,"fase":"AUTORIZAÇÃO DE PESQUISA","nome":"VIRIDIS MINERACAO LTDA","subs":"TERRAS RARAS","uso":"Industrial","uf":"MG","category":"direct_ree","category_label":"Terras Raras (REE)","dsprocesso":"830.850/2024","overlaps":[{"name":"Zona de Amortecimento — APA Pedra Branca (indicativa, 3 km)","kind":"buffer_zone","distance_km":0}],"has_overlap":true},"geometry":{"type":"Point","coordinates":[-46.48711889963628,-21.949048967030237]}},{"type":"Feature","properties":{"processo":"830850/2026","numero":830850,"ano":2026,"area_ha":70.71,"fase":"REQUERIMENTO DE PESQUISA","nome":"ELIORA PARTICIPACOES LTDA","subs":"TERRAS RARAS","uso":"Industrial","uf":"MG","category":"direct_ree","category_label":"Terras Raras (REE)","dsprocesso":"830.850/2026"},"geometry":{"type":"Point","coordinates":[-46.63458179568377,-21.772973437348305]}},{"type":"Feature","properties":{"processo":"830880/2023","numero":830880,"ano":2023,"area_ha":357.8,"fase":"REQUERIMENTO DE PESQUISA","nome":"AXEL REE LTDA","subs":"TERRAS RARAS","uso":"Industrial","uf":"MG","category":"direct_ree","category_label":"Terras Raras (REE)","dsprocesso":"830.880/2023"},"geometry":{"type":"Point","coordinates":[-46.657112460428486,-21.803139642857072]}},{"type":"Feature","properties":{"processo":"830881/2023","numero":830881,"ano":2023,"area_ha":32.34,"fase":"REQUERIMENTO DE PESQUISA","nome":"AXEL REE LTDA","subs":"TERRAS RARAS","uso":"Industrial","uf":"MG","category":"direct_ree","category_label":"Terras Raras (REE)","dsprocesso":"830.881/2023"},"geometry":{"type":"Point","coordinates":[-46.62701772727266,-21.824248965090842]}},{"type":"Feature","properties":{"processo":"830882/2023","numero":830882,"ano":2023,"area_ha":8.12,"fase":"AUTORIZAÇÃO DE PESQUISA","nome":"AXEL REE LTDA","subs":"TERRAS RARAS","uso":"Industrial","uf":"MG","category":"direct_ree","category_label":"Terras Raras (REE)","dsprocesso":"830.882/2023"},"geometry":{"type":"Point","coordinates":[-46.62569134976462,-21.826862032352874]}},{"type":"Feature","properties":{"processo":"830883/2023","numero":830883,"ano":2023,"area_ha":57.57,"fase":"REQUERIMENTO DE PESQUISA","nome":"AXEL REE LTDA","subs":"TERRAS RARAS","uso":"Industrial","uf":"MG","category":"direct_ree","category_label":"Terras Raras (REE)","dsprocesso":"830.883/2023"},"geometry":{"type":"Point","coordinates":[-46.618545055199924,-21.823805666599934]}},{"type":"Feature","properties":{"processo":"830884/2023","numero":830884,"ano":2023,"area_ha":24.43,"fase":"AUTORIZAÇÃO DE PESQUISA","nome":"AXEL REE LTDA","subs":"TERRAS RARAS","uso":"Industrial","uf":"MG","category":"direct_ree","category_label":"Terras Raras (REE)","dsprocesso":"830.884/2023"},"geometry":{"type":"Point","coordinates":[-46.613374516333245,-21.814019518833277]}},{"type":"Feature","properties":{"processo":"830885/2023","numero":830885,"ano":2023,"area_ha":695.36,"fase":"REQUERIMENTO DE PESQUISA","nome":"AXEL REE LTDA","subs":"TERRAS RARAS","uso":"Industrial","uf":"MG","category":"direct_ree","category_label":"Terras Raras (REE)","dsprocesso":"830.885/2023"},"geometry":{"type":"Point","coordinates":[-46.61322611099994,-21.846083055999934]}},{"type":"Feature","properties":{"processo":"830886/2023","numero":830886,"ano":2023,"area_ha":47.58,"fase":"AUTORIZAÇÃO DE PESQUISA","nome":"AXEL REE LTDA","subs":"TERRAS RARAS","uso":"Industrial","uf":"MG","category":"direct_ree","category_label":"Terras Raras (REE)","dsprocesso":"830.886/2023"},"geometry":{"type":"Point","coordinates":[-46.549088897902365,-21.77932893751212]}},{"type":"Feature","properties":{"processo":"830887/2023","numero":830887,"ano":2023,"area_ha":14.15,"fase":"AUTORIZAÇÃO DE PESQUISA","nome":"AXEL REE LTDA","subs":"TERRAS RARAS","uso":"Industrial","uf":"MG","category":"direct_ree","category_label":"Terras Raras (REE)","dsprocesso":"830.887/2023"},"geometry":{"type":"Point","coordinates":[-46.509076877666594,-21.827479149499926]}},{"type":"Feature","properties":{"processo":"830888/2023","numero":830888,"ano":2023,"area_ha":7.77,"fase":"AUTORIZAÇÃO DE PESQUISA","nome":"AXEL REE LTDA","subs":"TERRAS RARAS","uso":"Industrial","uf":"MG","category":"direct_ree","category_label":"Terras Raras (REE)","dsprocesso":"830.888/2023"},"geometry":{"type":"Point","coordinates":[-46.55592087442851,-21.870251984714212]}},{"type":"Feature","properties":{"processo":"830889/2023","numero":830889,"ano":2023,"area_ha":32.88,"fase":"AUTORIZAÇÃO DE PESQUISA","nome":"AXEL REE LTDA","subs":"TERRAS RARAS","uso":"Industrial","uf":"MG","category":"direct_ree","category_label":"Terras Raras (REE)","dsprocesso":"830.889/2023"},"geometry":{"type":"Point","coordinates":[-46.48870433320185,-21.870256607201856]}},{"type":"Feature","properties":{"processo":"830890/2023","numero":830890,"ano":2023,"area_ha":363.73,"fase":"AUTORIZAÇÃO DE PESQUISA","nome":"AXEL REE LTDA","subs":"TERRAS RARAS","uso":"Industrial","uf":"MG","category":"direct_ree","category_label":"Terras Raras (REE)","dsprocesso":"830.890/2023"},"geometry":{"type":"Point","coordinates":[-46.509677149105194,-21.944706972789405]}},{"type":"Feature","properties":{"processo":"830891/2023","numero":830891,"ano":2023,"area_ha":5.63,"fase":"AUTORIZAÇÃO DE PESQUISA","nome":"AXEL REE LTDA","subs":"TERRAS RARAS","uso":"Industrial","uf":"MG","category":"direct_ree","category_label":"Terras Raras (REE)","dsprocesso":"830.891/2023"},"geometry":{"type":"Point","coordinates":[-46.56932159511105,-21.94688195233328]}},{"type":"Feature","properties":{"processo":"830892/2023","numero":830892,"ano":2023,"area_ha":21.51,"fase":"AUTORIZAÇÃO DE PESQUISA","nome":"FOXFIRE METALS LTDA","subs":"TERRAS RARAS","uso":"Industrial","uf":"MG","category":"direct_ree","category_label":"Terras Raras (REE)","dsprocesso":"830.892/2023"},"geometry":{"type":"Point","coordinates":[-46.545804947199926,-21.995759087533273]}},{"type":"Feature","properties":{"processo":"830893/2023","numero":830893,"ano":2023,"area_ha":24.65,"fase":"AUTORIZAÇÃO DE PESQUISA","nome":"AXEL REE LTDA","subs":"TERRAS RARAS","uso":"Industrial","uf":"MG","category":"direct_ree","category_label":"Terras Raras (REE)","dsprocesso":"830.893/2023"},"geometry":{"type":"Point","coordinates":[-46.61507626736835,-22.012810428578877]}},{"type":"Feature","properties":{"processo":"830895/2023","numero":830895,"ano":2023,"area_ha":67.4,"fase":"AUTORIZAÇÃO DE PESQUISA","nome":"AXEL REE LTDA","subs":"TERRAS RARAS","uso":"Industrial","uf":"MG","category":"direct_ree","category_label":"Terras Raras (REE)","dsprocesso":"830.895/2023"},"geometry":{"type":"Point","coordinates":[-46.633252069444374,-22.01896643388883]}},{"type":"Feature","properties":{"processo":"830912/2024","numero":830912,"ano":2024,"area_ha":33.9,"fase":"AUTORIZAÇÃO DE PESQUISA","nome":"VIRIDIS MINERACAO LTDA","subs":"TERRAS RARAS","uso":"Industrial","uf":"MG","category":"direct_ree","category_label":"Terras Raras (REE)","dsprocesso":"830.912/2024"},"geometry":{"type":"Point","coordinates":[-46.631145904857085,-21.766610290714205]}},{"type":"Feature","properties":{"processo":"830927/2023","numero":830927,"ano":2023,"area_ha":16.08,"fase":"AUTORIZAÇÃO DE PESQUISA","nome":"FIDES ENERGY METALS LTDA","subs":"FONÓLITO","uso":"Industrial","uf":"MG","category":"carbonatite_associated","category_label":"Fonólito (alkaline complex)","dsprocesso":"830.927/2023"},"geometry":{"type":"Point","coordinates":[-46.60723647638454,-21.838875721538404]}},{"type":"Feature","properties":{"processo":"830928/2023","numero":830928,"ano":2023,"area_ha":13.13,"fase":"AUTORIZAÇÃO DE PESQUISA","nome":"FIDES ENERGY METALS LTDA","subs":"FONÓLITO","uso":"Industrial","uf":"MG","category":"carbonatite_associated","category_label":"Fonólito (alkaline complex)","dsprocesso":"830.928/2023"},"geometry":{"type":"Point","coordinates":[-46.60367772137493,-21.84232819974993]}},{"type":"Feature","properties":{"processo":"830940/2024","numero":830940,"ano":2024,"area_ha":40.23,"fase":"AUTORIZAÇÃO DE PESQUISA","nome":"RTB GEOLOGIA E MINERACAO LTDA.","subs":"TERRAS RARAS","uso":"Industrial","uf":"MG","category":"direct_ree","category_label":"Terras Raras (REE)","dsprocesso":"830.940/2024"},"geometry":{"type":"Point","coordinates":[-46.634495773385645,-21.825291790442794]}},{"type":"Feature","properties":{"processo":"831026/2024","numero":831026,"ano":2024,"area_ha":22.81,"fase":"AUTORIZAÇÃO DE PESQUISA","nome":"VIRIDIS MINERACAO LTDA","subs":"TERRAS RARAS","uso":"Industrial","uf":"MG","category":"direct_ree","category_label":"Terras Raras (REE)","dsprocesso":"831.026/2024"},"geometry":{"type":"Point","coordinates":[-46.49518265908565,-21.897065061057077]}},{"type":"Feature","properties":{"processo":"831028/2024","numero":831028,"ano":2024,"area_ha":20.63,"fase":"AUTORIZAÇÃO DE PESQUISA","nome":"VIRIDIS MINERACAO LTDA","subs":"TERRAS RARAS","uso":"Industrial","uf":"MG","category":"direct_ree","category_label":"Terras Raras (REE)","dsprocesso":"831.028/2024","overlaps":[{"name":"Zona de Amortecimento — APA Pedra Branca (indicativa, 3 km)","kind":"buffer_zone","distance_km":1}],"has_overlap":true},"geometry":{"type":"Point","coordinates":[-46.483109500812425,-21.937763870874925]}},{"type":"Feature","properties":{"processo":"831084/2023","numero":831084,"ano":2023,"area_ha":1950.77,"fase":"AUTORIZAÇÃO DE PESQUISA","nome":"AXEL REE LTDA","subs":"MINÉRIO DE LÍTIO","uso":"Industrial","uf":"MG","category":"pegmatite_associated","category_label":"Minério de Lítio (pegmatite, REE assoc.)","dsprocesso":"831.084/2023"},"geometry":{"type":"Point","coordinates":[-46.66555905599995,-22.01287616699993]}},{"type":"Feature","properties":{"processo":"831086/2023","numero":831086,"ano":2023,"area_ha":1886.07,"fase":"AUTORIZAÇÃO DE PESQUISA","nome":"AXEL REE LTDA","subs":"MINÉRIO DE LÍTIO","uso":"Industrial","uf":"MG","category":"pegmatite_associated","category_label":"Minério de Lítio (pegmatite, REE assoc.)","dsprocesso":"831.086/2023"},"geometry":{"type":"Point","coordinates":[-46.72486923247052,-22.04697181405876]}},{"type":"Feature","properties":{"processo":"831087/2023","numero":831087,"ano":2023,"area_ha":1998.07,"fase":"AUTORIZAÇÃO DE PESQUISA","nome":"AXEL REE LTDA","subs":"MINÉRIO DE LÍTIO","uso":"Industrial","uf":"MG","category":"pegmatite_associated","category_label":"Minério de Lítio (pegmatite, REE assoc.)","dsprocesso":"831.087/2023"},"geometry":{"type":"Point","coordinates":[-46.69532638933326,-22.08838638922216]}},{"type":"Feature","properties":{"processo":"831088/2023","numero":831088,"ano":2023,"area_ha":1956.82,"fase":"AUTORIZAÇÃO DE PESQUISA","nome":"AXEL REE LTDA","subs":"MINÉRIO DE LÍTIO","uso":"Industrial","uf":"MG","category":"pegmatite_associated","category_label":"Minério de Lítio (pegmatite, REE assoc.)","dsprocesso":"831.088/2023"},"geometry":{"type":"Point","coordinates":[-46.648189630055484,-22.077748688611067]}},{"type":"Feature","properties":{"processo":"831089/2023","numero":831089,"ano":2023,"area_ha":1983.83,"fase":"AUTORIZAÇÃO DE PESQUISA","nome":"AXEL REE LTDA","subs":"MINÉRIO DE LÍTIO","uso":"Industrial","uf":"MG","category":"pegmatite_associated","category_label":"Minério de Lítio (pegmatite, REE assoc.)","dsprocesso":"831.089/2023"},"geometry":{"type":"Point","coordinates":[-46.604382743499926,-22.066294791999923]}},{"type":"Feature","properties":{"processo":"831090/2023","numero":831090,"ano":2023,"area_ha":1333.64,"fase":"AUTORIZAÇÃO DE PESQUISA","nome":"AXEL REE LTDA","subs":"MINÉRIO DE LÍTIO","uso":"Industrial","uf":"MG","category":"pegmatite_associated","category_label":"Minério de Lítio (pegmatite, REE assoc.)","dsprocesso":"831.090/2023"},"geometry":{"type":"Point","coordinates":[-46.55661927221613,-22.07063389672966]}},{"type":"Feature","properties":{"processo":"831091/2023","numero":831091,"ano":2023,"area_ha":1031.7,"fase":"AUTORIZAÇÃO DE PESQUISA","nome":"FOXFIRE METALS LTDA","subs":"MINÉRIO DE LÍTIO","uso":"Industrial","uf":"MG","category":"pegmatite_associated","category_label":"Minério de Lítio (pegmatite, REE assoc.)","dsprocesso":"831.091/2023"},"geometry":{"type":"Point","coordinates":[-46.516865555999935,-22.079591098818103]}},{"type":"Feature","properties":{"processo":"831092/2023","numero":831092,"ano":2023,"area_ha":1085.01,"fase":"AUTORIZAÇÃO DE PESQUISA","nome":"AXEL REE LTDA","subs":"TERRAS RARAS","uso":"Industrial","uf":"MG","category":"direct_ree","category_label":"Terras Raras (REE)","dsprocesso":"831.092/2023","overlaps":[{"name":"Aldeia Ibiramã Kiriri — Rio Verde","kind":"ti","distance_km":0},{"name":"APA Santuário Ecológico da Pedra Branca","kind":"conservation_unit","distance_km":0},{"name":"Zona de Amortecimento — APA Pedra Branca (indicativa, 3 km)","kind":"buffer_zone","distance_km":0}],"has_overlap":true},"geometry":{"type":"Point","coordinates":[-46.391251990786046,-21.915951853144428]}},{"type":"Feature","properties":{"processo":"831144/2024","numero":831144,"ano":2024,"area_ha":7.17,"fase":"REQUERIMENTO DE PESQUISA","nome":"VIRIDIS MINERACAO LTDA","subs":"TERRAS RARAS","uso":"Industrial","uf":"MG","category":"direct_ree","category_label":"Terras Raras (REE)","dsprocesso":"831.144/2024"},"geometry":{"type":"Point","coordinates":[-46.53233112279585,-21.822016306959103]}},{"type":"Feature","properties":{"processo":"831230/2024","numero":831230,"ano":2024,"area_ha":7.29,"fase":"AUTORIZAÇÃO DE PESQUISA","nome":"MINERACAO BARUEL LTDA","subs":"TERRAS RARAS","uso":"Industrial","uf":"MG","category":"direct_ree","category_label":"Terras Raras (REE)","dsprocesso":"831.230/2024","overlaps":[{"name":"Zona de Amortecimento — APA Pedra Branca (indicativa, 3 km)","kind":"buffer_zone","distance_km":1.9}],"has_overlap":true},"geometry":{"type":"Point","coordinates":[-46.49135399999991,-21.934986342799938]}},{"type":"Feature","properties":{"processo":"831231/2024","numero":831231,"ano":2024,"area_ha":21.52,"fase":"AUTORIZAÇÃO DE PESQUISA","nome":"MINERACAO BARUEL LTDA","subs":"TERRAS RARAS","uso":"Industrial","uf":"MG","category":"direct_ree","category_label":"Terras Raras (REE)","dsprocesso":"831.231/2024"},"geometry":{"type":"Point","coordinates":[-46.54231572316659,-21.89925815112493]}},{"type":"Feature","properties":{"processo":"831238/2024","numero":831238,"ano":2024,"area_ha":541.78,"fase":"AUTORIZAÇÃO DE PESQUISA","nome":"CROSSROADS PESQUISA MINERAL LTDA","subs":"TERRAS RARAS","uso":"Industrial","uf":"MG","category":"direct_ree","category_label":"Terras Raras (REE)","dsprocesso":"831.238/2024"},"geometry":{"type":"Point","coordinates":[-46.12930011099993,-22.042046932599934]}},{"type":"Feature","properties":{"processo":"831258/2024","numero":831258,"ano":2024,"area_ha":85.59,"fase":"AUTORIZAÇÃO DE PESQUISA","nome":"BORBOREMA RECURSOS MINERAIS LTDA","subs":"TERRAS RARAS","uso":"Industrial","uf":"MG","category":"direct_ree","category_label":"Terras Raras (REE)","dsprocesso":"831.258/2024"},"geometry":{"type":"Point","coordinates":[-46.095058759222155,-22.000942823888806]}},{"type":"Feature","properties":{"processo":"831259/2024","numero":831259,"ano":2024,"area_ha":129.74,"fase":"AUTORIZAÇÃO DE PESQUISA","nome":"BORBOREMA RECURSOS MINERAIS LTDA","subs":"TERRAS RARAS","uso":"Industrial","uf":"MG","category":"direct_ree","category_label":"Terras Raras (REE)","dsprocesso":"831.259/2024"},"geometry":{"type":"Point","coordinates":[-46.08390956049993,-22.03007545924993]}},{"type":"Feature","properties":{"processo":"831260/2024","numero":831260,"ano":2024,"area_ha":181.47,"fase":"AUTORIZAÇÃO DE PESQUISA","nome":"BORBOREMA RECURSOS MINERAIS LTDA","subs":"TERRAS RARAS","uso":"Industrial","uf":"MG","category":"direct_ree","category_label":"Terras Raras (REE)","dsprocesso":"831.260/2024"},"geometry":{"type":"Point","coordinates":[-46.147765782999926,-22.042860206999933]}},{"type":"Feature","properties":{"processo":"831370/2024","numero":831370,"ano":2024,"area_ha":181.12,"fase":"AUTORIZAÇÃO DE PESQUISA","nome":"CROSSROADS PESQUISA MINERAL LTDA","subs":"TERRAS RARAS","uso":"Industrial","uf":"MG","category":"direct_ree","category_label":"Terras Raras (REE)","dsprocesso":"831.370/2024"},"geometry":{"type":"Point","coordinates":[-46.09325694399992,-22.048274333199924]}},{"type":"Feature","properties":{"processo":"831372/2024","numero":831372,"ano":2024,"area_ha":458.62,"fase":"AUTORIZAÇÃO DE PESQUISA","nome":"CROSS SECTION CONSULTORIA E PARTICIPAÇÕES LTDA","subs":"TERRAS RARAS","uso":"Industrial","uf":"MG","category":"direct_ree","category_label":"Terras Raras (REE)","dsprocesso":"831.372/2024"},"geometry":{"type":"Point","coordinates":[-46.08025450537493,-22.043878608249933]}},{"type":"Feature","properties":{"processo":"831393/2024","numero":831393,"ano":2024,"area_ha":1.34,"fase":"AUTORIZAÇÃO DE PESQUISA","nome":"AR AEROLEVANTAMENTO LTDA","subs":"TERRAS RARAS","uso":"Industrial","uf":"MG","category":"direct_ree","category_label":"Terras Raras (REE)","dsprocesso":"831.393/2024"},"geometry":{"type":"Point","coordinates":[-46.27534287139993,-22.060396389299928]}},{"type":"Feature","properties":{"processo":"831411/2025","numero":831411,"ano":2025,"area_ha":993.63,"fase":"AUTORIZAÇÃO DE PESQUISA","nome":"GESTAO DE ATIVOS BRASIL ADMINISTRADORA DE BENS LTDA","subs":"TERRAS RARAS","uso":"Industrial","uf":"MG","category":"direct_ree","category_label":"Terras Raras (REE)","dsprocesso":"831.411/2025"},"geometry":{"type":"Point","coordinates":[-46.38310050499992,-21.78147179303023]}},{"type":"Feature","properties":{"processo":"831696/2024","numero":831696,"ano":2024,"area_ha":1.31,"fase":"AUTORIZAÇÃO DE PESQUISA","nome":"VIRIDIS MINERACAO LTDA","subs":"TERRAS RARAS","uso":"Industrial","uf":"MG","category":"direct_ree","category_label":"Terras Raras (REE)","dsprocesso":"831.696/2024","overlaps":[{"name":"Zona de Amortecimento — APA Pedra Branca (indicativa, 3 km)","kind":"buffer_zone","distance_km":0}],"has_overlap":true},"geometry":{"type":"Point","coordinates":[-46.47530986222215,-21.949181355555496]}},{"type":"Feature","properties":{"processo":"831856/1993","numero":831856,"ano":1993,"area_ha":184.87,"fase":"REQUERIMENTO DE LAVRA","nome":"MINERACAO CALDENSE LTDA","subs":"TINGUAÍTO","uso":"Brita","uf":"MG","category":"carbonatite_associated","category_label":"Tinguaito (alkaline complex)","dsprocesso":"831.856/1993"},"geometry":{"type":"Point","coordinates":[-46.428117000944376,-21.84313412983327]}},{"type":"Feature","properties":{"processo":"831866/1999","numero":831866,"ano":1999,"area_ha":17.35,"fase":"LICENCIAMENTO","nome":"MINERACAO CALDENSE LTDA","subs":"TINGUAÍTO","uso":"Brita","uf":"MG","category":"carbonatite_associated","category_label":"Tinguaito (alkaline complex)","dsprocesso":"831.866/1999"},"geometry":{"type":"Point","coordinates":[-46.48786268575501,-21.854754532265243]}},{"type":"Feature","properties":{"processo":"832149/2022","numero":832149,"ano":2022,"area_ha":12.1,"fase":"AUTORIZAÇÃO DE PESQUISA","nome":"GREEN MINING COMPANY LTDA","subs":"ILMENITA","uso":"Industrial","uf":"MG","category":"heavy_mineral_associated","category_label":"Ilmenita (heavy mineral sand, REE assoc.)","dsprocesso":"832.149/2022"},"geometry":{"type":"Point","coordinates":[-46.662764738166594,-21.861208147499926]}},{"type":"Feature","properties":{"processo":"832150/2022","numero":832150,"ano":2022,"area_ha":61.12,"fase":"AUTORIZAÇÃO DE PESQUISA","nome":"GREEN MINING COMPANY LTDA","subs":"ILMENITA","uso":"Industrial","uf":"MG","category":"heavy_mineral_associated","category_label":"Ilmenita (heavy mineral sand, REE assoc.)","dsprocesso":"832.150/2022"},"geometry":{"type":"Point","coordinates":[-46.557657130266605,-21.9088472154666]}},{"type":"Feature","properties":{"processo":"832174/2023","numero":832174,"ano":2023,"area_ha":27.6,"fase":"AUTORIZAÇÃO DE PESQUISA","nome":"ENOVA BRASIL LTDA","subs":"TERRAS RARAS","uso":"Industrial","uf":"MG","category":"direct_ree","category_label":"Terras Raras (REE)","dsprocesso":"832.174/2023","overlaps":[{"name":"APA Santuário Ecológico da Pedra Branca","kind":"conservation_unit","distance_km":0},{"name":"Zona de Amortecimento — APA Pedra Branca (indicativa, 3 km)","kind":"buffer_zone","distance_km":0}],"has_overlap":true},"geometry":{"type":"Point","coordinates":[-46.431694497257986,-21.940660877064452]}},{"type":"Feature","properties":{"processo":"832175/2023","numero":832175,"ano":2023,"area_ha":37.22,"fase":"AUTORIZAÇÃO DE PESQUISA","nome":"ENOVA BRASIL LTDA","subs":"TERRAS RARAS","uso":"Industrial","uf":"MG","category":"direct_ree","category_label":"Terras Raras (REE)","dsprocesso":"832.175/2023","overlaps":[{"name":"APA Santuário Ecológico da Pedra Branca","kind":"conservation_unit","distance_km":0},{"name":"Zona de Amortecimento — APA Pedra Branca (indicativa, 3 km)","kind":"buffer_zone","distance_km":0}],"has_overlap":true},"geometry":{"type":"Point","coordinates":[-46.41644134828565,-21.9457538331428]}},{"type":"Feature","properties":{"processo":"832177/2023","numero":832177,"ano":2023,"area_ha":36.34,"fase":"AUTORIZAÇÃO DE PESQUISA","nome":"ENOVA BRASIL LTDA","subs":"TERRAS RARAS","uso":"Industrial","uf":"MG","category":"direct_ree","category_label":"Terras Raras (REE)","dsprocesso":"832.177/2023","overlaps":[{"name":"APA Santuário Ecológico da Pedra Branca","kind":"conservation_unit","distance_km":0},{"name":"Zona de Amortecimento — APA Pedra Branca (indicativa, 3 km)","kind":"buffer_zone","distance_km":0}],"has_overlap":true},"geometry":{"type":"Point","coordinates":[-46.40834373880945,-21.996401917999936]}},{"type":"Feature","properties":{"processo":"832179/2023","numero":832179,"ano":2023,"area_ha":21.49,"fase":"AUTORIZAÇÃO DE PESQUISA","nome":"ENOVA BRASIL LTDA","subs":"TERRAS RARAS","uso":"Industrial","uf":"MG","category":"direct_ree","category_label":"Terras Raras (REE)","dsprocesso":"832.179/2023"},"geometry":{"type":"Point","coordinates":[-46.528903957333256,-21.984991356277707]}},{"type":"Feature","properties":{"processo":"832212/1997","numero":832212,"ano":1997,"area_ha":33.46,"fase":"CONCESSÃO DE LAVRA","nome":"PORTO HORIZONTE LTDA","subs":"TINGUAÍTO","uso":"Demais substâncias","uf":"MG","category":"carbonatite_associated","category_label":"Tinguaito (alkaline complex)","dsprocesso":"832.212/1997"},"geometry":{"type":"Point","coordinates":[-46.5798722946666,-22.04234550711104]}},{"type":"Feature","properties":{"processo":"832339/2024","numero":832339,"ano":2024,"area_ha":1.86,"fase":"AUTORIZAÇÃO DE PESQUISA","nome":"METEORIC CALDEIRA MINERACAO LTDA.","subs":"TERRAS RARAS","uso":"Industrial","uf":"MG","category":"direct_ree","category_label":"Terras Raras (REE)","dsprocesso":"832.339/2024"},"geometry":{"type":"Point","coordinates":[-46.614109954888825,-21.958716977777712]}},{"type":"Feature","properties":{"processo":"832340/2024","numero":832340,"ano":2024,"area_ha":1.96,"fase":"AUTORIZAÇÃO DE PESQUISA","nome":"METEORIC CALDEIRA MINERACAO LTDA.","subs":"TERRAS RARAS","uso":"Industrial","uf":"MG","category":"direct_ree","category_label":"Terras Raras (REE)","dsprocesso":"832.340/2024"},"geometry":{"type":"Point","coordinates":[-46.572930226333256,-21.95349997766661]}},{"type":"Feature","properties":{"processo":"832341/2024","numero":832341,"ano":2024,"area_ha":3.51,"fase":"AUTORIZAÇÃO DE PESQUISA","nome":"METEORIC CALDEIRA MINERACAO LTDA.","subs":"TERRAS RARAS","uso":"Industrial","uf":"MG","category":"direct_ree","category_label":"Terras Raras (REE)","dsprocesso":"832.341/2024"},"geometry":{"type":"Point","coordinates":[-46.57431153157136,-21.958938758285644]}},{"type":"Feature","properties":{"processo":"832342/2024","numero":832342,"ano":2024,"area_ha":3.84,"fase":"AUTORIZAÇÃO DE PESQUISA","nome":"METEORIC CALDEIRA MINERACAO LTDA.","subs":"TERRAS RARAS","uso":"Industrial","uf":"MG","category":"direct_ree","category_label":"Terras Raras (REE)","dsprocesso":"832.342/2024"},"geometry":{"type":"Point","coordinates":[-46.54256801379994,-21.938567342399928]}},{"type":"Feature","properties":{"processo":"832343/2024","numero":832343,"ano":2024,"area_ha":2.55,"fase":"AUTORIZAÇÃO DE PESQUISA","nome":"METEORIC CALDEIRA MINERACAO LTDA.","subs":"TERRAS RARAS","uso":"Industrial","uf":"MG","category":"direct_ree","category_label":"Terras Raras (REE)","dsprocesso":"832.343/2024"},"geometry":{"type":"Point","coordinates":[-46.552710399874925,-21.922086031499916]}},{"type":"Feature","properties":{"processo":"832344/2024","numero":832344,"ano":2024,"area_ha":3.79,"fase":"REQUERIMENTO DE PESQUISA","nome":"METEORIC CALDEIRA MINERACAO LTDA.","subs":"TERRAS RARAS","uso":"Industrial","uf":"MG","category":"direct_ree","category_label":"Terras Raras (REE)","dsprocesso":"832.344/2024"},"geometry":{"type":"Point","coordinates":[-46.585785814499914,-21.92682683128565]}},{"type":"Feature","properties":{"processo":"832346/2024","numero":832346,"ano":2024,"area_ha":3.68,"fase":"AUTORIZAÇÃO DE PESQUISA","nome":"METEORIC CALDEIRA MINERACAO LTDA.","subs":"TERRAS RARAS","uso":"Industrial","uf":"MG","category":"direct_ree","category_label":"Terras Raras (REE)","dsprocesso":"832.346/2024"},"geometry":{"type":"Point","coordinates":[-46.555320446333276,-21.88103051099993]}},{"type":"Feature","properties":{"processo":"832349/2023","numero":832349,"ano":2023,"area_ha":1735.23,"fase":"AUTORIZAÇÃO DE PESQUISA","nome":"IRMAOS MARTINS SERVICOS E COMERCIO LTDA","subs":"TERRAS RARAS","uso":"Industrial","uf":"MG","category":"direct_ree","category_label":"Terras Raras (REE)","dsprocesso":"832.349/2023","overlaps":[{"name":"Aldeia Ibiramã Kiriri — Rio Verde","kind":"ti","distance_km":0},{"name":"APA Santuário Ecológico da Pedra Branca","kind":"conservation_unit","distance_km":0},{"name":"Zona de Amortecimento — APA Pedra Branca (indicativa, 3 km)","kind":"buffer_zone","distance_km":0}],"has_overlap":true},"geometry":{"type":"Point","coordinates":[-46.35413612578942,-21.902440935684144]}},{"type":"Feature","properties":{"processo":"832350/2023","numero":832350,"ano":2023,"area_ha":72.74,"fase":"AUTORIZAÇÃO DE PESQUISA","nome":"VIRIDIS MINERACAO LTDA","subs":"TERRAS RARAS","uso":"Industrial","uf":"MG","category":"direct_ree","category_label":"Terras Raras (REE)","dsprocesso":"832.350/2023"},"geometry":{"type":"Point","coordinates":[-46.50958764274995,-21.95567998073604]}},{"type":"Feature","properties":{"processo":"832351/2023","numero":832351,"ano":2023,"area_ha":75.61,"fase":"AUTORIZAÇÃO DE PESQUISA","nome":"VIRIDIS MINERACAO LTDA","subs":"TERRAS RARAS","uso":"Industrial","uf":"MG","category":"direct_ree","category_label":"Terras Raras (REE)","dsprocesso":"832.351/2023","overlaps":[{"name":"Zona de Amortecimento — APA Pedra Branca (indicativa, 3 km)","kind":"buffer_zone","distance_km":0}],"has_overlap":true},"geometry":{"type":"Point","coordinates":[-46.4908377922777,-21.969347403055487]}},{"type":"Feature","properties":{"processo":"832359/2023","numero":832359,"ano":2023,"area_ha":16.07,"fase":"AUTORIZAÇÃO DE PESQUISA","nome":"VIRIDIS MINERACAO LTDA","subs":"TERRAS RARAS","uso":"Industrial","uf":"MG","category":"direct_ree","category_label":"Terras Raras (REE)","dsprocesso":"832.359/2023"},"geometry":{"type":"Point","coordinates":[-46.54641742424238,-21.98730439393933]}},{"type":"Feature","properties":{"processo":"832360/2023","numero":832360,"ano":2023,"area_ha":12.21,"fase":"AUTORIZAÇÃO DE PESQUISA","nome":"VIRIDIS MINERACAO LTDA","subs":"TERRAS RARAS","uso":"Industrial","uf":"MG","category":"direct_ree","category_label":"Terras Raras (REE)","dsprocesso":"832.360/2023","overlaps":[{"name":"Zona de Amortecimento — APA Pedra Branca (indicativa, 3 km)","kind":"buffer_zone","distance_km":0.8}],"has_overlap":true},"geometry":{"type":"Point","coordinates":[-46.453098137352875,-21.862173921588166]}},{"type":"Feature","properties":{"processo":"832364/2023","numero":832364,"ano":2023,"area_ha":7.7,"fase":"AUTORIZAÇÃO DE PESQUISA","nome":"VIRIDIS MINERACAO LTDA","subs":"TERRAS RARAS","uso":"Industrial","uf":"MG","category":"direct_ree","category_label":"Terras Raras (REE)","dsprocesso":"832.364/2023"},"geometry":{"type":"Point","coordinates":[-46.61451247392933,-21.909990058764635]}},{"type":"Feature","properties":{"processo":"832369/2023","numero":832369,"ano":2023,"area_ha":88.13,"fase":"AUTORIZAÇÃO DE PESQUISA","nome":"IRMAOS MARTINS SERVICOS E COMERCIO LTDA","subs":"TERRAS RARAS","uso":"Industrial","uf":"MG","category":"direct_ree","category_label":"Terras Raras (REE)","dsprocesso":"832.369/2023","overlaps":[{"name":"Quilombo da Favela (Chapéu Preto)","kind":"quilombo","distance_km":1.7}],"has_overlap":true},"geometry":{"type":"Point","coordinates":[-46.46368507763991,-21.72273387775993]}},{"type":"Feature","properties":{"processo":"832375/2023","numero":832375,"ano":2023,"area_ha":1489.08,"fase":"AUTORIZAÇÃO DE PESQUISA","nome":"IRMAOS MARTINS SERVICOS E COMERCIO LTDA","subs":"TERRAS RARAS","uso":"Industrial","uf":"MG","category":"direct_ree","category_label":"Terras Raras (REE)","dsprocesso":"832.375/2023"},"geometry":{"type":"Point","coordinates":[-46.2646915789473,-21.926734415157828]}},{"type":"Feature","properties":{"processo":"832376/2023","numero":832376,"ano":2023,"area_ha":148.99,"fase":"AUTORIZAÇÃO DE PESQUISA","nome":"I.R.S Minerals Extração de Minerais EIRELI","subs":"TERRAS RARAS","uso":"Industrial","uf":"MG","category":"direct_ree","category_label":"Terras Raras (REE)","dsprocesso":"832.376/2023"},"geometry":{"type":"Point","coordinates":[-46.41093574088883,-21.831272376555496]}},{"type":"Feature","properties":{"processo":"832377/2023","numero":832377,"ano":2023,"area_ha":107.95,"fase":"AUTORIZAÇÃO DE PESQUISA","nome":"I.R.S Minerals Extração de Minerais EIRELI","subs":"TERRAS RARAS","uso":"Industrial","uf":"MG","category":"direct_ree","category_label":"Terras Raras (REE)","dsprocesso":"832.377/2023","overlaps":[{"name":"Aldeia Xucuru Kariri — Fazenda Boa Vista","kind":"ti","distance_km":1}],"has_overlap":true},"geometry":{"type":"Point","coordinates":[-46.369961562499945,-21.84054361099993]}},{"type":"Feature","properties":{"processo":"832378/2023","numero":832378,"ano":2023,"area_ha":70.9,"fase":"AUTORIZAÇÃO DE PESQUISA","nome":"RCO MINERACAO LTDA","subs":"TERRAS RARAS","uso":"Industrial","uf":"MG","category":"direct_ree","category_label":"Terras Raras (REE)","dsprocesso":"832.378/2023"},"geometry":{"type":"Point","coordinates":[-46.548705087951156,-21.810388177512127]}},{"type":"Feature","properties":{"processo":"832379/2023","numero":832379,"ano":2023,"area_ha":3.66,"fase":"AUTORIZAÇÃO DE PESQUISA","nome":"RCO MINERACAO LTDA","subs":"TERRAS RARAS","uso":"Industrial","uf":"MG","category":"direct_ree","category_label":"Terras Raras (REE)","dsprocesso":"832.379/2023"},"geometry":{"type":"Point","coordinates":[-46.53307822653839,-21.80757378230762]}},{"type":"Feature","properties":{"processo":"832380/2023","numero":832380,"ano":2023,"area_ha":38.06,"fase":"AUTORIZAÇÃO DE PESQUISA","nome":"RCO MINERACAO LTDA","subs":"TERRAS RARAS","uso":"Industrial","uf":"MG","category":"direct_ree","category_label":"Terras Raras (REE)","dsprocesso":"832.380/2023"},"geometry":{"type":"Point","coordinates":[-46.53157885788883,-21.817925370444357]}},{"type":"Feature","properties":{"processo":"832409/2023","numero":832409,"ano":2023,"area_ha":900.82,"fase":"AUTORIZAÇÃO DE PESQUISA","nome":"IRMAOS MARTINS SERVICOS E COMERCIO LTDA","subs":"TERRAS RARAS","uso":"Industrial","uf":"MG","category":"direct_ree","category_label":"Terras Raras (REE)","dsprocesso":"832.409/2023","overlaps":[{"name":"APA Santuário Ecológico da Pedra Branca","kind":"conservation_unit","distance_km":0},{"name":"Zona de Amortecimento — APA Pedra Branca (indicativa, 3 km)","kind":"buffer_zone","distance_km":0}],"has_overlap":true},"geometry":{"type":"Point","coordinates":[-46.32922357633325,-21.970702970694372]}},{"type":"Feature","properties":{"processo":"832427/2023","numero":832427,"ano":2023,"area_ha":10.79,"fase":"AUTORIZAÇÃO DE PESQUISA","nome":"VIRIDIS MINERACAO LTDA","subs":"TERRAS RARAS","uso":"Industrial","uf":"MG","category":"direct_ree","category_label":"Terras Raras (REE)","dsprocesso":"832.427/2023"},"geometry":{"type":"Point","coordinates":[-46.58339388857136,-21.976952976142798]}},{"type":"Feature","properties":{"processo":"832428/2023","numero":832428,"ano":2023,"area_ha":30.18,"fase":"AUTORIZAÇÃO DE PESQUISA","nome":"VIRIDIS MINERACAO LTDA","subs":"TERRAS RARAS","uso":"Industrial","uf":"MG","category":"direct_ree","category_label":"Terras Raras (REE)","dsprocesso":"832.428/2023"},"geometry":{"type":"Point","coordinates":[-46.56893061106659,-21.959660253066602]}},{"type":"Feature","properties":{"processo":"832429/2023","numero":832429,"ano":2023,"area_ha":20.32,"fase":"AUTORIZAÇÃO DE PESQUISA","nome":"VIRIDIS MINERACAO LTDA","subs":"TERRAS RARAS","uso":"Industrial","uf":"MG","category":"direct_ree","category_label":"Terras Raras (REE)","dsprocesso":"832.429/2023","overlaps":[{"name":"Zona de Amortecimento — APA Pedra Branca (indicativa, 3 km)","kind":"buffer_zone","distance_km":0}],"has_overlap":true},"geometry":{"type":"Point","coordinates":[-46.473810502618974,-21.95852904771421]}},{"type":"Feature","properties":{"processo":"832491/2024","numero":832491,"ano":2024,"area_ha":106.45,"fase":"AUTORIZAÇÃO DE PESQUISA","nome":"VIRIDIS MINERACAO LTDA","subs":"TERRAS RARAS","uso":"Industrial","uf":"MG","category":"direct_ree","category_label":"Terras Raras (REE)","dsprocesso":"832.491/2024","overlaps":[{"name":"Zona de Amortecimento — APA Pedra Branca (indicativa, 3 km)","kind":"buffer_zone","distance_km":0}],"has_overlap":true},"geometry":{"type":"Point","coordinates":[-46.47094676944436,-21.952121296259193]}},{"type":"Feature","properties":{"processo":"832496/2024","numero":832496,"ano":2024,"area_ha":768.64,"fase":"AUTORIZAÇÃO DE PESQUISA","nome":"GESTAO DE ATIVOS BRASIL ADMINISTRADORA DE BENS LTDA","subs":"TERRAS RARAS","uso":"Industrial","uf":"MG","category":"direct_ree","category_label":"Terras Raras (REE)","dsprocesso":"832.496/2024","overlaps":[{"name":"Zona de Amortecimento — APA Pedra Branca (indicativa, 3 km)","kind":"buffer_zone","distance_km":1.1}],"has_overlap":true},"geometry":{"type":"Point","coordinates":[-46.48357068944436,-22.068017932074007]}},{"type":"Feature","properties":{"processo":"832648/2023","numero":832648,"ano":2023,"area_ha":23.11,"fase":"AUTORIZAÇÃO DE PESQUISA","nome":"RCO MINERACAO LTDA","subs":"TERRAS RARAS","uso":"Industrial","uf":"MG","category":"direct_ree","category_label":"Terras Raras (REE)","dsprocesso":"832.648/2023","overlaps":[{"name":"APA Santuário Ecológico da Pedra Branca","kind":"conservation_unit","distance_km":0},{"name":"Zona de Amortecimento — APA Pedra Branca (indicativa, 3 km)","kind":"buffer_zone","distance_km":0}],"has_overlap":true},"geometry":{"type":"Point","coordinates":[-46.44278673121421,-22.030992216142796]}},{"type":"Feature","properties":{"processo":"832649/2023","numero":832649,"ano":2023,"area_ha":11.72,"fase":"AUTORIZAÇÃO DE PESQUISA","nome":"IRMAOS MARTINS SERVICOS E COMERCIO LTDA","subs":"TERRAS RARAS","uso":"Industrial","uf":"MG","category":"direct_ree","category_label":"Terras Raras (REE)","dsprocesso":"832.649/2023","overlaps":[{"name":"APA Santuário Ecológico da Pedra Branca","kind":"conservation_unit","distance_km":0},{"name":"Zona de Amortecimento — APA Pedra Branca (indicativa, 3 km)","kind":"buffer_zone","distance_km":0}],"has_overlap":true},"geometry":{"type":"Point","coordinates":[-46.46005858022214,-22.001485462777705]}},{"type":"Feature","properties":{"processo":"832661/2023","numero":832661,"ano":2023,"area_ha":4.39,"fase":"AUTORIZAÇÃO DE PESQUISA","nome":"IRMAOS MARTINS SERVICOS E COMERCIO LTDA","subs":"TERRAS RARAS","uso":"Industrial","uf":"MG","category":"direct_ree","category_label":"Terras Raras (REE)","dsprocesso":"832.661/2023"},"geometry":{"type":"Point","coordinates":[-46.49938907399993,-21.820300061888823]}},{"type":"Feature","properties":{"processo":"832662/2023","numero":832662,"ano":2023,"area_ha":4.28,"fase":"AUTORIZAÇÃO DE PESQUISA","nome":"IRMAOS MARTINS SERVICOS E COMERCIO LTDA","subs":"TERRAS RARAS","uso":"Industrial","uf":"MG","category":"direct_ree","category_label":"Terras Raras (REE)","dsprocesso":"832.662/2023"},"geometry":{"type":"Point","coordinates":[-46.48640839148829,-21.816005607255757]}},{"type":"Feature","properties":{"processo":"832663/2023","numero":832663,"ano":2023,"area_ha":18.59,"fase":"AUTORIZAÇÃO DE PESQUISA","nome":"IRMAOS MARTINS SERVICOS E COMERCIO LTDA","subs":"TERRAS RARAS","uso":"Industrial","uf":"MG","category":"direct_ree","category_label":"Terras Raras (REE)","dsprocesso":"832.663/2023"},"geometry":{"type":"Point","coordinates":[-46.53854029149174,-21.803166725885163]}},{"type":"Feature","properties":{"processo":"832759/2023","numero":832759,"ano":2023,"area_ha":4.34,"fase":"AUTORIZAÇÃO DE PESQUISA","nome":"VIRIDIS MINERACAO LTDA","subs":"TERRAS RARAS","uso":"Industrial","uf":"MG","category":"direct_ree","category_label":"Terras Raras (REE)","dsprocesso":"832.759/2023"},"geometry":{"type":"Point","coordinates":[-46.50921038899994,-21.91428455579993]}},{"type":"Feature","properties":{"processo":"832931/2023","numero":832931,"ano":2023,"area_ha":1.12,"fase":"REQUERIMENTO DE PESQUISA","nome":"IRMAOS MARTINS SERVICOS E COMERCIO LTDA","subs":"TERRAS RARAS","uso":"Industrial","uf":"MG","category":"direct_ree","category_label":"Terras Raras (REE)","dsprocesso":"832.931/2023"},"geometry":{"type":"Point","coordinates":[-46.5989738237272,-21.76973030145448]}},{"type":"Feature","properties":{"processo":"832965/2022","numero":832965,"ano":2022,"area_ha":932.72,"fase":"AUTORIZAÇÃO DE PESQUISA","nome":"ALPHA MINERALS BRAZIL PARTICIPACOES LTDA.","subs":"TERRAS RARAS","uso":"Industrial","uf":"MG","category":"direct_ree","category_label":"Terras Raras (REE)","dsprocesso":"832.965/2022","overlaps":[{"name":"Quilombo da Favela (Chapéu Preto)","kind":"quilombo","distance_km":0}],"has_overlap":true},"geometry":{"type":"Point","coordinates":[-46.55384362687226,-21.73001559161695]}},{"type":"Feature","properties":{"processo":"833012/2022","numero":833012,"ano":2022,"area_ha":1059.19,"fase":"AUTORIZAÇÃO DE PESQUISA","nome":"ALPHA MINERALS BRAZIL PARTICIPACOES LTDA.","subs":"TERRAS RARAS","uso":"Industrial","uf":"MG","category":"direct_ree","category_label":"Terras Raras (REE)","dsprocesso":"833.012/2022","overlaps":[{"name":"Quilombo da Favela (Chapéu Preto)","kind":"quilombo","distance_km":0}],"has_overlap":true},"geometry":{"type":"Point","coordinates":[-46.49256046086145,-21.739672382430715]}},{"type":"Feature","properties":{"processo":"833013/2022","numero":833013,"ano":2022,"area_ha":334.23,"fase":"AUTORIZAÇÃO DE PESQUISA","nome":"ALPHA MINERALS BRAZIL PARTICIPACOES LTDA.","subs":"TERRAS RARAS","uso":"Industrial","uf":"MG","category":"direct_ree","category_label":"Terras Raras (REE)","dsprocesso":"833.013/2022"},"geometry":{"type":"Point","coordinates":[-46.47175149762215,-21.770564864444378]}},{"type":"Feature","properties":{"processo":"833014/2022","numero":833014,"ano":2022,"area_ha":524.82,"fase":"AUTORIZAÇÃO DE PESQUISA","nome":"ALPHA MINERALS BRAZIL PARTICIPACOES LTDA.","subs":"TERRAS RARAS","uso":"Industrial","uf":"MG","category":"direct_ree","category_label":"Terras Raras (REE)","dsprocesso":"833.014/2022"},"geometry":{"type":"Point","coordinates":[-46.43189523417384,-21.77984830856515]}},{"type":"Feature","properties":{"processo":"833015/2022","numero":833015,"ano":2022,"area_ha":174.24,"fase":"AUTORIZAÇÃO DE PESQUISA","nome":"ALPHA MINERALS BRAZIL PARTICIPACOES LTDA.","subs":"TERRAS RARAS","uso":"Industrial","uf":"MG","category":"direct_ree","category_label":"Terras Raras (REE)","dsprocesso":"833.015/2022"},"geometry":{"type":"Point","coordinates":[-46.43216089431572,-21.81913317173677]}},{"type":"Feature","properties":{"processo":"833018/2022","numero":833018,"ano":2022,"area_ha":148.85,"fase":"AUTORIZAÇÃO DE PESQUISA","nome":"BRAZIL ROYALTY CORP PARTICIPACOES E INVESTIMENTOS LTDA.","subs":"TERRAS RARAS","uso":"Industrial","uf":"MG","category":"direct_ree","category_label":"Terras Raras (REE)","dsprocesso":"833.018/2022","overlaps":[{"name":"APA Santuário Ecológico da Pedra Branca","kind":"conservation_unit","distance_km":0},{"name":"Zona de Amortecimento — APA Pedra Branca (indicativa, 3 km)","kind":"buffer_zone","distance_km":0}],"has_overlap":true},"geometry":{"type":"Point","coordinates":[-46.4214544155744,-21.925620359829725]}},{"type":"Feature","properties":{"processo":"833019/2022","numero":833019,"ano":2022,"area_ha":436.73,"fase":"AUTORIZAÇÃO DE PESQUISA","nome":"ALPHA MINERALS BRAZIL PARTICIPACOES LTDA.","subs":"TERRAS RARAS","uso":"Industrial","uf":"MG","category":"direct_ree","category_label":"Terras Raras (REE)","dsprocesso":"833.019/2022","overlaps":[{"name":"Zona de Amortecimento — APA Pedra Branca (indicativa, 3 km)","kind":"buffer_zone","distance_km":0}],"has_overlap":true},"geometry":{"type":"Point","coordinates":[-46.48690813114279,-22.04723317460708]}},{"type":"Feature","properties":{"processo":"833020/2022","numero":833020,"ano":2022,"area_ha":91.33,"fase":"AUTORIZAÇÃO DE PESQUISA","nome":"ALPHA MINERALS BRAZIL PARTICIPACOES LTDA.","subs":"TERRAS RARAS","uso":"Industrial","uf":"MG","category":"direct_ree","category_label":"Terras Raras (REE)","dsprocesso":"833.020/2022"},"geometry":{"type":"Point","coordinates":[-46.54284753704756,-22.03963159399994]}},{"type":"Feature","properties":{"processo":"833021/2022","numero":833021,"ano":2022,"area_ha":142.22,"fase":"AUTORIZAÇÃO DE PESQUISA","nome":"ALPHA MINERALS BRAZIL PARTICIPACOES LTDA.","subs":"TERRAS RARAS","uso":"Industrial","uf":"MG","category":"direct_ree","category_label":"Terras Raras (REE)","dsprocesso":"833.021/2022"},"geometry":{"type":"Point","coordinates":[-46.55630955909993,-22.045995818199938]}},{"type":"Feature","properties":{"processo":"833096/2023","numero":833096,"ano":2023,"area_ha":12.09,"fase":"REQUERIMENTO DE PESQUISA","nome":"IRMAOS MARTINS SERVICOS E COMERCIO LTDA","subs":"TERRAS RARAS","uso":"Industrial","uf":"MG","category":"direct_ree","category_label":"Terras Raras (REE)","dsprocesso":"833.096/2023"},"geometry":{"type":"Point","coordinates":[-46.652678291212695,-21.784411700446736]}},{"type":"Feature","properties":{"processo":"833228/2023","numero":833228,"ano":2023,"area_ha":8.69,"fase":"AUTORIZAÇÃO DE PESQUISA","nome":"VIRIDIS MINERACAO LTDA","subs":"TERRAS RARAS","uso":"Industrial","uf":"MG","category":"direct_ree","category_label":"Terras Raras (REE)","dsprocesso":"833.228/2023"},"geometry":{"type":"Point","coordinates":[-46.650633549333264,-21.93377833344438]}},{"type":"Feature","properties":{"processo":"833230/2023","numero":833230,"ano":2023,"area_ha":6.66,"fase":"AUTORIZAÇÃO DE PESQUISA","nome":"VIRIDIS MINERACAO LTDA","subs":"TERRAS RARAS","uso":"Industrial","uf":"MG","category":"direct_ree","category_label":"Terras Raras (REE)","dsprocesso":"833.230/2023"},"geometry":{"type":"Point","coordinates":[-46.56798456081811,-21.98270441277266]}},{"type":"Feature","properties":{"processo":"833231/2023","numero":833231,"ano":2023,"area_ha":5.24,"fase":"AUTORIZAÇÃO DE PESQUISA","nome":"VIRIDIS MINERACAO LTDA","subs":"TERRAS RARAS","uso":"Industrial","uf":"MG","category":"direct_ree","category_label":"Terras Raras (REE)","dsprocesso":"833.231/2023"},"geometry":{"type":"Point","coordinates":[-46.55957307166659,-21.9830455357777]}},{"type":"Feature","properties":{"processo":"833232/2023","numero":833232,"ano":2023,"area_ha":27.17,"fase":"AUTORIZAÇÃO DE PESQUISA","nome":"VIRIDIS MINERACAO LTDA","subs":"TERRAS RARAS","uso":"Industrial","uf":"MG","category":"direct_ree","category_label":"Terras Raras (REE)","dsprocesso":"833.232/2023"},"geometry":{"type":"Point","coordinates":[-46.56458026469438,-22.003679873444383]}},{"type":"Feature","properties":{"processo":"833250/2023","numero":833250,"ano":2023,"area_ha":641.37,"fase":"AUTORIZAÇÃO DE PESQUISA","nome":"I.R.S Minerals Extração de Minerais EIRELI","subs":"TERRAS RARAS","uso":"Industrial","uf":"MG","category":"direct_ree","category_label":"Terras Raras (REE)","dsprocesso":"833.250/2023"},"geometry":{"type":"Point","coordinates":[-46.43723976152834,-21.74953987125194]}},{"type":"Feature","properties":{"processo":"833280/2023","numero":833280,"ano":2023,"area_ha":1587.69,"fase":"AUTORIZAÇÃO DE PESQUISA","nome":"ALPHA MINERALS BRAZIL PARTICIPACOES LTDA.","subs":"TERRAS RARAS","uso":"Industrial","uf":"MG","category":"direct_ree","category_label":"Terras Raras (REE)","dsprocesso":"833.280/2023"},"geometry":{"type":"Point","coordinates":[-46.23544661133325,-22.016348462999947]}},{"type":"Feature","properties":{"processo":"833281/2023","numero":833281,"ano":2023,"area_ha":696.83,"fase":"AUTORIZAÇÃO DE PESQUISA","nome":"ALPHA MINERALS BRAZIL PARTICIPACOES LTDA.","subs":"TERRAS RARAS","uso":"Industrial","uf":"MG","category":"direct_ree","category_label":"Terras Raras (REE)","dsprocesso":"833.281/2023"},"geometry":{"type":"Point","coordinates":[-46.241876062499934,-22.06161905894993]}},{"type":"Feature","properties":{"processo":"833334/2023","numero":833334,"ano":2023,"area_ha":1081.79,"fase":"AUTORIZAÇÃO DE PESQUISA","nome":"I.R.S Minerals Extração de Minerais EIRELI","subs":"TERRAS RARAS","uso":"Industrial","uf":"MG","category":"direct_ree","category_label":"Terras Raras (REE)","dsprocesso":"833.334/2023","overlaps":[{"name":"Zona de Amortecimento — APA Pedra Branca (indicativa, 3 km)","kind":"buffer_zone","distance_km":0}],"has_overlap":true},"geometry":{"type":"Point","coordinates":[-46.302972114770945,-22.009591688671666]}},{"type":"Feature","properties":{"processo":"833485/2023","numero":833485,"ano":2023,"area_ha":1994.34,"fase":"AUTORIZAÇÃO DE PESQUISA","nome":"FOXFIRE METALS LTDA","subs":"TERRAS RARAS","uso":"Industrial","uf":"MG","category":"direct_ree","category_label":"Terras Raras (REE)","dsprocesso":"833.485/2023"},"geometry":{"type":"Point","coordinates":[-46.64741753990469,-22.113194967380878]}},{"type":"Feature","properties":{"processo":"833487/2023","numero":833487,"ano":2023,"area_ha":1993.82,"fase":"AUTORIZAÇÃO DE PESQUISA","nome":"FOXFIRE METALS LTDA","subs":"TERRAS RARAS","uso":"Industrial","uf":"MG","category":"direct_ree","category_label":"Terras Raras (REE)","dsprocesso":"833.487/2023"},"geometry":{"type":"Point","coordinates":[-46.601195536620615,-22.11078121658613]}},{"type":"Feature","properties":{"processo":"833488/2023","numero":833488,"ano":2023,"area_ha":1987.63,"fase":"AUTORIZAÇÃO DE PESQUISA","nome":"FOXFIRE METALS LTDA","subs":"TERRAS RARAS","uso":"Industrial","uf":"MG","category":"direct_ree","category_label":"Terras Raras (REE)","dsprocesso":"833.488/2023"},"geometry":{"type":"Point","coordinates":[-46.568622777999934,-22.116043055666598]}},{"type":"Feature","properties":{"processo":"833489/2023","numero":833489,"ano":2023,"area_ha":1812.46,"fase":"AUTORIZAÇÃO DE PESQUISA","nome":"FOXFIRE METALS LTDA","subs":"TERRAS RARAS","uso":"Industrial","uf":"MG","category":"direct_ree","category_label":"Terras Raras (REE)","dsprocesso":"833.489/2023"},"geometry":{"type":"Point","coordinates":[-46.519509444666596,-22.134339722333255]}},{"type":"Feature","properties":{"processo":"833490/2023","numero":833490,"ano":2023,"area_ha":1968.07,"fase":"AUTORIZAÇÃO DE PESQUISA","nome":"FOXFIRE METALS LTDA","subs":"TERRAS RARAS","uso":"Industrial","uf":"MG","category":"direct_ree","category_label":"Terras Raras (REE)","dsprocesso":"833.490/2023"},"geometry":{"type":"Point","coordinates":[-46.457637777999935,-22.138063888999927]}},{"type":"Feature","properties":{"processo":"833491/2023","numero":833491,"ano":2023,"area_ha":1959.41,"fase":"AUTORIZAÇÃO DE PESQUISA","nome":"FOXFIRE METALS LTDA","subs":"TERRAS RARAS","uso":"Industrial","uf":"MG","category":"direct_ree","category_label":"Terras Raras (REE)","dsprocesso":"833.491/2023"},"geometry":{"type":"Point","coordinates":[-46.44760849228567,-22.119680674714214]}},{"type":"Feature","properties":{"processo":"833492/2023","numero":833492,"ano":2023,"area_ha":1846.32,"fase":"AUTORIZAÇÃO DE PESQUISA","nome":"FOXFIRE METALS LTDA","subs":"TERRAS RARAS","uso":"Industrial","uf":"MG","category":"direct_ree","category_label":"Terras Raras (REE)","dsprocesso":"833.492/2023","overlaps":[{"name":"Zona de Amortecimento — APA Pedra Branca (indicativa, 3 km)","kind":"buffer_zone","distance_km":0}],"has_overlap":true},"geometry":{"type":"Point","coordinates":[-46.50529399328435,-22.08739799426599]}},{"type":"Feature","properties":{"processo":"833493/2023","numero":833493,"ano":2023,"area_ha":1808.95,"fase":"AUTORIZAÇÃO DE PESQUISA","nome":"FOXFIRE METALS LTDA","subs":"TERRAS RARAS","uso":"Industrial","uf":"MG","category":"direct_ree","category_label":"Terras Raras (REE)","dsprocesso":"833.493/2023","overlaps":[{"name":"Zona de Amortecimento — APA Pedra Branca (indicativa, 3 km)","kind":"buffer_zone","distance_km":0}],"has_overlap":true},"geometry":{"type":"Point","coordinates":[-46.401113430486404,-22.04873213997289]}},{"type":"Feature","properties":{"processo":"833494/2023","numero":833494,"ano":2023,"area_ha":1989.6,"fase":"AUTORIZAÇÃO DE PESQUISA","nome":"FOXFIRE METALS LTDA","subs":"TERRAS RARAS","uso":"Industrial","uf":"MG","category":"direct_ree","category_label":"Terras Raras (REE)","dsprocesso":"833.494/2023","overlaps":[{"name":"Zona de Amortecimento — APA Pedra Branca (indicativa, 3 km)","kind":"buffer_zone","distance_km":0}],"has_overlap":true},"geometry":{"type":"Point","coordinates":[-46.386387684888824,-22.07088339533327]}},{"type":"Feature","properties":{"processo":"833495/2023","numero":833495,"ano":2023,"area_ha":1977.69,"fase":"AUTORIZAÇÃO DE PESQUISA","nome":"FOXFIRE METALS LTDA","subs":"TERRAS RARAS","uso":"Industrial","uf":"MG","category":"direct_ree","category_label":"Terras Raras (REE)","dsprocesso":"833.495/2023"},"geometry":{"type":"Point","coordinates":[-46.36848412942215,-22.08954662371105]}},{"type":"Feature","properties":{"processo":"833496/2023","numero":833496,"ano":2023,"area_ha":1924.08,"fase":"AUTORIZAÇÃO DE PESQUISA","nome":"FOXFIRE METALS LTDA","subs":"TERRAS RARAS","uso":"Industrial","uf":"MG","category":"direct_ree","category_label":"Terras Raras (REE)","dsprocesso":"833.496/2023"},"geometry":{"type":"Point","coordinates":[-46.3933905557777,-22.13105861122215]}},{"type":"Feature","properties":{"processo":"833497/2023","numero":833497,"ano":2023,"area_ha":1759.65,"fase":"AUTORIZAÇÃO DE PESQUISA","nome":"FOXFIRE METALS LTDA","subs":"TERRAS RARAS","uso":"Industrial","uf":"MG","category":"direct_ree","category_label":"Terras Raras (REE)","dsprocesso":"833.497/2023"},"geometry":{"type":"Point","coordinates":[-46.36880466405256,-22.160732222420986]}},{"type":"Feature","properties":{"processo":"833504/2023","numero":833504,"ano":2023,"area_ha":1723.73,"fase":"AUTORIZAÇÃO DE PESQUISA","nome":"JOSE MARQUES BRAGA JUNIOR LTDA","subs":"TERRAS RARAS","uso":"Industrial","uf":"MG","category":"direct_ree","category_label":"Terras Raras (REE)","dsprocesso":"833.504/2023"},"geometry":{"type":"Point","coordinates":[-46.28862960730638,-22.042600162418115]}},{"type":"Feature","properties":{"processo":"833543/2023","numero":833543,"ano":2023,"area_ha":994.91,"fase":"AUTORIZAÇÃO DE PESQUISA","nome":"I.R.S Minerals Extração de Minerais EIRELI","subs":"TERRAS RARAS","uso":"Industrial","uf":"MG","category":"direct_ree","category_label":"Terras Raras (REE)","dsprocesso":"833.543/2023","overlaps":[{"name":"Zona de Amortecimento — APA Pedra Branca (indicativa, 3 km)","kind":"buffer_zone","distance_km":0}],"has_overlap":true},"geometry":{"type":"Point","coordinates":[-46.32303755984739,-22.046761703949077]}},{"type":"Feature","properties":{"processo":"833569/2023","numero":833569,"ano":2023,"area_ha":1769.28,"fase":"AUTORIZAÇÃO DE PESQUISA","nome":"FOXFIRE METALS LTDA","subs":"TERRAS RARAS","uso":"Industrial","uf":"MG","category":"direct_ree","category_label":"Terras Raras (REE)","dsprocesso":"833.569/2023","overlaps":[{"name":"Quilombo da Favela (Chapéu Preto)","kind":"quilombo","distance_km":0}],"has_overlap":true},"geometry":{"type":"Point","coordinates":[-46.46451611111104,-21.66351861122216]}},{"type":"Feature","properties":{"processo":"833572/2023","numero":833572,"ano":2023,"area_ha":1687.09,"fase":"AUTORIZAÇÃO DE PESQUISA","nome":"FOXFIRE METALS LTDA","subs":"TERRAS RARAS","uso":"Industrial","uf":"MG","category":"direct_ree","category_label":"Terras Raras (REE)","dsprocesso":"833.572/2023","overlaps":[{"name":"Quilombo da Favela (Chapéu Preto)","kind":"quilombo","distance_km":0}],"has_overlap":true},"geometry":{"type":"Point","coordinates":[-46.51277195652169,-21.672527693347764]}}]}