{"type":"FeatureCollection","features":[{"type":"Feature","properties":{"PROCESSO":"164401/1935","NUMERO":164401,"ANO":1935,"AREA_HA":20.54,"FASE":"CONCESSÃO DE LAVRA","ULT_EVENTO":"411 - CONC LAV/SUSPENSÃO TRABALHOS LAVRA SOLICITAÇÃO PROTOC EM 18/06/2026","NOME":"MINEGRAL CIA. BRASILEIRA DE MINERAÇÕES INDÚSTRIA E COMÉRCIO","SUBS":"ZIRCÔNIO","USO":"Demais substâncias","UF":"MG","DSProcesso":"164.401/1935","category":"heavy_mineral_associated","category_label":"Zircônio (heavy mineral, REE assoc.)","lon":-46.67142975855551,"lat":-21.889896369790996},"geometry":{"type":"Polygon","coordinates":[[[-46.66845740499997,-21.889374603346564],[-46.67165713899994,-21.886794557346636],[-46.672773175999964,-21.888077698346596],[-46.67263209899994,-21.889543866346543],[-46.673019275999934,-21.88992307234657],[-46.67264186699998,-21.89103356134652],[-46.67344816099995,-21.892504999346507],[-46.66978129899997,-21.892440366346484],[-46.66845740499997,-21.889374603346564]]]}},{"type":"Feature","properties":{"PROCESSO":"164402/1935","NUMERO":164402,"ANO":1935,"AREA_HA":45.79,"FASE":"CONCESSÃO DE LAVRA","ULT_EVENTO":"411 - CONC LAV/SUSPENSÃO TRABALHOS LAVRA SOLICITAÇÃO PROTOC EM 18/06/2026","NOME":"MINEGRAL CIA. BRASILEIRA DE MINERAÇÕES INDÚSTRIA E COMÉRCIO","SUBS":"ZIRCÔNIO","USO":"Demais substâncias","UF":"MG","DSProcesso":"164.402/1935","category":"heavy_mineral_associated","category_label":"Zircônio (heavy mineral, REE assoc.)","lon":-46.67646280433331,"lat":-21.86556043148999},"geometry":{"type":"Polygon","coordinates":[[[-46.67321916199996,-21.86733990434707],[-46.673575607999965,-21.865359626347157],[-46.67526888699996,-21.861537291347254],[-46.67651121799997,-21.860558973347256],[-46.679136692999975,-21.85949152634725],[-46.67962777299994,-21.860084594347246],[-46.67878192999995,-21.860672465347267],[-46.67973549699997,-21.862118273347214],[-46.68038444299998,-21.863217766347212],[-46.680331388999946,-21.863938556347204],[-46.67750008299999,-21.865062338347155],[-46.67567152099996,-21.865067345347118],[-46.675520812999935,-21.866931486347077],[-46.67697828699994,-21.867025394347063],[-46.676937531999954,-21.870222180347035],[-46.67613086599994,-21.870446667347007],[-46.67564027999999,-21.87118285534701],[-46.674410784999964,-21.871537391346973],[-46.67412167499998,-21.869541616347068],[-46.67301528699994,-21.868092904347083],[-46.67321916199996,-21.86733990434707]]]}},{"type":"Feature","properties":{"PROCESSO":"16443/1935","NUMERO":16443,"ANO":1935,"AREA_HA":344.16,"FASE":"CONCESSÃO DE LAVRA","ULT_EVENTO":"411 - CONC LAV/SUSPENSÃO TRABALHOS LAVRA SOLICITAÇÃO PROTOC EM 17/06/2026","NOME":"COMPANHIA BRASILEIRA DE ALUMINIO","SUBS":"ZIRCÔNIO","USO":"Demais substâncias","UF":"MG","DSProcesso":"016.443/1935","category":"heavy_mineral_associated","category_label":"Zircônio (heavy mineral, REE assoc.)","lon":-46.46223001554282,"lat":-21.90764412623185},"geometry":{"type":"Polygon","coordinates":[[[-46.45608547299997,-21.907371235346147],[-46.455187250999984,-21.909593487346058],[-46.454146299999934,-21.908404570346114],[-46.450718490999975,-21.91485255034597],[-46.44826280999997,-21.913622046345978],[-46.44856039199993,-21.911445137346057],[-46.450005233999946,-21.909435116346064],[-46.450036841999975,-21.907412371346133],[-46.452282207999986,-21.903961859346236],[-46.45471546599998,-21.904688749346178],[-46.45833286599997,-21.902805951346224],[-46.458174423999935,-21.90266006334627],[-46.45895424399998,-21.902480403346267],[-46.46093565499996,-21.904124859346226],[-46.464202710999984,-21.901960642346257],[-46.466059472999966,-21.902662348346265],[-46.46640806299996,-21.900555987346298],[-46.467793609999944,-21.90172481934629],[-46.468847468999975,-21.90120838134626],[-46.46834616199994,-21.90041484934629],[-46.46875369999998,-21.9001714233463],[-46.47003920199995,-21.900976892346286],[-46.47097465699994,-21.900074823346298],[-46.473746766999966,-21.903371375346214],[-46.47631326099997,-21.908432572346133],[-46.475135542999965,-21.91397817334598],[-46.47765561499995,-21.917630593345887],[-46.473136305999965,-21.919970398345846],[-46.46960020399996,-21.91823119534589],[-46.46539131299994,-21.91633302034592],[-46.46375877199994,-21.916427171345916],[-46.46221619499994,-21.913391598346013],[-46.460341590999974,-21.910737227346065],[-46.45684680099998,-21.9090612893461],[-46.45608547299997,-21.907371235346147]]]}},{"type":"Feature","properties":{"PROCESSO":"164431/1935","NUMERO":164431,"ANO":1935,"AREA_HA":71.12,"FASE":"CONCESSÃO DE LAVRA","ULT_EVENTO":"411 - CONC LAV/SUSPENSÃO TRABALHOS LAVRA SOLICITAÇÃO PROTOC EM 17/06/2026","NOME":"MINEGRAL CIA. BRASILEIRA DE MINERAÇÕES INDÚSTRIA E COMÉRCIO","SUBS":"ZIRCÔNIO","USO":"Demais substâncias","UF":"MG","DSProcesso":"164.431/1935","category":"heavy_mineral_associated","category_label":"Zircônio (heavy mineral, REE assoc.)","lon":-46.43189373866662,"lat":-21.9343836435455},"geometry":{"type":"Polygon","coordinates":[[[-46.42601777399995,-21.935990205345433],[-46.424764891999985,-21.934430348345504],[-46.42461552999998,-21.932729181345525],[-46.426131226999985,-21.930980768345588],[-46.42914493999996,-21.930020757345602],[-46.43193704999994,-21.929861337345617],[-46.433754730999965,-21.932031807345577],[-46.43816710399995,-21.933909027345507],[-46.43901489599995,-21.93589786434546],[-46.43860107499995,-21.937130240345457],[-46.43776556699999,-21.93788312134541],[-46.436383243999956,-21.93795080734544],[-46.43530366199996,-21.93600105934546],[-46.43078661399994,-21.93494792234551],[-46.42601777399995,-21.935990205345433]]]}},{"type":"Feature","properties":{"PROCESSO":"164432/1935","NUMERO":164432,"ANO":1935,"AREA_HA":70.96,"FASE":"CONCESSÃO DE LAVRA","ULT_EVENTO":"411 - CONC LAV/SUSPENSÃO TRABALHOS LAVRA SOLICITAÇÃO PROTOC EM 17/06/2026","NOME":"MINEGRAL CIA. BRASILEIRA DE MINERAÇÕES INDÚSTRIA E COMÉRCIO","SUBS":"ZIRCÔNIO","USO":"Demais substâncias","UF":"MG","DSProcesso":"164.432/1935","category":"heavy_mineral_associated","category_label":"Zircônio (heavy mineral, REE assoc.)","lon":-46.47211999590905,"lat":-21.882826391619446},"geometry":{"type":"Polygon","coordinates":[[[-46.473365713999954,-21.888945721346577],[-46.467591545999944,-21.88512802734665],[-46.46763161899997,-21.8803868493468],[-46.468672046999984,-21.88098002834675],[-46.469916962999946,-21.877435793346844],[-46.472998633999964,-21.878282372346806],[-46.47307923799997,-21.88024067634679],[-46.47461298699995,-21.880743381346747],[-46.47675327999996,-21.88469208734668],[-46.475332212999945,-21.885309649346663],[-46.473365713999954,-21.888945721346577]]]}},{"type":"Feature","properties":{"PROCESSO":"164433/1935","NUMERO":164433,"ANO":1935,"AREA_HA":42.75,"FASE":"CONCESSÃO DE LAVRA","ULT_EVENTO":"411 - CONC LAV/SUSPENSÃO TRABALHOS LAVRA SOLICITAÇÃO PROTOC EM 17/06/2026","NOME":"MINEGRAL CIA. BRASILEIRA DE MINERAÇÕES INDÚSTRIA E COMÉRCIO","SUBS":"ZIRCÔNIO","USO":"Demais substâncias","UF":"MG","DSProcesso":"164.433/1935","category":"heavy_mineral_associated","category_label":"Zircônio (heavy mineral, REE assoc.)","lon":-46.66203082630765,"lat":-21.889621636423485},"geometry":{"type":"Polygon","coordinates":[[[-46.656908008999956,-21.8882186413466],[-46.65811039299995,-21.887905665346597],[-46.65904367799994,-21.888144213346603],[-46.66051652799996,-21.88705791134659],[-46.66447600099997,-21.889837285346527],[-46.666125387999955,-21.888776545346595],[-46.668450796999934,-21.889365356346588],[-46.66977780299993,-21.892429946346518],[-46.66686326599995,-21.892629905346496],[-46.66326700999997,-21.891448182346526],[-46.659827531999944,-21.89093221834656],[-46.65612632799997,-21.890116761346526],[-46.656908008999956,-21.8882186413466]]]}},{"type":"Feature","properties":{"PROCESSO":"180266/1977","NUMERO":180266,"ANO":1977,"AREA_HA":3193.22,"FASE":"CONCESSÃO DE LAVRA","ULT_EVENTO":"473 - CONC LAV/CUMPRIMENTO EXIGÊNCIA PROTOC EM 03/06/2026","NOME":"INDUSTRIAS NUCLEARES DO BRASIL S.A - INB","SUBS":"MINÉRIO DE URÂNIO","USO":"Industrial","UF":"MG","DSProcesso":"180.266/1977","category":"strategic_associated","category_label":"Minério de Urânio (REE co-occurrence)","lon":-46.51763746922217,"lat":-21.954409721456134},"geometry":{"type":"Polygon","coordinates":[[[-46.536070277999954,-21.95785361034494],[-46.53637138899996,-21.985847499344292],[-46.479820555999936,-21.986367221344267],[-46.47925472199995,-21.931728332345568],[-46.51661888899998,-21.931387777345545],[-46.51671472199996,-21.940421110345376],[-46.52881472199994,-21.94030888834533],[-46.52900166699994,-21.957919443344956],[-46.536070277999954,-21.95785361034494]]]}},{"type":"Feature","properties":{"PROCESSO":"2082/1940","NUMERO":2082,"ANO":1940,"AREA_HA":361.95,"FASE":"CONCESSÃO DE LAVRA","ULT_EVENTO":"536 - CONC LAV/TRANSF DIREITOS-DISTRATO PROTOC EM 03/08/2026","NOME":"CONDOMINIO CAMPOS DOS QUIRINOS","SUBS":"ZIRCÔNIO","USO":"Demais substâncias","UF":"MG","DSProcesso":"002.082/1940","category":"heavy_mineral_associated","category_label":"Zircônio (heavy mineral, REE assoc.)","lon":-46.63699723169996,"lat":-21.8975094477797},"geometry":{"type":"Polygon","coordinates":[[[-46.638252730999966,-21.88155417934676],[-46.64278149499995,-21.882231138346718],[-46.64486462299994,-21.883189141346698],[-46.64690959699993,-21.88598675434666],[-46.648739243999955,-21.8868324323466],[-46.65093173699995,-21.890571855346533],[-46.64882790599995,-21.893014288346464],[-46.64899730299993,-21.894195862346436],[-46.64956540999998,-21.895233237346417],[-46.64793477199999,-21.898972314346366],[-46.64619983699998,-21.8998128863463],[-46.64499160199995,-21.899867762346332],[-46.644377099999986,-21.900667860346285],[-46.64079760999994,-21.90189370434627],[-46.64003487699995,-21.90194244934629],[-46.63737051099997,-21.90211778334624],[-46.63039138499994,-21.90526603034617],[-46.62972935899996,-21.90440882134619],[-46.62645064999998,-21.904301781346195],[-46.625264449999975,-21.906951758346164],[-46.623710373999984,-21.90858680334613],[-46.62217852699995,-21.90872304634611],[-46.62144396499997,-21.906704951346125],[-46.62217488599998,-21.9039152463462],[-46.62651943299994,-21.902281718346273],[-46.62802944099997,-21.900448847346283],[-46.63032566199996,-21.899935174346297],[-46.63093870999995,-21.897028754346383],[-46.63293102299997,-21.897092671346357],[-46.638252730999966,-21.88155417934676]]]}},{"type":"Feature","properties":{"PROCESSO":"2134/1948","NUMERO":2134,"ANO":1948,"AREA_HA":11.97,"FASE":"CONCESSÃO DE LAVRA","ULT_EVENTO":"411 - CONC LAV/SUSPENSÃO TRABALHOS LAVRA SOLICITAÇÃO PROTOC EM 18/06/2026","NOME":"COMPANHIA BRASILEIRA DE ALUMINIO","SUBS":"ZIRCÔNIO","USO":"Demais substâncias","UF":"MG","DSProcesso":"002.134/1948","category":"heavy_mineral_associated","category_label":"Zircônio (heavy mineral, REE assoc.)","lon":-46.42038688459995,"lat":-21.899296146346323},"geometry":{"type":"Polygon","coordinates":[[[-46.41986808799993,-21.90061877034627],[-46.417630181999975,-21.898258168346374],[-46.421165057999985,-21.897312234346376],[-46.42340300699993,-21.899672788346333],[-46.41986808799993,-21.90061877034627]]]}},{"type":"Feature","properties":{"PROCESSO":"2656/1935","NUMERO":2656,"ANO":1935,"AREA_HA":117.48,"FASE":"CONCESSÃO DE LAVRA","ULT_EVENTO":"411 - CONC LAV/SUSPENSÃO TRABALHOS LAVRA SOLICITAÇÃO PROTOC EM 18/06/2026","NOME":"COMPANHIA BRASILEIRA DE ALUMINIO","SUBS":"ZIRCÔNIO","USO":"Demais substâncias","UF":"MG","DSProcesso":"002.656/1935","category":"heavy_mineral_associated","category_label":"Zircônio (heavy mineral, REE assoc.)","lon":-46.432610858352895,"lat":-21.9535558732274},"geometry":{"type":"Polygon","coordinates":[[[-46.433428283999945,-21.96054790234489],[-46.431780069999945,-21.95924852334493],[-46.42948831599995,-21.95672760534497],[-46.42894830299996,-21.955819388344967],[-46.42731196599994,-21.956914161344983],[-46.424744939999975,-21.953268277345035],[-46.42705764799996,-21.953203717345033],[-46.42919024099996,-21.95064372534511],[-46.43129959099996,-21.949362622345152],[-46.43304198899995,-21.94544162134526],[-46.436399104999964,-21.948279716345144],[-46.43947686799999,-21.94738531834521],[-46.43931871999996,-21.95204298934506],[-46.436288633999936,-21.951486797345094],[-46.436647283999946,-21.953280120345074],[-46.43653434899994,-21.956249456344988],[-46.433428283999945,-21.96054790234489]]]}},{"type":"Feature","properties":{"PROCESSO":"3220/1942","NUMERO":3220,"ANO":1942,"AREA_HA":8,"FASE":"CONCESSÃO DE LAVRA","ULT_EVENTO":"411 - CONC LAV/SUSPENSÃO TRABALHOS LAVRA SOLICITAÇÃO PROTOC EM 18/06/2026","NOME":"COMPANHIA BRASILEIRA DE ALUMINIO","SUBS":"ZIRCÔNIO","USO":"Demais substâncias","UF":"MG","DSProcesso":"003.220/1942","category":"heavy_mineral_associated","category_label":"Zircônio (heavy mineral, REE assoc.)","lon":-46.46305632599995,"lat":-21.917047634512556},"geometry":{"type":"Polygon","coordinates":[[[-46.461653635999944,-21.91610918834591],[-46.46566554899994,-21.916687191345883],[-46.465850474999975,-21.917848479345917],[-46.462292085999934,-21.91822391034585],[-46.461222573999976,-21.917307849345885],[-46.461653635999944,-21.91610918834591]]]}},{"type":"Feature","properties":{"PROCESSO":"322001/1942","NUMERO":322001,"ANO":1942,"AREA_HA":5.37,"FASE":"CONCESSÃO DE LAVRA","ULT_EVENTO":"411 - CONC LAV/SUSPENSÃO TRABALHOS LAVRA SOLICITAÇÃO PROTOC EM 18/06/2026","NOME":"MINEGRAL CIA. BRASILEIRA DE MINERAÇÕES INDÚSTRIA E COMÉRCIO","SUBS":"ZIRCÔNIO","USO":"Demais substâncias","UF":"MG","DSProcesso":"322.001/1942","category":"heavy_mineral_associated","category_label":"Zircônio (heavy mineral, REE assoc.)","lon":-46.462879116714234,"lat":-21.917185406488763},"geometry":{"type":"Polygon","coordinates":[[[-46.46174095799995,-21.916125322345927],[-46.46381968299994,-21.916407721345944],[-46.464480098999964,-21.91795094634589],[-46.46448529799994,-21.918013977345908],[-46.462492493999946,-21.91828030334588],[-46.461394326999944,-21.917394252345883],[-46.46174095799995,-21.916125322345927]]]}},{"type":"Feature","properties":{"PROCESSO":"322002/1942","NUMERO":322002,"ANO":1942,"AREA_HA":1.1,"FASE":"CONCESSÃO DE LAVRA","ULT_EVENTO":"411 - CONC LAV/SUSPENSÃO TRABALHOS LAVRA SOLICITAÇÃO PROTOC EM 18/06/2026","NOME":"MINEGRAL CIA. BRASILEIRA DE MINERAÇÕES INDÚSTRIA E COMÉRCIO","SUBS":"ZIRCÔNIO","USO":"Demais substâncias","UF":"MG","DSProcesso":"322.002/1942","category":"heavy_mineral_associated","category_label":"Zircônio (heavy mineral, REE assoc.)","lon":-46.45059209039996,"lat":-21.931035081745566},"geometry":{"type":"Polygon","coordinates":[[[-46.45097820899996,-21.930420093345575],[-46.45096169899995,-21.931458548345574],[-46.45036428199995,-21.93175679634554],[-46.44967805299996,-21.931119877345562],[-46.45097820899996,-21.930420093345575]]]}},{"type":"Feature","properties":{"PROCESSO":"322003/1942","NUMERO":322003,"ANO":1942,"AREA_HA":0.59,"FASE":"CONCESSÃO DE LAVRA","ULT_EVENTO":"411 - CONC LAV/SUSPENSÃO TRABALHOS LAVRA SOLICITAÇÃO PROTOC EM 18/06/2026","NOME":"MINEGRAL CIA. BRASILEIRA DE MINERAÇÕES INDÚSTRIA E COMÉRCIO","SUBS":"ZIRCÔNIO","USO":"Demais substâncias","UF":"MG","DSProcesso":"322.003/1942","category":"heavy_mineral_associated","category_label":"Zircônio (heavy mineral, REE assoc.)","lon":-46.46032347699995,"lat":-21.911456542346034},"geometry":{"type":"Polygon","coordinates":[[[-46.45958723699994,-21.91145358734606],[-46.46066421799998,-21.911083287346017],[-46.460909183999945,-21.911430171346012],[-46.46086950899996,-21.911862078346026],[-46.45958723699994,-21.91145358734606]]]}},{"type":"Feature","properties":{"PROCESSO":"322004/1942","NUMERO":322004,"ANO":1942,"AREA_HA":2.66,"FASE":"CONCESSÃO DE LAVRA","ULT_EVENTO":"411 - CONC LAV/SUSPENSÃO TRABALHOS LAVRA SOLICITAÇÃO PROTOC EM 18/06/2026","NOME":"MINEGRAL CIA. BRASILEIRA DE MINERAÇÕES INDÚSTRIA E COMÉRCIO","SUBS":"ZIRCÔNIO","USO":"Demais substâncias","UF":"MG","DSProcesso":"322.004/1942","category":"heavy_mineral_associated","category_label":"Zircônio (heavy mineral, REE assoc.)","lon":-46.45641439237496,"lat":-21.908924502596086},"geometry":{"type":"Polygon","coordinates":[[[-46.45584708499996,-21.908000392346125],[-46.45656351299994,-21.908445390346085],[-46.45685209599998,-21.909086522346065],[-46.45754061599996,-21.909416947346074],[-46.45726687699994,-21.910054005346055],[-46.455723939999984,-21.909931847346048],[-46.45567392699997,-21.908460523346122],[-46.45584708499996,-21.908000392346125]]]}},{"type":"Feature","properties":{"PROCESSO":"322005/1942","NUMERO":322005,"ANO":1942,"AREA_HA":8.3,"FASE":"CONCESSÃO DE LAVRA","ULT_EVENTO":"411 - CONC LAV/SUSPENSÃO TRABALHOS LAVRA SOLICITAÇÃO PROTOC EM 18/06/2026","NOME":"MINEGRAL CIA. BRASILEIRA DE MINERAÇÕES INDÚSTRIA E COMÉRCIO","SUBS":"ZIRCÔNIO","USO":"Demais substâncias","UF":"MG","DSProcesso":"322.005/1942","category":"heavy_mineral_associated","category_label":"Zircônio (heavy mineral, REE assoc.)","lon":-46.45268947033329,"lat":-21.926046486512362},"geometry":{"type":"Polygon","coordinates":[[[-46.45430941699994,-21.926433289345702],[-46.452025507999956,-21.927416729345662],[-46.45033743799996,-21.926360301345706],[-46.45127153599998,-21.924778285345702],[-46.453883505999954,-21.9248570243457],[-46.45430941699994,-21.926433289345702]]]}},{"type":"Feature","properties":{"PROCESSO":"322006/1942","NUMERO":322006,"ANO":1942,"AREA_HA":0.35,"FASE":"CONCESSÃO DE LAVRA","ULT_EVENTO":"411 - CONC LAV/SUSPENSÃO TRABALHOS LAVRA SOLICITAÇÃO PROTOC EM 18/06/2026","NOME":"MINEGRAL CIA. BRASILEIRA DE MINERAÇÕES INDÚSTRIA E COMÉRCIO","SUBS":"ZIRCÔNIO","USO":"Demais substâncias","UF":"MG","DSProcesso":"322.006/1942","category":"heavy_mineral_associated","category_label":"Zircônio (heavy mineral, REE assoc.)","lon":-46.45273341249995,"lat":-21.9173104760959},"geometry":{"type":"Polygon","coordinates":[[[-46.45242190499994,-21.916844366345916],[-46.45320116299997,-21.917521845345888],[-46.45288867699997,-21.918031326345876],[-46.45242190499994,-21.916844366345916]]]}},{"type":"Feature","properties":{"PROCESSO":"322007/1942","NUMERO":322007,"ANO":1942,"AREA_HA":0.17,"FASE":"CONCESSÃO DE LAVRA","ULT_EVENTO":"411 - CONC LAV/SUSPENSÃO TRABALHOS LAVRA SOLICITAÇÃO PROTOC EM 18/06/2026","NOME":"MINEGRAL CIA. BRASILEIRA DE MINERAÇÕES INDÚSTRIA E COMÉRCIO","SUBS":"ZIRCÔNIO","USO":"Demais substâncias","UF":"MG","DSProcesso":"322.007/1942","category":"heavy_mineral_associated","category_label":"Zircônio (heavy mineral, REE assoc.)","lon":-46.44884228649997,"lat":-21.92450277234573},"geometry":{"type":"Polygon","coordinates":[[[-46.44872604899996,-21.924202060345735],[-46.44913055899997,-21.924590854345738],[-46.448786488999986,-21.925016114345713],[-46.44872604899996,-21.924202060345735]]]}},{"type":"Feature","properties":{"PROCESSO":"322015/1942","NUMERO":322015,"ANO":1942,"AREA_HA":0.18,"FASE":"CONCESSÃO DE LAVRA","ULT_EVENTO":"411 - CONC LAV/SUSPENSÃO TRABALHOS LAVRA SOLICITAÇÃO PROTOC EM 18/06/2026","NOME":"MINEGRAL CIA. BRASILEIRA DE MINERAÇÕES INDÚSTRIA E COMÉRCIO","SUBS":"ZIRCÔNIO","USO":"Demais substâncias","UF":"MG","DSProcesso":"322.015/1942","category":"heavy_mineral_associated","category_label":"Zircônio (heavy mineral, REE assoc.)","lon":-46.448864644999944,"lat":-21.924487787095718},"geometry":{"type":"Polygon","coordinates":[[[-46.44873882599995,-21.924179390345724],[-46.449144907999944,-21.924566755345705],[-46.44883601999992,-21.925025612345717],[-46.44873882599995,-21.924179390345724]]]}},{"type":"Feature","properties":{"PROCESSO":"3240/1936","NUMERO":3240,"ANO":1936,"AREA_HA":31.66,"FASE":"CONCESSÃO DE LAVRA","ULT_EVENTO":"418 - CONC LAV/RAL ANO BASE APRESENTADO EM 15/03/2026","NOME":"COMPANHIA BRASILEIRA DE ALUMINIO","SUBS":"ZIRCÔNIO","USO":"Demais substâncias","UF":"SP","DSProcesso":"003.240/1936","category":"heavy_mineral_associated","category_label":"Zircônio (heavy mineral, REE assoc.)","lon":-46.65975870889996,"lat":-21.892740200646497},"geometry":{"type":"Polygon","coordinates":[[[-46.65612557299995,-21.890128583346563],[-46.65982856199997,-21.89094470534654],[-46.66326788199996,-21.891461586346537],[-46.664031783999974,-21.891661942346538],[-46.661793286999966,-21.893619368346478],[-46.661579495999945,-21.89570505834643],[-46.660607642999935,-21.89534630134642],[-46.65890060799995,-21.895214901346428],[-46.65532668099996,-21.89319097634648],[-46.65612557299995,-21.890128583346563]]]}},{"type":"Feature","properties":{"PROCESSO":"3241/1936","NUMERO":3241,"ANO":1936,"AREA_HA":45.69,"FASE":"CONCESSÃO DE LAVRA","ULT_EVENTO":"411 - CONC LAV/SUSPENSÃO TRABALHOS LAVRA SOLICITAÇÃO PROTOC EM 17/06/2026","NOME":"COMPANHIA BRASILEIRA DE ALUMINIO","SUBS":"ZIRCÔNIO","USO":"Demais substâncias","UF":"MG","DSProcesso":"003.241/1936","category":"heavy_mineral_associated","category_label":"Zircônio (heavy mineral, REE assoc.)","lon":-46.467167435799965,"lat":-21.919435332145856},"geometry":{"type":"Polygon","coordinates":[[[-46.46382243299996,-21.916379099345946],[-46.465446472999986,-21.91627274834594],[-46.46964595599996,-21.918168329345885],[-46.47318889199994,-21.91991479434584],[-46.47196963599998,-21.92340994134578],[-46.469624170999964,-21.922038144345755],[-46.46516897299995,-21.922939568345747],[-46.46450208199997,-21.920929443345834],[-46.464483308999945,-21.917922153345863],[-46.46382243299996,-21.916379099345946]]]}},{"type":"Feature","properties":{"PROCESSO":"3254/1936","NUMERO":3254,"ANO":1936,"AREA_HA":24.87,"FASE":"CONCESSÃO DE LAVRA","ULT_EVENTO":"411 - CONC LAV/SUSPENSÃO TRABALHOS LAVRA SOLICITAÇÃO PROTOC EM 17/06/2026","NOME":"COMPANHIA BRASILEIRA DE ALUMINIO","SUBS":"ZIRCÔNIO","USO":"Demais substâncias","UF":"MG","DSProcesso":"003.254/1936","category":"heavy_mineral_associated","category_label":"Zircônio (heavy mineral, REE assoc.)","lon":-46.435752546571386,"lat":-21.94505290963095},"geometry":{"type":"Polygon","coordinates":[[[-46.43308539099996,-21.942288130345297],[-46.43707525299994,-21.94415658834524],[-46.438666900999976,-21.945503694345238],[-46.43928917799997,-21.947394371345187],[-46.436211414999946,-21.948288771345155],[-46.43285429699995,-21.945450681345218],[-46.43308539099996,-21.942288130345297]]]}},{"type":"Feature","properties":{"PROCESSO":"3257/1936","NUMERO":3257,"ANO":1936,"AREA_HA":340.78,"FASE":"CONCESSÃO DE LAVRA","ULT_EVENTO":"418 - CONC LAV/RAL ANO BASE APRESENTADO EM 15/03/2026","NOME":"COMPANHIA BRASILEIRA DE ALUMINIO","SUBS":"ZIRCÔNIO","USO":"Demais substâncias","UF":"MG","DSProcesso":"003.257/1936","category":"heavy_mineral_associated","category_label":"Zircônio (heavy mineral, REE assoc.)","lon":-46.46597728919996,"lat":-21.896797524879716},"geometry":{"type":"Polygon","coordinates":[[[-46.460891057999966,-21.9040934283462],[-46.458909337999955,-21.902450383346267],[-46.45817648999997,-21.90261919934625],[-46.457398085999955,-21.901902420346246],[-46.45573216699995,-21.898924222346327],[-46.45632691899993,-21.896180159346418],[-46.455124298999976,-21.89357595834649],[-46.45650511399998,-21.889276484346595],[-46.46058740199994,-21.88528498334666],[-46.461748744999966,-21.886156451346654],[-46.46329953099996,-21.88700898634661],[-46.46467884199996,-21.887112155346603],[-46.466890097999965,-21.88724614434661],[-46.473239047999975,-21.889789436346536],[-46.47325094499996,-21.889699810346563],[-46.476766339999976,-21.891909543346483],[-46.47666720699993,-21.894635360346413],[-46.47907189799998,-21.898750326346352],[-46.47839270999998,-21.900470580346333],[-46.473717060999945,-21.90331926234624],[-46.47094506299993,-21.900022627346278],[-46.470009577999974,-21.90092467034626],[-46.46870923399995,-21.900140222346295],[-46.46830168899999,-21.9003836363463],[-46.46880296899997,-21.901177183346284],[-46.46774909199996,-21.901693589346305],[-46.466363583999964,-21.900524717346276],[-46.46601492499997,-21.902631068346224],[-46.46415818599997,-21.901929307346283],[-46.460891057999966,-21.9040934283462]]]}},{"type":"Feature","properties":{"PROCESSO":"3258/1936","NUMERO":3258,"ANO":1936,"AREA_HA":62.66,"FASE":"CONCESSÃO DE LAVRA","ULT_EVENTO":"411 - CONC LAV/SUSPENSÃO TRABALHOS LAVRA SOLICITAÇÃO PROTOC EM 17/06/2026","NOME":"COMPANHIA BRASILEIRA DE ALUMINIO","SUBS":"ZIRCÔNIO","USO":"Demais substâncias","UF":"MG","DSProcesso":"003.258/1936","category":"heavy_mineral_associated","category_label":"Zircônio (heavy mineral, REE assoc.)","lon":-46.43914686476918,"lat":-21.929978006576377},"geometry":{"type":"Polygon","coordinates":[[[-46.43191178799998,-21.92982801334561],[-46.43740597799996,-21.927845384345652],[-46.43858345199993,-21.928009526345672],[-46.438704996999945,-21.92747966434567],[-46.440820609999946,-21.927830574345673],[-46.442043676999965,-21.929379136345617],[-46.443602422999966,-21.92909896134562],[-46.44551224899993,-21.929847220345586],[-46.44570044399995,-21.930557348345598],[-46.44084561599993,-21.934133021345517],[-46.43813954899997,-21.93387670034552],[-46.433726670999924,-21.932000521345554],[-46.43191178799998,-21.92982801334561]]]}},{"type":"Feature","properties":{"PROCESSO":"3260/1936","NUMERO":3260,"ANO":1936,"AREA_HA":4.84,"FASE":"CONCESSÃO DE LAVRA","ULT_EVENTO":"411 - CONC LAV/SUSPENSÃO TRABALHOS LAVRA SOLICITAÇÃO PROTOC EM 18/06/2026","NOME":"COMPANHIA BRASILEIRA DE ALUMINIO","SUBS":"ZIRCÔNIO","USO":"Demais substâncias","UF":"MG","DSProcesso":"003.260/1936","category":"heavy_mineral_associated","category_label":"Zircônio (heavy mineral, REE assoc.)","lon":-46.45228219719995,"lat":-21.94923254814514},"geometry":{"type":"Polygon","coordinates":[[[-46.451735637999946,-21.950234339345116],[-46.451076918999945,-21.94834493634516],[-46.453102023999975,-21.947729865345188],[-46.45376076699995,-21.949619260345127],[-46.451735637999946,-21.950234339345116]]]}},{"type":"Feature","properties":{"PROCESSO":"370501/1942","NUMERO":370501,"ANO":1942,"AREA_HA":1.58,"FASE":"CONCESSÃO DE LAVRA","ULT_EVENTO":"411 - CONC LAV/SUSPENSÃO TRABALHOS LAVRA SOLICITAÇÃO PROTOC EM 18/06/2026","NOME":"MINEGRAL CIA. BRASILEIRA DE MINERAÇÕES INDÚSTRIA E COMÉRCIO","SUBS":"ZIRCÔNIO","USO":"Demais substâncias","UF":"MG","DSProcesso":"370.501/1942","category":"heavy_mineral_associated","category_label":"Zircônio (heavy mineral, REE assoc.)","lon":-46.428397476166616,"lat":-21.935894608178796},"geometry":{"type":"Polygon","coordinates":[[[-46.42798162099996,-21.936036466345456],[-46.427470737999954,-21.93562574634547],[-46.42834728799994,-21.93543443034549],[-46.42943794699993,-21.93551182634548],[-46.42916564199993,-21.936722713345418],[-46.42798162099996,-21.936036466345456]]]}},{"type":"Feature","properties":{"PROCESSO":"370502/1942","NUMERO":370502,"ANO":1942,"AREA_HA":4,"FASE":"CONCESSÃO DE LAVRA","ULT_EVENTO":"411 - CONC LAV/SUSPENSÃO TRABALHOS LAVRA SOLICITAÇÃO PROTOC EM 18/06/2026","NOME":"MINEGRAL CIA. BRASILEIRA DE MINERAÇÕES INDÚSTRIA E COMÉRCIO","SUBS":"ZIRCÔNIO","USO":"Demais substâncias","UF":"MG","DSProcesso":"370.502/1942","category":"heavy_mineral_associated","category_label":"Zircônio (heavy mineral, REE assoc.)","lon":-46.43184829239997,"lat":-21.9426194503453},"geometry":{"type":"Polygon","coordinates":[[[-46.43280479499998,-21.94315246034528],[-46.43091950799993,-21.943563368345266],[-46.43041354999997,-21.94181993234534],[-46.43229881399997,-21.941409030345348],[-46.43280479499998,-21.94315246034528]]]}},{"type":"Feature","properties":{"PROCESSO":"370503/1942","NUMERO":370503,"ANO":1942,"AREA_HA":6.3,"FASE":"CONCESSÃO DE LAVRA","ULT_EVENTO":"411 - CONC LAV/SUSPENSÃO TRABALHOS LAVRA SOLICITAÇÃO PROTOC EM 18/06/2026","NOME":"MINEGRAL CIA. BRASILEIRA DE MINERAÇÕES INDÚSTRIA E COMÉRCIO","SUBS":"ZIRCÔNIO","USO":"Demais substâncias","UF":"MG","DSProcesso":"370.503/1942","category":"heavy_mineral_associated","category_label":"Zircônio (heavy mineral, REE assoc.)","lon":-46.431843384999965,"lat":-21.96002231720203},"geometry":{"type":"Polygon","coordinates":[[[-46.433238392999954,-21.96130993334483],[-46.43034830099998,-21.96103355034486],[-46.430239385999975,-21.958326152344952],[-46.43091487799995,-21.958444845344943],[-46.43172263799994,-21.959333361344886],[-46.43320170599998,-21.96039844434488],[-46.433238392999954,-21.96130993334483]]]}},{"type":"Feature","properties":{"PROCESSO":"370504/1942","NUMERO":370504,"ANO":1942,"AREA_HA":20.64,"FASE":"CONCESSÃO DE LAVRA","ULT_EVENTO":"411 - CONC LAV/SUSPENSÃO TRABALHOS LAVRA SOLICITAÇÃO PROTOC EM 18/06/2026","NOME":"MINEGRAL CIA. BRASILEIRA DE MINERAÇÕES INDÚSTRIA E COMÉRCIO","SUBS":"ZIRCÔNIO","USO":"Demais substâncias","UF":"MG","DSProcesso":"370.504/1942","category":"heavy_mineral_associated","category_label":"Zircônio (heavy mineral, REE assoc.)","lon":-46.42394121599996,"lat":-21.958276364719925},"geometry":{"type":"Polygon","coordinates":[[[-46.42387725599997,-21.962137613344854],[-46.42198460099996,-21.958377175344918],[-46.42227078199994,-21.955771823344985],[-46.42414390099998,-21.95382095234501],[-46.425991684999985,-21.956362027344962],[-46.42314865899993,-21.958679700344895],[-46.42623558799994,-21.9589240123449],[-46.42387725599997,-21.962137613344854]]]}},{"type":"Feature","properties":{"PROCESSO":"370505/1942","NUMERO":370505,"ANO":1942,"AREA_HA":66.83,"FASE":"CONCESSÃO DE LAVRA","ULT_EVENTO":"411 - CONC LAV/SUSPENSÃO TRABALHOS LAVRA SOLICITAÇÃO PROTOC EM 18/06/2026","NOME":"MINEGRAL CIA. BRASILEIRA DE MINERAÇÕES INDÚSTRIA E COMÉRCIO","SUBS":"ZIRCÔNIO","USO":"Demais substâncias","UF":"MG","DSProcesso":"370.505/1942","category":"heavy_mineral_associated","category_label":"Zircônio (heavy mineral, REE assoc.)","lon":-46.43487730686661,"lat":-21.976454001811174},"geometry":{"type":"Polygon","coordinates":[[[-46.43734243599994,-21.97580983134454],[-46.43868345399994,-21.975496648344546],[-46.44252880099998,-21.97592741334451],[-46.443312410999965,-21.98175187934436],[-46.43583055999994,-21.98078990834439],[-46.43532270299993,-21.977482185344495],[-46.435043865999944,-21.9773561773445],[-46.435155693999945,-21.977269739344464],[-46.43129597899997,-21.97527000034453],[-46.43099527499993,-21.975765018344497],[-46.42951497399998,-21.976087523344532],[-46.42849282999998,-21.97520305434453],[-46.42972320699994,-21.974077390344583],[-46.432574976999945,-21.972713426344608],[-46.43734243599994,-21.97580983134454]]]}},{"type":"Feature","properties":{"PROCESSO":"58201/1944","NUMERO":58201,"ANO":1944,"AREA_HA":114.52,"FASE":"CONCESSÃO DE LAVRA","ULT_EVENTO":"1733 - CONC LAV/RAL CUMPRIMENTO DE EXIGÊNCIA PROTOC EM 15/07/2024","NOME":"COMPANHIA BRASILEIRA DE ALUMINIO","SUBS":"ZIRCÔNIO","USO":"Demais substâncias","UF":"MG","DSProcesso":"058.201/1944","category":"heavy_mineral_associated","category_label":"Zircônio (heavy mineral, REE assoc.)","lon":-46.45345011657891,"lat":-21.9218601011879},"geometry":{"type":"Polygon","coordinates":[[[-46.44086316099998,-21.919176887345888],[-46.44014612999996,-21.918623111345894],[-46.44192149999998,-21.918025604345893],[-46.444343076999985,-21.91510367634593],[-46.44711341499993,-21.915668792345926],[-46.44829491199993,-21.91363663634599],[-46.45068250499998,-21.91483273834597],[-46.451869348999935,-21.912599711346033],[-46.45320755399996,-21.913050399346027],[-46.45512089099998,-21.915322876345936],[-46.454381172999945,-21.91590525534595],[-46.455061842999946,-21.916998495345915],[-46.45535202499997,-21.916637133345887],[-46.46038581299996,-21.92456137834573],[-46.46476029499997,-21.928691937345604],[-46.46598868999996,-21.92864872334564],[-46.46575206799998,-21.9296172953456],[-46.46821498299994,-21.931942675345553],[-46.46983720599997,-21.940387605345354],[-46.46693349999998,-21.940347907345384],[-46.466050646999975,-21.93271584634552],[-46.46306956799998,-21.930044776345625],[-46.46240220999994,-21.93002022134558],[-46.46227076299993,-21.92933573134564],[-46.460043774999974,-21.927340201345704],[-46.45991747099999,-21.92571889034573],[-46.45730547499994,-21.925640460345697],[-46.454138772999954,-21.916629964345933],[-46.44979006199998,-21.91685358634589],[-46.449005538999984,-21.916324710345933],[-46.44638446299996,-21.917126596345884],[-46.44443971899995,-21.9183118903459],[-46.44289464099995,-21.91821489934588],[-46.44266114299995,-21.918610411345878],[-46.44422731199995,-21.919080986345875],[-46.44414935599997,-21.92016226834583],[-46.44126026199996,-21.91959667734584],[-46.44086316099998,-21.919176887345888]]]}},{"type":"Feature","properties":{"PROCESSO":"6944/1941","NUMERO":6944,"ANO":1941,"AREA_HA":8.58,"FASE":"CONCESSÃO DE LAVRA","ULT_EVENTO":"411 - CONC LAV/SUSPENSÃO TRABALHOS LAVRA SOLICITAÇÃO PROTOC EM 17/06/2026","NOME":"COMPANHIA BRASILEIRA DE ALUMINIO","SUBS":"ZIRCÔNIO","USO":"Demais substâncias","UF":"MG","DSProcesso":"006.944/1941","category":"heavy_mineral_associated","category_label":"Zircônio (heavy mineral, REE assoc.)","lon":-46.43303344459995,"lat":-21.977000490944487},"geometry":{"type":"Polygon","coordinates":[[[-46.43512975999994,-21.977239981344475],[-46.43313134999994,-21.978784707344467],[-46.43050633699994,-21.976497490344517],[-46.431270015999985,-21.9752402943445],[-46.43512975999994,-21.977239981344475]]]}},{"type":"Feature","properties":{"PROCESSO":"7580/1941","NUMERO":7580,"ANO":1941,"AREA_HA":1.91,"FASE":"CONCESSÃO DE LAVRA","ULT_EVENTO":"411 - CONC LAV/SUSPENSÃO TRABALHOS LAVRA SOLICITAÇÃO PROTOC EM 17/06/2026","NOME":"COMPANHIA BRASILEIRA DE ALUMINIO","SUBS":"ZIRCÔNIO","USO":"Demais substâncias","UF":"MG","DSProcesso":"007.580/1941","category":"heavy_mineral_associated","category_label":"Zircônio (heavy mineral, REE assoc.)","lon":-46.489777040199954,"lat":-21.880371013946785},"geometry":{"type":"Polygon","coordinates":[[[-46.489591264999945,-21.880996279346785],[-46.48860372299998,-21.880426273346767],[-46.48993053999994,-21.879613835346813],[-46.491168407999965,-21.87982240234677],[-46.489591264999945,-21.880996279346785]]]}},{"type":"Feature","properties":{"PROCESSO":"820001/2024","NUMERO":820001,"ANO":2024,"AREA_HA":14.39,"FASE":"AUTORIZAÇÃO DE PESQUISA","ULT_EVENTO":"264 - AUT PESQ/TAH - PAGAMENTO EFETUADO EM 31/07/2026","NOME":"I.R.S Minerals Extração de Minerais EIRELI","SUBS":"TERRAS RARAS","USO":"Industrial","UF":"SP","DSProcesso":"820.001/2024","category":"direct_ree","category_label":"Terras Raras (REE)","lon":-46.71477190192304,"lat":-21.874975882885373},"geometry":{"type":"Polygon","coordinates":[[[-46.71708225899994,-21.878129999346825],[-46.71708120699998,-21.874204075346942],[-46.71707999999995,-21.874204075346942],[-46.71707999999995,-21.87419999934694],[-46.70345400599995,-21.87419999934695],[-46.703453881999955,-21.873479999346955],[-46.715949999999964,-21.873479999346955],[-46.71594999999996,-21.874129999346945],[-46.715952499999965,-21.874129999346945],[-46.715952499999965,-21.87413416634693],[-46.717958055999986,-21.87413416634693],[-46.717958055999986,-21.878129999346825],[-46.71708225899994,-21.878129999346825]]]}},{"type":"Feature","properties":{"PROCESSO":"820002/2024","NUMERO":820002,"ANO":2024,"AREA_HA":960.42,"FASE":"AUTORIZAÇÃO DE PESQUISA","ULT_EVENTO":"264 - AUT PESQ/TAH - PAGAMENTO EFETUADO EM 31/07/2025","NOME":"I.R.S Minerals Extração de Minerais EIRELI","SUBS":"TERRAS RARAS","USO":"Industrial","UF":"SP","DSProcesso":"820.002/2024","category":"direct_ree","category_label":"Terras Raras (REE)","lon":-46.73333358401751,"lat":-21.831191174856723},"geometry":{"type":"Polygon","coordinates":[[[-46.713729999999934,-21.785219999349078],[-46.73566805599995,-21.785219999349078],[-46.73566805599995,-21.803359999348594],[-46.74996906699993,-21.803359999348594],[-46.74996999999997,-21.812458843348374],[-46.74996999999997,-21.82047757934818],[-46.74158116299998,-21.820475562348193],[-46.74158115899996,-21.820488610348217],[-46.74157999999994,-21.820488610348217],[-46.74157999999994,-21.824275345348152],[-46.741577845999984,-21.83131294734794],[-46.74157999999994,-21.831312948347932],[-46.74157999999995,-21.83289222134789],[-46.735765613999945,-21.83289222134789],[-46.735765567999984,-21.818045329348276],[-46.728032170999946,-21.818045350348267],[-46.72803217099994,-21.81804999934828],[-46.728029999999926,-21.81804999934828],[-46.72802999999993,-21.829249999347986],[-46.728032205999966,-21.829249999347986],[-46.728032205999966,-21.82925151434799],[-46.730489999999975,-21.829251508348],[-46.730489999999975,-21.843419999347674],[-46.734469999999924,-21.843419999347674],[-46.73446999999993,-21.84886999934755],[-46.73447204299999,-21.84886999934755],[-46.73447204299999,-21.84887381234753],[-46.74235655299998,-21.84887379034754],[-46.742356575999956,-21.856289936347327],[-46.74235999999997,-21.85628996734734],[-46.74680583299994,-21.85628996134734],[-46.74680583299994,-21.856390555347332],[-46.74301999999995,-21.856390555347332],[-46.743019999999945,-21.85990999934727],[-46.740341016999935,-21.85990999934727],[-46.740340010999944,-21.85669999934732],[-46.74195999999995,-21.85669999934732],[-46.74195999999995,-21.84916999934752],[-46.741953225999964,-21.84916999934752],[-46.741953224999975,-21.849165419347525],[-46.71686083299994,-21.849169888347507],[-46.71686083399993,-21.848494999347544],[-46.71899694399997,-21.848494999347544],[-46.71899694399997,-21.84887333234753],[-46.72373916699996,-21.84887333234753],[-46.72373916699996,-21.84795840734755],[-46.72963264499998,-21.847956873347556],[-46.729629999999986,-21.840242562347726],[-46.72962999999998,-21.82988999934801],[-46.72790999999995,-21.82988999934801],[-46.72790999999995,-21.798809999348716],[-46.72219999999993,-21.79880999934872],[-46.72219999999993,-21.798811666348705],[-46.72219805599997,-21.7988116663487],[-46.72219805599997,-21.799728332348707],[-46.713729999999934,-21.799728332348707],[-46.713729999999934,-21.785219999349078]]]}},{"type":"Feature","properties":{"PROCESSO":"820036/2024","NUMERO":820036,"ANO":2024,"AREA_HA":1801.77,"FASE":"AUTORIZAÇÃO DE PESQUISA","ULT_EVENTO":"264 - AUT PESQ/TAH - PAGAMENTO EFETUADO EM 23/07/2026","NOME":"ALPHA MINERALS BRAZIL PARTICIPACOES LTDA.","SUBS":"TERRAS RARAS","USO":"Industrial","UF":"SP","DSProcesso":"820.036/2024","category":"direct_ree","category_label":"Terras Raras (REE)","lon":-46.887345292842056,"lat":-21.687550072561894},"geometry":{"type":"Polygon","coordinates":[[[-46.85545055599994,-21.703476388350982],[-46.85545055599994,-21.6690563883518],[-46.919810555999966,-21.669056388351795],[-46.91981055599995,-21.664576388351904],[-46.925590555999975,-21.664576388351904],[-46.925590555999975,-21.69721638835114],[-46.90805055599998,-21.69721638835114],[-46.90805055599998,-21.680116388351585],[-46.894970555999976,-21.680116388351585],[-46.894970555999976,-21.680136388351528],[-46.89495055599997,-21.680136388351535],[-46.89495055599997,-21.68413638835145],[-46.87459055599994,-21.68413638835145],[-46.87459055599993,-21.697816388351143],[-46.86433055599997,-21.697816388351153],[-46.86433055599997,-21.703456388350983],[-46.86431055599997,-21.703456388350975],[-46.86431055599997,-21.703476388350982],[-46.85545055599994,-21.703476388350982]]]}},{"type":"Feature","properties":{"PROCESSO":"820037/2024","NUMERO":820037,"ANO":2024,"AREA_HA":1577.57,"FASE":"AUTORIZAÇÃO DE PESQUISA","ULT_EVENTO":"264 - AUT PESQ/TAH - PAGAMENTO EFETUADO EM 23/07/2026","NOME":"ALPHA MINERALS BRAZIL PARTICIPACOES LTDA.","SUBS":"TERRAS RARAS","USO":"Industrial","UF":"SP","DSProcesso":"820.037/2024","category":"direct_ree","category_label":"Terras Raras (REE)","lon":-46.69378855577775,"lat":-21.639327379167344},"geometry":{"type":"Polygon","coordinates":[[[-46.679470555999956,-21.62907638835281],[-46.694270555999935,-21.62907638835281],[-46.731910555999946,-21.62907638835281],[-46.73193055599995,-21.62907638835281],[-46.73193055599996,-21.6398563883525],[-46.73191055599994,-21.6398563883525],[-46.731910555999946,-21.63987638835249],[-46.72213055599997,-21.63987638835249],[-46.72213055599997,-21.64529638835239],[-46.70809055599994,-21.64529638835239],[-46.708090555999945,-21.649216388352286],[-46.702550555999956,-21.649216388352286],[-46.70255055599995,-21.655996388352115],[-46.684790555999946,-21.655996388352115],[-46.68479055599994,-21.651776388352243],[-46.665890555999965,-21.651776388352243],[-46.665890555999965,-21.645196388352414],[-46.657150555999976,-21.645196388352414],[-46.657150555999976,-21.63571638835265],[-46.67253055599997,-21.63571638835265],[-46.67253055599997,-21.63073638835272],[-46.67740847599998,-21.63073638835272],[-46.67740827899996,-21.632284656352702],[-46.67946573099994,-21.632284872352695],[-46.67946573199998,-21.632276388352718],[-46.679470555999956,-21.632276388352718],[-46.679470555999956,-21.62907638835281]]]}},{"type":"Feature","properties":{"PROCESSO":"820039/2024","NUMERO":820039,"ANO":2024,"AREA_HA":783.86,"FASE":"AUTORIZAÇÃO DE PESQUISA","ULT_EVENTO":"264 - AUT PESQ/TAH - PAGAMENTO EFETUADO EM 23/07/2026","NOME":"ALPHA MINERALS BRAZIL PARTICIPACOES LTDA.","SUBS":"TERRAS RARAS","USO":"Industrial","UF":"SP","DSProcesso":"820.039/2024","category":"direct_ree","category_label":"Terras Raras (REE)","lon":-46.714063606999964,"lat":-21.616778462086398},"geometry":{"type":"Polygon","coordinates":[[[-46.70155569599996,-21.604576388353344],[-46.716990555999985,-21.604576388353344],[-46.716990555999985,-21.614236388353113],[-46.72649055599993,-21.614236388353113],[-46.72649055599993,-21.619816388352977],[-46.73193055599995,-21.619816388352977],[-46.73193055599996,-21.62905638835279],[-46.731910555999946,-21.62905638835279],[-46.731910555999946,-21.62907638835281],[-46.694270555999935,-21.62907638835281],[-46.694270555999935,-21.613396388353152],[-46.70155055599997,-21.61339638835314],[-46.70155055599997,-21.613391941353164],[-46.70155604099995,-21.613391941353164],[-46.70155569599996,-21.604576388353344]]]}},{"type":"Feature","properties":{"PROCESSO":"820040/2024","NUMERO":820040,"ANO":2024,"AREA_HA":573.79,"FASE":"AUTORIZAÇÃO DE PESQUISA","ULT_EVENTO":"264 - AUT PESQ/TAH - PAGAMENTO EFETUADO EM 23/07/2026","NOME":"ALPHA MINERALS BRAZIL PARTICIPACOES LTDA.","SUBS":"TERRAS RARAS","USO":"Industrial","UF":"SP","DSProcesso":"820.040/2024","category":"direct_ree","category_label":"Terras Raras (REE)","lon":-46.8190231875789,"lat":-21.726636388350443},"geometry":{"type":"Polygon","coordinates":[[[-46.80229055599995,-21.740556388350107],[-46.80229055599995,-21.72383638835048],[-46.81413055599995,-21.72383638835048],[-46.81413055599996,-21.720836388350566],[-46.817490555999946,-21.720836388350573],[-46.817490555999946,-21.71827638835067],[-46.817510555999945,-21.71827638835067],[-46.81751055599995,-21.71825638835066],[-46.82361055599995,-21.71825638835066],[-46.823610555999956,-21.71827638835067],[-46.823630555999955,-21.71827638835067],[-46.823630555999955,-21.723556388350513],[-46.83607055599998,-21.723556388350513],[-46.83607055599998,-21.732056388350333],[-46.82507055599996,-21.732056388350333],[-46.82507055599996,-21.73711638835017],[-46.81977055599999,-21.73711638835017],[-46.81977055599999,-21.740556388350107],[-46.80229055599995,-21.740556388350107]]]}},{"type":"Feature","properties":{"PROCESSO":"820041/2024","NUMERO":820041,"ANO":2024,"AREA_HA":768.05,"FASE":"AUTORIZAÇÃO DE PESQUISA","ULT_EVENTO":"264 - AUT PESQ/TAH - PAGAMENTO EFETUADO EM 23/07/2026","NOME":"BORBOREMA RECURSOS MINERAIS LTDA","SUBS":"TERRAS RARAS","USO":"Industrial","UF":"SP","DSProcesso":"820.041/2024","category":"direct_ree","category_label":"Terras Raras (REE)","lon":-46.837167710432404,"lat":-21.68606231924331},"geometry":{"type":"Polygon","coordinates":[[[-46.84451805599996,-21.68231305535149],[-46.83751583299995,-21.68231305535149],[-46.83751583299994,-21.679106388351602],[-46.837510555999984,-21.679106388351602],[-46.837510555999984,-21.679096388351567],[-46.834154721999944,-21.679096388351567],[-46.83415472199994,-21.678084443351636],[-46.83415055599994,-21.678084443351636],[-46.83415055599994,-21.67807638835161],[-46.82961972199996,-21.67807638835161],[-46.82961972199997,-21.676519999351672],[-46.82961055599998,-21.676519999351672],[-46.82961055599998,-21.676516388351665],[-46.827373888999944,-21.676516388351658],[-46.827373888999944,-21.675111110351697],[-46.82553444399997,-21.675111110351697],[-46.82553444399998,-21.66811777735185],[-46.84639055599997,-21.66811777735185],[-46.84639055599997,-21.6690563883518],[-46.85545055599994,-21.6690563883518],[-46.85545055599994,-21.703476388350982],[-46.84797055599995,-21.70347638835099],[-46.84797055599995,-21.702816388351014],[-46.83241055599996,-21.702816388351014],[-46.83241055599996,-21.69963749935108],[-46.83241583299997,-21.69963749935108],[-46.83241583299997,-21.697516388351115],[-46.83243055599997,-21.697516388351115],[-46.83243055599996,-21.69750361035113],[-46.83688555599997,-21.69750361035113],[-46.83688555599997,-21.69749638835117],[-46.83689055599996,-21.69749638835117],[-46.83689055599996,-21.695276388351203],[-46.84451055599993,-21.695276388351203],[-46.84451055599993,-21.695274999351227],[-46.84451805599997,-21.695274999351227],[-46.84451805599996,-21.68231305535149]]]}},{"type":"Feature","properties":{"PROCESSO":"820048/2024","NUMERO":820048,"ANO":2024,"AREA_HA":1622.15,"FASE":"AUTORIZAÇÃO DE PESQUISA","ULT_EVENTO":"294 - AUT PESQ/RENÚNCIA AUTORIZAÇÃO PESQUISA HOMOLOGADA PUBL EM 29/09/2025","NOME":"RTB GEOLOGIA E MINERACAO LTDA.","SUBS":"TERRAS RARAS","USO":"Industrial","UF":"SP","DSProcesso":"820.048/2024","category":"direct_ree","category_label":"Terras Raras (REE)","lon":-46.70346314735997,"lat":-21.663751076591954},"geometry":{"type":"Polygon","coordinates":[[[-46.708090184999946,-21.649216388352286],[-46.70809037099997,-21.645299999352403],[-46.722129999999936,-21.64529999935241],[-46.722129999999936,-21.6671463883519],[-46.738738610999974,-21.6671463883519],[-46.73873861099997,-21.687166388351404],[-46.725779999999986,-21.687166388351404],[-46.72577999999998,-21.68103999935152],[-46.72577811699995,-21.68103999935152],[-46.72577811699995,-21.68103609535153],[-46.70529334999997,-21.681036151351513],[-46.70529211799994,-21.666208206351893],[-46.67775639699994,-21.66620792035191],[-46.677756270999964,-21.66738999935187],[-46.67712782799998,-21.66738999935187],[-46.67712782799998,-21.66738731735186],[-46.66589013899994,-21.667386513351843],[-46.66588999999993,-21.65177999935226],[-46.684789999999964,-21.65177999935226],[-46.684789999999964,-21.65599999935213],[-46.702549999999974,-21.65599999935213],[-46.70255018499995,-21.655996388352115],[-46.70255037099997,-21.6492199993523],[-46.70808999999998,-21.6492199993523],[-46.708090184999946,-21.649216388352286]]]}},{"type":"Feature","properties":{"PROCESSO":"820049/2024","NUMERO":820049,"ANO":2024,"AREA_HA":1857.87,"FASE":"AUTORIZAÇÃO DE PESQUISA","ULT_EVENTO":"294 - AUT PESQ/RENÚNCIA AUTORIZAÇÃO PESQUISA HOMOLOGADA PUBL EM 29/09/2025","NOME":"RTB GEOLOGIA E MINERACAO LTDA.","SUBS":"TERRAS RARAS","USO":"Industrial","UF":"SP","DSProcesso":"820.049/2024","category":"direct_ree","category_label":"Terras Raras (REE)","lon":-46.637442803052586,"lat":-21.624841768405503},"geometry":{"type":"Polygon","coordinates":[[[-46.60418611099993,-21.611517499353177],[-46.61182499999995,-21.611517499353177],[-46.61182499999995,-21.617262777353055],[-46.672492499999976,-21.617262777353055],[-46.672492499999976,-21.627769999352807],[-46.677408853999964,-21.627769999352793],[-46.67740847599998,-21.63073638835272],[-46.67253055599997,-21.63073638835272],[-46.672530370999944,-21.630739999352745],[-46.67253018499997,-21.63571638835265],[-46.657150555999976,-21.63571638835265],[-46.65715037099994,-21.6357199993526],[-46.65714999999995,-21.637883332352548],[-46.59508805599995,-21.637883332352548],[-46.59508805599995,-21.620135555353016],[-46.598092221999934,-21.620135555353016],[-46.59809222199994,-21.61598611035307],[-46.60418611099993,-21.61598611035307],[-46.60418611099993,-21.611517499353177]]]}},{"type":"Feature","properties":{"PROCESSO":"820132/2026","NUMERO":820132,"ANO":2026,"AREA_HA":265.23,"FASE":"AUTORIZAÇÃO DE PESQUISA","ULT_EVENTO":"209 - AUT PESQ/INÍCIO DE PESQUISA COMUNICADO PROTOC EM 07/08/2026","NOME":"CARLOS AUGUSTO MARTINS MESQUITA","SUBS":"TERRAS RARAS","USO":"Industrial","UF":"SP","DSProcesso":"820.132/2026","category":"direct_ree","category_label":"Terras Raras (REE)","lon":-46.68834827779998,"lat":-21.62280361035293},"geometry":{"type":"Polygon","coordinates":[[[-46.694259166999984,-21.629066388352776],[-46.679481943999974,-21.629066388352776],[-46.679481943999974,-21.613409443353163],[-46.694259166999984,-21.613409443353163],[-46.694259166999984,-21.629066388352776]]]}},{"type":"Feature","properties":{"PROCESSO":"820137/2026","NUMERO":820137,"ANO":2026,"AREA_HA":1082.59,"FASE":"AUTORIZAÇÃO DE PESQUISA","ULT_EVENTO":"264 - AUT PESQ/TAH - PAGAMENTO EFETUADO EM 31/07/2026","NOME":"CARLOS AUGUSTO MARTINS MESQUITA","SUBS":"TERRAS RARAS","USO":"Industrial","UF":"SP","DSProcesso":"820.137/2026","category":"direct_ree","category_label":"Terras Raras (REE)","lon":-46.73958325772723,"lat":-21.620304216625723},"geometry":{"type":"Polygon","coordinates":[[[-46.72214916699994,-21.639903055352548],[-46.731944443999964,-21.639903055352548],[-46.731944443999964,-21.607670832353264],[-46.74540166699995,-21.607670832353264],[-46.74540166699995,-21.588524166353746],[-46.75978388899995,-21.588524166353757],[-46.75978388899995,-21.610067777353255],[-46.74735416699997,-21.610067777353255],[-46.74735416699997,-21.64555583235238],[-46.72214916699995,-21.64555583235238],[-46.72214916699994,-21.639903055352548]]]}},{"type":"Feature","properties":{"PROCESSO":"820164/2026","NUMERO":820164,"ANO":2026,"AREA_HA":265.95,"FASE":"AUTORIZAÇÃO DE PESQUISA","ULT_EVENTO":"209 - AUT PESQ/INÍCIO DE PESQUISA COMUNICADO PROTOC EM 10/08/2026","NOME":"MARCIO EDUARDO FORTI RIBEIRO DE ANDRADE","SUBS":"TERRAS RARAS","USO":"Industrial","UF":"SP","DSProcesso":"820.164/2026","category":"direct_ree","category_label":"Terras Raras (REE)","lon":-46.74148100260866,"lat":-21.7508372456977},"geometry":{"type":"Polygon","coordinates":[[[-46.75055749999996,-21.757854999349693],[-46.74221055599998,-21.757854999349693],[-46.742210555999975,-21.759229999349664],[-46.73166638899993,-21.759229999349664],[-46.73166638899994,-21.753143332349826],[-46.730722499999956,-21.753143332349826],[-46.73072249999996,-21.74874055534993],[-46.732496943999934,-21.74874055534993],[-46.732496943999934,-21.74246222135008],[-46.740608055999985,-21.74246222135008],[-46.74060805599998,-21.745013332350023],[-46.74178805599996,-21.745013332350023],[-46.74178805599997,-21.746707499349963],[-46.74292527799997,-21.746707499349963],[-46.74292527799997,-21.7483816663499],[-46.744341666999965,-21.7483816663499],[-46.744341666999965,-21.7503327773499],[-46.74649916699997,-21.7503327773499],[-46.74649916699997,-21.751528610349858],[-46.747936666999976,-21.751528610349858],[-46.747936666999976,-21.752305832349855],[-46.75055749999996,-21.752305832349855],[-46.75055749999996,-21.757854999349693]]]}},{"type":"Feature","properties":{"PROCESSO":"820195/2026","NUMERO":820195,"ANO":2026,"AREA_HA":5.66,"FASE":"AUTORIZAÇÃO DE PESQUISA","ULT_EVENTO":"209 - AUT PESQ/INÍCIO DE PESQUISA COMUNICADO PROTOC EM 22/09/2026","NOME":"ALPHA MINERALS BRAZIL PARTICIPACOES LTDA.","SUBS":"TERRAS RARAS","USO":"Industrial","UF":"SP","DSProcesso":"820.195/2026","category":"direct_ree","category_label":"Terras Raras (REE)","lon":-46.68423180533327,"lat":-21.942179888234193},"geometry":{"type":"Polygon","coordinates":[[[-46.68509299999994,-21.943922999345254],[-46.68315699999994,-21.943922999345254],[-46.68315631799994,-21.941277499345325],[-46.68315692999994,-21.941277499345325],[-46.68315699999993,-21.941369999345326],[-46.68508999999994,-21.941369999345326],[-46.685089999999946,-21.941277499345325],[-46.68509299999994,-21.94127749934534],[-46.68509299999994,-21.943922999345254]]]}},{"type":"Feature","properties":{"PROCESSO":"820221/2024","NUMERO":820221,"ANO":2024,"AREA_HA":19.6,"FASE":"AUTORIZAÇÃO DE PESQUISA","ULT_EVENTO":"264 - AUT PESQ/TAH - PAGAMENTO EFETUADO EM 13/07/2026","NOME":"VIRIDIS MINERACAO LTDA","SUBS":"TERRAS RARAS","USO":"Industrial","UF":"SP","DSProcesso":"820.221/2024","category":"direct_ree","category_label":"Terras Raras (REE)","lon":-46.643325999999966,"lat":-21.70348405995098},"geometry":{"type":"Polygon","coordinates":[[[-46.64236999999998,-21.706346762350915],[-46.64236999999998,-21.699189999351074],[-46.64475999999996,-21.699189999351074],[-46.64475999999996,-21.706346776350927],[-46.64236999999998,-21.706346762350915]]]}},{"type":"Feature","properties":{"PROCESSO":"820222/2024","NUMERO":820222,"ANO":2024,"AREA_HA":66.83,"FASE":"AUTORIZAÇÃO DE PESQUISA","ULT_EVENTO":"264 - AUT PESQ/TAH - PAGAMENTO EFETUADO EM 13/07/2026","NOME":"VIRIDIS MINERACAO LTDA","SUBS":"TERRAS RARAS","USO":"Industrial","UF":"SP","DSProcesso":"820.222/2024","category":"direct_ree","category_label":"Terras Raras (REE)","lon":-46.65159205787495,"lat":-21.715675382225697},"geometry":{"type":"Polygon","coordinates":[[[-46.64913366299994,-21.71357190935072],[-46.65299958899993,-21.713571854350732],[-46.65299972599996,-21.713569999350735],[-46.65299999999996,-21.70776999935092],[-46.653168026999936,-21.70776999935092],[-46.65316808799998,-21.727788579350435],[-46.649133706999976,-21.727788807350418],[-46.64913366299994,-21.71357190935072]]]}},{"type":"Feature","properties":{"PROCESSO":"820286/2023","NUMERO":820286,"ANO":2023,"AREA_HA":16.56,"FASE":"AUTORIZAÇÃO DE PESQUISA","ULT_EVENTO":"265 - AUT PESQ/PRORROGAÇÃO PRAZO ALVARÁ-SOLICITAÇÃO PROTOC EM 27/08/2026","NOME":"AXEL REE LTDA","SUBS":"TERRAS RARAS","USO":"Industrial","UF":"SP","DSProcesso":"820.286/2023","category":"direct_ree","category_label":"Terras Raras (REE)","lon":-46.6776641803333,"lat":-21.9379097948454},"geometry":{"type":"Polygon","coordinates":[[[-46.676186487999985,-21.938676943345392],[-46.67618621399998,-21.935893924345454],[-46.68061964699996,-21.93589328734544],[-46.680619657999955,-21.93915882934536],[-46.67618658699997,-21.939158841345353],[-46.676186487999985,-21.938676943345392]]]}},{"type":"Feature","properties":{"PROCESSO":"820287/2023","NUMERO":820287,"ANO":2023,"AREA_HA":899.49,"FASE":"AUTORIZAÇÃO DE PESQUISA","ULT_EVENTO":"265 - AUT PESQ/PRORROGAÇÃO PRAZO ALVARÁ-SOLICITAÇÃO PROTOC EM 28/07/2026","NOME":"AXEL REE LTDA","SUBS":"TERRAS RARAS","USO":"Industrial","UF":"SP","DSProcesso":"820.287/2023","category":"direct_ree","category_label":"Terras Raras (REE)","lon":-46.694483340520776,"lat":-21.982617435115177},"geometry":{"type":"Polygon","coordinates":[[[-46.708222777999936,-21.960829166344837],[-46.70824861099993,-21.960829166344837],[-46.70824861099993,-21.961313610344884],[-46.71614861099994,-21.961313610344884],[-46.71614861099994,-21.961213610344846],[-46.71918027799995,-21.961213610344846],[-46.71918027799995,-21.963815229344807],[-46.71711559299997,-21.9638152353448],[-46.717115681999985,-21.9921487033441],[-46.71818027799998,-21.99214870034413],[-46.71818027799998,-21.99832916634397],[-46.71508619699994,-21.99832916634397],[-46.715086257999985,-21.996347587344008],[-46.687971464999976,-21.996344620344004],[-46.68797102699995,-21.99832916634397],[-46.68796992999995,-21.99832916634397],[-46.68796992399996,-21.99634844634402],[-46.683127996999985,-21.996348388344],[-46.68312793599995,-21.99832916634397],[-46.667988888999965,-21.99832916634397],[-46.667988888999965,-21.994998888344035],[-46.66788888899998,-21.994998888344035],[-46.66788888899998,-21.99239888834413],[-46.66788111099999,-21.99239888834413],[-46.667881110999986,-21.99151999934417],[-46.67055888899995,-21.99151999934417],[-46.67055888899995,-21.99065583234415],[-46.67330166699998,-21.99065583234415],[-46.673301666999976,-21.99011611034418],[-46.67523944399994,-21.99011611034418],[-46.67523944399995,-21.98975749934417],[-46.676376388999984,-21.98975749934417],[-46.676376388999984,-21.98930999934417],[-46.686366943999985,-21.98930999934417],[-46.68636694399998,-21.98561277734429],[-46.69250999999998,-21.985612777344283],[-46.69250999999997,-21.983129999344342],[-46.69903999999997,-21.983129999344342],[-46.69903999999997,-21.980039999344434],[-46.70507055599995,-21.980039999344434],[-46.70507055599995,-21.977279721344463],[-46.708222777999936,-21.977279721344452],[-46.70822277799993,-21.96478944334479],[-46.70768027799994,-21.96478944334478],[-46.70768027799994,-21.964751388344773],[-46.70822277799993,-21.964751388344773],[-46.70822277799993,-21.96208194334486],[-46.708222777999936,-21.960829166344837]]]}},{"type":"Feature","properties":{"PROCESSO":"820319/2023","NUMERO":820319,"ANO":2023,"AREA_HA":1603.14,"FASE":"AUTORIZAÇÃO DE PESQUISA","ULT_EVENTO":"265 - AUT PESQ/PRORROGAÇÃO PRAZO ALVARÁ-SOLICITAÇÃO PROTOC EM 28/07/2026","NOME":"AXEL REE LTDA","SUBS":"MINÉRIO DE LÍTIO","USO":"Industrial","UF":"SP","DSProcesso":"820.319/2023","category":"pegmatite_associated","category_label":"Minério de Lítio (pegmatite, REE assoc.)","lon":-46.75006196297139,"lat":-21.998864573315412},"geometry":{"type":"Polygon","coordinates":[[[-46.72288499999997,-21.95335361034504],[-46.76863499999996,-21.95335361034504],[-46.76863499999997,-21.956253610344994],[-46.76563499999998,-21.956253610344994],[-46.76563499999998,-21.95775361034492],[-46.76263499999993,-21.95775361034492],[-46.76263499999993,-21.958253610344943],[-46.753634999999974,-21.958253610344943],[-46.753634999999974,-21.9592536103449],[-46.75213499999995,-21.9592536103449],[-46.75213499999995,-21.961253610344862],[-46.74913499999997,-21.961253610344873],[-46.74913499999997,-21.964253610344777],[-46.74613499999998,-21.964253610344777],[-46.74613499999998,-21.96930361034464],[-46.74963499999996,-21.96930361034464],[-46.749634999999955,-21.97580361034451],[-46.751134999999984,-21.975803610344496],[-46.751134999999984,-21.977303610344492],[-46.75663499999997,-21.977303610344492],[-46.75663499999997,-21.977803610344466],[-46.75763499999994,-21.977803610344473],[-46.75763499999994,-21.979303610344452],[-46.75813499999998,-21.979303610344452],[-46.75813499999998,-21.985803610344252],[-46.75863499999997,-21.985803610344252],[-46.75863499999997,-21.987803610344212],[-46.75913499999996,-21.987803610344212],[-46.75913499999996,-21.99230361034412],[-46.76113499999997,-21.99230361034412],[-46.76113499999997,-21.994303610344087],[-46.761634999999956,-21.994303610344087],[-46.761634999999956,-21.99875361034395],[-46.76063499999998,-21.99875361034394],[-46.76063499999998,-21.999753610343948],[-46.76013499999994,-21.999753610343948],[-46.76013499999994,-22.00580361034383],[-46.76113499999997,-22.00580361034383],[-46.761134999999975,-22.00680361034378],[-46.762134999999944,-22.00680361034378],[-46.76213499999994,-22.00880361034373],[-46.76313499999998,-22.00880361034373],[-46.76313499999998,-22.01230361034364],[-46.76463499999994,-22.01230361034364],[-46.76463499999994,-22.013303610343645],[-46.76613499999996,-22.013303610343645],[-46.76613499999996,-22.015303610343608],[-46.767634999999984,-22.015303610343608],[-46.767634999999984,-22.015803610343575],[-46.76863499999996,-22.01580361034359],[-46.76863499999996,-22.01700361034353],[-46.75048499999996,-22.01700361034353],[-46.75048499999997,-22.021553610343418],[-46.75003499999997,-22.021553610343418],[-46.75003499999997,-22.022203610343404],[-46.749334999999974,-22.022203610343404],[-46.749334999999974,-22.023403610343365],[-46.748834999999985,-22.023403610343365],[-46.748834999999985,-22.02360361034337],[-46.748234999999966,-22.023603610343372],[-46.748234999999966,-22.02600361034333],[-46.747784999999965,-22.02600361034333],[-46.747784999999965,-22.027653610343283],[-46.74803499999996,-22.027653610343283],[-46.74803499999996,-22.028003610343298],[-46.748384999999985,-22.028003610343298],[-46.748384999999985,-22.029703610343223],[-46.74613499999998,-22.029703610343223],[-46.74613499999999,-22.030253610343244],[-46.74588499999993,-22.030253610343244],[-46.74588499999993,-22.03055361034322],[-46.74553499999996,-22.03055361034322],[-46.745534999999954,-22.031203610343212],[-46.744584999999965,-22.031203610343212],[-46.74458499999997,-22.031603610343215],[-46.743934999999965,-22.031603610343215],[-46.743934999999965,-22.0325036103432],[-46.74388499999998,-22.03250361034321],[-46.743884999999985,-22.032853610343153],[-46.743934999999965,-22.032853610343153],[-46.743934999999965,-22.03295361034319],[-46.74168499999996,-22.03295361034319],[-46.74168499999997,-22.021653610343446],[-46.746384999999975,-22.021653610343446],[-46.746384999999975,-22.016403610343534],[-46.75018499999993,-22.016403610343534],[-46.75018499999993,-22.00580361034383],[-46.74168499999996,-22.00580361034383],[-46.74168499999997,-22.00060361034395],[-46.715134999999975,-22.000603610343937],[-46.715134999999975,-21.99832916634397],[-46.71818027799998,-21.99832916634397],[-46.71818027799998,-21.992153610344115],[-46.74323499999998,-21.992153610344115],[-46.74323499999998,-21.986153610344275],[-46.74643499999996,-21.986153610344275],[-46.74643499999996,-21.979853610344414],[-46.74323499999998,-21.979853610344414],[-46.74323499999997,-21.969903610344648],[-46.73768499999995,-21.969903610344648],[-46.73768499999995,-21.963803610344787],[-46.71918027799995,-21.963803610344787],[-46.71918027799995,-21.961253610344862],[-46.72288499999997,-21.961253610344862],[-46.72288499999997,-21.95335361034504]]]}},{"type":"Feature","properties":{"PROCESSO":"820407/2022","NUMERO":820407,"ANO":2022,"AREA_HA":853.79,"FASE":"AUTORIZAÇÃO DE PESQUISA","ULT_EVENTO":"255 - AUT PESQ/CUMPRIMENTO EXIGÊNCIA PROTOC EM 13/07/2026","NOME":"FIDES ENERGY METALS LTDA","SUBS":"FONÓLITO","USO":"Industrial","UF":"SP","DSProcesso":"820.407/2022","category":"carbonatite_associated","category_label":"Fonólito (alkaline complex)","lon":-46.680853539372066,"lat":-21.980650732158352},"geometry":{"type":"Polygon","coordinates":[[[-46.69465638899993,-21.96478944334478],[-46.70822277799993,-21.96478944334479],[-46.708222777999936,-21.977279721344452],[-46.70507055599995,-21.977279721344463],[-46.70507055599995,-21.980039999344434],[-46.69903999999997,-21.980039999344434],[-46.69903999999997,-21.983129999344342],[-46.69250999999997,-21.983129999344342],[-46.69250999999998,-21.985612777344283],[-46.68636694399998,-21.98561277734429],[-46.686366943999985,-21.98930999934417],[-46.676376388999984,-21.98930999934417],[-46.676376388999984,-21.98975749934417],[-46.67523944399995,-21.98975749934417],[-46.67523944399994,-21.99011611034418],[-46.673301666999976,-21.99011611034418],[-46.67330166699998,-21.99065583234415],[-46.67055888899995,-21.99065583234415],[-46.67055888899995,-21.99151999934417],[-46.667881110999986,-21.99151999934417],[-46.667881110999986,-21.992444999344144],[-46.66463083299994,-21.992444999344144],[-46.66463083299993,-21.993431110344094],[-46.65886361099995,-21.993431110344094],[-46.65886357099998,-21.984777512344333],[-46.65886361099996,-21.979774395344446],[-46.66093470499993,-21.97977413834444],[-46.66093468299994,-21.97964752534442],[-46.66893249999999,-21.979647499344406],[-46.66893252399996,-21.979645913344417],[-46.66893249999999,-21.97435375334453],[-46.67835211199997,-21.974351324344525],[-46.67835209899994,-21.97431055534458],[-46.682136943999986,-21.97431055534458],[-46.682136943999986,-21.973031388344594],[-46.682983332999974,-21.973031388344605],[-46.68298333299998,-21.9724680553446],[-46.68859638899994,-21.97246805534461],[-46.68859638899994,-21.969899999344644],[-46.69247027799997,-21.969899999344644],[-46.69247027799997,-21.967812499344728],[-46.69465638899993,-21.967812499344742],[-46.69465638899993,-21.96478944334478]]]}},{"type":"Feature","properties":{"PROCESSO":"820499/2023","NUMERO":820499,"ANO":2023,"AREA_HA":60.53,"FASE":"AUTORIZAÇÃO DE PESQUISA","ULT_EVENTO":"265 - AUT PESQ/PRORROGAÇÃO PRAZO ALVARÁ-SOLICITAÇÃO PROTOC EM 11/08/2026","NOME":"ELO VERDE MINERACAO LTDA","SUBS":"TERRAS RARAS","USO":"Industrial","UF":"SP","DSProcesso":"820.499/2023","category":"direct_ree","category_label":"Terras Raras (REE)","lon":-46.7317599629333,"lat":-21.87004801774703},"geometry":{"type":"Polygon","coordinates":[[[-46.73460055599998,-21.868412499347084],[-46.734600555999975,-21.869960832347008],[-46.733875832999956,-21.869960832347008],[-46.73387583299996,-21.87085194334703],[-46.733274999999935,-21.87085194334703],[-46.733274999999935,-21.871874721346995],[-46.73183694399995,-21.871874721346995],[-46.73183694399995,-21.873757499346933],[-46.725714721999964,-21.873757499346933],[-46.725714721999964,-21.86904583234706],[-46.72544888899995,-21.86904583234706],[-46.72544888899995,-21.867250555347066],[-46.736147499999966,-21.867250555347066],[-46.73614749999996,-21.868412499347084],[-46.73460055599998,-21.868412499347084]]]}},{"type":"Feature","properties":{"PROCESSO":"820503/2023","NUMERO":820503,"ANO":2023,"AREA_HA":385.43,"FASE":"AUTORIZAÇÃO DE PESQUISA","ULT_EVENTO":"265 - AUT PESQ/PRORROGAÇÃO PRAZO ALVARÁ-SOLICITAÇÃO PROTOC EM 11/08/2026","NOME":"ELO VERDE MINERACAO LTDA","SUBS":"TERRAS RARAS","USO":"Industrial","UF":"SP","DSProcesso":"820.503/2023","category":"direct_ree","category_label":"Terras Raras (REE)","lon":-46.717344930499976,"lat":-21.817291707548275},"geometry":{"type":"Polygon","coordinates":[[[-46.71220249999993,-21.836657221347792],[-46.71220249999994,-21.828249721348023],[-46.717387221999964,-21.828249721348023],[-46.71738722199996,-21.819883332348216],[-46.721579443999985,-21.819883332348216],[-46.721579443999985,-21.80589472134854],[-46.712922221999975,-21.80589472134854],[-46.712922221999975,-21.811367777348448],[-46.71244333299996,-21.811367777348444],[-46.71244333299996,-21.805800832348584],[-46.713727777999964,-21.805800832348584],[-46.713727777999964,-21.799728332348707],[-46.72219805599997,-21.799728332348707],[-46.72219805599997,-21.7988116663487],[-46.727905832999966,-21.798811666348705],[-46.727905832999966,-21.82987499934798],[-46.71798777799995,-21.82987499934798],[-46.71798777799995,-21.83663972134784],[-46.71798777799995,-21.836657221347792],[-46.71220249999993,-21.836657221347792]]]}},{"type":"Feature","properties":{"PROCESSO":"820504/2023","NUMERO":820504,"ANO":2023,"AREA_HA":19.19,"FASE":"AUTORIZAÇÃO DE PESQUISA","ULT_EVENTO":"265 - AUT PESQ/PRORROGAÇÃO PRAZO ALVARÁ-SOLICITAÇÃO PROTOC EM 11/08/2026","NOME":"RCO MINERACAO LTDA","SUBS":"TERRAS RARAS","USO":"Industrial","UF":"SP","DSProcesso":"820.504/2023","category":"direct_ree","category_label":"Terras Raras (REE)","lon":-46.687623549222195,"lat":-21.852703240014122},"geometry":{"type":"Polygon","coordinates":[[[-46.68942083299999,-21.849944721347523],[-46.689420832999986,-21.85654999934737],[-46.68920861099997,-21.856549999347358],[-46.68920861099997,-21.854203055347412],[-46.68591861099998,-21.854203055347412],[-46.685918610999984,-21.851494443347484],[-46.68504749999994,-21.851494443347484],[-46.68504749999994,-21.849944721347523],[-46.68942083299999,-21.849944721347523]]]}},{"type":"Feature","properties":{"PROCESSO":"820538/2023","NUMERO":820538,"ANO":2023,"AREA_HA":2.61,"FASE":"REQUERIMENTO DE PESQUISA","ULT_EVENTO":"180 - REQ PESQ/PEDIDO RECONSIDERAÇÃO PROTOC EM 26/11/2025","NOME":"MINERACAO MONTE FORMOSO LTDA","SUBS":"TERRAS RARAS","USO":"Industrial","UF":"MG","DSProcesso":"820.538/2023","category":"direct_ree","category_label":"Terras Raras (REE)","lon":-46.65177914753842,"lat":-21.882281386039043},"geometry":{"type":"Polygon","coordinates":[[[-46.650903347999986,-21.881493383346758],[-46.65053888899996,-21.88082029234676],[-46.65053888899996,-21.880813066346775],[-46.65092026399998,-21.881517319346752],[-46.65210497199996,-21.882646546346752],[-46.65570042199994,-21.88413018934669],[-46.65282059099996,-21.884130282346675],[-46.652820565999946,-21.883227173346707],[-46.65185294599996,-21.883227192346737],[-46.65185292999996,-21.882414394346725],[-46.65128423699997,-21.881872395346736],[-46.650887515999955,-21.88187240034674],[-46.650903347999986,-21.881493383346758]]]}},{"type":"Feature","properties":{"PROCESSO":"820609/2022","NUMERO":820609,"ANO":2022,"AREA_HA":124.38,"FASE":"REQUERIMENTO DE PESQUISA","ULT_EVENTO":"122 - REQ PESQ/INDEFERIMENTO P/NÃO CUMPRIMENTO DE EXIGÊNCIA PUBL EM 12/06/2023","NOME":"BRAZIL ROYALTY CORP PARTICIPACOES E INVESTIMENTOS LTDA.","SUBS":"TERRAS RARAS","USO":"Industrial","UF":"SP","DSProcesso":"820.609/2022","category":"direct_ree","category_label":"Terras Raras (REE)","lon":-46.695772024086935,"lat":-21.938416127410616},"geometry":{"type":"Polygon","coordinates":[[[-46.687233610999954,-21.933354999345514],[-46.68793361099995,-21.933354999345514],[-46.68793361099995,-21.933417499345524],[-46.69173361099996,-21.933417499345524],[-46.69173361099996,-21.933430204345544],[-46.69171080299998,-21.933430204345544],[-46.691710634999936,-21.937945722345372],[-46.69751857299997,-21.937945808345397],[-46.697518572999975,-21.937917499345417],[-46.69753361099998,-21.937917499345417],[-46.69753361099998,-21.933417499345524],[-46.70223361099993,-21.933417499345524],[-46.70223361099994,-21.933354999345514],[-46.708251436999944,-21.933354999345514],[-46.707658612999985,-21.933738035345524],[-46.70772235499993,-21.93486619634549],[-46.708074986999975,-21.934840445345483],[-46.70823194399998,-21.934779339345504],[-46.70823194399997,-21.934984721345494],[-46.701208888999986,-21.934984721345494],[-46.701208888999986,-21.94071749934534],[-46.699033610999955,-21.940717499345343],[-46.69903361099995,-21.94073239534532],[-46.69900832299993,-21.94073239634537],[-46.699008335999956,-21.943417499345284],[-46.697333610999976,-21.943417499345273],[-46.697333610999976,-21.94344166434529],[-46.69728194399995,-21.943441666345272],[-46.69728194399994,-21.94351749934525],[-46.69723361099995,-21.94351749934525],[-46.697233610999945,-21.944216715345274],[-46.69358552999995,-21.944217499345285],[-46.69333361099996,-21.944217532345277],[-46.69333361099996,-21.944117499345253],[-46.69326487999996,-21.944117499345253],[-46.69326496599995,-21.94124999934534],[-46.69323361099998,-21.94124999934534],[-46.69323361099998,-21.941217499345317],[-46.68714956799994,-21.941217499345317],[-46.687149500999965,-21.940902057345337],[-46.68713361099998,-21.940902060345365],[-46.68713361099998,-21.940901247345323],[-46.687149500999965,-21.94090124434535],[-46.68714791999997,-21.933417499345524],[-46.687233610999954,-21.933417499345524],[-46.687233610999954,-21.933354999345514]]]}},{"type":"Feature","properties":{"PROCESSO":"820610/2022","NUMERO":820610,"ANO":2022,"AREA_HA":106.21,"FASE":"AUTORIZAÇÃO DE PESQUISA","ULT_EVENTO":"265 - AUT PESQ/PRORROGAÇÃO PRAZO ALVARÁ-SOLICITAÇÃO PROTOC EM 20/01/2026","NOME":"ALPHA MINERALS BRAZIL PARTICIPACOES LTDA.","SUBS":"TERRAS RARAS","USO":"Industrial","UF":"SP","DSProcesso":"820.610/2022","category":"direct_ree","category_label":"Terras Raras (REE)","lon":-46.713581944333285,"lat":-21.957714960344944},"geometry":{"type":"Polygon","coordinates":[[[-46.70824861099994,-21.954850980345007],[-46.70974861099996,-21.95485102034502],[-46.70974861099996,-21.954913610344992],[-46.72284861099996,-21.954913610344992],[-46.72284861099996,-21.961213610344856],[-46.71614861099994,-21.961213610344846],[-46.71614861099994,-21.961313610344884],[-46.70824861099993,-21.961313610344884],[-46.70824861099994,-21.954850980345007]]]}},{"type":"Feature","properties":{"PROCESSO":"820611/2022","NUMERO":820611,"ANO":2022,"AREA_HA":294.14,"FASE":"AUTORIZAÇÃO DE PESQUISA","ULT_EVENTO":"265 - AUT PESQ/PRORROGAÇÃO PRAZO ALVARÁ-SOLICITAÇÃO PROTOC EM 20/01/2026","NOME":"ALPHA MINERALS BRAZIL PARTICIPACOES LTDA.","SUBS":"TERRAS RARAS","USO":"Industrial","UF":"SP","DSProcesso":"820.611/2022","category":"direct_ree","category_label":"Terras Raras (REE)","lon":-46.691284580333296,"lat":-21.96577308890615},"geometry":{"type":"Polygon","coordinates":[[[-46.69152277799998,-21.955055244345033],[-46.69728194399994,-21.955053928345027],[-46.69728194399995,-21.958040277344917],[-46.69732277799994,-21.958040277344917],[-46.69732277799994,-21.958051388344906],[-46.706022777999976,-21.958051388344906],[-46.706022777999976,-21.961851388344837],[-46.70482277799994,-21.96185138834483],[-46.70482277799994,-21.96186388834486],[-46.70477138899997,-21.96186388834486],[-46.70477138899997,-21.961951388344858],[-46.70472277799996,-21.961951388344858],[-46.70472277799996,-21.962051388344836],[-46.70477138899997,-21.962051388344836],[-46.70477138899997,-21.96208194334486],[-46.70822277799993,-21.96208194334486],[-46.70822277799993,-21.964751388344773],[-46.69472277799997,-21.964751388344773],[-46.69472277799997,-21.96478944334478],[-46.69465638899993,-21.96478944334478],[-46.69465638899993,-21.964851388344748],[-46.69462277799994,-21.964851388344748],[-46.69462277799994,-21.967812499344742],[-46.69247027799997,-21.967812499344728],[-46.69247027799997,-21.96785138834472],[-46.69242277799998,-21.96785138834472],[-46.69242277799998,-21.96985138834462],[-46.68862277799997,-21.96985138834462],[-46.68862277799997,-21.969899999344644],[-46.68859638899994,-21.969899999344644],[-46.68859638899994,-21.9724513883446],[-46.68302277799995,-21.9724513883446],[-46.68302277799995,-21.9724680553446],[-46.68298333299998,-21.9724680553446],[-46.68298333299998,-21.972951388344566],[-46.68292277799998,-21.972951388344566],[-46.68292277799997,-21.973031388344594],[-46.682136943999986,-21.973031388344594],[-46.68213694399998,-21.973051388344594],[-46.68212277799996,-21.973051388344594],[-46.68212277799996,-21.97431055534458],[-46.67842277799997,-21.97431055534458],[-46.67842277799997,-21.97425138834455],[-46.67835207899998,-21.97425138834455],[-46.67835036799994,-21.969055552344695],[-46.68134625599999,-21.969055134344682],[-46.68134572499997,-21.96595138834473],[-46.68142277799995,-21.96595138834473],[-46.681422777999956,-21.965894272344737],[-46.68425025299996,-21.965893826344733],[-46.68424965199995,-21.962751388344817],[-46.68662277799996,-21.962751388344817],[-46.686622777999965,-21.962732561344794],[-46.68667004099996,-21.962732553344825],[-46.68666892099998,-21.957351388344936],[-46.69152277799998,-21.957351388344936],[-46.69152277799998,-21.955055244345033]]]}},{"type":"Feature","properties":{"PROCESSO":"820612/2022","NUMERO":820612,"ANO":2022,"AREA_HA":227.22,"FASE":"AUTORIZAÇÃO DE PESQUISA","ULT_EVENTO":"265 - AUT PESQ/PRORROGAÇÃO PRAZO ALVARÁ-SOLICITAÇÃO PROTOC EM 20/01/2026","NOME":"ALPHA MINERALS BRAZIL PARTICIPACOES LTDA.","SUBS":"TERRAS RARAS","USO":"Industrial","UF":"SP","DSProcesso":"820.612/2022","category":"direct_ree","category_label":"Terras Raras (REE)","lon":-46.6573094771351,"lat":-21.99510413391162},"geometry":{"type":"Polygon","coordinates":[[[-46.64678888899994,-21.984798888344276],[-46.65886357099998,-21.984798888344276],[-46.65886361099995,-21.993431110344094],[-46.66463083299993,-21.993431110344094],[-46.66463083299993,-21.993398888344082],[-46.66468888899993,-21.993398888344082],[-46.664688888999926,-21.992444999344144],[-46.667881110999986,-21.992444999344144],[-46.66788111099999,-21.99239888834413],[-46.66788888899998,-21.99239888834413],[-46.66788888899998,-21.994998888344035],[-46.667988888999965,-21.994998888344035],[-46.66798888899996,-22.002998888343885],[-46.66808888899993,-22.002998888343885],[-46.66808888899993,-22.006998888343748],[-46.66748888899997,-22.006998888343748],[-46.66748888899997,-22.007098888343776],[-46.657688888999985,-22.007098888343776],[-46.657688888999985,-22.007498888343783],[-46.64728888899998,-22.007498888343783],[-46.64728888899998,-22.00529888834382],[-46.65188888899996,-22.00529888834382],[-46.65188888899996,-22.00527535934379],[-46.651902554999936,-22.005275358343802],[-46.651902241999956,-22.002598888343872],[-46.65818888899997,-22.002598888343872],[-46.658188888999966,-21.985998888344294],[-46.658165295999936,-21.985998888344294],[-46.65816529199997,-21.985975417344267],[-46.645388888999946,-21.985976671344254],[-46.645388888999946,-21.98579888834428],[-46.64528888899997,-21.985798888344295],[-46.64528888899997,-21.985014036344268],[-46.64672098799997,-21.985013907344264],[-46.64672098599994,-21.984998888344272],[-46.646788888999936,-21.984998888344272],[-46.64678888899994,-21.984798888344276]]]}},{"type":"Feature","properties":{"PROCESSO":"830018/2024","NUMERO":830018,"ANO":2024,"AREA_HA":66.8,"FASE":"AUTORIZAÇÃO DE PESQUISA","ULT_EVENTO":"264 - AUT PESQ/TAH - PAGAMENTO EFETUADO EM 31/07/2026","NOME":"I.R.S Minerals Extração de Minerais EIRELI","SUBS":"TERRAS RARAS","USO":"Industrial","UF":"MG","DSProcesso":"830.018/2024","category":"direct_ree","category_label":"Terras Raras (REE)","lon":-46.690132830129,"lat":-21.816460867348297},"geometry":{"type":"Polygon","coordinates":[[[-46.69658161499996,-21.812120064348385],[-46.70205999999997,-21.812120076348425],[-46.70205999999996,-21.814839999348333],[-46.702004664999954,-21.814839999348333],[-46.702004562999946,-21.81227358834842],[-46.70199999999994,-21.81227358834842],[-46.70199999999994,-21.812269999348402],[-46.69671999999997,-21.812269999348402],[-46.696719999999964,-21.815639999348342],[-46.69644999999997,-21.81563999934835],[-46.69644999999998,-21.815698776348327],[-46.69426947699998,-21.815699010348304],[-46.694269994999964,-21.82041999934821],[-46.681989999999985,-21.82041999934821],[-46.681989999999985,-21.8200645693482],[-46.68483012799993,-21.82006448634822],[-46.68483006399998,-21.820059999348217],[-46.68482996999995,-21.815699816348292],[-46.679082171999944,-21.815699916348333],[-46.67907999999994,-21.815699999348293],[-46.679079999999935,-21.822019999348164],[-46.676123939999975,-21.822019999348175],[-46.67612381999993,-21.8196199993482],[-46.679059999999936,-21.8196199993482],[-46.67905999999993,-21.81961743534821],[-46.67906204899998,-21.8196174353482],[-46.67906203599995,-21.815459999348338],[-46.696579999999976,-21.815459999348338],[-46.69657999999998,-21.815459035348294],[-46.696581624999965,-21.815459035348304],[-46.69658161499996,-21.812120064348385]]]}},{"type":"Feature","properties":{"PROCESSO":"830026/2024","NUMERO":830026,"ANO":2024,"AREA_HA":0.96,"FASE":"REQUERIMENTO DE PESQUISA","ULT_EVENTO":"180 - REQ PESQ/PEDIDO RECONSIDERAÇÃO PROTOC EM 16/06/2024","NOME":"VIRIDIS MINERACAO LTDA","SUBS":"TERRAS RARAS","USO":"Industrial","UF":"MG","DSProcesso":"830.026/2024","category":"direct_ree","category_label":"Terras Raras (REE)","lon":-46.48868671428567,"lat":-21.788803374777537},"geometry":{"type":"Polygon","coordinates":[[[-46.48909499999996,-21.789318813348952],[-46.48815099999996,-21.78931799934897],[-46.48815099999996,-21.787963999348957],[-46.48860999999994,-21.787963999348957],[-46.48860999999994,-21.788869999348982],[-46.48909499999996,-21.788869999348982],[-46.48909499999996,-21.789318813348952]]]}},{"type":"Feature","properties":{"PROCESSO":"830040/2024","NUMERO":830040,"ANO":2024,"AREA_HA":1892.3,"FASE":"AUTORIZAÇÃO DE PESQUISA","ULT_EVENTO":"264 - AUT PESQ/TAH - PAGAMENTO EFETUADO EM 18/07/2025","NOME":"CROSS SECTION CONSULTORIA E PARTICIPAÇÕES LTDA","SUBS":"TERRAS RARAS","USO":"Industrial","UF":"MG","DSProcesso":"830.040/2024","category":"direct_ree","category_label":"Terras Raras (REE)","lon":-46.28321318039996,"lat":-22.07066600386227},"geometry":{"type":"Polygon","coordinates":[[[-46.30692614299994,-22.072962499342218],[-46.30692612699993,-22.062598055342455],[-46.32843638899993,-22.062598055342455],[-46.32843638899993,-22.096812499341638],[-46.27433055599994,-22.09681249934165],[-46.27433055599994,-22.082511943342013],[-46.270019443999956,-22.082511943342013],[-46.27001944399995,-22.068433610342293],[-46.27001944399995,-22.06694777734233],[-46.271008888999965,-22.06694777734233],[-46.27100888899997,-22.066384721342367],[-46.27171222199996,-22.066384721342367],[-46.27171333299998,-22.066384721342367],[-46.27171333299998,-22.066037221342395],[-46.272361666999984,-22.066037221342395],[-46.272361666999984,-22.0654927773424],[-46.27336444399999,-22.0654927773424],[-46.273366666999955,-22.0654927773424],[-46.273366666999955,-22.065063610342417],[-46.27336999999994,-22.065063610342417],[-46.27336999999994,-22.065148332342417],[-46.28415809299998,-22.065148332342417],[-46.28415682799994,-22.073209295342213],[-46.30692617599993,-22.073210817342208],[-46.30692614299994,-22.072962499342218]]]}},{"type":"Feature","properties":{"PROCESSO":"830041/2024","NUMERO":830041,"ANO":2024,"AREA_HA":1836.61,"FASE":"AUTORIZAÇÃO DE PESQUISA","ULT_EVENTO":"193 - AUT PESQ/TRANSF DIREITOS-CESSÃO TOTAL NEGADA PUBL EM 22/05/2025","NOME":"CROSS SECTION CONSULTORIA E PARTICIPAÇÕES LTDA","SUBS":"TERRAS RARAS","USO":"Industrial","UF":"MG","DSProcesso":"830.041/2024","category":"direct_ree","category_label":"Terras Raras (REE)","lon":-46.10507413631248,"lat":-22.017524618906023},"geometry":{"type":"Polygon","coordinates":[[[-46.085809394999956,-22.017488606343534],[-46.09238138899997,-22.017488594343554],[-46.09243472699996,-22.017488579343542],[-46.09243469299997,-22.00639638834381],[-46.10311144899998,-22.006396331343787],[-46.107345512999984,-22.006396325343797],[-46.10734828999995,-22.00639630434378],[-46.11141972199994,-22.006396297343798],[-46.11158235299996,-22.00639625234377],[-46.111582330999966,-21.999469275343955],[-46.130578878999984,-21.999469223343933],[-46.130578878999984,-21.999362777343972],[-46.13630944399995,-21.999362777343972],[-46.136309443999956,-22.005789721343824],[-46.150512221999975,-22.005789721343824],[-46.15051222199997,-22.026552777343294],[-46.12275083299994,-22.026552777343294],[-46.12275083299994,-22.030814443343186],[-46.10233083299994,-22.03081444334319],[-46.10233083299994,-22.038699443343045],[-46.098468055999945,-22.038699443343045],[-46.098468055999945,-22.0278408323433],[-46.098468055999945,-22.027682221343273],[-46.09483333299995,-22.027682221343273],[-46.09483333299994,-22.0278408323433],[-46.07985499999995,-22.027840832343287],[-46.07985499999995,-22.02584420934332],[-46.07988242599998,-22.02584420934333],[-46.079882408999936,-22.020167784343467],[-46.085793610999986,-22.020167776343484],[-46.085809402999985,-22.020167776343484],[-46.085809394999956,-22.017488606343534]]]}},{"type":"Feature","properties":{"PROCESSO":"830041/2026","NUMERO":830041,"ANO":2026,"AREA_HA":490.24,"FASE":"AUTORIZAÇÃO DE PESQUISA","ULT_EVENTO":"100 - REQ PESQ/REQUERIMENTO PESQUISA PROTOC EM 13/01/2026","NOME":"BRASIL MUNDI EXPORTACAO E MINERACAO LTDA","SUBS":"MINÉRIO DE LÍTIO","USO":"Industrial","UF":"MG","DSProcesso":"830.041/2026","category":"pegmatite_associated","category_label":"Minério de Lítio (pegmatite, REE assoc.)","lon":-46.42313739323071,"lat":-22.338460469489817},"geometry":{"type":"Polygon","coordinates":[[[-46.40177499999993,-22.33023055533615],[-46.430155555999924,-22.33023055533615],[-46.43015555599993,-22.33456111033608],[-46.433824999999956,-22.33456111033608],[-46.433824999999956,-22.34100277733592],[-46.44207499999993,-22.34100277733592],[-46.44207499999993,-22.351711110335643],[-46.42568611099994,-22.351711110335643],[-46.42568611099994,-22.343047221335844],[-46.41598888899995,-22.343047221335844],[-46.41598888899995,-22.33432499933609],[-46.40177499999993,-22.33432499933609],[-46.40177499999993,-22.33023055533615]]]}},{"type":"Feature","properties":{"PROCESSO":"830042/2024","NUMERO":830042,"ANO":2024,"AREA_HA":1173.46,"FASE":"AUTORIZAÇÃO DE PESQUISA","ULT_EVENTO":"795 - AUT PESQ/RELATÓRIO FINAL PESQUISA NEGATIVO PROTOC EM 15/07/2026","NOME":"CROSSROADS PESQUISA MINERAL LTDA","SUBS":"TERRAS RARAS","USO":"Industrial","UF":"MG","DSProcesso":"830.042/2024","category":"direct_ree","category_label":"Terras Raras (REE)","lon":-46.109813556333286,"lat":-22.06575522934238},"geometry":{"type":"Polygon","coordinates":[[[-46.10743805599998,-22.048044721342784],[-46.11750527799995,-22.048044721342784],[-46.11750527799995,-22.061591388342464],[-46.12180361099996,-22.061591388342464],[-46.12180361099996,-22.05335472134266],[-46.137282499999976,-22.05335472134266],[-46.13728249999997,-22.070024264342305],[-46.123311816999944,-22.070024302342294],[-46.12331181799994,-22.070281666342275],[-46.11672388899996,-22.07028166634229],[-46.11672388899996,-22.0655299993424],[-46.10929999999997,-22.0655299993424],[-46.10929999999997,-22.067909443342327],[-46.10520722199993,-22.067909443342327],[-46.10520722199993,-22.074096110342193],[-46.11291666699997,-22.074096110342193],[-46.11291666699998,-22.083708888341988],[-46.10949027799995,-22.083708888341988],[-46.109490277999946,-22.081139166342016],[-46.10311333299995,-22.081139166342016],[-46.10311333299995,-22.07809361034207],[-46.09378583299996,-22.07809361034206],[-46.09378583299997,-22.074762221342176],[-46.08711194399996,-22.074762221342176],[-46.087111943999965,-22.057939721342574],[-46.08711194399996,-22.052399999342725],[-46.10247444399994,-22.052399999342725],[-46.10740138899997,-22.052399999342725],[-46.10743805599998,-22.052399999342725],[-46.10743805599998,-22.048044721342784]]]}},{"type":"Feature","properties":{"PROCESSO":"830044/2024","NUMERO":830044,"ANO":2024,"AREA_HA":396.98,"FASE":"AUTORIZAÇÃO DE PESQUISA","ULT_EVENTO":"264 - AUT PESQ/TAH - PAGAMENTO EFETUADO EM 18/07/2025","NOME":"CROSS SECTION CONSULTORIA E PARTICIPAÇÕES LTDA","SUBS":"TERRAS RARAS","USO":"Industrial","UF":"MG","DSProcesso":"830.044/2024","category":"direct_ree","category_label":"Terras Raras (REE)","lon":-46.33692367599996,"lat":-22.065978780024192},"geometry":{"type":"Polygon","coordinates":[[[-46.341133541999966,-22.078911943342092],[-46.34113355399995,-22.07792158634208],[-46.338904990999936,-22.07792154834208],[-46.33890504799996,-22.07588959934217],[-46.33696719499994,-22.075889540342175],[-46.33696723299994,-22.074986452342163],[-46.33599831199996,-22.07498641434216],[-46.33599880199995,-22.064916973342413],[-46.334303310999985,-22.06491689234243],[-46.33430336599997,-22.064013802342433],[-46.33333451999994,-22.06401374934243],[-46.33333455099996,-22.063562204342468],[-46.33236570699996,-22.063562144342423],[-46.332366357999945,-22.05480217134263],[-46.330428791999964,-22.054802034342654],[-46.33042899299994,-22.052506110342698],[-46.33042999999998,-22.052506110342698],[-46.33042999999997,-22.052533332342673],[-46.34779916699995,-22.052533332342673],[-46.34782694399996,-22.052533332342673],[-46.34782694399996,-22.078911943342092],[-46.341133541999966,-22.078911943342092]]]}},{"type":"Feature","properties":{"PROCESSO":"830082/2023","NUMERO":830082,"ANO":2023,"AREA_HA":1549.63,"FASE":"AUTORIZAÇÃO DE PESQUISA","ULT_EVENTO":"209 - AUT PESQ/INÍCIO DE PESQUISA COMUNICADO PROTOC EM 25/09/2026","NOME":"AXEL REE LTDA","SUBS":"TERRAS RARAS","USO":"Industrial","UF":"MG","DSProcesso":"830.082/2023","category":"direct_ree","category_label":"Terras Raras (REE)","lon":-46.57285047462917,"lat":-21.73722553305806},"geometry":{"type":"Polygon","coordinates":[[[-46.53060777799993,-21.743652499350016],[-46.53155777799998,-21.743652499350016],[-46.53155777799998,-21.743952499350055],[-46.547457777999966,-21.743952499350065],[-46.547457777999966,-21.74675249934997],[-46.56020777799995,-21.746752499349956],[-46.56020777799994,-21.74665249934999],[-46.57070777799999,-21.74665249934999],[-46.570707777999985,-21.746552499349967],[-46.57130777799995,-21.746552499349967],[-46.571307777999955,-21.741902499350108],[-46.57120777799997,-21.741902499350104],[-46.57120777799997,-21.732702499350307],[-46.57110777799994,-21.732702499350307],[-46.57110777799995,-21.724002499350537],[-46.55930777799995,-21.724002499350537],[-46.55930777799995,-21.719002499350594],[-46.55920777799998,-21.719002499350584],[-46.55920777799998,-21.711352499350827],[-46.57835777799995,-21.711352499350827],[-46.57835777799994,-21.71735249935066],[-46.57680777799994,-21.71735249935066],[-46.57680777799993,-21.724602499350475],[-46.57900777799994,-21.724602499350475],[-46.57900777799995,-21.726452499350426],[-46.57830777799995,-21.726452499350426],[-46.57830777799995,-21.72850249935038],[-46.57785777799995,-21.72850249935038],[-46.57785777799996,-21.72990249935039],[-46.57830777799995,-21.72990249935039],[-46.57830777799996,-21.73065249935035],[-46.57880777799994,-21.73065249935036],[-46.57880777799995,-21.731202499350324],[-46.57965777799996,-21.731202499350317],[-46.579657777999955,-21.72915249935036],[-46.57895777799995,-21.729152499350366],[-46.57895777799996,-21.727402499350458],[-46.581507777999946,-21.727402499350458],[-46.581507777999946,-21.72950249935038],[-46.58085777799994,-21.72950249935038],[-46.58085777799994,-21.731202499350324],[-46.58110777799993,-21.731202499350324],[-46.58110777799993,-21.731552499350336],[-46.58790777799993,-21.731552499350336],[-46.58790777799993,-21.731202499350324],[-46.58840777799998,-21.731202499350324],[-46.588407777999976,-21.730552499350328],[-46.58980777799997,-21.73055249935032],[-46.589807777999965,-21.731202499350324],[-46.59065777799998,-21.731202499350324],[-46.590657777999986,-21.730402499350365],[-46.589957777999985,-21.730402499350365],[-46.589957777999985,-21.72995249935037],[-46.58940777799995,-21.72995249935037],[-46.58940777799995,-21.728652499350385],[-46.59035777799994,-21.728652499350385],[-46.59035777799994,-21.727252499350442],[-46.58960777799996,-21.727252499350442],[-46.58960777799996,-21.724602499350485],[-46.595507777999956,-21.724602499350485],[-46.595507777999956,-21.73210249935029],[-46.60500777799996,-21.73210249935029],[-46.605007777999965,-21.732952499350304],[-46.60515777799998,-21.73295249935029],[-46.60515777799998,-21.74245249935007],[-46.60700777799997,-21.74245249935007],[-46.60700777799997,-21.75300249934984],[-46.57175777799995,-21.75300249934984],[-46.57175777799995,-21.763402499349546],[-46.571507777999955,-21.763402499349535],[-46.571507777999955,-21.76055249934964],[-46.56820777799994,-21.76055249934964],[-46.56820777799994,-21.758902499349702],[-46.56375777799997,-21.758902499349702],[-46.56375777799997,-21.757252499349686],[-46.55965777799998,-21.757252499349686],[-46.55965777799997,-21.755952499349775],[-46.55605777799997,-21.755952499349775],[-46.556057777999975,-21.754502499349773],[-46.55295777799995,-21.754502499349766],[-46.55295777799995,-21.752452499349815],[-46.549257777999976,-21.752452499349808],[-46.54925777799997,-21.750952499349896],[-46.54645777799993,-21.750952499349896],[-46.54645777799993,-21.74675249934997],[-46.535907777999974,-21.74675249934997],[-46.53590777799996,-21.74565249934998],[-46.53060777799994,-21.74565249934998],[-46.53060777799993,-21.743652499350016]]]}},{"type":"Feature","properties":{"PROCESSO":"830083/2023","NUMERO":830083,"ANO":2023,"AREA_HA":1995.5,"FASE":"AUTORIZAÇÃO DE PESQUISA","ULT_EVENTO":"209 - AUT PESQ/INÍCIO DE PESQUISA COMUNICADO PROTOC EM 25/09/2026","NOME":"AXEL REE LTDA","SUBS":"TERRAS RARAS","USO":"Industrial","UF":"MG","DSProcesso":"830.083/2023","category":"direct_ree","category_label":"Terras Raras (REE)","lon":-46.56525479292534,"lat":-21.694145782933308},"geometry":{"type":"Polygon","coordinates":[[[-46.53575777799994,-21.650602499352246],[-46.54215777799993,-21.65060249935224],[-46.54215777799993,-21.65960249935204],[-46.56340777799994,-21.65960249935205],[-46.56340777799994,-21.669952499351815],[-46.56290777799995,-21.669952499351815],[-46.56290777799996,-21.674902499351695],[-46.561357777999945,-21.674902499351695],[-46.561357777999945,-21.678252499351576],[-46.562407777999965,-21.678252499351576],[-46.56240777799996,-21.68065249935154],[-46.56215777799997,-21.680652499351535],[-46.562157777999964,-21.68385249935147],[-46.563357777999954,-21.68385249935147],[-46.563357777999954,-21.685802499351436],[-46.56460777799998,-21.685802499351425],[-46.56460777799998,-21.687402499351386],[-46.56620777799998,-21.687402499351386],[-46.56620777799998,-21.68925249935134],[-46.56700777799995,-21.68925249935134],[-46.567007777999954,-21.691452499351307],[-46.57220777799995,-21.691452499351296],[-46.57220777799995,-21.690202499351305],[-46.57390777799998,-21.690202499351305],[-46.57390777799998,-21.689302499351328],[-46.57570777799998,-21.68930249935131],[-46.57570777799998,-21.6906524993513],[-46.57535777799996,-21.690652499351287],[-46.57535777799996,-21.692602499351263],[-46.57605777799996,-21.692602499351263],[-46.57605777799996,-21.69350249935125],[-46.57730777799997,-21.69350249935125],[-46.57730777799998,-21.69435249935124],[-46.57505777799997,-21.69435249935124],[-46.57505777799997,-21.698302499351115],[-46.57460777799997,-21.698302499351115],[-46.57460777799997,-21.701352499351017],[-46.57540777799994,-21.701352499351017],[-46.57540777799994,-21.70210249935104],[-46.57495777799994,-21.70210249935104],[-46.57495777799994,-21.70435249935099],[-46.57465777799996,-21.70435249935099],[-46.57465777799997,-21.706002499350934],[-46.57535777799996,-21.706002499350934],[-46.57535777799996,-21.706902499350914],[-46.575957777999974,-21.706902499350914],[-46.575957777999974,-21.707952499350917],[-46.57755777799997,-21.70795249935092],[-46.57755777799997,-21.70880249935085],[-46.57960777799997,-21.70880249935085],[-46.57960777799997,-21.71080249935081],[-46.57835777799995,-21.71080249935081],[-46.57835777799995,-21.711352499350827],[-46.55920777799998,-21.711352499350827],[-46.55920777799997,-21.711302499350786],[-46.55910777799994,-21.711302499350786],[-46.55910777799994,-21.711202499350808],[-46.55875777799997,-21.711202499350808],[-46.558757777999965,-21.711302499350786],[-46.548057777999986,-21.711302499350786],[-46.548057777999986,-21.711402499350818],[-46.53985777799994,-21.71140249935082],[-46.53985777799994,-21.71150249935079],[-46.53975777799997,-21.711502499350775],[-46.53975777799996,-21.711602499350814],[-46.53575777799995,-21.711602499350814],[-46.53575777799994,-21.650602499352246]]]}},{"type":"Feature","properties":{"PROCESSO":"830084/2023","NUMERO":830084,"ANO":2023,"AREA_HA":1327.5,"FASE":"AUTORIZAÇÃO DE PESQUISA","ULT_EVENTO":"209 - AUT PESQ/INÍCIO DE PESQUISA COMUNICADO PROTOC EM 25/09/2026","NOME":"AXEL REE LTDA","SUBS":"TERRAS RARAS","USO":"Industrial","UF":"MG","DSProcesso":"830.084/2023","category":"direct_ree","category_label":"Terras Raras (REE)","lon":-46.523650404728,"lat":-21.666169550043122},"geometry":{"type":"Polygon","coordinates":[[[-46.527757777999966,-21.645752499352383],[-46.53105777799993,-21.645752499352383],[-46.53105777799993,-21.645902499352395],[-46.531307777999984,-21.645902499352395],[-46.531307777999984,-21.646152499352382],[-46.531507777999934,-21.646152499352382],[-46.531507777999934,-21.64635249935239],[-46.531607777999966,-21.64635249935239],[-46.53160777799996,-21.64660249935237],[-46.53175777799999,-21.64660249935237],[-46.53175777799999,-21.646702499352347],[-46.531957777999935,-21.646702499352347],[-46.531957777999935,-21.646902499352358],[-46.53215777799994,-21.646902499352358],[-46.53215777799994,-21.64710249935235],[-46.53235777799995,-21.64710249935235],[-46.532357777999955,-21.64735249935234],[-46.53245777799998,-21.64735249935234],[-46.53245777799997,-21.64775249935234],[-46.532407777999936,-21.647752499352347],[-46.532407777999936,-21.64865249935233],[-46.53255777799996,-21.64865249935233],[-46.532557777999955,-21.648802499352286],[-46.53265777799993,-21.648802499352286],[-46.53265777799993,-21.648952499352294],[-46.532857777999936,-21.648952499352294],[-46.53285777799994,-21.649102499352317],[-46.53320777799996,-21.649102499352317],[-46.53320777799996,-21.649302499352324],[-46.53365777799996,-21.64930249935231],[-46.53365777799997,-21.649452499352268],[-46.534057777999976,-21.64945249935228],[-46.534057777999976,-21.649552499352307],[-46.53435777799996,-21.649552499352307],[-46.53435777799996,-21.649702499352262],[-46.53450777799997,-21.649702499352255],[-46.53450777799998,-21.65060249935224],[-46.53575777799994,-21.650602499352246],[-46.53575777799995,-21.711602499350814],[-46.487307777999945,-21.711602499350814],[-46.487307777999945,-21.708302499350868],[-46.483907777999946,-21.708302499350868],[-46.483907777999946,-21.703902499351006],[-46.488357777999965,-21.703902499351006],[-46.488357777999965,-21.70055249935107],[-46.50010777799997,-21.70055249935107],[-46.50010777799997,-21.70445249935096],[-46.50595777799998,-21.70445249935096],[-46.50595777799998,-21.70520249935092],[-46.50680777799994,-21.70520249935092],[-46.50680777799994,-21.705752499350943],[-46.50875777799996,-21.705752499350943],[-46.50875777799996,-21.70615249935095],[-46.511307777999946,-21.70615249935095],[-46.511307777999946,-21.705302499350957],[-46.511807777999934,-21.705302499350957],[-46.511807777999934,-21.70420249935097],[-46.51265777799995,-21.70420249935097],[-46.51265777799995,-21.70160249935107],[-46.51110777799994,-21.701602499351072],[-46.51110777799994,-21.69940249935109],[-46.509907777999956,-21.69940249935109],[-46.509907777999956,-21.69725249935113],[-46.51265777799995,-21.69725249935113],[-46.51265777799995,-21.698952499351112],[-46.51310777799995,-21.698952499351112],[-46.51310777799995,-21.699502499351077],[-46.51345777799998,-21.699502499351077],[-46.51345777799998,-21.699952499351063],[-46.513757777999956,-21.699952499351063],[-46.513757777999956,-21.70035249935107],[-46.516157777999986,-21.70035249935107],[-46.51615777799998,-21.699702499351083],[-46.516707777999954,-21.699702499351083],[-46.51670777799996,-21.69810249935112],[-46.517157777999955,-21.698102499351126],[-46.517157777999955,-21.69690249935116],[-46.519457777999946,-21.69690249935116],[-46.51945777799994,-21.692202499351264],[-46.523357777999934,-21.692202499351264],[-46.523357777999934,-21.690902499351278],[-46.526407777999964,-21.690902499351278],[-46.526407777999964,-21.688552499351353],[-46.52730777799996,-21.688552499351353],[-46.527307777999965,-21.68760249935139],[-46.528357777999986,-21.68760249935139],[-46.528357777999986,-21.685602499351432],[-46.52990777799994,-21.685602499351432],[-46.529907777999945,-21.683652499351457],[-46.52920777799995,-21.683652499351457],[-46.52920777799994,-21.682402499351518],[-46.529007777999944,-21.682402499351507],[-46.52900777799994,-21.680752499351573],[-46.52785777799994,-21.680752499351573],[-46.52785777799994,-21.679152499351563],[-46.52600777799996,-21.679152499351563],[-46.52600777799995,-21.680852499351538],[-46.52370777799996,-21.680852499351538],[-46.52370777799997,-21.68050249935153],[-46.52245777799993,-21.68050249935153],[-46.52245777799993,-21.678902499351565],[-46.52320777799997,-21.678902499351565],[-46.52320777799998,-21.67765249935163],[-46.52120777799996,-21.67765249935163],[-46.52120777799997,-21.677102499351605],[-46.519157777999965,-21.677102499351605],[-46.519157777999965,-21.675952499351645],[-46.51825777799996,-21.675952499351645],[-46.51825777799997,-21.6732524993517],[-46.521557777999924,-21.6732524993517],[-46.52155777799993,-21.670702499351787],[-46.52030777799995,-21.670702499351787],[-46.52030777799996,-21.667902499351857],[-46.52045777799997,-21.667902499351868],[-46.52045777799997,-21.66720249935189],[-46.520657777999986,-21.66720249935189],[-46.52065777799998,-21.666652499351873],[-46.52085777799994,-21.666652499351873],[-46.520857777999936,-21.666102499351897],[-46.52105777799994,-21.666102499351897],[-46.52105777799994,-21.66540249935192],[-46.521157777999974,-21.66540249935192],[-46.521157777999974,-21.664352499351924],[-46.52095777799997,-21.664352499351924],[-46.52095777799997,-21.66305249935195],[-46.52105777799994,-21.663052499351945],[-46.52105777799994,-21.662502499351987],[-46.52135777799998,-21.66250249935198],[-46.52135777799998,-21.662052499351983],[-46.52170777799995,-21.662052499351983],[-46.52170777799994,-21.66185249935199],[-46.52350777799995,-21.66185249935199],[-46.52350777799995,-21.660252499352037],[-46.523607777999985,-21.660252499352037],[-46.523607777999985,-21.65960249935205],[-46.523807777999934,-21.65960249935205],[-46.523807777999934,-21.65840249935209],[-46.523607777999985,-21.65840249935209],[-46.52360777799999,-21.656702499352104],[-46.52395777799996,-21.656702499352093],[-46.523957777999954,-21.65635249935214],[-46.52435777799997,-21.65635249935214],[-46.52435777799997,-21.65610249935216],[-46.525007777999974,-21.65610249935216],[-46.525007777999974,-21.655852499352168],[-46.525607777999944,-21.655852499352168],[-46.52560777799994,-21.655702499352145],[-46.525957777999956,-21.655702499352152],[-46.52595777799996,-21.65555249935213],[-46.52620777799996,-21.65555249935213],[-46.52620777799996,-21.65535249935213],[-46.52685777799997,-21.65535249935213],[-46.52685777799997,-21.65470249935214],[-46.527157777999946,-21.65470249935214],[-46.52715777799995,-21.654252499352157],[-46.52735777799995,-21.654252499352157],[-46.52735777799995,-21.65390249935219],[-46.52750777799998,-21.65390249935219],[-46.52750777799997,-21.653552499352177],[-46.527657777999934,-21.65355249935217],[-46.52765777799994,-21.65335249935223],[-46.527757777999966,-21.65335249935223],[-46.52775777799996,-21.653052499352196],[-46.52780777799996,-21.653052499352196],[-46.52780777799995,-21.652702499352245],[-46.52795777799997,-21.652702499352234],[-46.52795777799997,-21.65225249935224],[-46.52815777799998,-21.65225249935224],[-46.52815777799998,-21.65195249935221],[-46.52830777799994,-21.65195249935221],[-46.52830777799994,-21.651652499352245],[-46.528557777999936,-21.651652499352245],[-46.52855777799993,-21.651302499352223],[-46.52880777799992,-21.651302499352223],[-46.52880777799993,-21.650902499352274],[-46.529007777999944,-21.650902499352274],[-46.529007777999944,-21.650452499352284],[-46.52920777799994,-21.650452499352294],[-46.52920777799994,-21.65015249935226],[-46.52935777799996,-21.65015249935226],[-46.52935777799996,-21.6494024993523],[-46.52920777799995,-21.6494024993523],[-46.52920777799994,-21.64920249935229],[-46.529007777999944,-21.64920249935229],[-46.529007777999944,-21.64905249935232],[-46.52880777799993,-21.64905249935233],[-46.52880777799992,-21.648952499352294],[-46.528557777999936,-21.648952499352294],[-46.528557777999936,-21.648902499352307],[-46.528107777999935,-21.648902499352314],[-46.528107777999935,-21.648952499352294],[-46.527457777999985,-21.648952499352294],[-46.527457777999985,-21.648802499352286],[-46.52725777799998,-21.648802499352286],[-46.52725777799998,-21.64860249935234],[-46.52705777799997,-21.64860249935234],[-46.52705777799997,-21.648302499352305],[-46.52690777799995,-21.648302499352305],[-46.52690777799995,-21.648052499352318],[-46.52675777799993,-21.648052499352318],[-46.52675777799993,-21.647802499352334],[-46.52670777799994,-21.647802499352334],[-46.52670777799994,-21.64735249935234],[-46.52665777799996,-21.64735249935234],[-46.526657777999965,-21.647002499352332],[-46.52680777799998,-21.647002499352322],[-46.52680777799998,-21.646702499352347],[-46.52690777799995,-21.646702499352347],[-46.52690777799995,-21.646502499352355],[-46.52710777799995,-21.646502499352355],[-46.52710777799996,-21.646302499352345],[-46.527307777999965,-21.646302499352352],[-46.527307777999965,-21.64605249935236],[-46.52750777799997,-21.64605249935236],[-46.52750777799997,-21.645852499352358],[-46.527757777999966,-21.645852499352358],[-46.527757777999966,-21.645752499352383]]]}},{"type":"Feature","properties":{"PROCESSO":"830085/2023","NUMERO":830085,"ANO":2023,"AREA_HA":1454.03,"FASE":"AUTORIZAÇÃO DE PESQUISA","ULT_EVENTO":"209 - AUT PESQ/INÍCIO DE PESQUISA COMUNICADO PROTOC EM 25/09/2026","NOME":"AXEL REE LTDA","SUBS":"TERRAS RARAS","USO":"Industrial","UF":"MG","DSProcesso":"830.085/2023","category":"direct_ree","category_label":"Terras Raras (REE)","lon":-46.5209232325454,"lat":-21.730403408441266},"geometry":{"type":"Polygon","coordinates":[[[-46.487307777999945,-21.711602499350814],[-46.53575777799995,-21.711602499350814],[-46.53975777799996,-21.711602499350814],[-46.53975777799997,-21.712752499350785],[-46.53985777799994,-21.712752499350785],[-46.53985777799994,-21.722152499350532],[-46.53995777799997,-21.722152499350532],[-46.53995777799997,-21.729552499350362],[-46.544407777999936,-21.729552499350362],[-46.544407777999936,-21.729452499350405],[-46.54565777799997,-21.729452499350405],[-46.54565777799997,-21.7337524993503],[-46.54575777799994,-21.7337524993503],[-46.54575777799993,-21.74175249935009],[-46.544107777999955,-21.74175249935009],[-46.544107777999955,-21.742252499350066],[-46.54045777799996,-21.742252499350066],[-46.54045777799996,-21.74280249935008],[-46.53905777799997,-21.74280249935009],[-46.53905777799997,-21.743952499350065],[-46.53755777799995,-21.743952499350055],[-46.53755777799995,-21.741352499350086],[-46.53525777799996,-21.741352499350086],[-46.53525777799996,-21.74280249935008],[-46.53425777799998,-21.74280249935008],[-46.53425777799998,-21.741152499350083],[-46.53695777799992,-21.741152499350083],[-46.53695777799993,-21.74025249935011],[-46.53155777799998,-21.740252499350113],[-46.53155777799998,-21.74110249935009],[-46.53040777799998,-21.74110249935009],[-46.53040777799999,-21.742902499350055],[-46.53155777799998,-21.742902499350055],[-46.53155777799998,-21.743652499350016],[-46.53060777799993,-21.743652499350016],[-46.50845777799998,-21.743652499350016],[-46.50845777799998,-21.74320249935003],[-46.50835777799995,-21.74320249935003],[-46.50835777799994,-21.731702499350355],[-46.50825777799997,-21.731702499350355],[-46.50825777799997,-21.720202499350616],[-46.50815777799995,-21.720202499350616],[-46.50815777799994,-21.718402499350653],[-46.49860777799994,-21.718402499350663],[-46.49860777799995,-21.718502499350635],[-46.48750777799996,-21.718502499350635],[-46.48750777799996,-21.71860249935065],[-46.47640777799995,-21.71860249935065],[-46.47640777799995,-21.71870249935062],[-46.471457777999944,-21.71870249935062],[-46.471457777999944,-21.715702499350716],[-46.47745777799997,-21.715702499350716],[-46.47745777799997,-21.71440249935073],[-46.48730777799994,-21.714402499350737],[-46.487307777999945,-21.711602499350814]]]}},{"type":"Feature","properties":{"PROCESSO":"830130/2024","NUMERO":830130,"ANO":2024,"AREA_HA":183.02,"FASE":"AUTORIZAÇÃO DE PESQUISA","ULT_EVENTO":"264 - AUT PESQ/TAH - PAGAMENTO EFETUADO EM 22/01/2026","NOME":"BORBOREMA RECURSOS MINERAIS LTDA","SUBS":"TERRAS RARAS","USO":"Industrial","UF":"MG","DSProcesso":"830.130/2024","category":"direct_ree","category_label":"Terras Raras (REE)","lon":-46.10896385799995,"lat":-22.037152931231944},"geometry":{"type":"Polygon","coordinates":[[[-46.10661694399994,-22.039318610342992],[-46.10661694399994,-22.038699443343045],[-46.10661055599996,-22.038699443343045],[-46.106610555999964,-22.03869638834301],[-46.10233083299994,-22.03869638834302],[-46.10233083299994,-22.03081444334319],[-46.12147055599996,-22.03081444334319],[-46.12147055599996,-22.039318610342992],[-46.10661694399994,-22.039318610342992]]]}},{"type":"Feature","properties":{"PROCESSO":"830131/2024","NUMERO":830131,"ANO":2024,"AREA_HA":538.52,"FASE":"AUTORIZAÇÃO DE PESQUISA","ULT_EVENTO":"264 - AUT PESQ/TAH - PAGAMENTO EFETUADO EM 22/01/2026","NOME":"BORBOREMA RECURSOS MINERAIS LTDA","SUBS":"TERRAS RARAS","USO":"Industrial","UF":"MG","DSProcesso":"830.131/2024","category":"direct_ree","category_label":"Terras Raras (REE)","lon":-46.147773510057924,"lat":-22.01395465858998},"geometry":{"type":"Polygon","coordinates":[[[-46.13059055599996,-21.989096388344173],[-46.13597055599997,-21.989096388344173],[-46.13597055599996,-21.99869638834399],[-46.14013055599998,-21.99869638834399],[-46.140130555999974,-22.003396388343834],[-46.14015055599998,-22.003396388343834],[-46.14015055599998,-22.003416388343847],[-46.15645055599999,-22.003416388343837],[-46.15645055599998,-22.00435638834383],[-46.15643055599997,-22.004356388343837],[-46.156430555999975,-22.005336388343835],[-46.156410555999976,-22.005336388343835],[-46.156410555999976,-22.006316388343784],[-46.15639055599996,-22.006316388343784],[-46.15639055599997,-22.007296388343782],[-46.156370555999956,-22.007296388343782],[-46.156370555999956,-22.008276388343727],[-46.15635055599995,-22.008276388343727],[-46.15635055599995,-22.009256388343744],[-46.15633055599995,-22.009256388343744],[-46.15633055599994,-22.01023638834368],[-46.15631055599993,-22.010236388343692],[-46.15631055599994,-22.011196388343684],[-46.15629055599993,-22.011196388343684],[-46.15629055599993,-22.01217638834362],[-46.15627055599999,-22.01217638834362],[-46.15627055599998,-22.013156388343642],[-46.15625055599997,-22.013156388343642],[-46.156250555999975,-22.014136388343584],[-46.15623055599997,-22.014136388343584],[-46.156230555999976,-22.01511638834358],[-46.15621055599996,-22.01511638834359],[-46.15621055599996,-22.016096388343527],[-46.156190555999956,-22.016096388343527],[-46.15619055599996,-22.017076388343536],[-46.15617055599994,-22.017076388343543],[-46.15617055599995,-22.01805638834353],[-46.15615055599994,-22.01805638834354],[-46.15615055599994,-22.019036388343487],[-46.156130555999944,-22.019036388343487],[-46.15613055599994,-22.020016388343496],[-46.15611055599993,-22.020016388343496],[-46.15611055599993,-22.020996388343434],[-46.15609055599998,-22.020996388343434],[-46.15609055599998,-22.02195638834343],[-46.156070555999975,-22.02195638834343],[-46.15607055599998,-22.032736388343185],[-46.14525055599995,-22.03273638834319],[-46.14525055599995,-22.02825638834329],[-46.14524166699994,-22.02825638834329],[-46.14524166699994,-22.028250555343252],[-46.14367055599996,-22.028250555343252],[-46.14367055599996,-22.027476388343295],[-46.13961055599998,-22.027476388343295],[-46.13961055599998,-22.034516203343113],[-46.12544222199995,-22.03451611034313],[-46.12544222199995,-22.039318610342992],[-46.12147055599996,-22.039318610342992],[-46.12147055599996,-22.03081444334319],[-46.12275083299994,-22.030814443343186],[-46.12275083299994,-22.026552777343294],[-46.15051222199997,-22.026552777343294],[-46.150512221999975,-22.005789721343824],[-46.136309443999956,-22.005789721343824],[-46.13630944399995,-21.999362777343972],[-46.130578878999984,-21.999362777343972],[-46.13057884699998,-21.989116388344186],[-46.13059055599996,-21.989116388344186],[-46.13059055599996,-21.989096388344173]]]}},{"type":"Feature","properties":{"PROCESSO":"830133/2024","NUMERO":830133,"ANO":2024,"AREA_HA":1.35,"FASE":"AUTORIZAÇÃO DE PESQUISA","ULT_EVENTO":"294 - AUT PESQ/RENÚNCIA AUTORIZAÇÃO PESQUISA HOMOLOGADA PUBL EM 08/11/2024","NOME":"BORBOREMA RECURSOS MINERAIS LTDA","SUBS":"TERRAS RARAS","USO":"Industrial","UF":"MG","DSProcesso":"830.133/2024","category":"direct_ree","category_label":"Terras Raras (REE)","lon":-46.271540664679726,"lat":-22.1290690131555},"geometry":{"type":"Polygon","coordinates":[[[-46.25018999999998,-22.127349999340954],[-46.272492777999965,-22.12734999934096],[-46.27249277799996,-22.129259166340855],[-46.271859999999954,-22.129259166340855],[-46.271859999999954,-22.13088999934086],[-46.271332031999975,-22.13088999934086],[-46.27134261999999,-22.13085638834087],[-46.27135055599996,-22.13085638834087],[-46.27135055599996,-22.130831197340846],[-46.27136152199995,-22.13079638834085],[-46.271370555999965,-22.13079638834085],[-46.271370555999965,-22.130767712340845],[-46.27138042399997,-22.130736388340825],[-46.271390555999965,-22.130736388340836],[-46.271390555999965,-22.130704226340868],[-46.27139932599994,-22.13067638834087],[-46.27141055599998,-22.13067638834087],[-46.27141055599997,-22.130640741340866],[-46.27141822799996,-22.130616388340854],[-46.271430555999984,-22.130616388340854],[-46.271430555999984,-22.130577255340878],[-46.27144343099997,-22.130536388340833],[-46.271450555999934,-22.130536388340833],[-46.271450555999934,-22.13051377034089],[-46.27146233199995,-22.13047638834087],[-46.27147055599994,-22.13047638834087],[-46.27147055599994,-22.13045028434084],[-46.271481233999964,-22.13041638834085],[-46.27149055599995,-22.13041638834085],[-46.27149055599995,-22.130386799340844],[-46.271500135999986,-22.13035638834084],[-46.27151055599995,-22.130356388340832],[-46.27151055599995,-22.130323313340856],[-46.27151903799995,-22.13029638834087],[-46.27153055599996,-22.13029638834087],[-46.271530555999966,-22.130259828340858],[-46.27153793999998,-22.130236388340858],[-46.27155055599996,-22.130236388340858],[-46.271550555999966,-22.130196342340877],[-46.27156314299998,-22.130156388340886],[-46.27157055599998,-22.130156388340886],[-46.27157055599997,-22.13013285734088],[-46.271582044999946,-22.13009638834087],[-46.27159055599998,-22.13009638834087],[-46.27159055599997,-22.130069371340895],[-46.27160094699997,-22.130036388340855],[-46.271610555999985,-22.130036388340855],[-46.27161055599999,-22.130005886340903],[-46.27161984899994,-22.129976388340893],[-46.271630555999934,-22.129976388340893],[-46.27163055599994,-22.12994240034085],[-46.271638750999955,-22.12991638834087],[-46.27165055599994,-22.12991638834087],[-46.27165055599994,-22.129878915340846],[-46.27165765299998,-22.129856388340862],[-46.27167055599994,-22.129856388340862],[-46.27167055599995,-22.12981542934087],[-46.27168285499994,-22.129776388340883],[-46.27169055599995,-22.129776388340883],[-46.27169055599996,-22.129751944340878],[-46.27170175699996,-22.129716388340874],[-46.27171055599996,-22.12971638834087],[-46.27171055599996,-22.129688458340887],[-46.27172065899998,-22.12965638834085],[-46.27173055599997,-22.12965638834085],[-46.27173055599997,-22.129624973340896],[-46.271739560999954,-22.129596388340893],[-46.27175055599997,-22.129596388340893],[-46.27175055599997,-22.129561487340908],[-46.27175846299997,-22.129536388340885],[-46.271770555999986,-22.12953638834087],[-46.271770555999986,-22.129498002340902],[-46.271783665999976,-22.12945638834085],[-46.271790555999985,-22.12945638834085],[-46.271790555999985,-22.12943451634086],[-46.27180256799995,-22.129396388340894],[-46.271810555999934,-22.129396388340894],[-46.271810555999934,-22.129371031340863],[-46.27182146999996,-22.129336388340867],[-46.271830555999934,-22.129336388340867],[-46.27183055599994,-22.129307545340872],[-46.271840371999986,-22.129276388340912],[-46.27185055599994,-22.129276388340912],[-46.27185055599994,-22.129244060340888],[-46.271859273999944,-22.129216388340897],[-46.27187055599995,-22.129216388340897],[-46.27187055599995,-22.129180574340896],[-46.27187817499998,-22.129156388340878],[-46.27189055599996,-22.129156388340878],[-46.27189055599996,-22.1291170893409],[-46.271903377999934,-22.129076388340906],[-46.271910555999966,-22.129076388340906],[-46.271910555999966,-22.12905360334091],[-46.271922279999956,-22.129016388340887],[-46.27193055599997,-22.129016388340887],[-46.27193055599998,-22.128990118340912],[-46.27194118199998,-22.128956388340875],[-46.271950555999986,-22.128956388340875],[-46.27195055599998,-22.12892663234087],[-46.27196008399994,-22.128896388340916],[-46.271970555999985,-22.128896388340916],[-46.27197055599998,-22.128863147340883],[-46.271978985999965,-22.128836388340904],[-46.271990555999935,-22.128836388340904],[-46.271990555999935,-22.12879966134089],[-46.27199788799993,-22.128776388340878],[-46.272010555999934,-22.128776388340878],[-46.27201055599994,-22.128736176340894],[-46.27202308999994,-22.128696388340916],[-46.27203055599994,-22.128696388340916],[-46.27203055599994,-22.12867269034091],[-46.27204199199998,-22.128636388340897],[-46.272050555999954,-22.128636388340905],[-46.272050555999954,-22.128609205340915],[-46.272060893999935,-22.128576388340885],[-46.27207055599996,-22.128576388340885],[-46.27207055599996,-22.12854571934093],[-46.27207979599996,-22.128516388340923],[-46.27209055599997,-22.128516388340923],[-46.27209055599997,-22.128482234340932],[-46.27209869799998,-22.128456388340904],[-46.27211055599997,-22.128456388340904],[-46.27211055599997,-22.128418748340884],[-46.27211759999994,-22.12839638834088],[-46.27213055599998,-22.12839638834088],[-46.27213055599998,-22.12835526334088],[-46.27214280299995,-22.12831638834091],[-46.27215055599999,-22.12831638834091],[-46.272150555999985,-22.1282917773409],[-46.272161704999974,-22.1282563883409],[-46.272170555999935,-22.1282563883409],[-46.272170555999935,-22.128228292340903],[-46.27218060699993,-22.128196388340942],[-46.27219055599994,-22.128196388340942],[-46.27219055599994,-22.128164806340923],[-46.27219950899996,-22.128136388340913],[-46.27221055599995,-22.128136388340923],[-46.27221055599995,-22.128101321340925],[-46.27221841099998,-22.128076388340904],[-46.272230555999954,-22.128076388340904],[-46.272230555999954,-22.12803783534094],[-46.272243612999944,-22.12799638834093],[-46.27225055599996,-22.12799638834093],[-46.27225055599996,-22.127974350340935],[-46.272262514999966,-22.127936388340913],[-46.272270555999974,-22.127936388340913],[-46.27227055599997,-22.127910864340894],[-46.27228141699993,-22.1278763883409],[-46.27229055599997,-22.12787638834089],[-46.27229055599997,-22.127847379340896],[-46.27230031899996,-22.127816388340936],[-46.27231055599998,-22.127816388340936],[-46.27231055599998,-22.12778389334092],[-46.272319220999975,-22.127756388340924],[-46.27233055599998,-22.127756388340924],[-46.27233055599998,-22.12772040834092],[-46.27233812299993,-22.127696388340905],[-46.272350555999935,-22.127696388340897],[-46.272350555999935,-22.127656922340933],[-46.27236332599995,-22.127616388340932],[-46.272370555999935,-22.127616388340932],[-46.27237055599994,-22.12759343734093],[-46.27238222799997,-22.12755638834092],[-46.272390555999955,-22.127556388340928],[-46.27239055599995,-22.12752995134095],[-46.272401129999935,-22.1274963883409],[-46.272410555999954,-22.1274963883409],[-46.272410555999954,-22.127466466340948],[-46.27242003099996,-22.127436388340943],[-46.27243055599996,-22.127436388340936],[-46.272430555999954,-22.1274029803409],[-46.27243893299993,-22.12737638834092],[-46.27245055599997,-22.12737638834092],[-46.27245055599997,-22.127356388340914],[-46.272445233999974,-22.127356388340928],[-46.27244602099996,-22.127353890340903],[-46.250189999999975,-22.127353951340943],[-46.25018999999998,-22.127349999340954]]]}},{"type":"Feature","properties":{"PROCESSO":"830135/2024","NUMERO":830135,"ANO":2024,"AREA_HA":1673.81,"FASE":"AUTORIZAÇÃO DE PESQUISA","ULT_EVENTO":"264 - AUT PESQ/TAH - PAGAMENTO EFETUADO EM 23/07/2026","NOME":"BORBOREMA RECURSOS MINERAIS LTDA","SUBS":"TERRAS RARAS","USO":"Industrial","UF":"MG","DSProcesso":"830.135/2024","category":"direct_ree","category_label":"Terras Raras (REE)","lon":-46.66161662297363,"lat":-22.226112871654387},"geometry":{"type":"Polygon","coordinates":[[[-46.65901055599994,-22.19683638833929],[-46.68855055599994,-22.196836388339285],[-46.68855055599994,-22.2432563883382],[-46.67659055599995,-22.2432563883382],[-46.67659055599996,-22.23979638633828],[-46.684852828999965,-22.239796055338267],[-46.68485202399995,-22.230765350338476],[-46.68242705499995,-22.230765520338508],[-46.68242689199997,-22.22850784233853],[-46.68000196299994,-22.228507975338545],[-46.68000183899994,-22.22625029633862],[-46.67030227499998,-22.226250468338627],[-46.670302116999956,-22.237538854338347],[-46.672727202999965,-22.237538866338337],[-46.67272720799997,-22.239236388338266],[-46.65543055599994,-22.239236388338266],[-46.65543055599994,-22.232856388338448],[-46.65665055599993,-22.232856388338437],[-46.65665055599993,-22.232848036338428],[-46.65665472199999,-22.232848036338428],[-46.656654721999985,-22.225758888338618],[-46.65665055599993,-22.225758888338618],[-46.65665055599993,-22.22575638833863],[-46.65279055599996,-22.225756388338638],[-46.65279055599996,-22.225758888338618],[-46.65277472199995,-22.225758888338625],[-46.652774712999985,-22.225766282338586],[-46.652774712999985,-22.225776388338637],[-46.65277055599995,-22.225776388338637],[-46.65277055599995,-22.228136388338527],[-46.63863055599995,-22.228136388338527],[-46.63863055599996,-22.217776388338788],[-46.63863055599996,-22.217771110338777],[-46.638637499999966,-22.217771110338777],[-46.638637499999966,-22.21273638833889],[-46.640110555999975,-22.21273638833889],[-46.65901055599995,-22.21273638833889],[-46.65901055599994,-22.19683638833929]]]}},{"type":"Feature","properties":{"PROCESSO":"830136/2024","NUMERO":830136,"ANO":2024,"AREA_HA":1518.63,"FASE":"AUTORIZAÇÃO DE PESQUISA","ULT_EVENTO":"264 - AUT PESQ/TAH - PAGAMENTO EFETUADO EM 23/07/2026","NOME":"BORBOREMA RECURSOS MINERAIS LTDA","SUBS":"TERRAS RARAS","USO":"Industrial","UF":"MG","DSProcesso":"830.136/2024","category":"direct_ree","category_label":"Terras Raras (REE)","lon":-46.63005686542853,"lat":-22.215522837815048},"geometry":{"type":"Polygon","coordinates":[[[-46.628310555999974,-22.196836388339285],[-46.65901055599994,-22.19683638833929],[-46.65901055599995,-22.21273638833889],[-46.640110555999975,-22.21273638833889],[-46.64011055599996,-22.21273527733894],[-46.64011638899996,-22.21273527733894],[-46.64011638899996,-22.210632777338947],[-46.638475555999946,-22.210632777338947],[-46.63847555599995,-22.20965333233899],[-46.63645833299995,-22.209653332338988],[-46.63645833299995,-22.209656388339017],[-46.63645055599995,-22.209656388339017],[-46.63645055599994,-22.211014999338985],[-46.633855555999965,-22.211014999338975],[-46.633855555999965,-22.211016388338958],[-46.63385055599996,-22.211016388338958],[-46.63385055599996,-22.21665638833886],[-46.63385555599996,-22.21665624933885],[-46.634906943999965,-22.216656295338815],[-46.634906943999965,-22.217771110338777],[-46.634910555999966,-22.217771110338777],[-46.634910555999966,-22.217776388338777],[-46.63863055599996,-22.217776388338788],[-46.63863055599995,-22.228136388338527],[-46.63803055599993,-22.228136388338537],[-46.63803055599993,-22.230796388338515],[-46.63801055599998,-22.230796388338526],[-46.63801055599998,-22.230816388338525],[-46.62469055599996,-22.230816388338525],[-46.62469055599997,-22.23385638833844],[-46.592910555999936,-22.23385638833845],[-46.592910555999936,-22.219776388338747],[-46.60755055599998,-22.219776388338747],[-46.60755055599998,-22.21975638833874],[-46.607570555999985,-22.21975638833874],[-46.607570555999985,-22.21425638833888],[-46.61575055599996,-22.21425638833888],[-46.61575055599996,-22.210816388338955],[-46.62051055599994,-22.210816388338955],[-46.62051055599994,-22.204536388339104],[-46.628310555999974,-22.204536388339104],[-46.628310555999974,-22.196836388339285]]]}},{"type":"Feature","properties":{"PROCESSO":"830137/2024","NUMERO":830137,"ANO":2024,"AREA_HA":1810.91,"FASE":"AUTORIZAÇÃO DE PESQUISA","ULT_EVENTO":"264 - AUT PESQ/TAH - PAGAMENTO EFETUADO EM 23/07/2026","NOME":"BORBOREMA RECURSOS MINERAIS LTDA","SUBS":"TERRAS RARAS","USO":"Industrial","UF":"MG","DSProcesso":"830.137/2024","category":"direct_ree","category_label":"Terras Raras (REE)","lon":-46.704324271716004,"lat":-22.222630078881895},"geometry":{"type":"Polygon","coordinates":[[[-46.700777777999974,-22.194717499339355],[-46.70679055599993,-22.194717499339355],[-46.70679055599994,-22.19549638833934],[-46.70677055599999,-22.19549638833935],[-46.70677055599998,-22.19697638833927],[-46.74025055599998,-22.19697638833927],[-46.74025055599998,-22.21241638833891],[-46.73327055599998,-22.21241638833892],[-46.73327055599998,-22.21389638833889],[-46.726150555999936,-22.21389638833889],[-46.726150555999936,-22.21733638833882],[-46.71925055599996,-22.21733638833882],[-46.71925055599997,-22.219080715338773],[-46.71924376199996,-22.219080715338773],[-46.71924378499995,-22.226305290338615],[-46.72459055599995,-22.226305175338624],[-46.72459055599995,-22.234256388338398],[-46.711310555999944,-22.234256388338398],[-46.711310555999944,-22.229296388338526],[-46.70441944399994,-22.229296388338526],[-46.704419443999946,-22.22377416633863],[-46.69970611099996,-22.22377416633863],[-46.699706110999955,-22.22435638833868],[-46.697490555999934,-22.22435638833868],[-46.69749055599994,-22.224366388338645],[-46.69748222199996,-22.224366388338645],[-46.69748222199996,-22.227118055338572],[-46.69863069399998,-22.22711805533856],[-46.698630693999974,-22.2301763883385],[-46.69863083299998,-22.230178055338506],[-46.699669443999944,-22.230178055338506],[-46.699669443999944,-22.2311805553385],[-46.70363055599995,-22.2311805553385],[-46.70363055599995,-22.235756388338388],[-46.70237222199995,-22.235756388338388],[-46.70237222199995,-22.234831943338396],[-46.701638332999956,-22.234831943338396],[-46.701638332999956,-22.23483638833839],[-46.70163055599994,-22.234836388338397],[-46.70163055599994,-22.2356908323384],[-46.70115055599996,-22.23569083233841],[-46.70115055599996,-22.233556388338425],[-46.70114833299994,-22.233556388338425],[-46.70114833299994,-22.23354972133844],[-46.700570555999946,-22.23354972133844],[-46.700570555999946,-22.232016388338465],[-46.70056194399996,-22.232016388338476],[-46.70056194399996,-22.232003055338456],[-46.70055055599994,-22.232003055338456],[-46.70055055599994,-22.231996388338473],[-46.69953055599996,-22.231996388338473],[-46.69953055599996,-22.232003055338456],[-46.69952361099996,-22.232003055338456],[-46.69952361099996,-22.234201666338432],[-46.69993055599998,-22.234201666338432],[-46.69993055599998,-22.234216388338446],[-46.69994083299997,-22.234216388338446],[-46.69994083299997,-22.236416388338355],[-46.69993055599998,-22.236416388338355],[-46.69993055599998,-22.236435555338364],[-46.698046388999956,-22.236435555338353],[-46.69804638899996,-22.238056388338318],[-46.69805055599995,-22.238056388338318],[-46.70191055599997,-22.238056388338318],[-46.70191055599997,-22.24185399433821],[-46.69225951699997,-22.24185425133821],[-46.692259468999964,-22.2432563883382],[-46.68855055599994,-22.2432563883382],[-46.68855055599994,-22.196836388339285],[-46.69884828299996,-22.196836388339285],[-46.69884842999994,-22.197918515339264],[-46.699449681999965,-22.197918443339287],[-46.699449681999965,-22.197916388339266],[-46.69945055599993,-22.197916388339266],[-46.69945055599993,-22.197620428339302],[-46.699983008999936,-22.197620363339254],[-46.69998300799995,-22.19761638833928],[-46.69999055599993,-22.19761638833928],[-46.69999055599993,-22.195705844339315],[-46.700777924999954,-22.1957057443393],[-46.700777777999974,-22.194717499339355]]]}},{"type":"Feature","properties":{"PROCESSO":"830148/2024","NUMERO":830148,"ANO":2024,"AREA_HA":8.33,"FASE":"AUTORIZAÇÃO DE PESQUISA","ULT_EVENTO":"264 - AUT PESQ/TAH - PAGAMENTO EFETUADO EM 13/07/2026","NOME":"VIRIDIS MINERACAO LTDA","SUBS":"TERRAS RARAS","USO":"Industrial","UF":"MG","DSProcesso":"830.148/2024","category":"direct_ree","category_label":"Terras Raras (REE)","lon":-46.34013083328568,"lat":-21.785238094634753},"geometry":{"type":"Polygon","coordinates":[[[-46.340612777999986,-21.781469999349135],[-46.34241999999995,-21.781469999349135],[-46.34241999999995,-21.78253666634908],[-46.34135611099998,-21.78253666634908],[-46.34135611099998,-21.78544583234907],[-46.34077694399997,-21.78544583234907],[-46.34077694399998,-21.787239166348982],[-46.33843861099996,-21.787239166348982],[-46.33843861099996,-21.788589999348954],[-46.33669999999996,-21.788589999348954],[-46.33669999999996,-21.787099999348992],[-46.34060999999997,-21.787099999348992],[-46.34061277799998,-21.787099999348992],[-46.340612777999986,-21.781469999349135]]]}},{"type":"Feature","properties":{"PROCESSO":"830149/2024","NUMERO":830149,"ANO":2024,"AREA_HA":28.64,"FASE":"AUTORIZAÇÃO DE PESQUISA","ULT_EVENTO":"264 - AUT PESQ/TAH - PAGAMENTO EFETUADO EM 13/07/2026","NOME":"VIRIDIS MINERACAO LTDA","SUBS":"TERRAS RARAS","USO":"Industrial","UF":"MG","DSProcesso":"830.149/2024","category":"direct_ree","category_label":"Terras Raras (REE)","lon":-46.321338105033284,"lat":-21.794484167415487},"geometry":{"type":"Polygon","coordinates":[[[-46.33340305599995,-21.790449999348933],[-46.33628999999996,-21.790449999348937],[-46.33628999999996,-21.79153999934888],[-46.33358999999996,-21.79153999934889],[-46.33358999999996,-21.791542777348884],[-46.333589166999964,-21.79154277734889],[-46.333589166999964,-21.79360999934884],[-46.33122999999995,-21.79360999934884],[-46.33122999999995,-21.79361499934882],[-46.33122888899993,-21.793614999348826],[-46.33122888899993,-21.79500979034878],[-46.32788138899997,-21.79500981334883],[-46.327879999999936,-21.79500999934879],[-46.32787999999994,-21.796149999348778],[-46.32074138899998,-21.796149999348778],[-46.32074138899998,-21.796145832348806],[-46.30473249999994,-21.796145832348806],[-46.30473249999996,-21.796149999348778],[-46.30472999999994,-21.79614999934879],[-46.30472999999995,-21.79659999934877],[-46.30296999999996,-21.79659999934877],[-46.30296999999996,-21.79711999934876],[-46.301169999999956,-21.79711999934876],[-46.301170369999966,-21.797600230348728],[-46.301079999999956,-21.797600207348747],[-46.301079999999956,-21.795814443348814],[-46.32679416699995,-21.795814443348814],[-46.32679416699995,-21.793184443348864],[-46.33340305599995,-21.793184443348864],[-46.33340305599995,-21.790449999348933]]]}},{"type":"Feature","properties":{"PROCESSO":"830161/2024","NUMERO":830161,"ANO":2024,"AREA_HA":1987.93,"FASE":"AUTORIZAÇÃO DE PESQUISA","ULT_EVENTO":"294 - AUT PESQ/RENÚNCIA AUTORIZAÇÃO PESQUISA HOMOLOGADA PUBL EM 31/03/2025","NOME":"RTB GEOLOGIA E MINERACAO LTDA.","SUBS":"TERRAS RARAS","USO":"Industrial","UF":"MG","DSProcesso":"830.161/2024","category":"direct_ree","category_label":"Terras Raras (REE)","lon":-46.62518008015276,"lat":-21.680597176018196},"geometry":{"type":"Polygon","coordinates":[[[-46.592469999999935,-21.637883332352548],[-46.65714999999995,-21.637883332352548],[-46.657149999999945,-21.64519805735239],[-46.61758694399998,-21.645195555352412],[-46.617586942999935,-21.64519999935237],[-46.617579999999975,-21.64519999935238],[-46.617579999999975,-21.6695799993518],[-46.61758111099994,-21.669579999351793],[-46.63689999999997,-21.669583054351826],[-46.63689999999997,-21.68548999935143],[-46.652479999999976,-21.685489999351432],[-46.65247999999997,-21.6921699993513],[-46.64910140599994,-21.69217017335128],[-46.649101394999946,-21.688557726351334],[-46.64716999999996,-21.688557731351334],[-46.64716999999996,-21.685639999351448],[-46.64353999999997,-21.68563999935146],[-46.64353999999997,-21.687448014351396],[-46.641612161999944,-21.687448019351407],[-46.641612434999956,-21.685642455351452],[-46.64160999999996,-21.685642455351445],[-46.64160999999995,-21.68563999935146],[-46.63689999999997,-21.68563999935146],[-46.63689999999997,-21.68564192535144],[-46.636780727999955,-21.68564191235139],[-46.636780457999976,-21.687899145351363],[-46.63689999999997,-21.687899168351343],[-46.63689999999997,-21.687899999351373],[-46.63822994299994,-21.68789980635136],[-46.63822982299995,-21.691509999351272],[-46.63581379399994,-21.691509999351272],[-46.63581406099996,-21.687899148351388],[-46.634849999999965,-21.687899150351374],[-46.63484999999997,-21.68563999935146],[-46.632429999999935,-21.68563999935146],[-46.632429999999935,-21.6906083373513],[-46.629049289999955,-21.6906080683513],[-46.62904901999997,-21.692409999351245],[-46.62614999999994,-21.692409999351245],[-46.62614999999994,-21.689640927351334],[-46.62615018699995,-21.689252791351322],[-46.62759982999995,-21.689253065351327],[-46.62759991499997,-21.689249999351347],[-46.627600186999985,-21.6856408263514],[-46.62759999999997,-21.68563999935146],[-46.624471736999965,-21.68564013935145],[-46.62376583299994,-21.68563999935146],[-46.623765832999936,-21.683309999351476],[-46.623648111999955,-21.683309999351476],[-46.62364811199995,-21.683308604351502],[-46.62319999999994,-21.6833086053515],[-46.62319999999994,-21.679869999351542],[-46.623195875999954,-21.679869999351542],[-46.623195875999954,-21.679866643351566],[-46.606891573999974,-21.67986668735156],[-46.606891573999974,-21.679869999351542],[-46.606889999999964,-21.679869999351556],[-46.606889999999964,-21.68046669035152],[-46.60610490299997,-21.680466692351576],[-46.60610490299997,-21.680469999351548],[-46.60609999999997,-21.680469999351548],[-46.60609999999997,-21.68147780835152],[-46.60366599699995,-21.681477815351546],[-46.603665998999986,-21.682009999351493],[-46.600329999999985,-21.682009999351493],[-46.600329999999985,-21.68245966335151],[-46.59738989099998,-21.68245983435152],[-46.597389918999966,-21.682949999351475],[-46.595459999999946,-21.682949999351475],[-46.59545999999994,-21.683769999351497],[-46.59246999999994,-21.683769999351497],[-46.592469999999935,-21.637883332352548]]]}},{"type":"Feature","properties":{"PROCESSO":"830162/2024","NUMERO":830162,"ANO":2024,"AREA_HA":79,"FASE":"REQUERIMENTO DE PESQUISA","ULT_EVENTO":"132 - REQ PESQ/PRORROGAÇÃO PRAZO EXIGÊNCIA PROTOC EM 05/05/2026","NOME":"VIRIDIS MINERACAO LTDA","SUBS":"TERRAS RARAS","USO":"Industrial","UF":"MG","DSProcesso":"830.162/2024","category":"direct_ree","category_label":"Terras Raras (REE)","lon":-46.390045783999966,"lat":-21.77378922449218},"geometry":{"type":"Polygon","coordinates":[[[-46.39677999999998,-21.763269999349593],[-46.390337999999986,-21.763269999349593],[-46.390337999999986,-21.76767799934944],[-46.38932599999998,-21.76767799934944],[-46.38932599999998,-21.77008899934938],[-46.38932999999997,-21.77008899934938],[-46.38932999999997,-21.770089999349434],[-46.39071999999993,-21.770089999349434],[-46.39071999999993,-21.77086999934938],[-46.39072199999998,-21.77086999934938],[-46.39072199999998,-21.770871999349374],[-46.39140699999996,-21.770871999349374],[-46.39140699999996,-21.77451999934928],[-46.39002999999997,-21.77451999934928],[-46.39002999999997,-21.775769999349286],[-46.38853999999998,-21.775769999349286],[-46.38853999999998,-21.777628999349208],[-46.38786499999998,-21.777628999349208],[-46.38786499999998,-21.777629999349198],[-46.38785999999994,-21.777629999349198],[-46.38785999999994,-21.779559999349175],[-46.389279999999985,-21.779559999349175],[-46.389279999999985,-21.77816999934919],[-46.38989999999996,-21.7781699993492],[-46.389899999999955,-21.778164999349208],[-46.38990099999995,-21.778164999349208],[-46.38990099999995,-21.776913999349258],[-46.390004999999974,-21.776913999349265],[-46.390004999999974,-21.789369999348956],[-46.38728721999996,-21.789369999348956],[-46.38728721999996,-21.77691943934926],[-46.38811999999996,-21.77691943934926],[-46.38811999999996,-21.762159999349578],[-46.39677999999998,-21.762159999349578],[-46.39677999999998,-21.763269999349593]]]}},{"type":"Feature","properties":{"PROCESSO":"830163/2024","NUMERO":830163,"ANO":2024,"AREA_HA":1877.27,"FASE":"AUTORIZAÇÃO DE PESQUISA","ULT_EVENTO":"294 - AUT PESQ/RENÚNCIA AUTORIZAÇÃO PESQUISA HOMOLOGADA PUBL EM 31/03/2025","NOME":"RTB GEOLOGIA E MINERACAO LTDA.","SUBS":"TERRAS RARAS","USO":"Industrial","UF":"MG","DSProcesso":"830.163/2024","category":"direct_ree","category_label":"Terras Raras (REE)","lon":-46.576370088316615,"lat":-21.692194166017924},"geometry":{"type":"Polygon","coordinates":[[[-46.56721999999996,-21.669959999351793],[-46.56721861099993,-21.669959999351793],[-46.56721861099993,-21.669958610351824],[-46.563409999999976,-21.669958610351824],[-46.563409999999976,-21.637883332352548],[-46.592469999999935,-21.637883332352548],[-46.59246999999994,-21.683769999351497],[-46.592469999999935,-21.702678323351027],[-46.58640444399998,-21.702678332351],[-46.58640444399998,-21.70267999935099],[-46.58639999999997,-21.70267999935099],[-46.58639999999997,-21.707335679350926],[-46.58430732299996,-21.707335716350926],[-46.584307329999945,-21.707809999350875],[-46.582211110999935,-21.707809999350875],[-46.582211110999935,-21.706741388350906],[-46.582209999999975,-21.706741388350906],[-46.582209999999975,-21.706739999350937],[-46.58000999999996,-21.706739999350937],[-46.58000999999996,-21.707268888350924],[-46.578584443999944,-21.70726888835093],[-46.578584443999944,-21.706706110350925],[-46.57754111099996,-21.70670611035092],[-46.57754111099997,-21.705571943350915],[-46.57753999999994,-21.70557194335092],[-46.57753999999994,-21.70556999935096],[-46.57667999999996,-21.70556999935095],[-46.57667999999995,-21.70263999935104],[-46.57667916699995,-21.702640138351047],[-46.576183055999934,-21.70264009235102],[-46.576183055999934,-21.700480277351037],[-46.576179999999965,-21.700480184351058],[-46.57553083299996,-21.700480092351064],[-46.57553083299995,-21.69958277735111],[-46.57707583299998,-21.69958277735111],[-46.57707583299998,-21.699579999351098],[-46.57707999999997,-21.699579999351098],[-46.57707999999996,-21.69645018435115],[-46.57992999999993,-21.69645013835119],[-46.57993305599996,-21.696450277351136],[-46.57993305599996,-21.69017388835129],[-46.57992999999993,-21.69017388835129],[-46.57992999999993,-21.69016999935134],[-46.57807999999994,-21.69016999935133],[-46.57807999999994,-21.68702999935138],[-46.57807999999994,-21.687025277351403],[-46.57271888899994,-21.687025277351403],[-46.57271888899993,-21.687959999351385],[-46.569190832999936,-21.687959999351385],[-46.569190832999936,-21.686029166351425],[-46.56726444399993,-21.686029166351425],[-46.56726444399993,-21.683391388351474],[-46.567259999999976,-21.683391388351474],[-46.567259999999976,-21.683389999351494],[-46.56615037099994,-21.683389999351494],[-46.56615055599997,-21.67594249935166],[-46.56721861099993,-21.67594249935166],[-46.56721861099993,-21.67593999935167],[-46.56721999999996,-21.675939999351677],[-46.56721999999996,-21.669959999351793]]]}},{"type":"Feature","properties":{"PROCESSO":"830164/2024","NUMERO":830164,"ANO":2024,"AREA_HA":1650.55,"FASE":"AUTORIZAÇÃO DE PESQUISA","ULT_EVENTO":"294 - AUT PESQ/RENÚNCIA AUTORIZAÇÃO PESQUISA HOMOLOGADA PUBL EM 31/03/2025","NOME":"RTB GEOLOGIA E MINERACAO LTDA.","SUBS":"TERRAS RARAS","USO":"Industrial","UF":"MG","DSProcesso":"830.164/2024","category":"direct_ree","category_label":"Terras Raras (REE)","lon":-46.41284857001691,"lat":-21.72685546294366},"geometry":{"type":"Polygon","coordinates":[[[-46.355256388999976,-21.707888055350885],[-46.399040138999965,-21.707888055350885],[-46.399040138999965,-21.71074694335081],[-46.39904027799997,-21.710749999350824],[-46.40586388899993,-21.710749999350824],[-46.40586388899993,-21.71074694335081],[-46.405866943999975,-21.71074694335081],[-46.40586694399997,-21.709657221350874],[-46.425399999999975,-21.709657221350874],[-46.42539999999997,-21.71334999935074],[-46.428689718999976,-21.71334999935074],[-46.42868981999993,-21.716777276350673],[-46.42868999999996,-21.716779999350695],[-46.43371633999993,-21.716779999350695],[-46.43371634199997,-21.721563927350566],[-46.436033332999955,-21.72156391035059],[-46.436033332999955,-21.738589999350133],[-46.43491666699999,-21.738589999350125],[-46.43491666699998,-21.73858722135018],[-46.434199999999976,-21.73858722135018],[-46.43419999999998,-21.737809999350194],[-46.43294166699997,-21.737809999350198],[-46.432941666999966,-21.736673610350213],[-46.43194527799995,-21.736673610350202],[-46.43194527799995,-21.7366822213502],[-46.43194527799995,-21.737099999350182],[-46.43004999999993,-21.73709999935019],[-46.43004999999994,-21.737104999350166],[-46.43004694399997,-21.737104999350166],[-46.43004694399997,-21.73787999935018],[-46.42451999999998,-21.73787999935018],[-46.42451999999998,-21.733359999350277],[-46.423769999999934,-21.733359999350277],[-46.423769999999934,-21.731749999350342],[-46.42283465299994,-21.731749999350342],[-46.422834618999964,-21.72102804235056],[-46.40930317999994,-21.721027526350554],[-46.40930317999994,-21.72102999935055],[-46.40929999999997,-21.72102999935055],[-46.40929999999997,-21.72752962835041],[-46.408853332999975,-21.727529814350444],[-46.407829999999926,-21.727529999350406],[-46.40782999999993,-21.73496999935027],[-46.40783222199997,-21.73496999935027],[-46.407832221999975,-21.734973610350224],[-46.40869611099998,-21.734973610350224],[-46.40869611099998,-21.739002499350175],[-46.39192444399999,-21.73900249935016],[-46.39192444399998,-21.736690277350213],[-46.39758916699998,-21.736690277350213],[-46.39758916699998,-21.732384999350316],[-46.40055055599998,-21.732384999350316],[-46.400550555999985,-21.72632527735043],[-46.40411249999994,-21.72632527735043],[-46.40411249999994,-21.723521110350543],[-46.37490999999994,-21.723521110350543],[-46.37490999999994,-21.7253766663505],[-46.355256388999976,-21.725376666350506],[-46.355256388999976,-21.707888055350885]]]}},{"type":"Feature","properties":{"PROCESSO":"830165/2024","NUMERO":830165,"ANO":2024,"AREA_HA":1035.02,"FASE":"AUTORIZAÇÃO DE PESQUISA","ULT_EVENTO":"264 - AUT PESQ/TAH - PAGAMENTO EFETUADO EM 13/07/2026","NOME":"VIRIDIS MINERACAO LTDA","SUBS":"TERRAS RARAS","USO":"Industrial","UF":"MG","DSProcesso":"830.165/2024","category":"direct_ree","category_label":"Terras Raras (REE)","lon":-46.38183614322578,"lat":-21.78540344709097},"geometry":{"type":"Polygon","coordinates":[[[-46.39677999999998,-21.762159999349578],[-46.38811999999996,-21.762159999349578],[-46.38811999999996,-21.77691943934926],[-46.38728721999996,-21.77691943934926],[-46.38728721999996,-21.789369999348956],[-46.38999999999994,-21.789369999348956],[-46.38999999999994,-21.79593799934882],[-46.385657999999985,-21.795937999348812],[-46.385657999999985,-21.799109999348676],[-46.38031999999998,-21.799109999348676],[-46.38031999999998,-21.799113999348737],[-46.380315999999944,-21.799113999348737],[-46.380315999999944,-21.80349999934858],[-46.37767999999994,-21.80349999934858],[-46.37767999999994,-21.80350399934864],[-46.37767699999995,-21.80350399934863],[-46.377676999999956,-21.807257999348508],[-46.36879199999999,-21.807257999348497],[-46.368791999999985,-21.807259999348492],[-46.36878999999993,-21.807259999348492],[-46.36878999999993,-21.80915999934848],[-46.36789999999996,-21.80915999934848],[-46.367899999999956,-21.76205999934961],[-46.374889999999944,-21.76205999934961],[-46.37488999999994,-21.760029999349666],[-46.38326999999998,-21.760029999349666],[-46.38326999999998,-21.757949999349684],[-46.392589999999984,-21.757949999349684],[-46.39258999999999,-21.759339999349667],[-46.39677999999998,-21.759339999349667],[-46.39677999999998,-21.762159999349578]]]}},{"type":"Feature","properties":{"PROCESSO":"830166/2024","NUMERO":830166,"ANO":2024,"AREA_HA":1975.59,"FASE":"AUTORIZAÇÃO DE PESQUISA","ULT_EVENTO":"294 - AUT PESQ/RENÚNCIA AUTORIZAÇÃO PESQUISA HOMOLOGADA PUBL EM 31/03/2025","NOME":"RTB GEOLOGIA E MINERACAO LTDA.","SUBS":"TERRAS RARAS","USO":"Industrial","UF":"MG","DSProcesso":"830.166/2024","category":"direct_ree","category_label":"Terras Raras (REE)","lon":-46.27604392534087,"lat":-21.763928457031373},"geometry":{"type":"Polygon","coordinates":[[[-46.301539999999925,-21.74399281635001],[-46.31576999999993,-21.743992778350023],[-46.31576999999993,-21.743994443350033],[-46.31576777799995,-21.743994443350015],[-46.31576777799995,-21.75363999934981],[-46.30486999999993,-21.75363999934981],[-46.30486999999993,-21.7536424993498],[-46.30486749999995,-21.7536424993498],[-46.30486749999994,-21.75961999934963],[-46.29439999999993,-21.75961999934963],[-46.29439999999994,-21.75962111034965],[-46.29439611099997,-21.75962111034965],[-46.29439611099997,-21.76615777734953],[-46.28461138899996,-21.76615777734953],[-46.28461138899997,-21.766159999349515],[-46.28460999999994,-21.766159999349515],[-46.28460999999994,-21.773329999349308],[-46.27464999999995,-21.773329999349297],[-46.27464999999995,-21.777949999349236],[-46.24931999999995,-21.777949999349243],[-46.249319999999955,-21.777954443349202],[-46.24931777799998,-21.777954443349202],[-46.24931777799998,-21.792266334348888],[-46.24375214999998,-21.792266251348856],[-46.24375214999998,-21.792269999348893],[-46.24374999999998,-21.7922699993489],[-46.243749999999984,-21.79633014334879],[-46.23940033799994,-21.796330044348764],[-46.23732194399997,-21.79632999934879],[-46.23732194399997,-21.7611499993496],[-46.24231999999996,-21.7611499993496],[-46.24231999999996,-21.75532108534978],[-46.25078357199993,-21.755321062349743],[-46.25078356599994,-21.75347438734981],[-46.259484749999956,-21.753474363349795],[-46.25948473999994,-21.75031490434991],[-46.27978629799998,-21.75031485034985],[-46.27978631499997,-21.75573487634975],[-46.28558691799998,-21.75573486034974],[-46.28558691799998,-21.755729999349754],[-46.28558999999996,-21.755729999349764],[-46.28558999999996,-21.74760999934994],[-46.30153999999993,-21.74760999934994],[-46.301539999999925,-21.74399281635001]]]}},{"type":"Feature","properties":{"PROCESSO":"830228/2006","NUMERO":830228,"ANO":2006,"AREA_HA":546.92,"FASE":"REQUERIMENTO DE LAVRA","ULT_EVENTO":"336 - REQ LAV/DOCUMENTO DIVERSO PROTOC EM 03/10/2025","NOME":"MINERACAO CALDENSE LTDA","SUBS":"TINGUAÍTO","USO":"Industrial","UF":"MG","DSProcesso":"830.228/2006","category":"carbonatite_associated","category_label":"Tinguaito (alkaline complex)","lon":-46.620824776529375,"lat":-22.020350193931694},"geometry":{"type":"Polygon","coordinates":[[[-46.62798390599994,-22.01555989034357],[-46.627983935999964,-22.025139935343347],[-46.624129180999944,-22.025139946343348],[-46.62412919899998,-22.030616082343194],[-46.61841498499996,-22.03061609834319],[-46.618415012999954,-22.03930919534302],[-46.60699686199996,-22.039309226342986],[-46.606996798999944,-22.019283576343486],[-46.61103572099995,-22.019283565343493],[-46.611035706999985,-22.01466104334361],[-46.61664853099995,-22.014661028343603],[-46.61664852499996,-22.012804075343634],[-46.62414969899999,-22.012804054343626],[-46.62414968299999,-22.007822920343756],[-46.633659761999986,-22.00782289434375],[-46.63365978599995,-22.015559874343566],[-46.62798390599994,-22.01555989034357]]]}},{"type":"Feature","properties":{"PROCESSO":"830277/2024","NUMERO":830277,"ANO":2024,"AREA_HA":8.41,"FASE":"AUTORIZAÇÃO DE PESQUISA","ULT_EVENTO":"264 - AUT PESQ/TAH - PAGAMENTO EFETUADO EM 13/07/2026","NOME":"VIRIDIS MINERACAO LTDA","SUBS":"TERRAS RARAS","USO":"Industrial","UF":"MG","DSProcesso":"830.277/2024","category":"direct_ree","category_label":"Terras Raras (REE)","lon":-46.27906768242855,"lat":-21.798679619920158},"geometry":{"type":"Polygon","coordinates":[[[-46.27879312199997,-21.80418999934858],[-46.278793088999976,-21.79357367134888],[-46.27893999999998,-21.79357367134887],[-46.27893999999998,-21.7955199993488],[-46.27960722199998,-21.7955199993488],[-46.279607221999974,-21.804189999348587],[-46.27879312199997,-21.80418999934858]]]}},{"type":"Feature","properties":{"PROCESSO":"830278/2024","NUMERO":830278,"ANO":2024,"AREA_HA":1.87,"FASE":"AUTORIZAÇÃO DE PESQUISA","ULT_EVENTO":"264 - AUT PESQ/TAH - PAGAMENTO EFETUADO EM 13/07/2026","NOME":"VIRIDIS MINERACAO LTDA","SUBS":"TERRAS RARAS","USO":"Industrial","UF":"MG","DSProcesso":"830.278/2024","category":"direct_ree","category_label":"Terras Raras (REE)","lon":-46.52989799999993,"lat":-21.830190205347982},"geometry":{"type":"Polygon","coordinates":[[[-46.529609999999934,-21.831096988347948],[-46.52960999999994,-21.82882999934803],[-46.530329999999935,-21.82882999934803],[-46.53032999999994,-21.83109705134795],[-46.529609999999934,-21.831096988347948]]]}},{"type":"Feature","properties":{"PROCESSO":"830301/2024","NUMERO":830301,"ANO":2024,"AREA_HA":35.32,"FASE":"AUTORIZAÇÃO DE PESQUISA","ULT_EVENTO":"264 - AUT PESQ/TAH - PAGAMENTO EFETUADO EM 22/01/2026","NOME":"BRAZIL ROYALTY CORP PARTICIPACOES E INVESTIMENTOS LTDA.","SUBS":"TERRAS RARAS","USO":"Industrial","UF":"MG","DSProcesso":"830.301/2024","category":"direct_ree","category_label":"Terras Raras (REE)","lon":-46.47709060754684,"lat":-21.9255749815957},"geometry":{"type":"Polygon","coordinates":[[[-46.47765561499995,-21.917630593345887],[-46.47598608399994,-21.915210889345968],[-46.47778160599995,-21.915210986345954],[-46.47778123099994,-21.92194815334579],[-46.48002671699994,-21.921948247345814],[-46.48002668699996,-21.922670731345796],[-46.48162369999994,-21.9226707793458],[-46.48162366799994,-21.923754505345755],[-46.48244637799997,-21.923754523345742],[-46.482446350999965,-21.924928560345712],[-46.48414017899996,-21.924928585345732],[-46.48414010499994,-21.93155917834557],[-46.484148965999964,-21.93155917834558],[-46.48414982899993,-21.937086669345415],[-46.48026382199998,-21.937121865345404],[-46.48030508199998,-21.941111110345318],[-46.480136260999984,-21.941111110345318],[-46.48013623899993,-21.933826944345522],[-46.48003944299995,-21.93382694334554],[-46.48003943799995,-21.932020736345553],[-46.47790994799993,-21.93202072734554],[-46.47790996799995,-21.93048544934557],[-46.476070882999984,-21.9304854193456],[-46.47607092199997,-21.92895014234562],[-46.47555555599996,-21.928950125345636],[-46.47555555599996,-21.928889895345613],[-46.47652543199997,-21.928889892345623],[-46.476525435999974,-21.930224621345605],[-46.47823489499995,-21.93022461634561],[-46.47823489999996,-21.931661568345564],[-46.480459361999976,-21.931661562345578],[-46.48045937799998,-21.93668241934543],[-46.48383079499996,-21.936682410345423],[-46.48383076199997,-21.92593624834571],[-46.481468519999964,-21.925936254345697],[-46.48146851399997,-21.92393985634573],[-46.47979794399998,-21.92393986034574],[-46.47979793999997,-21.922764854345786],[-46.47758069999997,-21.92276486134577],[-46.477580692999936,-21.92065568334581],[-46.47340149099995,-21.920655695345854],[-46.473401500999955,-21.923684320345735],[-46.470275641999926,-21.92368432934576],[-46.470275640999944,-21.923236550345745],[-46.466671666999964,-21.923236560345764],[-46.46667166699996,-21.92310453034578],[-46.46837879199995,-21.92310448234578],[-46.468378763999965,-21.922491274345788],[-46.47021416099995,-21.92249090934579],[-46.470214158999966,-21.92294060634574],[-46.47098846999995,-21.922940605345758],[-46.470988484999964,-21.923570880345732],[-46.47263293499998,-21.923570868345745],[-46.472632909999966,-21.92188477134578],[-46.47326300099996,-21.921884762345822],[-46.473262965999936,-21.920078551345828],[-46.47498577399995,-21.920078514345835],[-46.47498574599996,-21.919184440345877],[-46.47638914699996,-21.919184395345837],[-46.47638911699994,-21.918462814345855],[-46.47732793899996,-21.918462778345898],[-46.47732790799995,-21.917804414345902],[-46.47731987999998,-21.917804415345906],[-46.47765561499995,-21.917630593345887]]]}},{"type":"Feature","properties":{"PROCESSO":"830304/2024","NUMERO":830304,"ANO":2024,"AREA_HA":42.64,"FASE":"AUTORIZAÇÃO DE PESQUISA","ULT_EVENTO":"264 - AUT PESQ/TAH - PAGAMENTO EFETUADO EM 31/07/2026","NOME":"I.R.S Minerals Extração de Minerais EIRELI","SUBS":"TERRAS RARAS","USO":"Industrial","UF":"MG","DSProcesso":"830.304/2024","category":"direct_ree","category_label":"Terras Raras (REE)","lon":-46.371974373777746,"lat":-22.02462217912113},"geometry":{"type":"Polygon","coordinates":[[[-46.365924862999975,-22.02343550434339],[-46.36591999999997,-22.023435504343382],[-46.36591999999996,-22.023399999343408],[-46.37953694099996,-22.023399999343415],[-46.379537624999955,-22.026106551343293],[-46.37953999999996,-22.026106550343318],[-46.37953999999996,-22.0261399993433],[-46.36592507199998,-22.026139999343307],[-46.365924862999975,-22.02343550434339]]]}},{"type":"Feature","properties":{"PROCESSO":"830355/2024","NUMERO":830355,"ANO":2024,"AREA_HA":1979.54,"FASE":"AUTORIZAÇÃO DE PESQUISA","ULT_EVENTO":"294 - AUT PESQ/RENÚNCIA AUTORIZAÇÃO PESQUISA HOMOLOGADA PUBL EM 07/04/2025","NOME":"I.R.S Minerals Extração de Minerais EIRELI","SUBS":"TERRAS RARAS","USO":"Industrial","UF":"MG","DSProcesso":"830.355/2024","category":"direct_ree","category_label":"Terras Raras (REE)","lon":-46.12306798852938,"lat":-21.990324587461807},"geometry":{"type":"Polygon","coordinates":[[[-46.073219999999935,-21.977863719344473],[-46.08687205799998,-21.977863682344466],[-46.08687205299998,-21.97627333234448],[-46.16519444399995,-21.97627333234448],[-46.16519444399996,-21.979466666344415],[-46.15835277799994,-21.979466666344415],[-46.15835277799994,-21.97946999934441],[-46.15834999999998,-21.97946999934441],[-46.158349999999984,-21.985199999344296],[-46.156474166999935,-21.985199999344296],[-46.15647416699994,-22.003419999343848],[-46.15645055599998,-22.003419999343848],[-46.15645055599999,-22.003416388343837],[-46.14015055599998,-22.003416388343847],[-46.14015055599998,-22.003396388343834],[-46.140130555999974,-22.003396388343834],[-46.14013055599998,-21.99869638834399],[-46.13597055599996,-21.99869638834399],[-46.13597055599997,-21.989096388344173],[-46.13059055599996,-21.989096388344173],[-46.13059055599996,-21.989099999344198],[-46.12520999999998,-21.989099999344198],[-46.12520999999998,-21.99905840234394],[-46.10535338899996,-21.99905845634394],[-46.10535335999998,-21.98980757834417],[-46.10219083399995,-21.98980758734419],[-46.10219083399994,-21.989809999344207],[-46.10218999999995,-21.989809999344192],[-46.10218999999995,-21.996148172344014],[-46.079230191999955,-21.996148234344037],[-46.07923018399998,-21.99090999934413],[-46.07923036799997,-21.990907654344134],[-46.073219999999935,-21.990907670344143],[-46.073219999999935,-21.977863719344473]]]}},{"type":"Feature","properties":{"PROCESSO":"830356/2024","NUMERO":830356,"ANO":2024,"AREA_HA":1998.44,"FASE":"AUTORIZAÇÃO DE PESQUISA","ULT_EVENTO":"294 - AUT PESQ/RENÚNCIA AUTORIZAÇÃO PESQUISA HOMOLOGADA PUBL EM 07/04/2025","NOME":"I.R.S Minerals Extração de Minerais EIRELI","SUBS":"TERRAS RARAS","USO":"Industrial","UF":"MG","DSProcesso":"830.356/2024","category":"direct_ree","category_label":"Terras Raras (REE)","lon":-46.11856217638457,"lat":-21.96401049003709},"geometry":{"type":"Polygon","coordinates":[[[-46.08687200899994,-21.96212694034483],[-46.086869999999976,-21.96212694034483],[-46.086869999999976,-21.962111388344848],[-46.08400999999997,-21.962111388344848],[-46.08400999999998,-21.95335444334505],[-46.139058610999946,-21.95335444334505],[-46.139058610999946,-21.956158055344964],[-46.16521305599998,-21.956158055344964],[-46.16521305599997,-21.974980555344512],[-46.16519444399996,-21.974980555344512],[-46.16519444399995,-21.97627333234448],[-46.08687205299998,-21.97627333234448],[-46.08687200899994,-21.96212694034483]]]}},{"type":"Feature","properties":{"PROCESSO":"830357/2024","NUMERO":830357,"ANO":2024,"AREA_HA":1997.01,"FASE":"AUTORIZAÇÃO DE PESQUISA","ULT_EVENTO":"294 - AUT PESQ/RENÚNCIA AUTORIZAÇÃO PESQUISA HOMOLOGADA PUBL EM 07/04/2025","NOME":"I.R.S Minerals Extração de Minerais EIRELI","SUBS":"TERRAS RARAS","USO":"Industrial","UF":"MG","DSProcesso":"830.357/2024","category":"direct_ree","category_label":"Terras Raras (REE)","lon":-46.12072666666662,"lat":-21.942793517678624},"geometry":{"type":"Polygon","coordinates":[[[-46.139058610999946,-21.95335444334505],[-46.08400999999998,-21.95335444334505],[-46.08400999999997,-21.921671666345777],[-46.139111388999936,-21.921671666345777],[-46.139111388999936,-21.95335444334505],[-46.139058610999946,-21.95335444334505]]]}},{"type":"Feature","properties":{"PROCESSO":"830358/2024","NUMERO":830358,"ANO":2024,"AREA_HA":1991.66,"FASE":"AUTORIZAÇÃO DE PESQUISA","ULT_EVENTO":"294 - AUT PESQ/RENÚNCIA AUTORIZAÇÃO PESQUISA HOMOLOGADA PUBL EM 07/04/2025","NOME":"I.R.S Minerals Extração de Minerais EIRELI","SUBS":"TERRAS RARAS","USO":"Industrial","UF":"MG","DSProcesso":"830.358/2024","category":"direct_ree","category_label":"Terras Raras (REE)","lon":-46.10013810547054,"lat":-21.907694377934362},"geometry":{"type":"Polygon","coordinates":[[[-46.09455009599998,-21.89324805534647],[-46.16437222199994,-21.89324805534647],[-46.16437222199994,-21.896136110346422],[-46.13911138899994,-21.896136110346422],[-46.139111388999936,-21.921671666345777],[-46.08400999999997,-21.921671666345777],[-46.08400999999997,-21.9212199993458],[-46.08400546899998,-21.9212199993458],[-46.084005468999976,-21.921216751345817],[-46.07826986299995,-21.921216767345822],[-46.07826970299993,-21.910159999346096],[-46.078269553999974,-21.910156159346045],[-46.07316999999995,-21.910156173346063],[-46.07316999999995,-21.900034457346298],[-46.09455021399999,-21.900034399346332],[-46.094550106999975,-21.900029999346312],[-46.09455009599998,-21.89324805534647]]]}},{"type":"Feature","properties":{"PROCESSO":"830359/2024","NUMERO":830359,"ANO":2024,"AREA_HA":1996.67,"FASE":"AUTORIZAÇÃO DE PESQUISA","ULT_EVENTO":"294 - AUT PESQ/RENÚNCIA AUTORIZAÇÃO PESQUISA HOMOLOGADA PUBL EM 07/04/2025","NOME":"I.R.S Minerals Extração de Minerais EIRELI","SUBS":"TERRAS RARAS","USO":"Industrial","UF":"MG","DSProcesso":"830.359/2024","category":"direct_ree","category_label":"Terras Raras (REE)","lon":-46.12089507499997,"lat":-21.869333414989892},"geometry":{"type":"Polygon","coordinates":[[[-46.132029999999986,-21.851949999347433],[-46.13265999999994,-21.851949999347433],[-46.13265999999994,-21.853009999347403],[-46.132663442999956,-21.85301015334742],[-46.13626708399994,-21.853010147347433],[-46.13642999999996,-21.853009999347403],[-46.13642999999996,-21.861809999347194],[-46.13663999999995,-21.861809999347194],[-46.13663999999994,-21.867059999347116],[-46.13664379699998,-21.867059999347116],[-46.13664379699998,-21.867083017347092],[-46.13708972499995,-21.867083016347113],[-46.13708983099997,-21.876169999346864],[-46.13708966199994,-21.876172781346895],[-46.16427988899994,-21.87617270834688],[-46.164279888999936,-21.87616999934686],[-46.16437222199994,-21.876169999346864],[-46.16437222199994,-21.89324805534647],[-46.09455004799998,-21.89324805534647],[-46.09455008699995,-21.887072670346605],[-46.09454999999998,-21.887069999346593],[-46.08773999999993,-21.887069999346593],[-46.08773999999994,-21.878344870346826],[-46.08926639299995,-21.878344866346833],[-46.089265943999976,-21.88147631534678],[-46.08926999999994,-21.88147631534677],[-46.089269999999935,-21.88147999934676],[-46.10354999999998,-21.88147999934676],[-46.103549999999984,-21.88005999934679],[-46.110319999999945,-21.88005986034678],[-46.11032109699994,-21.880059722346758],[-46.11032106699997,-21.870129999347025],[-46.113219999999956,-21.870129999347025],[-46.11321999999996,-21.870125474347027],[-46.113223662999985,-21.870125474347027],[-46.11322328999995,-21.854113303347404],[-46.113219999999956,-21.854113303347404],[-46.113219999999956,-21.854110277347388],[-46.112829999999974,-21.854110277347388],[-46.11282999999998,-21.851951388347466],[-46.132029999999986,-21.851951388347466],[-46.132029999999986,-21.851949999347433]]]}},{"type":"Feature","properties":{"PROCESSO":"830364/2024","NUMERO":830364,"ANO":2024,"AREA_HA":1992.38,"FASE":"AUTORIZAÇÃO DE PESQUISA","ULT_EVENTO":"294 - AUT PESQ/RENÚNCIA AUTORIZAÇÃO PESQUISA HOMOLOGADA PUBL EM 07/04/2025","NOME":"I.R.S Minerals Extração de Minerais EIRELI","SUBS":"TERRAS RARAS","USO":"Industrial","UF":"MG","DSProcesso":"830.364/2024","category":"direct_ree","category_label":"Terras Raras (REE)","lon":-46.16976595252084,"lat":-21.835176179452024},"geometry":{"type":"Polygon","coordinates":[[[-46.15395207199999,-21.801382377348677],[-46.15949999999998,-21.801382362348654],[-46.15950013899993,-21.801394443348688],[-46.15950013899994,-21.801739999348634],[-46.15950027799994,-21.801743055348656],[-46.15991861099997,-21.801743055348663],[-46.15991861099997,-21.80208194334864],[-46.161796110999944,-21.80208194334864],[-46.161796110999944,-21.802420555348636],[-46.164585555999956,-21.80242018434864],[-46.164589999999976,-21.802419999348604],[-46.16458999999997,-21.80138999934867],[-46.17601499999994,-21.80138999934867],[-46.17601499999995,-21.804177221348606],[-46.18090722199997,-21.804177221348606],[-46.18090722199998,-21.80744472134852],[-46.18708694399993,-21.80744472134852],[-46.18708694399992,-21.812943055348367],[-46.19735472199995,-21.812943055348367],[-46.19735472199994,-21.821679443348213],[-46.198894166999935,-21.821679443348213],[-46.198894166999935,-21.823790832348138],[-46.20541722199993,-21.823790832348152],[-46.20541722199994,-21.82733666634802],[-46.204516110999975,-21.82733666634802],[-46.204516110999975,-21.832171110347947],[-46.18284361099996,-21.832171110347947],[-46.18284361099996,-21.83966055534775],[-46.18739249999993,-21.83966055534775],[-46.18739249999993,-21.844201666347622],[-46.19237499999997,-21.844201666347622],[-46.19237499999998,-21.858687777347274],[-46.19081111099996,-21.858687777347274],[-46.19081111099996,-21.874748610346927],[-46.18703444399995,-21.874748610346927],[-46.18703444399995,-21.878253332346848],[-46.19338611099994,-21.878253332346848],[-46.19338611099994,-21.871423888347003],[-46.19953194399994,-21.87142388834701],[-46.19953194399994,-21.879680277346818],[-46.18838638899996,-21.879680277346807],[-46.18838638899996,-21.88225999934675],[-46.17529194399998,-21.88225999934675],[-46.17529194399998,-21.88880166634657],[-46.164439999999956,-21.888801666346556],[-46.164439999999956,-21.86937999934706],[-46.16444403699995,-21.86937999934706],[-46.16444403699995,-21.86938295334703],[-46.167744063999976,-21.86938294434701],[-46.167744024999934,-21.856818055347336],[-46.18123999999994,-21.856818055347336],[-46.181239999999946,-21.846529999347595],[-46.178789999999935,-21.846529999347595],[-46.178789999999935,-21.845089999347636],[-46.178788091999934,-21.845089999347636],[-46.178788091999934,-21.845087769347625],[-46.177389999999946,-21.845087747347634],[-46.17738999999995,-21.844269999347617],[-46.17337089899996,-21.844269999347617],[-46.17337098199994,-21.84269436334768],[-46.17336999999998,-21.84269436334768],[-46.17336999999998,-21.842689999347673],[-46.172094082999934,-21.842689999347673],[-46.17209424899994,-21.839969999347726],[-46.181239999999946,-21.839969999347726],[-46.18123999999994,-21.83996887834775],[-46.18124269899994,-21.83996887834775],[-46.181242682999944,-21.835633024347814],[-46.18123999999994,-21.835633024347814],[-46.181239999999946,-21.835607499347873],[-46.16902999999997,-21.835607499347873],[-46.169029999999964,-21.83996665934774],[-46.16396999999995,-21.83996626834773],[-46.16396999999995,-21.83725999934781],[-46.16396900299998,-21.83725999934781],[-46.16396900299998,-21.8372569253478],[-46.158459999999934,-21.837256272347826],[-46.158459999999934,-21.83670999934785],[-46.154799999999966,-21.83670999934785],[-46.15479966199996,-21.83490999934788],[-46.15479932399995,-21.834907638347843],[-46.15296146399993,-21.83490733734784],[-46.152961568999956,-21.834365469347887],[-46.15157999999997,-21.834365230347853],[-46.15157999999997,-21.832919999347897],[-46.151578636999936,-21.832920122347904],[-46.15024711499996,-21.832919999347897],[-46.14885090299998,-21.83291986934791],[-46.14884999999998,-21.832919999347897],[-46.14884999999998,-21.836984174347794],[-46.148849349999985,-21.83990992334777],[-46.14598605899994,-21.839909267347707],[-46.14598511399998,-21.84380999934766],[-46.142984499999955,-21.84380999934766],[-46.136437326999946,-21.84380842834767],[-46.136437326999946,-21.84380999934766],[-46.13626944399994,-21.84380999934766],[-46.136269443999936,-21.843624572347647],[-46.138951117999966,-21.84362456534765],[-46.13895181699996,-21.839739999347746],[-46.141719999999964,-21.839739999347746],[-46.141719999999964,-21.834729999347896],[-46.14629999999994,-21.834729999347896],[-46.14629999999995,-21.83472589234784],[-46.14630211099996,-21.83472589234784],[-46.146302100999954,-21.831461709347916],[-46.14629999999994,-21.831461709347916],[-46.14629999999995,-21.831459999347928],[-46.14471999999995,-21.831459999347928],[-46.14471999999995,-21.83062027734798],[-46.17257999999998,-21.83062027734798],[-46.17257999999998,-21.83084694334797],[-46.17181999999997,-21.83084694334797],[-46.17181999999997,-21.83120999934794],[-46.17182083299997,-21.83120999934794],[-46.17182083299997,-21.831211666347933],[-46.17221999999998,-21.831211666347933],[-46.172219999999975,-21.831739628347957],[-46.17267666699997,-21.831739814347912],[-46.17267666699996,-21.832167499347943],[-46.17267999999996,-21.832167499347943],[-46.172679999999964,-21.83216999934794],[-46.17309999999998,-21.832169999347933],[-46.17309999999998,-21.832649999347904],[-46.17310444399993,-21.832649999347908],[-46.17310444399993,-21.8326524993479],[-46.173599999999965,-21.8326524993479],[-46.173599999999965,-21.833109999347926],[-46.17424999999997,-21.833109999347933],[-46.17424999999997,-21.83084694334797],[-46.17278638899996,-21.83084694334797],[-46.17278638899995,-21.83061999934796],[-46.193209999999965,-21.83061999934796],[-46.193209999999965,-21.83061606334798],[-46.19321373499998,-21.83061606334798],[-46.19321141599994,-21.817069325348296],[-46.18433027399993,-21.81706999934827],[-46.16903204499994,-21.81706999934827],[-46.16903201699995,-21.8080399883485],[-46.169029999999964,-21.80803999334851],[-46.15394999999995,-21.808038924348498],[-46.15394999999995,-21.807800742348526],[-46.15395209199995,-21.807800742348526],[-46.15395207199999,-21.801382377348677]]]}},{"type":"Feature","properties":{"PROCESSO":"830365/2024","NUMERO":830365,"ANO":2024,"AREA_HA":1983.98,"FASE":"AUTORIZAÇÃO DE PESQUISA","ULT_EVENTO":"294 - AUT PESQ/RENÚNCIA AUTORIZAÇÃO PESQUISA HOMOLOGADA PUBL EM 07/04/2025","NOME":"I.R.S Minerals Extração de Minerais EIRELI","SUBS":"TERRAS RARAS","USO":"Industrial","UF":"MG","DSProcesso":"830.365/2024","category":"direct_ree","category_label":"Terras Raras (REE)","lon":-46.15941891966662,"lat":-21.924247914901294},"geometry":{"type":"Polygon","coordinates":[[[-46.139111388999936,-21.8961963883464],[-46.18045694399996,-21.8961963883464],[-46.18045694399996,-21.923536110345772],[-46.17253999999997,-21.923536110345772],[-46.17253999999996,-21.901729999346248],[-46.172536110999935,-21.901729999346248],[-46.17253611099994,-21.90172611034628],[-46.16293861099996,-21.901726110346274],[-46.16293861099995,-21.933330812345506],[-46.164505832999964,-21.933330832345522],[-46.164505832999964,-21.943265277345272],[-46.16450999999995,-21.943265277345287],[-46.16450999999996,-21.956158055344964],[-46.13905999999997,-21.956158055344964],[-46.13905999999997,-21.95335444334505],[-46.139111388999936,-21.95335444334505],[-46.139111388999936,-21.921671666345777],[-46.139111388999936,-21.8961963883464]]]}},{"type":"Feature","properties":{"PROCESSO":"830366/2024","NUMERO":830366,"ANO":2024,"AREA_HA":1945.94,"FASE":"AUTORIZAÇÃO DE PESQUISA","ULT_EVENTO":"294 - AUT PESQ/RENÚNCIA AUTORIZAÇÃO PESQUISA HOMOLOGADA PUBL EM 07/04/2025","NOME":"I.R.S Minerals Extração de Minerais EIRELI","SUBS":"TERRAS RARAS","USO":"Industrial","UF":"MG","DSProcesso":"830.366/2024","category":"direct_ree","category_label":"Terras Raras (REE)","lon":-46.060009606134585,"lat":-21.936121283537766},"geometry":{"type":"Polygon","coordinates":[[[-46.05417214299996,-21.914391522345966],[-46.05416999999995,-21.914391522345966],[-46.05416999999994,-21.914389999345985],[-46.05011183099998,-21.914389999345985],[-46.05011179699994,-21.90346999934625],[-46.063829999999946,-21.90346999934625],[-46.063829999999946,-21.908289999346135],[-46.06572999999998,-21.908289999346135],[-46.065729999999974,-21.924389999345742],[-46.07316999999995,-21.924389999345742],[-46.073169999999955,-21.912732851346036],[-46.07608004899998,-21.912732843346006],[-46.076080124999976,-21.934590362345464],[-46.08400550999995,-21.93459035234551],[-46.08400999999998,-21.934589999345498],[-46.08400999999998,-21.95335444334505],[-46.08400999999997,-21.962109999344822],[-46.07290999999998,-21.962109999344822],[-46.07290999999998,-21.951879999345078],[-46.07290519399993,-21.95187999934509],[-46.07290519399993,-21.9518769283451],[-46.06673903099995,-21.9518769453451],[-46.066739095999935,-21.972795934344592],[-46.06340434499998,-21.972795943344547],[-46.06340434499998,-21.972799999344577],[-46.048828610999976,-21.972799999344577],[-46.04882861099997,-21.948149999345155],[-46.048706090999985,-21.948149999345155],[-46.048706090999985,-21.948149199345146],[-46.03403999999995,-21.948149238345188],[-46.03403999999995,-21.94169999934534],[-46.04861999999998,-21.94169999934534],[-46.04861999999997,-21.941698612345338],[-46.04862190299997,-21.941698612345345],[-46.04862189399995,-21.938709810345408],[-46.05088999999998,-21.938709999345402],[-46.05088999999998,-21.918809999345864],[-46.052444641999955,-21.918809999345864],[-46.052444686999934,-21.933396618345512],[-46.052455832999954,-21.933396618345512],[-46.052455832999954,-21.933399999345518],[-46.05661777699999,-21.933399999345518],[-46.05661779199994,-21.938076629345414],[-46.05661999999995,-21.938076629345414],[-46.05661999999995,-21.93807999934541],[-46.06162999999998,-21.938079999345405],[-46.06162999999997,-21.938076616345434],[-46.06163338999994,-21.938076616345434],[-46.06163336699996,-21.930680191345587],[-46.06162999999998,-21.93068012734559],[-46.05417219399993,-21.93068007034556],[-46.05417214299996,-21.914391522345966]]]}},{"type":"Feature","properties":{"PROCESSO":"830373/2024","NUMERO":830373,"ANO":2024,"AREA_HA":1995.57,"FASE":"AUTORIZAÇÃO DE PESQUISA","ULT_EVENTO":"294 - AUT PESQ/RENÚNCIA AUTORIZAÇÃO PESQUISA HOMOLOGADA PUBL EM 07/04/2025","NOME":"I.R.S Minerals Extração de Minerais EIRELI","SUBS":"TERRAS RARAS","USO":"Industrial","UF":"MG","DSProcesso":"830.373/2024","category":"direct_ree","category_label":"Terras Raras (REE)","lon":-46.211675834446396,"lat":-21.90801959448899},"geometry":{"type":"Polygon","coordinates":[[[-46.18838999999997,-21.8799552773468],[-46.21849999999995,-21.87995527734679],[-46.21849999999995,-21.88225564734673],[-46.20493580299995,-21.882255683346752],[-46.20493582599994,-21.889481829346575],[-46.21834999999993,-21.88948179334656],[-46.21834999999994,-21.893809728346437],[-46.207359999999944,-21.89380981034648],[-46.20735669199996,-21.89380962134644],[-46.20735670999994,-21.899619649346345],[-46.20735999999994,-21.899619766346298],[-46.20952999999997,-21.899619821346338],[-46.20952999999997,-21.908949999346095],[-46.20953231399994,-21.908949999346095],[-46.209532313999944,-21.908952188346078],[-46.210085928999945,-21.9089521863461],[-46.21008594999995,-21.915782774345946],[-46.223807731999955,-21.91578273734595],[-46.223807731999955,-21.9157799993459],[-46.22380999999996,-21.915779999345908],[-46.22380999999996,-21.913319999345983],[-46.25017999999994,-21.913319999345983],[-46.25017999999995,-21.921076582345798],[-46.25017882599997,-21.92721845834567],[-46.25017999999994,-21.92721845834567],[-46.25017999999994,-21.92721999934569],[-46.25088999999997,-21.92721999934569],[-46.25088999999997,-21.927911110345658],[-46.25088999999997,-21.927932060345675],[-46.233181083999966,-21.92793683134564],[-46.233179984999936,-21.923421308345727],[-46.23317999999995,-21.923419999345775],[-46.22838999999993,-21.923419999345775],[-46.22838999999993,-21.92342226634578],[-46.22834051199993,-21.923422276345736],[-46.22834071099993,-21.92435555534575],[-46.220549999999946,-21.92435555534575],[-46.22054999999995,-21.921474999345776],[-46.22054999999995,-21.921469999345796],[-46.199419999999975,-21.921469999345796],[-46.19941999999997,-21.91491999934595],[-46.188849999999945,-21.91491999934595],[-46.188849999999945,-21.91492222134598],[-46.18884722199994,-21.91492222134598],[-46.188847221999936,-21.923536110345772],[-46.18045999999998,-21.923536110345772],[-46.18045999999998,-21.89619999934641],[-46.18045694399996,-21.896199999346404],[-46.18045694399996,-21.8961963883464],[-46.16443999999995,-21.8961963883464],[-46.164439999999956,-21.888801666346556],[-46.17529194399998,-21.88880166634657],[-46.17529194399998,-21.88225999934675],[-46.18838638899996,-21.88225999934675],[-46.18838999999997,-21.88225999934675],[-46.18838999999997,-21.8799552773468]]]}},{"type":"Feature","properties":{"PROCESSO":"830426/2026","NUMERO":830426,"ANO":2026,"AREA_HA":1998.32,"FASE":"AUTORIZAÇÃO DE PESQUISA","ULT_EVENTO":"264 - AUT PESQ/TAH - PAGAMENTO EFETUADO EM 20/07/2026","NOME":"AURYLIO CAMPOS GUIMARAES","SUBS":"TERRAS RARAS","USO":"Industrial","UF":"MG","DSProcesso":"830.426/2026","category":"direct_ree","category_label":"Terras Raras (REE)","lon":-46.13067317571424,"lat":-21.73492361792166},"geometry":{"type":"Polygon","coordinates":[[[-46.141416669999956,-21.76811110934944],[-46.111386109999955,-21.768111109349444],[-46.111386109999955,-21.710004999350847],[-46.13384499999995,-21.710004999350847],[-46.13384499999995,-21.710060999350816],[-46.141416669999956,-21.710060999350816],[-46.141416669999956,-21.76811110934944]]]}},{"type":"Feature","properties":{"PROCESSO":"830427/2026","NUMERO":830427,"ANO":2026,"AREA_HA":843.78,"FASE":"AUTORIZAÇÃO DE PESQUISA","ULT_EVENTO":"264 - AUT PESQ/TAH - PAGAMENTO EFETUADO EM 20/07/2026","NOME":"AURYLIO CAMPOS GUIMARAES","SUBS":"TERRAS RARAS","USO":"Industrial","UF":"MG","DSProcesso":"830.427/2026","category":"direct_ree","category_label":"Terras Raras (REE)","lon":-46.1759481083333,"lat":-21.783944276015745},"geometry":{"type":"Polygon","coordinates":[[[-46.193498329999954,-21.781461999349165],[-46.19349799999998,-21.781461999349165],[-46.19349799999997,-21.786924439349004],[-46.18122783999996,-21.786924439348997],[-46.17782399999993,-21.786923999348996],[-46.17782399999993,-21.786924439348997],[-46.177558329999954,-21.786924439348997],[-46.177558329999954,-21.792342999348886],[-46.17492299999998,-21.792342999348886],[-46.17492299999997,-21.792660279348855],[-46.15035055999994,-21.792660279348855],[-46.15035055999994,-21.780907999349143],[-46.15035099999995,-21.780907999349143],[-46.15035099999995,-21.769522219349415],[-46.178166669999946,-21.769522219349415],[-46.17816666999994,-21.780561109349154],[-46.193498329999954,-21.780561109349154],[-46.193498329999954,-21.781461999349165]]]}},{"type":"Feature","properties":{"PROCESSO":"830428/2026","NUMERO":830428,"ANO":2026,"AREA_HA":1570.56,"FASE":"AUTORIZAÇÃO DE PESQUISA","ULT_EVENTO":"264 - AUT PESQ/TAH - PAGAMENTO EFETUADO EM 20/07/2026","NOME":"AURYLIO CAMPOS GUIMARAES","SUBS":"TERRAS RARAS","USO":"Industrial","UF":"MG","DSProcesso":"830.428/2026","category":"direct_ree","category_label":"Terras Raras (REE)","lon":-46.23650309315784,"lat":-21.79239863198047},"geometry":{"type":"Polygon","coordinates":[[[-46.249172219999934,-21.81984999934824],[-46.21481388999997,-21.81984999934825],[-46.21481388999997,-21.77408055934931],[-46.22861943999994,-21.77408055934931],[-46.22861943999994,-21.773113999349338],[-46.22864699999997,-21.773113999349338],[-46.22864699999997,-21.761286109349612],[-46.23666943999996,-21.761286109349612],[-46.23666943999995,-21.795780559348813],[-46.23732199999995,-21.795780559348813],[-46.237321999999956,-21.79632999934879],[-46.23875277999997,-21.79632999934879],[-46.23875277999997,-21.800030559348716],[-46.24396110999993,-21.800030559348716],[-46.24396110999994,-21.799942999348673],[-46.24423499999994,-21.799942999348673],[-46.24423578999995,-21.79744721934879],[-46.249172219999934,-21.797447219348783],[-46.249172219999934,-21.81984999934824]]]}},{"type":"Feature","properties":{"PROCESSO":"830442/2018","NUMERO":830442,"ANO":2018,"AREA_HA":11.27,"FASE":"AUTORIZAÇÃO DE PESQUISA","ULT_EVENTO":"282 - AUT PESQ/TRANSF DIREITOS-CESSÃO TOTAL EFETIVADA EM 27/06/2024","NOME":"VIRIDIS MINERACAO LTDA","SUBS":"TERRAS RARAS","USO":"Industrial","UF":"MG","DSProcesso":"830.442/2018","category":"direct_ree","category_label":"Terras Raras (REE)","lon":-46.41897002319996,"lat":-21.999721172143957},"geometry":{"type":"Polygon","coordinates":[[[-46.41439453799996,-21.999375984343967],[-46.42583333299996,-21.999377010343974],[-46.42583333299996,-22.000238425343937],[-46.41439437399998,-22.000238456343947],[-46.41439453799996,-21.999375984343967]]]}},{"type":"Feature","properties":{"PROCESSO":"830442/2026","NUMERO":830442,"ANO":2026,"AREA_HA":1158.9,"FASE":"AUTORIZAÇÃO DE PESQUISA","ULT_EVENTO":"209 - AUT PESQ/INÍCIO DE PESQUISA COMUNICADO PROTOC EM 01/10/2026","NOME":"AURYLIO CAMPOS GUIMARAES","SUBS":"TERRAS RARAS","USO":"Industrial","UF":"MG","DSProcesso":"830.442/2026","category":"direct_ree","category_label":"Terras Raras (REE)","lon":-46.19325949918914,"lat":-21.79631098602445},"geometry":{"type":"Polygon","coordinates":[[[-46.21481388999996,-21.819738889348205],[-46.19738055999994,-21.81973888934822],[-46.19738055999995,-21.81319721934837],[-46.197354999999966,-21.81319721934837],[-46.197354999999966,-21.81294299934838],[-46.18741388999995,-21.81294299934839],[-46.18741388999996,-21.807052779348496],[-46.18162499999994,-21.807052779348496],[-46.18162499999994,-21.8042638893486],[-46.180906999999934,-21.8042638893486],[-46.180906999999934,-21.804176999348623],[-46.17616666999993,-21.804176999348623],[-46.17616666999994,-21.793911109348834],[-46.18259721999994,-21.793911109348834],[-46.182597219999934,-21.793245999348844],[-46.182658999999944,-21.79324599934886],[-46.18265899999994,-21.79053699934893],[-46.18555999999996,-21.79053699934893],[-46.18555999999996,-21.78692499934899],[-46.182597219999934,-21.786924616349005],[-46.182597219999934,-21.786923999348996],[-46.193463889999975,-21.786923999348996],[-46.193463889999975,-21.793644439348878],[-46.19349799999997,-21.793644439348878],[-46.19349799999998,-21.793744999348842],[-46.196340999999954,-21.79374499934883],[-46.196340999999954,-21.786080559349024],[-46.198488889999965,-21.786080559349024],[-46.198488889999965,-21.780958329349172],[-46.201180559999955,-21.780958329349172],[-46.201180559999955,-21.784813889349053],[-46.201686999999936,-21.784813889349053],[-46.201686999999936,-21.784911999349063],[-46.21415899999994,-21.78491199934907],[-46.214158999999945,-21.784813889349053],[-46.21481388999996,-21.784813889349053],[-46.21481388999996,-21.819738889348205]]]}},{"type":"Feature","properties":{"PROCESSO":"830443/2018","NUMERO":830443,"ANO":2018,"AREA_HA":79.24,"FASE":"AUTORIZAÇÃO DE PESQUISA","ULT_EVENTO":"236 - AUT PESQ/DOCUMENTO DIVERSO PROTOC EM 01/09/2026","NOME":"FERTIMAX FERTILIZANTES ORGANICOS LTDA","SUBS":"TERRAS RARAS","USO":"Industrial","UF":"MG","DSProcesso":"830.443/2018","category":"direct_ree","category_label":"Terras Raras (REE)","lon":-46.479980011538416,"lat":-21.972364188036906},"geometry":{"type":"Polygon","coordinates":[[[-46.475888888999975,-21.967840846344682],[-46.48013336199995,-21.967840804344725],[-46.480133362999936,-21.968078680344693],[-46.485751756999946,-21.968078665344677],[-46.48578480799995,-21.97125173534461],[-46.486501757999974,-21.971245272344632],[-46.48650176899997,-21.97458313834453],[-46.47706557899994,-21.97458316434454],[-46.477065616999944,-21.986617105344276],[-46.47656798499998,-21.98661696634428],[-46.476567484999975,-21.968078605344694],[-46.47588888899997,-21.968078614344716],[-46.475888888999975,-21.967840846344682]]]}},{"type":"Feature","properties":{"PROCESSO":"830444/2018","NUMERO":830444,"ANO":2018,"AREA_HA":248.34,"FASE":"AUTORIZAÇÃO DE PESQUISA","ULT_EVENTO":"236 - AUT PESQ/DOCUMENTO DIVERSO PROTOC EM 01/09/2026","NOME":"FERTIMAX FERTILIZANTES ORGANICOS LTDA","SUBS":"TERRAS RARAS","USO":"Industrial","UF":"MG","DSProcesso":"830.444/2018","category":"direct_ree","category_label":"Terras Raras (REE)","lon":-46.457598556814794,"lat":-21.948746745122932},"geometry":{"type":"Polygon","coordinates":[[[-46.453192516999934,-21.941948815345345],[-46.473572288999954,-21.941953398345305],[-46.47357228699997,-21.9423132103453],[-46.47412212299997,-21.942313212345333],[-46.47412211699998,-21.94942785434514],[-46.47343672499994,-21.949427851345117],[-46.47343672299996,-21.949844443345118],[-46.47343087399998,-21.949844443345107],[-46.47343083099997,-21.94943209534514],[-46.45896886999998,-21.949432772345133],[-46.45896888799996,-21.955143511344993],[-46.452366488999985,-21.955142640345],[-46.452366549999965,-21.95347330334503],[-46.446342966999964,-21.95347320934506],[-46.44634307999996,-21.950583284345093],[-46.44387448699997,-21.950583181345102],[-46.44387459799999,-21.94862296034517],[-46.44542087299994,-21.948622874345155],[-46.445420995999946,-21.950073256345092],[-46.451676384999985,-21.95007267934511],[-46.45107587699994,-21.948347854345162],[-46.45107773799999,-21.948347286345147],[-46.451735637999946,-21.950234339345116],[-46.45376076699995,-21.949619260345127],[-46.453184476999986,-21.94796635634514],[-46.45319335099998,-21.94796920934516],[-46.453192516999934,-21.941948815345345]]]}},{"type":"Feature","properties":{"PROCESSO":"830461/2018","NUMERO":830461,"ANO":2018,"AREA_HA":50.88,"FASE":"AUTORIZAÇÃO DE PESQUISA","ULT_EVENTO":"236 - AUT PESQ/DOCUMENTO DIVERSO PROTOC EM 01/09/2026","NOME":"FERTIMAX FERTILIZANTES ORGANICOS LTDA","SUBS":"TERRAS RARAS","USO":"Industrial","UF":"MG","DSProcesso":"830.461/2018","category":"direct_ree","category_label":"Terras Raras (REE)","lon":-46.48371664822217,"lat":-21.98449041323319},"geometry":{"type":"Polygon","coordinates":[[[-46.48127287099993,-21.985704871344254],[-46.483570389999954,-21.985704865344264],[-46.48357036899995,-21.978772332344434],[-46.489312625999965,-21.978772316344422],[-46.48931084699995,-21.986259114344247],[-46.48193352299996,-21.986258590344278],[-46.48193346299996,-21.986618471344272],[-46.48127287399995,-21.986618286344235],[-46.48127287099993,-21.985704871344254]]]}},{"type":"Feature","properties":{"PROCESSO":"830482/1988","NUMERO":830482,"ANO":1988,"AREA_HA":972.56,"FASE":"AUTORIZAÇÃO DE PESQUISA","ULT_EVENTO":"178 - AUT PESQ/TAH - NOTIFICAÇÃO ADMINISTRATIVA PGTO DÉBITO PUBL EM 18/05/2009","NOME":"JUVENAL ANTONIO DE MORAES","SUBS":"FONÓLITO","USO":"Demais substâncias","UF":"MG","DSProcesso":"830.482/1988","category":"carbonatite_associated","category_label":"Fonólito (alkaline complex)","lon":-46.45808356691302,"lat":-22.046251209386316},"geometry":{"type":"Polygon","coordinates":[[[-46.435059096999964,-22.05506523434265],[-46.435059040999924,-22.037220145343085],[-46.45148757099997,-22.037219276343066],[-46.451487544999964,-22.037002534343053],[-46.45152629199999,-22.037002530343027],[-46.45152530699993,-22.028712137343256],[-46.46474676999997,-22.02871023934325],[-46.464749253999976,-22.040450444343016],[-46.46508829399995,-22.040450381342993],[-46.465088425999966,-22.04106448434295],[-46.46315104699994,-22.041064833342954],[-46.46315109599994,-22.04130866734296],[-46.46272487199997,-22.04130874134297],[-46.46272669999996,-22.05056542834275],[-46.475901753999956,-22.05056263534273],[-46.475902959999985,-22.054716852342633],[-46.47623234599996,-22.05471676934266],[-46.47623244599998,-22.055059942342634],[-46.46315385499997,-22.055062746342642],[-46.46315548599995,-22.063190556342427],[-46.441356583999955,-22.063192906342465],[-46.44135619899998,-22.05506509534265],[-46.435059096999964,-22.05506523434265]]]}},{"type":"Feature","properties":{"PROCESSO":"830545/2026","NUMERO":830545,"ANO":2026,"AREA_HA":1773.68,"FASE":"AUTORIZAÇÃO DE PESQUISA","ULT_EVENTO":"209 - AUT PESQ/INÍCIO DE PESQUISA COMUNICADO PROTOC EM 21/09/2026","NOME":"TH7 INVESTIMENTS LTDA","SUBS":"TERRAS RARAS","USO":"Industrial","UF":"MG","DSProcesso":"830.545/2026","category":"direct_ree","category_label":"Terras Raras (REE)","lon":-46.50643178894735,"lat":-22.16351772460323},"geometry":{"type":"Polygon","coordinates":[[[-46.53656332999998,-22.184109999339608],[-46.482999999999954,-22.184109999339608],[-46.482999999999954,-22.180749999339653],[-46.48300199999994,-22.180749999339646],[-46.48300199999994,-22.154789999340263],[-46.503229999999974,-22.154789999340263],[-46.503229999999974,-22.157909999340216],[-46.50323499999997,-22.157909999340216],[-46.50323499999997,-22.157912999340212],[-46.50755699999997,-22.157912999340212],[-46.50755699999997,-22.157909999340216],[-46.507559999999955,-22.157909999340216],[-46.50755999999996,-22.156583999340235],[-46.50931299999996,-22.156583999340235],[-46.50931299999996,-22.15657999934025],[-46.50935999999996,-22.15657999934025],[-46.50935999999996,-22.154816389340283],[-46.53656332999998,-22.154816389340283],[-46.53656332999998,-22.184109999339608]]]}},{"type":"Feature","properties":{"PROCESSO":"830546/2026","NUMERO":830546,"ANO":2026,"AREA_HA":1381.2,"FASE":"AUTORIZAÇÃO DE PESQUISA","ULT_EVENTO":"209 - AUT PESQ/INÍCIO DE PESQUISA COMUNICADO PROTOC EM 21/09/2026","NOME":"TH7 INVESTIMENTS LTDA","SUBS":"TERRAS RARAS","USO":"Industrial","UF":"MG","DSProcesso":"830.546/2026","category":"direct_ree","category_label":"Terras Raras (REE)","lon":-46.56133399999997,"lat":-22.17239255533988},"geometry":{"type":"Polygon","coordinates":[[[-46.57784777999996,-22.184109999339608],[-46.53656332999998,-22.184109999339608],[-46.53656332999998,-22.154816389340283],[-46.577847779999956,-22.154816389340283],[-46.57784777999996,-22.184109999339608]]]}},{"type":"Feature","properties":{"PROCESSO":"830615/1985","NUMERO":830615,"ANO":1985,"AREA_HA":712.03,"FASE":"CONCESSÃO DE LAVRA","ULT_EVENTO":"473 - CONC LAV/CUMPRIMENTO EXIGÊNCIA PROTOC EM 19/03/2026","NOME":"MINERACAO CALDENSE LTDA","SUBS":"FONÓLITO","USO":"Revestimento","UF":"MG","DSProcesso":"830.615/1985","category":"carbonatite_associated","category_label":"Fonólito (alkaline complex)","lon":-46.60224414012497,"lat":-21.76791830941891},"geometry":{"type":"Polygon","coordinates":[[[-46.57178580699997,-21.75305145934981],[-46.61234077799998,-21.753046292349808],[-46.61234082499994,-21.753208855349808],[-46.61572443699998,-21.7532079753498],[-46.615727612999926,-21.763458419349554],[-46.617448543999956,-21.763457944349586],[-46.61744963399997,-21.766844652349494],[-46.61608639299993,-21.766845029349486],[-46.61608648899994,-21.767152090349484],[-46.616028477999976,-21.767152106349474],[-46.61602904299997,-21.76895835034946],[-46.61483981499998,-21.768958669349438],[-46.614840209999954,-21.77025916434942],[-46.612964500999965,-21.77025965234944],[-46.61296389599994,-21.768180954349432],[-46.61296378299994,-21.767410901349457],[-46.61296367099993,-21.767405787349475],[-46.61145539799998,-21.767406163349477],[-46.61145550899994,-21.76741089834949],[-46.61145570399998,-21.768833095349464],[-46.608854968999935,-21.768833711349426],[-46.60885487499996,-21.768837794349444],[-46.60885473699995,-21.770513518349407],[-46.60746312799995,-21.770513831349387],[-46.60746279199998,-21.770517564349415],[-46.60746242499994,-21.771389859349366],[-46.60665118099996,-21.771390036349374],[-46.60665118199995,-21.771393565349396],[-46.606650255999966,-21.77139356534939],[-46.60665022299998,-21.772197343349347],[-46.60718200399998,-21.772197361349328],[-46.60718195199996,-21.7735881683493],[-46.607869996999966,-21.773588184349304],[-46.607870048999985,-21.773792842349337],[-46.60711551199995,-21.773792837349323],[-46.60711554299996,-21.77221237534937],[-46.60518179499997,-21.77221233134939],[-46.60518174599997,-21.773702481349332],[-46.60682544799994,-21.77370252034932],[-46.60682544399998,-21.773928301349297],[-46.60755060799995,-21.773928313349284],[-46.607550585999945,-21.775282994349272],[-46.607870429999934,-21.77528299834929],[-46.607870539999965,-21.77571571934925],[-46.60206915699996,-21.775716912349257],[-46.60206855599995,-21.772927041349323],[-46.604188602999955,-21.772927094349328],[-46.604188645999955,-21.76931460734942],[-46.60636406899994,-21.769314615349447],[-46.60636406699996,-21.768772742349427],[-46.607089204999966,-21.768772738349412],[-46.607089189999954,-21.766903275349463],[-46.60708514799995,-21.766903275349463],[-46.60708514799995,-21.76690142634947],[-46.59832541499998,-21.766903056349502],[-46.596453967999935,-21.766903272349506],[-46.59644992799997,-21.766903405349513],[-46.59645004899994,-21.767589779349493],[-46.59126777299997,-21.76759049634947],[-46.591267708999965,-21.767138934349454],[-46.58897629799998,-21.76713920034949],[-46.58897635499994,-21.767590761349446],[-46.58111941499993,-21.767591429349494],[-46.58111915799998,-21.76161152634961],[-46.573365399999936,-21.76161163434961],[-46.57336539999994,-21.761613051349624],[-46.57336174399995,-21.761613051349624],[-46.573361778999974,-21.763752035349576],[-46.57142814399998,-21.763751964349584],[-46.571428142999935,-21.76344640734955],[-46.571785864999974,-21.763446405349573],[-46.57178580699997,-21.75305145934981]]]}},{"type":"Feature","properties":{"PROCESSO":"830652/2020","NUMERO":830652,"ANO":2020,"AREA_HA":1259.5,"FASE":"AUTORIZAÇÃO DE PESQUISA","ULT_EVENTO":"264 - AUT PESQ/TAH - PAGAMENTO EFETUADO EM 29/07/2026","NOME":"ENOVA BRASIL LTDA","SUBS":"APATITA","USO":"Fertilizantes","UF":"MG","DSProcesso":"830.652/2020","category":"phosphate_associated","category_label":"Apatita (REE-bearing phosphate)","lon":-46.44891573258819,"lat":-22.043729545342924},"geometry":{"type":"Polygon","coordinates":[[[-46.44103222199993,-22.029458332343275],[-46.46471970599998,-22.029458332343275],[-46.46472154799994,-22.040436993342976],[-46.47836795899997,-22.040434182342974],[-46.47836801699999,-22.058990555342568],[-46.46299611099994,-22.058990555342568],[-46.46299611099994,-22.06243138834249],[-46.443371110999976,-22.06243138834249],[-46.443371110999976,-22.053708888342666],[-46.43537361099993,-22.05370888834266],[-46.43537361099993,-22.037527777343072],[-46.43490639799995,-22.037527777343072],[-46.43490639099997,-22.037266380343038],[-46.43449955299997,-22.037266388343067],[-46.43449954999994,-22.03715305534307],[-46.44103222199993,-22.03715305534307],[-46.44103222199993,-22.029458332343275]]]}},{"type":"Feature","properties":{"PROCESSO":"830730/2025","NUMERO":830730,"ANO":2025,"AREA_HA":100.59,"FASE":"AUTORIZAÇÃO DE PESQUISA","ULT_EVENTO":"264 - AUT PESQ/TAH - PAGAMENTO EFETUADO EM 30/07/2026","NOME":"ANOVA ELO MINERACAO LTDA","SUBS":"TERRAS RARAS","USO":"Industrial","UF":"MG","DSProcesso":"830.730/2025","category":"direct_ree","category_label":"Terras Raras (REE)","lon":-46.28318584533329,"lat":-21.939130901012046},"geometry":{"type":"Polygon","coordinates":[[[-46.278024999999964,-21.936122221345432],[-46.27807658099994,-21.936122221345432],[-46.27807658099994,-21.93612240934544],[-46.29256666699996,-21.936122370345455],[-46.29256666699996,-21.946752777345207],[-46.28665555599997,-21.94675277734521],[-46.28665555599997,-21.939030555345408],[-46.278024999999964,-21.939030555345408],[-46.278024999999964,-21.936122221345432]]]}},{"type":"Feature","properties":{"PROCESSO":"830732/2025","NUMERO":830732,"ANO":2025,"AREA_HA":1990.19,"FASE":"AUTORIZAÇÃO DE PESQUISA","ULT_EVENTO":"264 - AUT PESQ/TAH - PAGAMENTO EFETUADO EM 30/07/2026","NOME":"ANOVA ELO MINERACAO LTDA","SUBS":"TERRAS RARAS","USO":"Industrial","UF":"MG","DSProcesso":"830.732/2025","category":"direct_ree","category_label":"Terras Raras (REE)","lon":-46.19801790125921,"lat":-21.848511727606795},"geometry":{"type":"Polygon","coordinates":[[[-46.18289444399994,-21.832188888347922],[-46.20452777799994,-21.832188888347922],[-46.20452777799995,-21.82734444334803],[-46.205427777999944,-21.827344443348036],[-46.20542777799994,-21.82373333234812],[-46.198905555999936,-21.82373333234812],[-46.19890555599994,-21.821661110348195],[-46.197369443999946,-21.821661110348195],[-46.197369443999946,-21.820583332348193],[-46.22354999999993,-21.820583332348193],[-46.22354999999993,-21.86651388834713],[-46.21848611099995,-21.86651388834713],[-46.21848611099995,-21.879938888346796],[-46.19955555599996,-21.87993888834679],[-46.19955555599995,-21.87139444334701],[-46.193363888999954,-21.87139444334701],[-46.193363888999954,-21.878222221346853],[-46.187074999999936,-21.87822222134686],[-46.18707499999994,-21.8747638883469],[-46.19083055599998,-21.8747638883469],[-46.19083055599998,-21.85869444334732],[-46.19238888899997,-21.85869444334732],[-46.19238888899997,-21.84415833234763],[-46.18741944399994,-21.844158332347625],[-46.18741944399994,-21.83961666634777],[-46.18289444399994,-21.83961666634777],[-46.18289444399994,-21.832188888347922]]]}},{"type":"Feature","properties":{"PROCESSO":"830737/2025","NUMERO":830737,"ANO":2025,"AREA_HA":356.22,"FASE":"AUTORIZAÇÃO DE PESQUISA","ULT_EVENTO":"264 - AUT PESQ/TAH - PAGAMENTO EFETUADO EM 30/07/2026","NOME":"ANOVA ELO MINERACAO LTDA","SUBS":"TERRAS RARAS","USO":"Industrial","UF":"MG","DSProcesso":"830.737/2025","category":"direct_ree","category_label":"Terras Raras (REE)","lon":-46.253480687809486,"lat":-21.968906480725636},"geometry":{"type":"Polygon","coordinates":[[[-46.25112777799995,-21.951858332345086],[-46.25683888899994,-21.951858332345086],[-46.25683888899993,-21.960602777344867],[-46.25963888899997,-21.960602777344867],[-46.25963888899998,-21.969661110344635],[-46.26182777799994,-21.969661110344635],[-46.26182777799994,-21.989569443344216],[-46.254827777999935,-21.989569443344216],[-46.254827777999935,-21.983505555344326],[-46.24916944399996,-21.983505555344326],[-46.24916944399996,-21.973999999344528],[-46.255949999999984,-21.973999999344542],[-46.255949999999984,-21.96583333234478],[-46.24971388899996,-21.96583333234478],[-46.24971388899997,-21.973063888344573],[-46.24819444399998,-21.973063888344573],[-46.24819444399998,-21.96498333234477],[-46.248694443999966,-21.96498333234477],[-46.248694443999966,-21.964511110344805],[-46.25112777799995,-21.964511110344805],[-46.25112777799995,-21.951858332345086]]]}},{"type":"Feature","properties":{"PROCESSO":"830777/2024","NUMERO":830777,"ANO":2024,"AREA_HA":295.64,"FASE":"AUTORIZAÇÃO DE PESQUISA","ULT_EVENTO":"193 - AUT PESQ/TRANSF DIREITOS-CESSÃO TOTAL NEGADA PUBL EM 22/05/2025","NOME":"CROSS SECTION CONSULTORIA E PARTICIPAÇÕES LTDA","SUBS":"TERRAS RARAS","USO":"Industrial","UF":"MG","DSProcesso":"830.777/2024","category":"direct_ree","category_label":"Terras Raras (REE)","lon":-46.07444889676467,"lat":-22.004352986049717},"geometry":{"type":"Polygon","coordinates":[[[-46.07317841699995,-22.005253572343815],[-46.07317839199993,-21.99719770134399],[-46.08356681299995,-21.997197673343994],[-46.083566809999986,-21.996312463344037],[-46.08546972199997,-21.996312442344042],[-46.08546972199997,-21.997021555343988],[-46.08518988099996,-21.997021556344038],[-46.085189935999956,-22.014752196343586],[-46.072375106999964,-22.014752231343607],[-46.07237509699996,-22.01142360434367],[-46.069124235999936,-22.01142361334368],[-46.06912422499994,-22.007803317343768],[-46.06249999999994,-22.007803335343738],[-46.06249999999995,-22.004609166343833],[-46.06482223399996,-22.004609166343833],[-46.06482223599995,-22.00525359534379],[-46.07317841699995,-22.005253572343815]]]}},{"type":"Feature","properties":{"PROCESSO":"830778/2024","NUMERO":830778,"ANO":2024,"AREA_HA":1330.02,"FASE":"AUTORIZAÇÃO DE PESQUISA","ULT_EVENTO":"795 - AUT PESQ/RELATÓRIO FINAL PESQUISA NEGATIVO PROTOC EM 15/07/2026","NOME":"CROSSROADS PESQUISA MINERAL LTDA","SUBS":"TERRAS RARAS","USO":"Industrial","UF":"MG","DSProcesso":"830.778/2024","category":"direct_ree","category_label":"Terras Raras (REE)","lon":-46.096743082166626,"lat":-22.077839353147652},"geometry":{"type":"Polygon","coordinates":[[[-46.075216110999975,-22.07130777734224],[-46.06718999999998,-22.07130777734224],[-46.06718999999998,-22.057939721342574],[-46.087111943999965,-22.057939721342574],[-46.08711194399996,-22.074762221342176],[-46.09378583299997,-22.074762221342176],[-46.09378583299996,-22.07809361034206],[-46.10311333299995,-22.07809361034207],[-46.10311333299995,-22.081139166342016],[-46.109490277999946,-22.081139166342016],[-46.10949027799995,-22.083708888341988],[-46.11291666699998,-22.083708888341988],[-46.11291666699997,-22.074096110342193],[-46.10520722199993,-22.074096110342193],[-46.10520722199993,-22.067909443342327],[-46.10929999999997,-22.067909443342327],[-46.10929999999997,-22.0655299993424],[-46.11672388899996,-22.0655299993424],[-46.116723888999964,-22.070024166342257],[-46.11672388899996,-22.07028166634229],[-46.12331181799994,-22.070281666342275],[-46.12331184499993,-22.079213006342073],[-46.12207805599997,-22.07921300734206],[-46.12190655599994,-22.079212960342062],[-46.12190658299994,-22.08808858434188],[-46.09610776699998,-22.08808861934186],[-46.096107779999954,-22.096545555341674],[-46.08190222199994,-22.09654555534166],[-46.08190222199994,-22.093543610341737],[-46.07384944399996,-22.093543610341754],[-46.07384944399996,-22.089573610341798],[-46.071488888999966,-22.089573610341798],[-46.071488888999966,-22.08444916634193],[-46.071488888999966,-22.07687833234213],[-46.075216110999975,-22.07687833234213],[-46.075216110999975,-22.07130777734224]]]}},{"type":"Feature","properties":{"PROCESSO":"830780/2024","NUMERO":830780,"ANO":2024,"AREA_HA":1892.66,"FASE":"AUTORIZAÇÃO DE PESQUISA","ULT_EVENTO":"193 - AUT PESQ/TRANSF DIREITOS-CESSÃO TOTAL NEGADA PUBL EM 22/05/2025","NOME":"CROSS SECTION CONSULTORIA E PARTICIPAÇÕES LTDA","SUBS":"TERRAS RARAS","USO":"Industrial","UF":"MG","DSProcesso":"830.780/2024","category":"direct_ree","category_label":"Terras Raras (REE)","lon":-46.14497488077269,"lat":-22.085537388978278},"geometry":{"type":"Polygon","coordinates":[[[-46.137282499999976,-22.05335472134266],[-46.155601943999955,-22.05335472134266],[-46.15560190999998,-22.062949266342464],[-46.14591349199998,-22.062947285342435],[-46.14591348599998,-22.062968332342447],[-46.14591249999996,-22.062968332342447],[-46.14591250999997,-22.066557777342357],[-46.144246943999974,-22.066557777342364],[-46.144246943999974,-22.066559213342348],[-46.138161615999934,-22.066557644342335],[-46.138159566999946,-22.072879264342244],[-46.144246943999974,-22.072881019342223],[-46.14590972199994,-22.072881325342212],[-46.14590967699996,-22.077268888342136],[-46.145909597999946,-22.077396704342114],[-46.14978534399996,-22.077397566342086],[-46.14978293599996,-22.087331526341874],[-46.149872499999965,-22.087331535341878],[-46.14987249999996,-22.08733361034189],[-46.169621388999985,-22.087333599341882],[-46.16962138899999,-22.10002691634159],[-46.163489898999956,-22.100026188341566],[-46.16348952599998,-22.100111666341586],[-46.163489149999975,-22.104541278341436],[-46.15972333299993,-22.104541065341483],[-46.159612652999954,-22.10454100434145],[-46.159611068999936,-22.11266876434129],[-46.15476517999997,-22.1126678713413],[-46.154765156999986,-22.112770277341294],[-46.15476388899998,-22.112770277341294],[-46.154763826999954,-22.118838055341133],[-46.13047999999998,-22.118838055341133],[-46.13047999999998,-22.10777333234138],[-46.10811305599998,-22.107773332341395],[-46.10811305599998,-22.10524617734146],[-46.108260411999936,-22.10524617734146],[-46.10826036899993,-22.091591667341792],[-46.143105885999944,-22.0915916193418],[-46.14310586399995,-22.078018332342065],[-46.14310589599995,-22.077924841342092],[-46.137673071999984,-22.07792485534213],[-46.137673047999954,-22.070024263342315],[-46.13728249999997,-22.070024264342305],[-46.137282499999976,-22.05335472134266]]]}},{"type":"Feature","properties":{"PROCESSO":"830850/2024","NUMERO":830850,"ANO":2024,"AREA_HA":319.07,"FASE":"AUTORIZAÇÃO DE PESQUISA","ULT_EVENTO":"264 - AUT PESQ/TAH - PAGAMENTO EFETUADO EM 13/07/2026","NOME":"VIRIDIS MINERACAO LTDA","SUBS":"TERRAS RARAS","USO":"Industrial","UF":"MG","DSProcesso":"830.850/2024","category":"direct_ree","category_label":"Terras Raras (REE)","lon":-46.48711889963632,"lat":-21.949048966375464},"geometry":{"type":"Polygon","coordinates":[[[-46.49084999999997,-21.937025985345453],[-46.49211492799998,-21.937014528345443],[-46.49211493799999,-21.940341666345333],[-46.49211507899998,-21.952086388345055],[-46.49211999999994,-21.952086388345048],[-46.49211999999994,-21.95309805534503],[-46.492115040999984,-21.95309805534503],[-46.49211505499994,-21.96222555534484],[-46.49211999999995,-21.96222555534483],[-46.49211999999995,-21.96222999934486],[-46.49211999999994,-21.968079999344663],[-46.485751770999975,-21.96807999934467],[-46.485751756999946,-21.968078665344677],[-46.48569116899995,-21.962261970344855],[-46.48379309699993,-21.962278920344822],[-46.48369999999994,-21.95329112934506],[-46.48369999399995,-21.953289999345067],[-46.48369973499996,-21.953265545345047],[-46.48098587699996,-21.953289999345074],[-46.48043104499993,-21.953289999345074],[-46.480309999999974,-21.941586671345338],[-46.480309999999974,-21.941129999345304],[-46.48013999999994,-21.941129999345304],[-46.48013999999995,-21.941111110345318],[-46.48499999999996,-21.941111110345318],[-46.484999860999956,-21.941109999345365],[-46.48499986099995,-21.937963557345437],[-46.485050409999985,-21.937963550345398],[-46.485050409999985,-21.937962686345433],[-46.49084682999995,-21.937962817345426],[-46.49084682999995,-21.937959999345438],[-46.490849999999966,-21.937959999345438],[-46.49084999999997,-21.937025985345453]]]}},{"type":"Feature","properties":{"PROCESSO":"830850/2026","NUMERO":830850,"ANO":2026,"AREA_HA":70.71,"FASE":"REQUERIMENTO DE PESQUISA","ULT_EVENTO":"100 - REQ PESQ/REQUERIMENTO PESQUISA PROTOC EM 03/07/2026","NOME":"ELIORA PARTICIPACOES LTDA","SUBS":"TERRAS RARAS","USO":"Industrial","UF":"MG","DSProcesso":"830.850/2026","category":"direct_ree","category_label":"Terras Raras (REE)","lon":-46.63458179568385,"lat":-21.77297343669773},"geometry":{"type":"Polygon","coordinates":[[[-46.635488332999955,-21.778463888349222],[-46.63499194399998,-21.778463888349222],[-46.634991943999985,-21.779400277349207],[-46.63694777799998,-21.779400277349207],[-46.63694777799998,-21.78059277734918],[-46.63526944399996,-21.78059277734918],[-46.63526944399997,-21.780121666349164],[-46.63461583299994,-21.780121666349164],[-46.63461583299994,-21.77998333234918],[-46.634173610999945,-21.77998333234918],[-46.634173610999945,-21.779793055349174],[-46.63372083299998,-21.77979305534918],[-46.633720832999984,-21.77961361034917],[-46.63328527799995,-21.77961361034917],[-46.63328527799996,-21.779438888349173],[-46.63279249999994,-21.779438888349173],[-46.632792499999944,-21.779216666349203],[-46.63239249999998,-21.77921666634919],[-46.63239249999998,-21.779024999349183],[-46.63191527799996,-21.779024999349183],[-46.63191527799996,-21.778798055349228],[-46.63087916699993,-21.778798055349228],[-46.63087916699993,-21.77856777734922],[-46.62908833299997,-21.77856777734922],[-46.62908833299998,-21.77840361034918],[-46.62849277799995,-21.77840361034918],[-46.62849277799995,-21.775028610349324],[-46.62840638899997,-21.775028610349324],[-46.62840638899997,-21.7739219433493],[-46.62849888899996,-21.7739219433493],[-46.62849888899996,-21.77357305534935],[-46.62859888899993,-21.77357305534935],[-46.62859888899993,-21.773083610349335],[-46.62870277799993,-21.773083610349335],[-46.62870277799993,-21.772743055349356],[-46.62983083299997,-21.772743055349356],[-46.62983083299997,-21.772635832349376],[-46.631159166999964,-21.772635832349376],[-46.631159166999964,-21.77257583234936],[-46.63205611099994,-21.77257583234935],[-46.63205611099994,-21.77251444334936],[-46.63302166699998,-21.77251444334936],[-46.63302166699998,-21.772435832349363],[-46.633359721999966,-21.772435832349377],[-46.633359721999966,-21.77230166634936],[-46.63347749999997,-21.77230166634936],[-46.63347749999997,-21.77212999934935],[-46.63363305599995,-21.772129999349353],[-46.63363305599995,-21.771950277349376],[-46.633760277999954,-21.771950277349376],[-46.633760277999954,-21.771803610349345],[-46.63385194399996,-21.771803610349345],[-46.63385194399996,-21.771685277349363],[-46.633973055999945,-21.771685277349363],[-46.633973055999945,-21.771526666349345],[-46.63409444399997,-21.771526666349345],[-46.63409444399997,-21.771360555349347],[-46.634186388999986,-21.771360555349357],[-46.63418638899998,-21.771268055349356],[-46.63426027799994,-21.771268055349356],[-46.63426027799994,-21.771169999349347],[-46.634049166999944,-21.771169999349357],[-46.634049166999944,-21.770947221349395],[-46.634496388999935,-21.770947221349385],[-46.63449638899994,-21.770848055349415],[-46.634562777999975,-21.770848055349408],[-46.634562777999975,-21.770737499349387],[-46.63463472199993,-21.770737499349387],[-46.63463472199993,-21.770640832349404],[-46.634700832999954,-21.770640832349404],[-46.634700832999954,-21.770566388349394],[-46.634771943999965,-21.770566388349394],[-46.634771943999965,-21.77047722134939],[-46.63484472199997,-21.77047722134939],[-46.63484472199997,-21.770383888349407],[-46.63490555599998,-21.770383888349407],[-46.63490555599998,-21.770294999349428],[-46.63497277799996,-21.770294999349428],[-46.63497277799996,-21.770214999349406],[-46.63503999999995,-21.770214999349406],[-46.63503999999995,-21.77012527734941],[-46.635104443999985,-21.77012527734941],[-46.635104443999985,-21.77004249934939],[-46.63517277799997,-21.77004249934939],[-46.63517277799997,-21.769951110349414],[-46.63524444399997,-21.769951110349414],[-46.63524444399997,-21.76986249934939],[-46.63531138899997,-21.76986249934939],[-46.63531138899998,-21.769781388349404],[-46.63538194399996,-21.769781388349404],[-46.63538194399996,-21.76968749934944],[-46.63544861099996,-21.76968749934944],[-46.63544861099996,-21.769602777349434],[-46.63550249999997,-21.769602777349434],[-46.63550249999997,-21.769532499349435],[-46.635559443999966,-21.769532499349435],[-46.63555944399996,-21.769458610349414],[-46.63562472199993,-21.769458610349414],[-46.63562472199993,-21.769388055349445],[-46.63568638899995,-21.769388055349445],[-46.63568638899994,-21.76929805534944],[-46.635748888999956,-21.76929805534944],[-46.63574888899995,-21.769220832349443],[-46.635818610999934,-21.769220832349443],[-46.635818610999934,-21.769128055349412],[-46.635958610999985,-21.769128055349412],[-46.63595861099998,-21.769178332349426],[-46.636021943999936,-21.769178332349437],[-46.636021943999936,-21.769232777349416],[-46.636101388999975,-21.769232777349416],[-46.63610138899998,-21.76928166634944],[-46.63615388899996,-21.76928166634945],[-46.63615388899996,-21.769334999349432],[-46.63623583299995,-21.769334999349432],[-46.63623583299995,-21.769391666349456],[-46.63632138899993,-21.76939166634945],[-46.63632138899993,-21.769447777349438],[-46.63638416699996,-21.769447777349438],[-46.63638416699996,-21.76949361034944],[-46.63643027799998,-21.76949361034944],[-46.636430277999985,-21.769536666349417],[-46.63653999999997,-21.769536666349417],[-46.63653999999997,-21.76963055534944],[-46.63667055599995,-21.76963055534944],[-46.636670555999956,-21.76987027734939],[-46.636501943999974,-21.76987027734939],[-46.636501943999974,-21.77173722134938],[-46.63658749999997,-21.77173722134938],[-46.63658749999997,-21.772261110349387],[-46.63674138899995,-21.772261110349387],[-46.63674138899995,-21.77283805534935],[-46.63659222199993,-21.77283805534935],[-46.63659222199993,-21.77333027734933],[-46.63672527799997,-21.77333027734933],[-46.63672527799997,-21.774011666349324],[-46.637358888999984,-21.774011666349324],[-46.637358888999984,-21.774198610349323],[-46.63763499999993,-21.774198610349323],[-46.637634999999925,-21.774521388349317],[-46.638135277999936,-21.774521388349324],[-46.638135277999936,-21.774752777349285],[-46.637843332999985,-21.774752777349278],[-46.63784333299998,-21.775286110349285],[-46.63745138899998,-21.775286110349285],[-46.63745138899998,-21.775669721349292],[-46.63721499999997,-21.775669721349292],[-46.63721499999997,-21.77616638834928],[-46.63678249999998,-21.77616638834928],[-46.63678249999998,-21.77665861034925],[-46.63644027799995,-21.77665861034925],[-46.63644027799995,-21.777198610349245],[-46.63600888899999,-21.777198610349245],[-46.63600888899999,-21.77786333234924],[-46.63548833299995,-21.77786333234924],[-46.635488332999955,-21.778463888349222]]]}},{"type":"Feature","properties":{"PROCESSO":"830880/2023","NUMERO":830880,"ANO":2023,"AREA_HA":357.8,"FASE":"REQUERIMENTO DE PESQUISA","ULT_EVENTO":"1939 - TRANSF DIREITOS - CISÃO AVERBADA EM 27/06/2024","NOME":"AXEL REE LTDA","SUBS":"TERRAS RARAS","USO":"Industrial","UF":"MG","DSProcesso":"830.880/2023","category":"direct_ree","category_label":"Terras Raras (REE)","lon":-46.657112460428515,"lat":-21.80313964220576},"geometry":{"type":"Polygon","coordinates":[[[-46.64918388899998,-21.79028249934891],[-46.65218388899996,-21.79028249934891],[-46.65218388899996,-21.793782499348854],[-46.656683888999964,-21.793782499348854],[-46.656683888999964,-21.79778249934877],[-46.66018388899994,-21.79778249934877],[-46.66018388899994,-21.8037824993486],[-46.66368388899997,-21.8037824993486],[-46.66368388899997,-21.80678249934852],[-46.670183888999986,-21.806782499348515],[-46.670183888999986,-21.812782499348405],[-46.67168388899995,-21.812782499348405],[-46.67168388899995,-21.817782499348283],[-46.65968388899995,-21.817782499348272],[-46.65968388899995,-21.81128249934842],[-46.65768388899994,-21.81128249934842],[-46.65768388899994,-21.808782499348474],[-46.65568388899993,-21.808782499348474],[-46.65568388899993,-21.80678249934852],[-46.65418388899997,-21.806782499348515],[-46.65418388899997,-21.80278249934865],[-46.654683888999955,-21.80278249934865],[-46.654683888999955,-21.80128249934868],[-46.650683888999936,-21.801282499348666],[-46.650683888999936,-21.799782499348673],[-46.64318388899994,-21.799782499348673],[-46.64318388899994,-21.79028249934891],[-46.64918388899998,-21.79028249934891]]]}},{"type":"Feature","properties":{"PROCESSO":"830881/2023","NUMERO":830881,"ANO":2023,"AREA_HA":32.34,"FASE":"REQUERIMENTO DE PESQUISA","ULT_EVENTO":"1939 - TRANSF DIREITOS - CISÃO AVERBADA EM 27/06/2024","NOME":"AXEL REE LTDA","SUBS":"TERRAS RARAS","USO":"Industrial","UF":"MG","DSProcesso":"830.881/2023","category":"direct_ree","category_label":"Terras Raras (REE)","lon":-46.62701772727268,"lat":-21.824248964439022},"geometry":{"type":"Polygon","coordinates":[[[-46.63074499999993,-21.821158055348178],[-46.63074499999993,-21.82615805534806],[-46.626744999999964,-21.82615805534806],[-46.62674499999997,-21.82565805534808],[-46.62574499999994,-21.82565805534808],[-46.62574499999994,-21.825158055348094],[-46.62524499999995,-21.825158055348105],[-46.62524499999995,-21.82465805534813],[-46.62474499999997,-21.82465805534813],[-46.62474499999997,-21.821158055348178],[-46.63074499999993,-21.821158055348178]]]}},{"type":"Feature","properties":{"PROCESSO":"830882/2023","NUMERO":830882,"ANO":2023,"AREA_HA":8.12,"FASE":"AUTORIZAÇÃO DE PESQUISA","ULT_EVENTO":"265 - AUT PESQ/PRORROGAÇÃO PRAZO ALVARÁ-SOLICITAÇÃO PROTOC EM 01/06/2026","NOME":"AXEL REE LTDA","SUBS":"TERRAS RARAS","USO":"Industrial","UF":"MG","DSProcesso":"830.882/2023","category":"direct_ree","category_label":"Terras Raras (REE)","lon":-46.62569134976465,"lat":-21.82686203170099},"geometry":{"type":"Polygon","coordinates":[[[-46.62717015899994,-21.828343340347995],[-46.62464417799999,-21.82695569134806],[-46.62390744199996,-21.826379744348046],[-46.62390744099997,-21.82635740234809],[-46.62385532799994,-21.82631596334806],[-46.62390744099997,-21.826094686348082],[-46.62390744099997,-21.826082567348063],[-46.624068499999964,-21.825398866348063],[-46.62407198899996,-21.825395991348124],[-46.624073442999986,-21.825389819348068],[-46.62455242699997,-21.824995783348097],[-46.62609777899996,-21.826267938348042],[-46.62911362699998,-21.828371027348],[-46.62910495999995,-21.828378095348004],[-46.629106659999934,-21.828379280348024],[-46.628093971999924,-21.82920500134802],[-46.62717015899994,-21.828343340347995]]]}},{"type":"Feature","properties":{"PROCESSO":"830883/2023","NUMERO":830883,"ANO":2023,"AREA_HA":57.57,"FASE":"REQUERIMENTO DE PESQUISA","ULT_EVENTO":"1939 - TRANSF DIREITOS - CISÃO AVERBADA EM 27/06/2024","NOME":"AXEL REE LTDA","SUBS":"TERRAS RARAS","USO":"Industrial","UF":"MG","DSProcesso":"830.883/2023","category":"direct_ree","category_label":"Terras Raras (REE)","lon":-46.61854505519996,"lat":-21.823805665948104},"geometry":{"type":"Polygon","coordinates":[[[-46.62029694399997,-21.828398332347998],[-46.61591722199995,-21.828398332347998],[-46.61591722199995,-21.816916666348263],[-46.62029694399996,-21.816916666348263],[-46.62029694399997,-21.828398332347998]]]}},{"type":"Feature","properties":{"PROCESSO":"830884/2023","NUMERO":830884,"ANO":2023,"AREA_HA":24.43,"FASE":"AUTORIZAÇÃO DE PESQUISA","ULT_EVENTO":"265 - AUT PESQ/PRORROGAÇÃO PRAZO ALVARÁ-SOLICITAÇÃO PROTOC EM 01/06/2026","NOME":"AXEL REE LTDA","SUBS":"TERRAS RARAS","USO":"Industrial","UF":"MG","DSProcesso":"830.884/2023","category":"direct_ree","category_label":"Terras Raras (REE)","lon":-46.613374516333295,"lat":-21.814019518181684},"geometry":{"type":"Polygon","coordinates":[[[-46.615191263999975,-21.814338318348344],[-46.615191258999964,-21.812640458348397],[-46.61179396699998,-21.811461666348407],[-46.61184197999995,-21.811461666348407],[-46.61262348599996,-21.8117329623484],[-46.61544753099997,-21.811733358348423],[-46.61544626299997,-21.819239378348232],[-46.61155010099998,-21.819239342348222],[-46.611550026999964,-21.813853680348362],[-46.61233353099993,-21.813853692348346],[-46.61233352299996,-21.814341376348345],[-46.615191263999975,-21.814338318348344]]]}},{"type":"Feature","properties":{"PROCESSO":"830885/2023","NUMERO":830885,"ANO":2023,"AREA_HA":695.36,"FASE":"REQUERIMENTO DE PESQUISA","ULT_EVENTO":"1939 - TRANSF DIREITOS - CISÃO AVERBADA EM 27/06/2024","NOME":"AXEL REE LTDA","SUBS":"TERRAS RARAS","USO":"Industrial","UF":"MG","DSProcesso":"830.885/2023","category":"direct_ree","category_label":"Terras Raras (REE)","lon":-46.61322611099995,"lat":-21.846083055347588},"geometry":{"type":"Polygon","coordinates":[[[-46.61802611099995,-21.83928305534775],[-46.62722611099997,-21.83928305534774],[-46.62722611099997,-21.864883055347136],[-46.59922611099995,-21.864883055347136],[-46.59922611099995,-21.84768305534753],[-46.60922611099994,-21.84768305534753],[-46.60922611099994,-21.846083055347588],[-46.61082611099994,-21.846083055347588],[-46.610826110999945,-21.84368305534767],[-46.61322611099996,-21.84368305534767],[-46.61322611099995,-21.841683055347712],[-46.61482611099996,-21.841683055347712],[-46.61482611099996,-21.83928305534774],[-46.61802611099995,-21.83928305534775]]]}},{"type":"Feature","properties":{"PROCESSO":"830886/2023","NUMERO":830886,"ANO":2023,"AREA_HA":47.58,"FASE":"AUTORIZAÇÃO DE PESQUISA","ULT_EVENTO":"265 - AUT PESQ/PRORROGAÇÃO PRAZO ALVARÁ-SOLICITAÇÃO PROTOC EM 01/06/2026","NOME":"AXEL REE LTDA","SUBS":"TERRAS RARAS","USO":"Industrial","UF":"MG","DSProcesso":"830.886/2023","category":"direct_ree","category_label":"Terras Raras (REE)","lon":-46.54908889790241,"lat":-21.779328936861386},"geometry":{"type":"Polygon","coordinates":[[[-46.55535429699996,-21.77824441934923],[-46.55546254799997,-21.778261943349204],[-46.555611933999955,-21.77862319134919],[-46.55608206199997,-21.778536491349193],[-46.55630388899993,-21.77866108134918],[-46.556303888999935,-21.782698610349094],[-46.54473148699998,-21.782698610349094],[-46.54401769399993,-21.78135364034914],[-46.54416313499996,-21.781352282349122],[-46.54490593799995,-21.778473033349197],[-46.54490892899997,-21.77847272334923],[-46.547226156999955,-21.778607601349215],[-46.547286690999954,-21.77853479334919],[-46.547301664999964,-21.778550052349203],[-46.547301664999964,-21.778780606349176],[-46.54713384299999,-21.778780608349212],[-46.54713384499996,-21.778979294349188],[-46.54684376999995,-21.778979296349224],[-46.546843769999946,-21.77910573334916],[-46.54625394899995,-21.77910573634919],[-46.54625395199997,-21.780171418349152],[-46.54845854699994,-21.78017139834919],[-46.54845854399998,-21.780081086349146],[-46.548274828999986,-21.78008108834918],[-46.548274822999986,-21.779719841349188],[-46.548004083999956,-21.779719844349152],[-46.54800407899995,-21.77939472134918],[-46.547714001999964,-21.779394724349203],[-46.54771399799995,-21.779060570349184],[-46.54747226799998,-21.77906057334921],[-46.547472263999964,-21.778780604349198],[-46.547304441999984,-21.778780606349176],[-46.54730444199999,-21.778552882349214],[-46.548566361999974,-21.779838803349175],[-46.55039400299995,-21.779821670349197],[-46.54988445199996,-21.778309006349215],[-46.55035344899994,-21.7783046063492],[-46.55140995399996,-21.778593122349204],[-46.55183476499997,-21.77980815034917],[-46.55296610099998,-21.779797524349153],[-46.55535429699996,-21.77824441934923]]]}},{"type":"Feature","properties":{"PROCESSO":"830887/2023","NUMERO":830887,"ANO":2023,"AREA_HA":14.15,"FASE":"AUTORIZAÇÃO DE PESQUISA","ULT_EVENTO":"264 - AUT PESQ/TAH - PAGAMENTO EFETUADO EM 17/07/2026","NOME":"AXEL REE LTDA","SUBS":"TERRAS RARAS","USO":"Industrial","UF":"MG","DSProcesso":"830.887/2023","category":"direct_ree","category_label":"Terras Raras (REE)","lon":-46.509076877666615,"lat":-21.82747914884803},"geometry":{"type":"Polygon","coordinates":[[[-46.50702582699994,-21.825099311348097],[-46.51063333299993,-21.82509981434807],[-46.51063333299993,-21.825137358348073],[-46.51023344199996,-21.825137358348073],[-46.51023349599996,-21.828972561347985],[-46.51023333899997,-21.828975599348027],[-46.50897010399996,-21.82897559234798],[-46.508970096999974,-21.829697777348],[-46.50896922299995,-21.829697777348],[-46.50896934599996,-21.828928803347978],[-46.50702516499996,-21.828928521348004],[-46.50702582699994,-21.825099311348097]]]}},{"type":"Feature","properties":{"PROCESSO":"830888/2023","NUMERO":830888,"ANO":2023,"AREA_HA":7.77,"FASE":"AUTORIZAÇÃO DE PESQUISA","ULT_EVENTO":"265 - AUT PESQ/PRORROGAÇÃO PRAZO ALVARÁ-SOLICITAÇÃO PROTOC EM 01/06/2026","NOME":"AXEL REE LTDA","SUBS":"TERRAS RARAS","USO":"Industrial","UF":"MG","DSProcesso":"830.888/2023","category":"direct_ree","category_label":"Terras Raras (REE)","lon":-46.55592087442852,"lat":-21.870251984061294},"geometry":{"type":"Polygon","coordinates":[[[-46.55513164099995,-21.868162073347055],[-46.557045028999944,-21.868161918347035],[-46.557044831999974,-21.870871251347015],[-46.55598054099994,-21.870871180346978],[-46.555980388999956,-21.872767713346967],[-46.55513204799996,-21.872767678346943],[-46.55513164099995,-21.868162073347055]]]}},{"type":"Feature","properties":{"PROCESSO":"830889/2023","NUMERO":830889,"ANO":2023,"AREA_HA":32.88,"FASE":"AUTORIZAÇÃO DE PESQUISA","ULT_EVENTO":"264 - AUT PESQ/TAH - PAGAMENTO EFETUADO EM 17/07/2026","NOME":"AXEL REE LTDA","SUBS":"TERRAS RARAS","USO":"Industrial","UF":"MG","DSProcesso":"830.889/2023","category":"direct_ree","category_label":"Terras Raras (REE)","lon":-46.48870433320191,"lat":-21.87025660654895},"geometry":{"type":"Polygon","coordinates":[[[-46.49119537399997,-21.86309586834718],[-46.49210454299998,-21.86362557534718],[-46.49216110799995,-21.86388210034716],[-46.49265710999998,-21.865203137347155],[-46.49248992799994,-21.86537858534715],[-46.49255643499998,-21.86567930234716],[-46.493602204999945,-21.868138780347078],[-46.49640928599996,-21.867381730347102],[-46.496028586999955,-21.86602652534709],[-46.49603804999998,-21.86602648034712],[-46.49683498799993,-21.866026464347105],[-46.49683513399998,-21.868187327347087],[-46.493157602999986,-21.868187337347038],[-46.493157599999954,-21.867154276347083],[-46.491135638999936,-21.86715428134709],[-46.49113564699997,-21.869607891347055],[-46.48949263199995,-21.869607907347053],[-46.48949262499997,-21.867434751347087],[-46.484684080999955,-21.86743469434706],[-46.484653709999975,-21.867457082347112],[-46.484653613999974,-21.870599908347018],[-46.485252859999946,-21.87105720934699],[-46.48590990799994,-21.871950712346955],[-46.48949194199997,-21.87195030634699],[-46.48949194199997,-21.871955995346962],[-46.48592170399996,-21.871955971346985],[-46.48623635499996,-21.872400558346992],[-46.486776197999966,-21.87429442034691],[-46.48726965399993,-21.87429442534692],[-46.48726964499997,-21.87519753534692],[-46.488043696999966,-21.87519754134691],[-46.48804369399994,-21.875829718346893],[-46.48852747899997,-21.87582971934689],[-46.48852747899996,-21.87628127434686],[-46.489201691999945,-21.87628189434689],[-46.48920169099995,-21.87592065034688],[-46.48983061299998,-21.875920648346906],[-46.48983060899997,-21.87552327934693],[-46.49055628499997,-21.875523273346857],[-46.490556280999954,-21.875162028346924],[-46.49111622999993,-21.87516202134688],[-46.49111623099998,-21.8755079573469],[-46.49133877199995,-21.8755079573469],[-46.49133876899998,-21.874966091346913],[-46.492403089999975,-21.874966083346894],[-46.492403087999946,-21.874785461346928],[-46.493177083999974,-21.874785451346934],[-46.49317707399996,-21.87648320934686],[-46.491117334999956,-21.876483215346852],[-46.491117335999945,-21.876863462346858],[-46.49102903199998,-21.876863472346866],[-46.49102930699997,-21.879572802346814],[-46.49190014299995,-21.879572722346808],[-46.49190022199996,-21.880306666346787],[-46.491876796999975,-21.880306666346787],[-46.49187679499994,-21.879592117346785],[-46.491006787999936,-21.87959211934677],[-46.491006778999974,-21.876842106346874],[-46.49108677999993,-21.876842106346864],[-46.49108677899994,-21.876481284346873],[-46.49029847099996,-21.87648129334689],[-46.49029847199996,-21.8768606003469],[-46.488734048999966,-21.87686053034689],[-46.488734045999934,-21.877203712346866],[-46.48589673799996,-21.877203668346887],[-46.48589673799995,-21.877332122346868],[-46.48600368299997,-21.877332122346868],[-46.48600368399996,-21.877572123346866],[-46.485982856999954,-21.877572123346866],[-46.48530207999995,-21.876163800346884],[-46.48706110399996,-21.87541093934688],[-46.48620590399997,-21.872389854346956],[-46.48521439999996,-21.87104244734702],[-46.48424786699997,-21.87030533434702],[-46.483031445999984,-21.869728869347036],[-46.481837549999966,-21.86949874234703],[-46.48561447099996,-21.86670619334711],[-46.48866637599997,-21.866220059347103],[-46.49015519999995,-21.86781210634708],[-46.492609681999966,-21.865232863347128],[-46.49210994499998,-21.863903479347194],[-46.48960544299996,-21.862988168347183],[-46.48776797099998,-21.862939297347197],[-46.48691722699994,-21.86272775834718],[-46.487060966999934,-21.86103521834726],[-46.48256694699996,-21.8616198083472],[-46.480916901999926,-21.86068138834727],[-46.48092588399993,-21.860681388347263],[-46.48238716999998,-21.861512932347253],[-46.48238715499997,-21.860799474347242],[-46.481613178999964,-21.860799486347247],[-46.48161317699999,-21.86068138834727],[-46.48163997599994,-21.86068138834727],[-46.48163996399995,-21.860776513347243],[-46.48241393899997,-21.86077660134721],[-46.48241384899995,-21.86148193134722],[-46.482614166999944,-21.861596629347225],[-46.487113749999935,-21.86101726534726],[-46.486968660999935,-21.862705990347163],[-46.487797161999936,-21.862914759347213],[-46.489589287999934,-21.862968079347212],[-46.48967582399996,-21.862977099347198],[-46.490001855999935,-21.86309551834719],[-46.49119537399997,-21.86309586834718]]]}},{"type":"Feature","properties":{"PROCESSO":"830890/2023","NUMERO":830890,"ANO":2023,"AREA_HA":363.73,"FASE":"AUTORIZAÇÃO DE PESQUISA","ULT_EVENTO":"265 - AUT PESQ/PRORROGAÇÃO PRAZO ALVARÁ-SOLICITAÇÃO PROTOC EM 01/06/2026","NOME":"AXEL REE LTDA","SUBS":"TERRAS RARAS","USO":"Industrial","UF":"MG","DSProcesso":"830.890/2023","category":"direct_ree","category_label":"Terras Raras (REE)","lon":-46.50967714910522,"lat":-21.94470697213471},"geometry":{"type":"Polygon","coordinates":[[[-46.49395344799996,-21.938980555345363],[-46.493956225999966,-21.93898055534537],[-46.493956225999966,-21.940341666345333],[-46.52067812599995,-21.940341666345333],[-46.52067859099998,-21.947228578345182],[-46.52116261699996,-21.947224085345187],[-46.521162128999954,-21.940341666345333],[-46.52116415299997,-21.940341666345322],[-46.52116416699994,-21.94715222134519],[-46.522081388999936,-21.94715222134519],[-46.52208138899994,-21.949185209345117],[-46.51757827999995,-21.949203407345152],[-46.51575037599997,-21.94827484734519],[-46.51415692399996,-21.95084745934512],[-46.51220484399994,-21.952086388345055],[-46.49211507899998,-21.952086388345055],[-46.49211497299996,-21.940341666345333],[-46.493953447999964,-21.940341666345333],[-46.49395344799996,-21.938980555345363]]]}},{"type":"Feature","properties":{"PROCESSO":"830891/2023","NUMERO":830891,"ANO":2023,"AREA_HA":5.63,"FASE":"AUTORIZAÇÃO DE PESQUISA","ULT_EVENTO":"265 - AUT PESQ/PRORROGAÇÃO PRAZO ALVARÁ-SOLICITAÇÃO PROTOC EM 01/06/2026","NOME":"AXEL REE LTDA","SUBS":"TERRAS RARAS","USO":"Industrial","UF":"MG","DSProcesso":"830.891/2023","category":"direct_ree","category_label":"Terras Raras (REE)","lon":-46.56932159511106,"lat":-21.946881951678524},"geometry":{"type":"Polygon","coordinates":[[[-46.57049506299995,-21.94631528534521],[-46.57049507399994,-21.947588659345175],[-46.56978171399993,-21.947588663345194],[-46.56978171399993,-21.947591648345167],[-46.56663636899998,-21.947591627345176],[-46.56663639299995,-21.94631554334521],[-46.56978170999997,-21.946315426345205],[-46.569791255999974,-21.946315426345205],[-46.57049506299995,-21.94631528534521]]]}},{"type":"Feature","properties":{"PROCESSO":"830892/2023","NUMERO":830892,"ANO":2023,"AREA_HA":21.51,"FASE":"AUTORIZAÇÃO DE PESQUISA","ULT_EVENTO":"264 - AUT PESQ/TAH - PAGAMENTO EFETUADO EM 28/07/2026","NOME":"FOXFIRE METALS LTDA","SUBS":"TERRAS RARAS","USO":"Industrial","UF":"MG","DSProcesso":"830.892/2023","category":"direct_ree","category_label":"Terras Raras (REE)","lon":-46.545804947199954,"lat":-21.995759086877364},"geometry":{"type":"Polygon","coordinates":[[[-46.542579879999955,-21.993579999344092],[-46.542581249999955,-21.993579999344092],[-46.54258163399993,-21.999031891343957],[-46.545754124999974,-21.999031666343953],[-46.54575364599998,-21.993855115344086],[-46.54545829299997,-21.993855138344077],[-46.54545829299997,-21.993852473344074],[-46.54818376399994,-21.993852701344103],[-46.54818345799998,-21.995606403344038],[-46.54914166699996,-21.995606510344036],[-46.54914166699996,-21.995613342344033],[-46.54854830599993,-21.995613315344038],[-46.54854802299997,-21.999864101343935],[-46.542580321999935,-21.99986364634391],[-46.542579879999955,-21.993579999344092]]]}},{"type":"Feature","properties":{"PROCESSO":"830893/2023","NUMERO":830893,"ANO":2023,"AREA_HA":24.65,"FASE":"AUTORIZAÇÃO DE PESQUISA","ULT_EVENTO":"265 - AUT PESQ/PRORROGAÇÃO PRAZO ALVARÁ-SOLICITAÇÃO PROTOC EM 01/06/2026","NOME":"AXEL REE LTDA","SUBS":"TERRAS RARAS","USO":"Industrial","UF":"MG","DSProcesso":"830.893/2023","category":"direct_ree","category_label":"Terras Raras (REE)","lon":-46.61507626736839,"lat":-22.012810427922588},"geometry":{"type":"Polygon","coordinates":[[[-46.613408002999954,-22.01351158634365],[-46.613407997999964,-22.012752986343628],[-46.62225037599996,-22.01275270734362],[-46.622250090999955,-22.00852485634372],[-46.62414968499996,-22.008524669343714],[-46.62414969899999,-22.012804054343626],[-46.61664852499996,-22.012804075343634],[-46.61664853099995,-22.014661028343603],[-46.611035706999985,-22.01466104334361],[-46.61103571799998,-22.018437145343498],[-46.61013090199998,-22.01843713534348],[-46.610130971999986,-22.01394875434359],[-46.61279436099994,-22.01394876934361],[-46.612794350999934,-22.010485148343708],[-46.613014712999984,-22.010485142343725],[-46.61301466199996,-22.009817927343715],[-46.61308838599996,-22.009817927343715],[-46.613088396999956,-22.013511587343643],[-46.613408002999954,-22.01351158634365]]]}},{"type":"Feature","properties":{"PROCESSO":"830895/2023","NUMERO":830895,"ANO":2023,"AREA_HA":67.4,"FASE":"AUTORIZAÇÃO DE PESQUISA","ULT_EVENTO":"264 - AUT PESQ/TAH - PAGAMENTO EFETUADO EM 17/07/2026","NOME":"AXEL REE LTDA","SUBS":"TERRAS RARAS","USO":"Industrial","UF":"MG","DSProcesso":"830.895/2023","category":"direct_ree","category_label":"Terras Raras (REE)","lon":-46.633252069444396,"lat":-22.01896643323237},"geometry":{"type":"Polygon","coordinates":[[[-46.62798390599994,-22.01555989034357],[-46.63365976999995,-22.015559874343566],[-46.63365972199995,-22.017078610343507],[-46.63632340999993,-22.017078556343517],[-46.63632342599993,-22.021975017343443],[-46.63767527799997,-22.021974949343427],[-46.63767527799996,-22.022955555343383],[-46.62798392899998,-22.022955555343383],[-46.62798390599994,-22.01555989034357]]]}},{"type":"Feature","properties":{"PROCESSO":"830912/2024","NUMERO":830912,"ANO":2024,"AREA_HA":33.9,"FASE":"AUTORIZAÇÃO DE PESQUISA","ULT_EVENTO":"264 - AUT PESQ/TAH - PAGAMENTO EFETUADO EM 20/01/2026","NOME":"VIRIDIS MINERACAO LTDA","SUBS":"TERRAS RARAS","USO":"Industrial","UF":"MG","DSProcesso":"830.912/2024","category":"direct_ree","category_label":"Terras Raras (REE)","lon":-46.6311459048571,"lat":-21.766610290063785},"geometry":{"type":"Polygon","coordinates":[[[-46.62722489899994,-21.76350691234957],[-46.62764495399994,-21.763506956349556],[-46.62764491699994,-21.764437594349534],[-46.63161055799998,-21.76443768334956],[-46.63161055699994,-21.764201696349577],[-46.635477837999986,-21.764201632349568],[-46.63547783799998,-21.764202868349567],[-46.635505173999945,-21.764202868349567],[-46.63550517799997,-21.764417128349567],[-46.63547784499997,-21.76441712934956],[-46.635478002999946,-21.76925911634941],[-46.63296418199997,-21.76925916934941],[-46.632964183999945,-21.769384597349408],[-46.63357082899995,-21.76938459534941],[-46.63357082899995,-21.76938795234945],[-46.632965843999955,-21.76938794234945],[-46.632965845999934,-21.770273332349426],[-46.63270641699996,-21.770273332349426],[-46.63270640799994,-21.7695892573494],[-46.632271321999944,-21.769589261349417],[-46.63227131299994,-21.768622921349444],[-46.63173954599995,-21.76862292534947],[-46.63173954199994,-21.768053958349434],[-46.63125611899994,-21.76805396034947],[-46.63125611299995,-21.766030966349504],[-46.62943846799993,-21.766030961349493],[-46.629438465999954,-21.76616643034948],[-46.628558647999974,-21.766166420349524],[-46.62855864299996,-21.766500575349482],[-46.62647994599997,-21.76650053434951],[-46.62648018999994,-21.76513981134955],[-46.62654812599993,-21.76513981134955],[-46.62654812599993,-21.76475146934954],[-46.627224902999956,-21.764751468349562],[-46.62722489899994,-21.76350691234957]]]}},{"type":"Feature","properties":{"PROCESSO":"830927/2023","NUMERO":830927,"ANO":2023,"AREA_HA":16.08,"FASE":"AUTORIZAÇÃO DE PESQUISA","ULT_EVENTO":"265 - AUT PESQ/PRORROGAÇÃO PRAZO ALVARÁ-SOLICITAÇÃO PROTOC EM 29/05/2026","NOME":"FIDES ENERGY METALS LTDA","SUBS":"FONÓLITO","USO":"Industrial","UF":"MG","DSProcesso":"830.927/2023","category":"carbonatite_associated","category_label":"Fonólito (alkaline complex)","lon":-46.607236476384585,"lat":-21.838875720886225},"geometry":{"type":"Polygon","coordinates":[[[-46.60778317399996,-21.834990201347868],[-46.60927291399997,-21.8369377063478],[-46.60955819999998,-21.838815493347774],[-46.60718902199994,-21.84141606634771],[-46.60789499999999,-21.841415955347685],[-46.607894999999985,-21.841430723347717],[-46.60718291099994,-21.841435233347703],[-46.60717318899998,-21.841435233347703],[-46.60561510999997,-21.838132167347784],[-46.60555277799995,-21.838132167347784],[-46.60555277799995,-21.83812661134777],[-46.60562094299996,-21.83812661134777],[-46.60778317399996,-21.834990201347868]]]}},{"type":"Feature","properties":{"PROCESSO":"830928/2023","NUMERO":830928,"ANO":2023,"AREA_HA":13.13,"FASE":"AUTORIZAÇÃO DE PESQUISA","ULT_EVENTO":"265 - AUT PESQ/PRORROGAÇÃO PRAZO ALVARÁ-SOLICITAÇÃO PROTOC EM 29/05/2026","NOME":"FIDES ENERGY METALS LTDA","SUBS":"FONÓLITO","USO":"Industrial","UF":"MG","DSProcesso":"830.928/2023","category":"carbonatite_associated","category_label":"Fonólito (alkaline complex)","lon":-46.60367772137496,"lat":-21.842328199097693},"geometry":{"type":"Polygon","coordinates":[[[-46.604116491999946,-21.840037180347743],[-46.60646929599995,-21.841956627347674],[-46.60538151899994,-21.845348035347612],[-46.60235509699999,-21.842813031347703],[-46.60231388899996,-21.842813031347703],[-46.60231388899996,-21.842810253347693],[-46.60235509699999,-21.842810253347693],[-46.604116491999946,-21.840037180347743]]]}},{"type":"Feature","properties":{"PROCESSO":"830940/2024","NUMERO":830940,"ANO":2024,"AREA_HA":40.23,"FASE":"AUTORIZAÇÃO DE PESQUISA","ULT_EVENTO":"278 - AUT PESQ/RENÚNCIA AUTORIZAÇÃO PESQUISA PROTOC EM 11/03/2025","NOME":"RTB GEOLOGIA E MINERACAO LTDA.","SUBS":"TERRAS RARAS","USO":"Industrial","UF":"MG","DSProcesso":"830.940/2024","category":"direct_ree","category_label":"Terras Raras (REE)","lon":-46.63449577338568,"lat":-21.825291789790953},"geometry":{"type":"Polygon","coordinates":[[[-46.636183888999945,-21.819817221348252],[-46.63743927999997,-21.819817221348263],[-46.63743911399996,-21.82202138634816],[-46.63746836099995,-21.822021282348192],[-46.63746835699993,-21.82204906734818],[-46.63746999999995,-21.822049067348168],[-46.63746999999995,-21.822049999348145],[-46.64109732299994,-21.822049815348166],[-46.64109711099997,-21.82403178734813],[-46.64109999999994,-21.82403178734813],[-46.64109999999994,-21.824435555348124],[-46.63858583299998,-21.824435555348124],[-46.63858583299998,-21.824961388348097],[-46.63875749999994,-21.8249613883481],[-46.63875749999994,-21.827197844348035],[-46.63700736699997,-21.82719767634805],[-46.63581232599995,-21.826961984348063],[-46.63559101099998,-21.827864166348046],[-46.63451833299995,-21.827864166348046],[-46.63451833299996,-21.82759027734803],[-46.634389443999964,-21.82759027734803],[-46.634389443999964,-21.827311666348038],[-46.63420916699994,-21.827311666348027],[-46.63420916699993,-21.827002499348037],[-46.634085555999945,-21.827002499348037],[-46.634085555999945,-21.826833055348036],[-46.63396749999998,-21.826833055348036],[-46.63396749999998,-21.826604166348073],[-46.63362972199997,-21.826604166348073],[-46.633629721999974,-21.826389999348052],[-46.63342583299993,-21.826389999348052],[-46.63342583299993,-21.82659416634804],[-46.63292694399996,-21.82659416634804],[-46.632926943999955,-21.826818332348047],[-46.63259444399995,-21.826818332348047],[-46.63259444399995,-21.827211666348063],[-46.63205777799993,-21.827211666348063],[-46.63205777799993,-21.827490555348017],[-46.63146249999995,-21.827490555348017],[-46.63146249999995,-21.827879936348054],[-46.630829999999946,-21.827879792348032],[-46.630829999999946,-21.827032499348068],[-46.63068999999996,-21.827032499348068],[-46.63068999999996,-21.82692277734808],[-46.630453888999966,-21.82692277734808],[-46.63045388899997,-21.826778332348038],[-46.630105277999974,-21.826778332348038],[-46.630105277999974,-21.826609166348064],[-46.630389443999945,-21.826609166348064],[-46.630389443999945,-21.82641972134808],[-46.63062027799998,-21.82641972134808],[-46.63062027799998,-21.82620583234808],[-46.63085166699994,-21.82620583234808],[-46.63085166699994,-21.825556388348065],[-46.63434916699998,-21.82555638834805],[-46.63434916699999,-21.82516805534808],[-46.63455305599996,-21.82516805534808],[-46.63455305599996,-21.824669999348117],[-46.634778332999986,-21.824669999348117],[-46.63477833299998,-21.82414194334812],[-46.635164721999956,-21.824141943348135],[-46.63516472199996,-21.823753610348152],[-46.63536861099993,-21.823753610348152],[-46.63536861099994,-21.82327555534813],[-46.63564749999995,-21.82327555534813],[-46.63564749999995,-21.822986666348147],[-46.63588361099994,-21.822986666348147],[-46.63588361099994,-21.8201480553482],[-46.63618388899994,-21.8201480553482],[-46.636183888999945,-21.819817221348252]]]}},{"type":"Feature","properties":{"PROCESSO":"831026/2024","NUMERO":831026,"ANO":2024,"AREA_HA":22.81,"FASE":"AUTORIZAÇÃO DE PESQUISA","ULT_EVENTO":"282 - AUT PESQ/TRANSF DIREITOS-CESSÃO TOTAL EFETIVADA EM 04/08/2026","NOME":"VIRIDIS MINERACAO LTDA","SUBS":"TERRAS RARAS","USO":"Industrial","UF":"MG","DSProcesso":"831.026/2024","category":"direct_ree","category_label":"Terras Raras (REE)","lon":-46.495182659085664,"lat":-21.89706506040353},"geometry":{"type":"Polygon","coordinates":[[[-46.51458095399994,-21.88862999934661],[-46.51677999999998,-21.88862999934661],[-46.51677999999998,-21.89006914034657],[-46.49914048499994,-21.89006546934656],[-46.49914032299995,-21.890069999346572],[-46.49913990799996,-21.892287114346477],[-46.49022747599997,-21.892284541346523],[-46.49022190299996,-21.90764689434615],[-46.49002016499998,-21.907646899346144],[-46.49002014099995,-21.892230853346476],[-46.49001999999996,-21.89222999934646],[-46.486519999999985,-21.89222999934646],[-46.486519999999985,-21.892230824346495],[-46.48651727699997,-21.892230824346495],[-46.486516962999985,-21.90696954134615],[-46.48458140199995,-21.90696983034616],[-46.48457999999994,-21.906969999346135],[-46.48457999999994,-21.915279999345927],[-46.49210999999997,-21.915279999345938],[-46.49210999999997,-21.915749999345923],[-46.48416999999995,-21.915749999345923],[-46.484169846999976,-21.90690157534614],[-46.48620091299995,-21.906901583346162],[-46.486200673999974,-21.892235077346488],[-46.48619999999994,-21.892235077346488],[-46.48619999999994,-21.8922199993465],[-46.499059999999986,-21.8922199993465],[-46.49905999999999,-21.89221542334651],[-46.49906233999996,-21.89221542334652],[-46.49906199299995,-21.890009999346564],[-46.49907911399998,-21.890009999346564],[-46.49907911399998,-21.890010962346544],[-46.51457999999997,-21.890010022346534],[-46.51458112199999,-21.890010046346568],[-46.51458095399994,-21.88862999934661]]]}},{"type":"Feature","properties":{"PROCESSO":"831028/2024","NUMERO":831028,"ANO":2024,"AREA_HA":20.63,"FASE":"AUTORIZAÇÃO DE PESQUISA","ULT_EVENTO":"282 - AUT PESQ/TRANSF DIREITOS-CESSÃO TOTAL EFETIVADA EM 04/08/2026","NOME":"VIRIDIS MINERACAO LTDA","SUBS":"TERRAS RARAS","USO":"Industrial","UF":"MG","DSProcesso":"831.028/2024","category":"direct_ree","category_label":"Terras Raras (REE)","lon":-46.48310950081246,"lat":-21.937763870220422},"geometry":{"type":"Polygon","coordinates":[[[-46.48352027799996,-21.937092371345415],[-46.483966218999974,-21.937088332345436],[-46.48414991399994,-21.937088332345436],[-46.48414991399994,-21.937089999345428],[-46.48414998199996,-21.937959999345438],[-46.48414996599997,-21.937963675345443],[-46.48499992999995,-21.937963557345437],[-46.48499992999996,-21.941109999345365],[-46.480309999999974,-21.941109999345365],[-46.48030999999997,-21.937121447345447],[-46.48046987499999,-21.937119999345406],[-46.482413332999954,-21.937119999345406],[-46.482413332999954,-21.93710239734545],[-46.48270878299996,-21.937099721345444],[-46.48352027799996,-21.937099721345444],[-46.48352027799996,-21.937092371345415]]]}},{"type":"Feature","properties":{"PROCESSO":"831084/2023","NUMERO":831084,"ANO":2023,"AREA_HA":1950.77,"FASE":"AUTORIZAÇÃO DE PESQUISA","ULT_EVENTO":"209 - AUT PESQ/INÍCIO DE PESQUISA COMUNICADO PROTOC EM 25/09/2026","NOME":"AXEL REE LTDA","SUBS":"MINÉRIO DE LÍTIO","USO":"Industrial","UF":"MG","DSProcesso":"831.084/2023","category":"pegmatite_associated","category_label":"Minério de Lítio (pegmatite, REE assoc.)","lon":-46.665559055999964,"lat":-22.012876166343634},"geometry":{"type":"Polygon","coordinates":[[[-46.66810305599995,-22.002954166343844],[-46.668003055999975,-22.002954166343844],[-46.668003055999975,-21.998329166343986],[-46.683103055999936,-21.99832916634397],[-46.683103055999936,-22.021204166343438],[-46.71935305599993,-22.021204166343438],[-46.71935305599994,-22.038604166343028],[-46.64840305599995,-22.038604166343028],[-46.64840305599995,-22.022004166343443],[-46.65200305599996,-22.022004166343443],[-46.652003055999955,-22.019654166343464],[-46.655653055999956,-22.019654166343464],[-46.65565305599995,-22.019604166343473],[-46.66015305599996,-22.019604166343473],[-46.66015305599996,-22.007554166343763],[-46.658153055999946,-22.007554166343763],[-46.658153055999946,-22.007954166343772],[-46.64730305599994,-22.007954166343772],[-46.64730305599994,-22.007504166343786],[-46.657703055999946,-22.007504166343786],[-46.65770305599995,-22.007104166343787],[-46.66750305599993,-22.007104166343787],[-46.66750305599992,-22.007004166343755],[-46.66810305599996,-22.007004166343755],[-46.66810305599995,-22.002954166343844]]]}},{"type":"Feature","properties":{"PROCESSO":"831086/2023","NUMERO":831086,"ANO":2023,"AREA_HA":1886.07,"FASE":"AUTORIZAÇÃO DE PESQUISA","ULT_EVENTO":"209 - AUT PESQ/INÍCIO DE PESQUISA COMUNICADO PROTOC EM 25/09/2026","NOME":"AXEL REE LTDA","SUBS":"MINÉRIO DE LÍTIO","USO":"Industrial","UF":"MG","DSProcesso":"831.086/2023","category":"pegmatite_associated","category_label":"Minério de Lítio (pegmatite, REE assoc.)","lon":-46.72486923247053,"lat":-22.04697181340165},"geometry":{"type":"Polygon","coordinates":[[[-46.64840305599995,-22.038604166343028],[-46.71935305599994,-22.038604166343028],[-46.739453055999945,-22.038604166343028],[-46.739453055999945,-22.038754166343054],[-46.73940305599996,-22.038754166343054],[-46.73940305599996,-22.04160416634295],[-46.73845305599997,-22.04160416634295],[-46.73845305599997,-22.043504166342938],[-46.736953055999955,-22.043504166342938],[-46.73695305599995,-22.046704166342845],[-46.73675305599994,-22.046704166342845],[-46.73675305599994,-22.046304166342843],[-46.73570305599998,-22.046304166342843],[-46.73570305599998,-22.04680416634283],[-46.735353055999944,-22.04680416634283],[-46.73535305599995,-22.04740416634284],[-46.73490305599995,-22.04740416634284],[-46.73490305599995,-22.048154166342798],[-46.73425305599994,-22.048154166342798],[-46.73425305599995,-22.049554166342748],[-46.73390305599998,-22.049554166342748],[-46.73390305599998,-22.050154166342757],[-46.733603055999936,-22.050154166342757],[-46.733603055999936,-22.048054166342826],[-46.726053055999955,-22.048054166342826],[-46.726053055999955,-22.04925416634278],[-46.72355305599996,-22.04925416634278],[-46.723553055999965,-22.05230416634268],[-46.72230305599993,-22.05230416634268],[-46.72230305599994,-22.053754166342678],[-46.71985305599998,-22.053754166342678],[-46.71985305599998,-22.05900416634254],[-46.64840305599995,-22.05900416634254],[-46.64840305599995,-22.038604166343028]]]}},{"type":"Feature","properties":{"PROCESSO":"831087/2023","NUMERO":831087,"ANO":2023,"AREA_HA":1998.07,"FASE":"AUTORIZAÇÃO DE PESQUISA","ULT_EVENTO":"209 - AUT PESQ/INÍCIO DE PESQUISA COMUNICADO PROTOC EM 25/09/2026","NOME":"AXEL REE LTDA","SUBS":"MINÉRIO DE LÍTIO","USO":"Industrial","UF":"MG","DSProcesso":"831.087/2023","category":"pegmatite_associated","category_label":"Minério de Lítio (pegmatite, REE assoc.)","lon":-46.69532638933328,"lat":-22.08838638856408},"geometry":{"type":"Polygon","coordinates":[[[-46.665853055999946,-22.059004166342547],[-46.71905305599995,-22.059004166342547],[-46.71905305599995,-22.062404166342468],[-46.71615305599994,-22.062404166342468],[-46.71615305599994,-22.07555416634214],[-46.72010305599997,-22.07555416634214],[-46.72010305599997,-22.084554166341952],[-46.71720305599996,-22.084554166341945],[-46.71720305599997,-22.08800416634185],[-46.714503055999955,-22.088004166341854],[-46.714503055999955,-22.09015416634183],[-46.709853055999986,-22.09015416634183],[-46.709853055999986,-22.09180416634178],[-46.70595305599994,-22.09180416634178],[-46.70595305599994,-22.093004166341736],[-46.69925305599997,-22.093004166341736],[-46.699253055999975,-22.0894541663418],[-46.695253055999956,-22.089454166341802],[-46.695253055999956,-22.093304166341714],[-46.694803055999955,-22.093304166341714],[-46.694803055999955,-22.092504166341755],[-46.694203055999935,-22.092504166341755],[-46.694203055999935,-22.09200416634178],[-46.69360305599997,-22.09200416634178],[-46.69360305599997,-22.094404166341697],[-46.69645305599994,-22.094404166341697],[-46.69645305599994,-22.097454166341656],[-46.69215305599994,-22.097454166341645],[-46.69215305599994,-22.096504166341685],[-46.69205305599997,-22.096504166341685],[-46.69205305599997,-22.095504166341676],[-46.69160305599996,-22.095504166341676],[-46.691603055999956,-22.0948041663417],[-46.689453055999934,-22.0948041663417],[-46.68945305599994,-22.092604166341737],[-46.68655305599999,-22.092604166341722],[-46.68655305599998,-22.091004166341772],[-46.676653055999964,-22.091004166341765],[-46.676653055999964,-22.094754166341698],[-46.67420305599995,-22.094754166341705],[-46.67420305599995,-22.096554166341665],[-46.66700305599995,-22.09655416634167],[-46.66700305599995,-22.09385416634172],[-46.665853055999946,-22.09385416634172],[-46.665853055999946,-22.059004166342547]]]}},{"type":"Feature","properties":{"PROCESSO":"831088/2023","NUMERO":831088,"ANO":2023,"AREA_HA":1956.82,"FASE":"AUTORIZAÇÃO DE PESQUISA","ULT_EVENTO":"209 - AUT PESQ/INÍCIO DE PESQUISA COMUNICADO PROTOC EM 25/09/2026","NOME":"AXEL REE LTDA","SUBS":"MINÉRIO DE LÍTIO","USO":"Industrial","UF":"MG","DSProcesso":"831.088/2023","category":"pegmatite_associated","category_label":"Minério de Lítio (pegmatite, REE assoc.)","lon":-46.64818963005551,"lat":-22.077748687953218},"geometry":{"type":"Polygon","coordinates":[[[-46.63767527799996,-22.022004166343443],[-46.64840305599995,-22.022004166343443],[-46.64840305599995,-22.038604166343028],[-46.64840305599995,-22.05900416634254],[-46.665853055999946,-22.059004166342547],[-46.665853055999946,-22.09385416634172],[-46.661703055999965,-22.09385416634172],[-46.661703055999965,-22.09295416634175],[-46.66070305599994,-22.09295416634175],[-46.66070305599993,-22.092054166341764],[-46.65345305599993,-22.092054166341764],[-46.65345305599993,-22.091604166341778],[-46.65065305599995,-22.091604166341778],[-46.65065305599995,-22.092504166341755],[-46.650303055999984,-22.092504166341755],[-46.650303055999984,-22.092304166341755],[-46.649553055999945,-22.092304166341762],[-46.649553055999945,-22.092554166341742],[-46.64880305599997,-22.092554166341742],[-46.64880305599997,-22.092754166341738],[-46.64810305599997,-22.092754166341738],[-46.64810305599997,-22.092504166341755],[-46.646703055999986,-22.092504166341755],[-46.64670305599998,-22.093004166341736],[-46.646453055999984,-22.093004166341736],[-46.646453055999984,-22.09365416634172],[-46.646303055999965,-22.09365416634172],[-46.64630305599996,-22.09605416634168],[-46.64450305599996,-22.09605416634168],[-46.64450305599997,-22.082504166341998],[-46.637203055999976,-22.082504166342012],[-46.637203055999976,-22.06690416634236],[-46.628003055999955,-22.06690416634236],[-46.628003055999955,-22.022955555343383],[-46.63767527799996,-22.022955555343383],[-46.63767527799996,-22.022004166343443]]]}},{"type":"Feature","properties":{"PROCESSO":"831089/2023","NUMERO":831089,"ANO":2023,"AREA_HA":1983.83,"FASE":"AUTORIZAÇÃO DE PESQUISA","ULT_EVENTO":"209 - AUT PESQ/INÍCIO DE PESQUISA COMUNICADO PROTOC EM 25/09/2026","NOME":"AXEL REE LTDA","SUBS":"MINÉRIO DE LÍTIO","USO":"Industrial","UF":"MG","DSProcesso":"831.089/2023","category":"pegmatite_associated","category_label":"Minério de Lítio (pegmatite, REE assoc.)","lon":-46.604382743499954,"lat":-22.066294791342372},"geometry":{"type":"Polygon","coordinates":[[[-46.624153055999955,-22.025154166343373],[-46.628003055999955,-22.025154166343388],[-46.628003055999955,-22.06690416634236],[-46.637203055999976,-22.06690416634236],[-46.637203055999976,-22.082504166342012],[-46.63385305599997,-22.082504166341998],[-46.633853055999964,-22.079804166342058],[-46.614453055999945,-22.079804166342058],[-46.61445305599995,-22.091554166341783],[-46.59115305599994,-22.091554166341783],[-46.59115305599994,-22.093604166341734],[-46.590903055999945,-22.093604166341745],[-46.590903055999945,-22.091554166341783],[-46.59090305599994,-22.089904166341785],[-46.59340305599994,-22.08990416634179],[-46.59340305599994,-22.088904166341838],[-46.60190305599997,-22.088904166341827],[-46.60190305599997,-22.076854166342134],[-46.59690305599998,-22.076854166342127],[-46.596903055999974,-22.06585416634237],[-46.58340305599995,-22.06585416634237],[-46.583403055999945,-22.06035416634251],[-46.57340305599996,-22.06035416634251],[-46.57340305599996,-22.05685416634263],[-46.568403055999966,-22.05685416634263],[-46.568403055999966,-22.05410416634264],[-46.60700305599995,-22.05410416634264],[-46.60700305599995,-22.039354166343],[-46.618453055999964,-22.03935416634301],[-46.618453055999964,-22.03065416634322],[-46.624153055999955,-22.03065416634322],[-46.624153055999955,-22.025154166343373]]]}},{"type":"Feature","properties":{"PROCESSO":"831090/2023","NUMERO":831090,"ANO":2023,"AREA_HA":1333.64,"FASE":"AUTORIZAÇÃO DE PESQUISA","ULT_EVENTO":"209 - AUT PESQ/INÍCIO DE PESQUISA COMUNICADO PROTOC EM 25/09/2026","NOME":"AXEL REE LTDA","SUBS":"MINÉRIO DE LÍTIO","USO":"Industrial","UF":"MG","DSProcesso":"831.090/2023","category":"pegmatite_associated","category_label":"Minério de Lítio (pegmatite, REE assoc.)","lon":-46.55661927221615,"lat":-22.070633896071996},"geometry":{"type":"Polygon","coordinates":[[[-46.56490305599994,-22.04920416634279],[-46.57155305599997,-22.04920416634279],[-46.57155305599997,-22.05410416634264],[-46.568403055999966,-22.05410416634264],[-46.568403055999966,-22.053354166342675],[-46.55680305599998,-22.053354166342675],[-46.55680305599998,-22.078404166342107],[-46.56485305599994,-22.078404166342107],[-46.56485305599994,-22.085904166341916],[-46.57435305599996,-22.085904166341916],[-46.57435305599996,-22.089904166341785],[-46.57685305599995,-22.089904166341785],[-46.57685305599995,-22.09490416634172],[-46.57850305599993,-22.094904166341728],[-46.57850305599994,-22.09685416634164],[-46.568903055999954,-22.09685416634164],[-46.56890305599996,-22.092904166341754],[-46.561603055999974,-22.092904166341754],[-46.561603055999974,-22.091154166341777],[-46.55820305599997,-22.091154166341777],[-46.55820305599997,-22.08960416634181],[-46.53170305599998,-22.08960416634181],[-46.53170305599998,-22.071104166342224],[-46.53770305599994,-22.071104166342224],[-46.53770305599994,-22.065004166342376],[-46.53170305599997,-22.065004166342383],[-46.53170305599998,-22.06380416634241],[-46.53525305599994,-22.06380416634241],[-46.53525305599994,-22.054704166342646],[-46.52940305599998,-22.054704166342646],[-46.52940305599998,-22.052554166342723],[-46.54960305599997,-22.052554166342723],[-46.54960305599997,-22.049404166342796],[-46.55470305599994,-22.049404166342796],[-46.55470305599993,-22.04925416634278],[-46.564903055999935,-22.04925416634278],[-46.56490305599994,-22.04920416634279]]]}},{"type":"Feature","properties":{"PROCESSO":"831091/2023","NUMERO":831091,"ANO":2023,"AREA_HA":1031.7,"FASE":"AUTORIZAÇÃO DE PESQUISA","ULT_EVENTO":"265 - AUT PESQ/PRORROGAÇÃO PRAZO ALVARÁ-SOLICITAÇÃO PROTOC EM 01/04/2026","NOME":"FOXFIRE METALS LTDA","SUBS":"MINÉRIO DE LÍTIO","USO":"Industrial","UF":"MG","DSProcesso":"831.091/2023","category":"pegmatite_associated","category_label":"Minério de Lítio (pegmatite, REE assoc.)","lon":-46.51686555599994,"lat":-22.079591098160247},"geometry":{"type":"Polygon","coordinates":[[[-46.50260305599994,-22.052554166342723],[-46.52940305599998,-22.052554166342723],[-46.52940305599998,-22.054704166342646],[-46.52940305599998,-22.05920416634255],[-46.52745305599995,-22.05920416634255],[-46.52745305599995,-22.065554166342395],[-46.52555305599998,-22.065554166342395],[-46.52555305599998,-22.06825416634233],[-46.520703055999945,-22.068254166342342],[-46.52070305599995,-22.075504166342164],[-46.527503055999944,-22.075504166342164],[-46.527503055999944,-22.06650416634236],[-46.52850305599997,-22.06650416634236],[-46.52850305599997,-22.06380416634241],[-46.53170305599998,-22.06380416634241],[-46.53170305599997,-22.065004166342383],[-46.53170305599998,-22.071104166342224],[-46.53170305599998,-22.08960416634181],[-46.52630305599996,-22.08960416634181],[-46.52630305599996,-22.08965416634181],[-46.525153055999965,-22.08965416634181],[-46.52515305599997,-22.08980416634181],[-46.52455305599995,-22.08980416634181],[-46.52455305599995,-22.08990416634179],[-46.52395305599998,-22.089904166341785],[-46.52395305599998,-22.090004166341817],[-46.52350305599998,-22.090004166341817],[-46.52350305599998,-22.089954166341837],[-46.52190305599999,-22.089954166341837],[-46.521903055999985,-22.089854166341805],[-46.52095305599995,-22.089854166341794],[-46.52095305599994,-22.089754166341834],[-46.52055305599998,-22.089754166341823],[-46.52055305599998,-22.08960416634181],[-46.52005305599994,-22.08960416634181],[-46.520053055999945,-22.089454166341802],[-46.51965305599998,-22.0894541663418],[-46.51965305599998,-22.08935416634182],[-46.519303055999956,-22.089354166341828],[-46.519303055999956,-22.089304166341844],[-46.51905305599996,-22.089304166341844],[-46.51905305599996,-22.088904166341827],[-46.51890305599994,-22.088904166341827],[-46.518903055999935,-22.088604166341852],[-46.518803055999975,-22.088604166341852],[-46.51880305599997,-22.088354166341873],[-46.518703055999936,-22.088354166341873],[-46.518703055999936,-22.08815416634187],[-46.51865305599995,-22.08815416634187],[-46.51865305599995,-22.087704166341886],[-46.51825305599994,-22.087704166341886],[-46.51825305599994,-22.087404166341848],[-46.51755305599994,-22.087404166341848],[-46.51755305599995,-22.085604166341884],[-46.51660305599995,-22.085604166341884],[-46.51660305599996,-22.085154166341898],[-46.51475305599996,-22.085154166341898],[-46.51475305599996,-22.084754166341956],[-46.51385305599996,-22.084754166341956],[-46.51385305599996,-22.082904166342004],[-46.51260305599993,-22.082904166342004],[-46.51260305599993,-22.082504166341998],[-46.51180305599996,-22.082504166341998],[-46.51180305599996,-22.082054166342004],[-46.51140305599995,-22.082054166342004],[-46.51140305599995,-22.081604166342018],[-46.510253055999954,-22.081604166342018],[-46.510253055999954,-22.081154166342024],[-46.509453055999984,-22.08115416634203],[-46.509453055999984,-22.080254166342055],[-46.50895305599994,-22.080254166342055],[-46.50895305599994,-22.078454166342095],[-46.50800305599994,-22.078454166342084],[-46.50800305599995,-22.07755416634211],[-46.50750305599996,-22.07755416634211],[-46.50750305599996,-22.07705416634213],[-46.504403055999944,-22.07705416634213],[-46.504403055999944,-22.07535416634214],[-46.50225305599997,-22.07535416634214],[-46.50225305599998,-22.076104166342162],[-46.501753055999984,-22.076104166342162],[-46.501753055999984,-22.067654166342326],[-46.496203055999956,-22.067654166342326],[-46.496203055999956,-22.064554166342436],[-46.49535305599994,-22.064554166342436],[-46.495353055999935,-22.06085416634248],[-46.50260305599994,-22.060854166342487],[-46.50260305599994,-22.052554166342723]]]}},{"type":"Feature","properties":{"PROCESSO":"831092/2023","NUMERO":831092,"ANO":2023,"AREA_HA":1085.01,"FASE":"AUTORIZAÇÃO DE PESQUISA","ULT_EVENTO":"265 - AUT PESQ/PRORROGAÇÃO PRAZO ALVARÁ-SOLICITAÇÃO PROTOC EM 01/04/2026","NOME":"AXEL REE LTDA","SUBS":"TERRAS RARAS","USO":"Industrial","UF":"MG","DSProcesso":"831.092/2023","category":"direct_ree","category_label":"Terras Raras (REE)","lon":-46.39125199078607,"lat":-21.91595185249046},"geometry":{"type":"Polygon","coordinates":[[[-46.40707222199996,-21.895732777346428],[-46.407072221999954,-21.897382777346373],[-46.40502222199996,-21.897382777346373],[-46.40502222199996,-21.91848277734586],[-46.41062222199997,-21.91848277734586],[-46.41062222199998,-21.919932777345856],[-46.41052222199995,-21.919932777345856],[-46.41052222199995,-21.92408277734574],[-46.40932222199995,-21.924082777345745],[-46.40932222199995,-21.921082777345823],[-46.40232222199995,-21.921082777345834],[-46.40232222199995,-21.92178277734581],[-46.40162222199996,-21.92178277734581],[-46.40162222199996,-21.922282777345778],[-46.400122221999936,-21.922282777345778],[-46.400122221999936,-21.922832777345743],[-46.399022221999985,-21.922832777345736],[-46.39902222199999,-21.923882777345742],[-46.396022221999935,-21.923882777345742],[-46.396022221999935,-21.92333277734578],[-46.39607222199993,-21.92333277734578],[-46.39607222199993,-21.923282777345733],[-46.39632222199998,-21.923282777345733],[-46.39632222199998,-21.92318277734577],[-46.39662222199996,-21.92318277734577],[-46.39662222199996,-21.923082777345794],[-46.39687222199996,-21.923082777345794],[-46.39687222199996,-21.922982777345766],[-46.397372221999944,-21.922982777345762],[-46.397372221999944,-21.922832777345743],[-46.39792222199998,-21.922832777345743],[-46.397922221999984,-21.92268277734578],[-46.39832222199994,-21.92268277734578],[-46.39832222199993,-21.922582777345767],[-46.398872221999966,-21.922582777345763],[-46.398872221999966,-21.9224327773458],[-46.39917222199995,-21.9224327773458],[-46.399172221999955,-21.92233277734577],[-46.39942222199995,-21.92233277734577],[-46.39942222199994,-21.922232777345798],[-46.39977222199996,-21.922232777345798],[-46.39977222199996,-21.922082777345782],[-46.39987222199994,-21.922082777345782],[-46.39987222199994,-21.922032777345795],[-46.399972221999974,-21.922032777345795],[-46.399972221999974,-21.921982777345804],[-46.400072221999956,-21.921982777345804],[-46.40007222199995,-21.921882777345783],[-46.40022222199997,-21.921882777345775],[-46.40022222199997,-21.9217827773458],[-46.400422221999975,-21.92178277734581],[-46.400422221999975,-21.921682777345783],[-46.40062222199998,-21.921682777345783],[-46.400622221999974,-21.921532777345828],[-46.400872221999975,-21.921532777345828],[-46.400872221999975,-21.921382777345812],[-46.40112222199997,-21.921382777345812],[-46.40112222199998,-21.921232777345793],[-46.40142222199995,-21.921232777345793],[-46.40142222199995,-21.921082777345823],[-46.401672221999945,-21.921082777345823],[-46.401672221999945,-21.920932777345815],[-46.40187222199995,-21.920932777345815],[-46.40187222199995,-21.920832777345844],[-46.402422221999984,-21.920832777345844],[-46.40242222199999,-21.920632777345844],[-46.40357222199998,-21.920632777345844],[-46.40357222199998,-21.920232777345827],[-46.40427222199998,-21.920232777345827],[-46.40427222199998,-21.919282777345874],[-46.40397222199994,-21.919282777345874],[-46.403972221999936,-21.919032777345876],[-46.40307222199994,-21.919032777345876],[-46.40307222199994,-21.91883277734587],[-46.39817222199997,-21.91883277734587],[-46.39817222199997,-21.91903277734589],[-46.39747222199997,-21.919032777345876],[-46.39747222199997,-21.919232777345876],[-46.395622221999986,-21.919232777345876],[-46.395622221999986,-21.919082777345864],[-46.39512222199994,-21.919082777345864],[-46.39512222199994,-21.918632777345877],[-46.394622221999946,-21.918632777345877],[-46.39462222199995,-21.917882777345902],[-46.39427222199998,-21.917882777345902],[-46.39427222199998,-21.916882777345904],[-46.39372222199995,-21.916882777345904],[-46.39372222199995,-21.916282777345952],[-46.39332222199994,-21.916282777345952],[-46.39332222199994,-21.915932777345944],[-46.392722221999975,-21.915932777345944],[-46.392722221999975,-21.915582777345918],[-46.39097222199995,-21.915582777345918],[-46.39097222199996,-21.91538277734597],[-46.390272221999965,-21.91538277734598],[-46.39027222199997,-21.911782777346055],[-46.38737222199996,-21.911782777346055],[-46.387372221999954,-21.913932777345973],[-46.38672222199995,-21.913932777345973],[-46.38672222199995,-21.913582777346008],[-46.38557222199995,-21.913582777346015],[-46.38557222199995,-21.913132777346032],[-46.38137222199998,-21.913132777346025],[-46.38137222199998,-21.914932777345985],[-46.38172222199995,-21.914932777345985],[-46.38172222199995,-21.915332777345938],[-46.38207222199998,-21.915332777345938],[-46.38207222199997,-21.916032777345915],[-46.382722221999984,-21.916032777345904],[-46.38272222199999,-21.916782777345926],[-46.38342222199998,-21.916782777345922],[-46.38342222199998,-21.917382777345882],[-46.38372222199995,-21.917382777345882],[-46.38372222199996,-21.920632777345844],[-46.38327222199996,-21.920632777345844],[-46.38327222199996,-21.921332777345818],[-46.382422221999946,-21.921332777345818],[-46.38242222199995,-21.922282777345778],[-46.38087222199993,-21.922282777345778],[-46.38087222199993,-21.923232777345753],[-46.38012222199996,-21.923232777345753],[-46.380122221999954,-21.924082777345745],[-46.379672221999954,-21.924082777345745],[-46.379672221999954,-21.92728277734566],[-46.37567222199994,-21.92728277734566],[-46.375672221999935,-21.92758277734563],[-46.370822221999966,-21.92758277734563],[-46.370822221999966,-21.926632777345677],[-46.36942222199997,-21.926632777345677],[-46.369422221999976,-21.90608277734614],[-46.35732222199994,-21.90608277734614],[-46.35732222199994,-21.898582777346324],[-46.37232222199998,-21.898582777346324],[-46.37232222199998,-21.895732777346428],[-46.38242222199995,-21.895732777346428],[-46.38242222199995,-21.900882777346315],[-46.38207222199998,-21.900882777346315],[-46.38207222199998,-21.902482777346282],[-46.38082222199995,-21.902482777346282],[-46.38082222199995,-21.903132777346208],[-46.37992222199995,-21.903132777346208],[-46.379922221999955,-21.903932777346228],[-46.37922222199995,-21.903932777346228],[-46.37922222199995,-21.90643277734617],[-46.37952222199994,-21.90643277734615],[-46.37952222199994,-21.90693277734613],[-46.38012222199996,-21.90693277734613],[-46.38012222199996,-21.90733277734614],[-46.38082222199995,-21.90733277734614],[-46.380822221999956,-21.90773277734614],[-46.381372221999975,-21.907732777346144],[-46.38137222199998,-21.90868277734611],[-46.38202222199993,-21.90868277734611],[-46.38202222199993,-21.909632777346072],[-46.38142222199997,-21.909632777346072],[-46.38142222199996,-21.91158277734605],[-46.38187222199997,-21.91158277734605],[-46.38187222199997,-21.912582777346007],[-46.38312222199994,-21.912582777346007],[-46.38312222199994,-21.90778277734612],[-46.382122221999964,-21.90778277734613],[-46.38212222199996,-21.906832777346157],[-46.38112222199993,-21.906832777346157],[-46.38112222199993,-21.905982777346168],[-46.38047222199998,-21.905982777346168],[-46.38047222199998,-21.904632777346198],[-46.38112222199993,-21.90463277734619],[-46.38112222199993,-21.903932777346228],[-46.383472221999966,-21.903932777346228],[-46.383472221999966,-21.89628277734639],[-46.38992222199994,-21.89628277734639],[-46.38992222199994,-21.895732777346428],[-46.40707222199996,-21.895732777346428]]]}},{"type":"Feature","properties":{"PROCESSO":"831144/2024","NUMERO":831144,"ANO":2024,"AREA_HA":7.17,"FASE":"REQUERIMENTO DE PESQUISA","ULT_EVENTO":"135 - REQ PESQ/CUMPRIMENTO EXIGÊNCIA PROTOC EM 04/11/2024","NOME":"VIRIDIS MINERACAO LTDA","SUBS":"TERRAS RARAS","USO":"Industrial","UF":"MG","DSProcesso":"831.144/2024","category":"direct_ree","category_label":"Terras Raras (REE)","lon":-46.53233112279589,"lat":-21.82201630630736},"geometry":{"type":"Polygon","coordinates":[[[-46.51785482699996,-21.816829999348315],[-46.51785861099996,-21.816829999348315],[-46.51785861099995,-21.81683416634831],[-46.517979999999966,-21.81683416634831],[-46.517979999999966,-21.816837303348272],[-46.51797792799994,-21.816837303348272],[-46.517977936999955,-21.819866484348243],[-46.517979999999966,-21.819866484348243],[-46.517979999999966,-21.819869999348253],[-46.53258694699997,-21.819869999348253],[-46.53258696899996,-21.826901200348043],[-46.53456004099996,-21.82690119534804],[-46.53456281799998,-21.826901195348036],[-46.53653589099997,-21.826901189348042],[-46.53653589099997,-21.82689999934806],[-46.536539999999945,-21.82689999934806],[-46.53653999999995,-21.822483113348163],[-46.54041646399998,-21.822483102348173],[-46.54041647499997,-21.826009508348086],[-46.54041999999998,-21.826009672348043],[-46.540789999999966,-21.826009999348063],[-46.540789999999966,-21.82263988434815],[-46.54391963599994,-21.82263993934814],[-46.54391999999996,-21.81885305534826],[-46.54402999999997,-21.81885305534826],[-46.544029999999964,-21.822748549348166],[-46.54388333799995,-21.822748548348176],[-46.54388333799995,-21.82274999934812],[-46.543879999999945,-21.822749999348133],[-46.54387999999995,-21.822759999348154],[-46.54089999999996,-21.822759999348154],[-46.54089999999996,-21.822762250348163],[-46.54089729499997,-21.822762250348163],[-46.540897169999944,-21.82609999934806],[-46.540343294999964,-21.826099999348052],[-46.54034333299995,-21.822608162348136],[-46.53657120599996,-21.82260808334817],[-46.53657120599997,-21.82260999934814],[-46.53656999999998,-21.82260999934814],[-46.53656999999998,-21.82698819534804],[-46.53234999999995,-21.82698797934805],[-46.53234999999995,-21.8199799993482],[-46.52604946499998,-21.8199799993482],[-46.51767356999994,-21.819979310348206],[-46.51767357499995,-21.818879999348272],[-46.51784999999995,-21.818879999348272],[-46.51784999999995,-21.81887683634823],[-46.51785435299996,-21.81887683734824],[-46.51785482699996,-21.816829999348315]]]}},{"type":"Feature","properties":{"PROCESSO":"831230/2024","NUMERO":831230,"ANO":2024,"AREA_HA":7.29,"FASE":"AUTORIZAÇÃO DE PESQUISA","ULT_EVENTO":"236 - AUT PESQ/DOCUMENTO DIVERSO PROTOC EM 25/09/2024","NOME":"MINERACAO BARUEL LTDA","SUBS":"TERRAS RARAS","USO":"Industrial","UF":"MG","DSProcesso":"831.230/2024","category":"direct_ree","category_label":"Terras Raras (REE)","lon":-46.491353999999966,"lat":-21.934986342145464},"geometry":{"type":"Polygon","coordinates":[[[-46.49084999999997,-21.937009999345406],[-46.49084999999997,-21.93195085534556],[-46.49210999999997,-21.931950857345537],[-46.49210999999997,-21.937009999345406],[-46.49084999999997,-21.937009999345406]]]}},{"type":"Feature","properties":{"PROCESSO":"831231/2024","NUMERO":831231,"ANO":2024,"AREA_HA":21.52,"FASE":"AUTORIZAÇÃO DE PESQUISA","ULT_EVENTO":"209 - AUT PESQ/INÍCIO DE PESQUISA COMUNICADO PROTOC EM 25/09/2024","NOME":"MINERACAO BARUEL LTDA","SUBS":"TERRAS RARAS","USO":"Industrial","UF":"MG","DSProcesso":"831.231/2024","category":"direct_ree","category_label":"Terras Raras (REE)","lon":-46.54231572316663,"lat":-21.899258150471326},"geometry":{"type":"Polygon","coordinates":[[[-46.542929999999956,-21.89538999934643],[-46.544366723999985,-21.89538999934643],[-46.544366726999954,-21.89626944334637],[-46.54436999999996,-21.89626944334637],[-46.544369999999965,-21.903099999346225],[-46.540569999999946,-21.903099999346225],[-46.540569999999946,-21.903109999346253],[-46.540479999999945,-21.903109999346245],[-46.54047999999995,-21.902074294346285],[-46.541213675999984,-21.902074315346294],[-46.541213699999965,-21.90127986034631],[-46.54186999999997,-21.9012797323463],[-46.54187176499994,-21.90127959834629],[-46.541871784999955,-21.900511956346293],[-46.542500813999936,-21.900511970346304],[-46.54250084199998,-21.899274713346323],[-46.54249999999996,-21.899274713346323],[-46.54249999999996,-21.89926999934631],[-46.54213310599994,-21.89926999934631],[-46.54213316899995,-21.89668278534636],[-46.54245251399994,-21.896682792346407],[-46.54245253399995,-21.895799999346405],[-46.542929999999956,-21.895799999346405],[-46.542929999999956,-21.89538999934643]]]}},{"type":"Feature","properties":{"PROCESSO":"831238/2024","NUMERO":831238,"ANO":2024,"AREA_HA":541.78,"FASE":"AUTORIZAÇÃO DE PESQUISA","ULT_EVENTO":"318 - AUT PESQ/RELATÓRIO PESQUISA NÃO APROVADO ART 30 II CM PUBL EM 11/09/2026","NOME":"CROSSROADS PESQUISA MINERAL LTDA","SUBS":"TERRAS RARAS","USO":"Industrial","UF":"MG","DSProcesso":"831.238/2024","category":"direct_ree","category_label":"Terras Raras (REE)","lon":-46.12930011099996,"lat":-22.042046931942945},"geometry":{"type":"Polygon","coordinates":[[[-46.12544222199995,-22.03451611034313],[-46.13961055599998,-22.034516156343095],[-46.13961361099996,-22.03451611034313],[-46.145834166999975,-22.034516164343124],[-46.14583416699998,-22.044895555342897],[-46.138436943999984,-22.044895555342897],[-46.13843694399998,-22.051756388342696],[-46.13843694399998,-22.05176305534273],[-46.12113361099995,-22.05176305534273],[-46.12113361099995,-22.047546943342834],[-46.10661694399994,-22.047546943342834],[-46.10661694399994,-22.039318610342992],[-46.12147055599996,-22.039318610342992],[-46.12544222199995,-22.039318610342992],[-46.12544222199995,-22.03451611034313]]]}},{"type":"Feature","properties":{"PROCESSO":"831258/2024","NUMERO":831258,"ANO":2024,"AREA_HA":85.59,"FASE":"AUTORIZAÇÃO DE PESQUISA","ULT_EVENTO":"264 - AUT PESQ/TAH - PAGAMENTO EFETUADO EM 22/01/2026","NOME":"BORBOREMA RECURSOS MINERAIS LTDA","SUBS":"TERRAS RARAS","USO":"Industrial","UF":"MG","DSProcesso":"831.258/2024","category":"direct_ree","category_label":"Terras Raras (REE)","lon":-46.09505875922217,"lat":-22.000942823232815},"geometry":{"type":"Polygon","coordinates":[[[-46.09245055599995,-21.999376388343965],[-46.09354331199995,-21.999376388343965],[-46.09354331199995,-21.999385355343943],[-46.10311055599993,-21.999385364343965],[-46.10311055599993,-22.00639635934378],[-46.09243470699994,-22.00639638834381],[-46.09243472199996,-21.99939638834396],[-46.09245055599996,-21.99939638834396],[-46.09245055599995,-21.999376388343965]]]}},{"type":"Feature","properties":{"PROCESSO":"831259/2024","NUMERO":831259,"ANO":2024,"AREA_HA":129.74,"FASE":"AUTORIZAÇÃO DE PESQUISA","ULT_EVENTO":"264 - AUT PESQ/TAH - PAGAMENTO EFETUADO EM 22/01/2026","NOME":"BORBOREMA RECURSOS MINERAIS LTDA","SUBS":"TERRAS RARAS","USO":"Industrial","UF":"MG","DSProcesso":"831.259/2024","category":"direct_ree","category_label":"Terras Raras (REE)","lon":-46.08390956049996,"lat":-22.030075458593224},"geometry":{"type":"Polygon","coordinates":[[[-46.07569160199995,-22.033336388343134],[-46.075691611999964,-22.02584419334332],[-46.07985499999995,-22.02584420234333],[-46.07985499999995,-22.027840832343287],[-46.09483055599997,-22.0278408323433],[-46.09483055599998,-22.03322444334313],[-46.09483055599998,-22.033336388343134],[-46.07569160199995,-22.033336388343134]]]}},{"type":"Feature","properties":{"PROCESSO":"831260/2024","NUMERO":831260,"ANO":2024,"AREA_HA":181.47,"FASE":"AUTORIZAÇÃO DE PESQUISA","ULT_EVENTO":"264 - AUT PESQ/TAH - PAGAMENTO EFETUADO EM 22/01/2026","NOME":"BORBOREMA RECURSOS MINERAIS LTDA","SUBS":"TERRAS RARAS","USO":"Industrial","UF":"MG","DSProcesso":"831.260/2024","category":"direct_ree","category_label":"Terras Raras (REE)","lon":-46.14776578299996,"lat":-22.042860206342937},"geometry":{"type":"Polygon","coordinates":[[[-46.145834166999975,-22.034516137343132],[-46.151202499999954,-22.03451611034313],[-46.151202499999954,-22.043648610342927],[-46.151210555999974,-22.043648610342927],[-46.151210555999974,-22.043656388342917],[-46.153110555999945,-22.043656388342917],[-46.153110555999945,-22.051756388342696],[-46.13843694399998,-22.051756388342696],[-46.138436943999984,-22.044895555342897],[-46.14583416699998,-22.044895555342897],[-46.145834166999975,-22.034516137343132]]]}},{"type":"Feature","properties":{"PROCESSO":"831370/2024","NUMERO":831370,"ANO":2024,"AREA_HA":181.12,"FASE":"AUTORIZAÇÃO DE PESQUISA","ULT_EVENTO":"318 - AUT PESQ/RELATÓRIO PESQUISA NÃO APROVADO ART 30 II CM PUBL EM 11/09/2026","NOME":"CROSSROADS PESQUISA MINERAL LTDA","SUBS":"TERRAS RARAS","USO":"Industrial","UF":"MG","DSProcesso":"831.370/2024","category":"direct_ree","category_label":"Terras Raras (REE)","lon":-46.09325694399995,"lat":-22.048274332542803},"geometry":{"type":"Polygon","coordinates":[[[-46.08711194399996,-22.052399999342725],[-46.08711194399996,-22.04208583234292],[-46.102474443999945,-22.04208583234292],[-46.10247444399994,-22.052399999342725],[-46.08711194399996,-22.052399999342725]]]}},{"type":"Feature","properties":{"PROCESSO":"831372/2024","NUMERO":831372,"ANO":2024,"AREA_HA":458.62,"FASE":"AUTORIZAÇÃO DE PESQUISA","ULT_EVENTO":"193 - AUT PESQ/TRANSF DIREITOS-CESSÃO TOTAL NEGADA PUBL EM 22/05/2025","NOME":"CROSS SECTION CONSULTORIA E PARTICIPAÇÕES LTDA","SUBS":"TERRAS RARAS","USO":"Industrial","UF":"MG","DSProcesso":"831.372/2024","category":"direct_ree","category_label":"Terras Raras (REE)","lon":-46.08025450537497,"lat":-22.043878607592887},"geometry":{"type":"Polygon","coordinates":[[[-46.09483055599998,-22.03322444334313],[-46.09483333299994,-22.03322444334313],[-46.09483333299994,-22.039346388342995],[-46.08674972199998,-22.039346388342995],[-46.086749721999986,-22.05758472134256],[-46.06718999999998,-22.05758472134256],[-46.06718999999998,-22.050992221342707],[-46.06744101199996,-22.050992181342735],[-46.069680613999935,-22.050992178342714],[-46.069683390999955,-22.050992164342752],[-46.07192302499993,-22.050992174342753],[-46.07192301299994,-22.04344424034293],[-46.075691639999945,-22.043444235342935],[-46.07569161299995,-22.033336388343134],[-46.09483055599998,-22.033336388343134],[-46.09483055599998,-22.03322444334313]]]}},{"type":"Feature","properties":{"PROCESSO":"831393/2024","NUMERO":831393,"ANO":2024,"AREA_HA":1.34,"FASE":"AUTORIZAÇÃO DE PESQUISA","ULT_EVENTO":"264 - AUT PESQ/TAH - PAGAMENTO EFETUADO EM 25/01/2026","NOME":"AR AEROLEVANTAMENTO LTDA","SUBS":"TERRAS RARAS","USO":"Industrial","UF":"MG","DSProcesso":"831.393/2024","category":"direct_ree","category_label":"Terras Raras (REE)","lon":-46.27534287139994,"lat":-22.060396388642516},"geometry":{"type":"Polygon","coordinates":[[[-46.27296999999993,-22.06034999934253],[-46.27297263899993,-22.06034999934253],[-46.27297263899993,-22.060351147342498],[-46.27640672199993,-22.060351343342525],[-46.27797335699995,-22.060351400342498],[-46.27797335699995,-22.06034999934253],[-46.27810999999997,-22.06034999934253],[-46.27810999999997,-22.060579999342504],[-46.27296999999993,-22.06057999934252],[-46.27296999999993,-22.06034999934253]]]}},{"type":"Feature","properties":{"PROCESSO":"831411/2025","NUMERO":831411,"ANO":2025,"AREA_HA":993.63,"FASE":"AUTORIZAÇÃO DE PESQUISA","ULT_EVENTO":"240 - AUT PESQ/DEFESA PROTOC EM 06/05/2026","NOME":"GESTAO DE ATIVOS BRASIL ADMINISTRADORA DE BENS LTDA","SUBS":"TERRAS RARAS","USO":"Industrial","UF":"MG","DSProcesso":"831.411/2025","category":"direct_ree","category_label":"Terras Raras (REE)","lon":-46.383100504999966,"lat":-21.78147179237944},"geometry":{"type":"Polygon","coordinates":[[[-46.38405666699999,-21.785065277349027],[-46.38405666699999,-21.78821249934895],[-46.38586222199996,-21.788212499348944],[-46.385862221999965,-21.790324999348904],[-46.38681083299996,-21.790324999348904],[-46.38681083299997,-21.795937777348772],[-46.385657499999986,-21.795937777348772],[-46.38565749999998,-21.799113610348698],[-46.38031583299995,-21.79911361034869],[-46.38031583299994,-21.803504166348624],[-46.37767694399997,-21.803504166348628],[-46.37767694399997,-21.807258055348534],[-46.368792499999984,-21.807258055348534],[-46.368792499999984,-21.80916166634849],[-46.36789555599995,-21.809161666348476],[-46.36789555599995,-21.76205999934961],[-46.374889999999944,-21.76205999934961],[-46.37488999999994,-21.760029999349666],[-46.38326999999998,-21.760029999349666],[-46.38326999999998,-21.757949999349684],[-46.38327249999998,-21.757949999349684],[-46.383272499999975,-21.757974721349715],[-46.392589999999984,-21.757974721349715],[-46.39258999999999,-21.759339999349667],[-46.39678361099993,-21.759339999349667],[-46.39678361099993,-21.762163055349596],[-46.38786472199997,-21.762163055349603],[-46.38786472199996,-21.77955888834916],[-46.38752888899995,-21.77955888834916],[-46.38752888899995,-21.78409722134908],[-46.385862221999965,-21.78409722134908],[-46.38586222199996,-21.78506527734903],[-46.38405666699999,-21.785065277349027]]]}},{"type":"Feature","properties":{"PROCESSO":"831696/2024","NUMERO":831696,"ANO":2024,"AREA_HA":1.31,"FASE":"AUTORIZAÇÃO DE PESQUISA","ULT_EVENTO":"264 - AUT PESQ/TAH - PAGAMENTO EFETUADO EM 20/01/2026","NOME":"VIRIDIS MINERACAO LTDA","SUBS":"TERRAS RARAS","USO":"Industrial","UF":"MG","DSProcesso":"831.696/2024","category":"direct_ree","category_label":"Terras Raras (REE)","lon":-46.47530986222219,"lat":-21.949181354900695},"geometry":{"type":"Polygon","coordinates":[[[-46.47519455999998,-21.94622999934522],[-46.47536630999997,-21.946229999345217],[-46.47536631999998,-21.949549160345118],[-46.47536999999995,-21.949549160345107],[-46.47536999999994,-21.949551938345124],[-46.47536631999998,-21.949551938345124],[-46.47536632999999,-21.95286999934506],[-46.47519435999993,-21.952869999345076],[-46.47519455999998,-21.94622999934522]]]}},{"type":"Feature","properties":{"PROCESSO":"831856/1993","NUMERO":831856,"ANO":1993,"AREA_HA":184.87,"FASE":"REQUERIMENTO DE LAVRA","ULT_EVENTO":"336 - REQ LAV/DOCUMENTO DIVERSO PROTOC EM 16/06/2026","NOME":"MINERACAO CALDENSE LTDA","SUBS":"TINGUAÍTO","USO":"Brita","UF":"MG","DSProcesso":"831.856/1993","category":"carbonatite_associated","category_label":"Tinguaito (alkaline complex)","lon":-46.4281170009444,"lat":-21.843134129180996},"geometry":{"type":"Polygon","coordinates":[[[-46.42646490699997,-21.83487291434786],[-46.42957544599995,-21.834872812347857],[-46.433990896999944,-21.83487289334785],[-46.433990902999945,-21.836914014347784],[-46.435825085999966,-21.836913951347828],[-46.43582509099997,-21.838795407347764],[-46.43399090899993,-21.838795412347764],[-46.43399094699999,-21.850886991347494],[-46.42568225799994,-21.850886326347478],[-46.42568217999997,-21.851510828347447],[-46.423561028999984,-21.851510848347477],[-46.42203444299997,-21.85151078334747],[-46.42203419599997,-21.85020097734751],[-46.42203189799994,-21.85020097734751],[-46.42203193399996,-21.842932131347652],[-46.42646395899993,-21.842932022347654],[-46.42646502699995,-21.842932119347658],[-46.42646490699997,-21.83487291434786]]]}},{"type":"Feature","properties":{"PROCESSO":"831866/1999","NUMERO":831866,"ANO":1999,"AREA_HA":17.35,"FASE":"LICENCIAMENTO","ULT_EVENTO":"760 - LICEN/RAL ANO BASE APRESENTADO EM 13/03/2026","NOME":"MINERACAO CALDENSE LTDA","SUBS":"TINGUAÍTO","USO":"Brita","UF":"MG","DSProcesso":"831.866/1999","category":"carbonatite_associated","category_label":"Tinguaito (alkaline complex)","lon":-46.48786268575507,"lat":-21.85475453161269},"geometry":{"type":"Polygon","coordinates":[[[-46.490445138999966,-21.85135921934746],[-46.49044513999996,-21.85158499734747],[-46.49030002899997,-21.851584998347462],[-46.49030002999996,-21.851946243347474],[-46.49010654699998,-21.851946244347463],[-46.49010654699999,-21.85230748934742],[-46.489864694999945,-21.852307488347442],[-46.48986469499994,-21.85280420134744],[-46.48967121099997,-21.852804200347446],[-46.489671210999965,-21.8532106013474],[-46.48947772699995,-21.8532106013474],[-46.48947772499997,-21.85361700134742],[-46.48918749899997,-21.853617000347434],[-46.48918749699993,-21.853978245347395],[-46.488897270999985,-21.8539782443474],[-46.48889726799997,-21.854339488347424],[-46.48860703999998,-21.85433948634738],[-46.48860703599996,-21.854700731347407],[-46.48831680799998,-21.85470072934736],[-46.488316803999965,-21.855061973347397],[-46.488026574999935,-21.85506197034736],[-46.48802656999993,-21.85542321534738],[-46.48773633899999,-21.85542321234735],[-46.487736333999976,-21.85578445634738],[-46.48744610299997,-21.85578445234737],[-46.48744609699997,-21.85614569734738],[-46.48720423799994,-21.856145694347358],[-46.48720423199996,-21.85641662734736],[-46.486914000999946,-21.85641662234737],[-46.48691399299997,-21.856777866347336],[-46.48662375999993,-21.856777861347325],[-46.48662375099996,-21.85713910634734],[-46.486333517999974,-21.857139100347347],[-46.48633350899996,-21.85750034434732],[-46.486043274999986,-21.857500338347325],[-46.48604326499998,-21.857861583347336],[-46.48568530899996,-21.85786157434731],[-46.485685295999986,-21.858304099347293],[-46.48394388199994,-21.8583040453473],[-46.48394395299994,-21.85663328734734],[-46.48500813699997,-21.856633322347378],[-46.48500816599995,-21.85582052134735],[-46.48549188299995,-21.855820535347355],[-46.48549191099994,-21.854917422347384],[-46.48694305499999,-21.854917456347366],[-46.48694311399999,-21.852171993347447],[-46.48913913699993,-21.852172020347442],[-46.48913914099995,-21.85135921834747],[-46.490445138999966,-21.85135921934746]]]}},{"type":"Feature","properties":{"PROCESSO":"832149/2022","NUMERO":832149,"ANO":2022,"AREA_HA":12.1,"FASE":"AUTORIZAÇÃO DE PESQUISA","ULT_EVENTO":"249 - AUT PESQ/TRANSF DIREITOS-CESSÃO TOTAL PROTOC EM 30/09/2026","NOME":"GREEN MINING COMPANY LTDA","SUBS":"ILMENITA","USO":"Industrial","UF":"MG","DSProcesso":"832.149/2022","category":"heavy_mineral_associated","category_label":"Ilmenita (heavy mineral sand, REE assoc.)","lon":-46.662764738166636,"lat":-21.861208146847247},"geometry":{"type":"Polygon","coordinates":[[[-46.66091382399998,-21.860115933347274],[-46.66091388899997,-21.860109721347253],[-46.66575111099996,-21.860109166347264],[-46.66575111099996,-21.85830666634731],[-46.66590777799996,-21.85830666634731],[-46.665908332999955,-21.86208083234719],[-46.66126444399998,-21.86208111034721],[-46.66126444399998,-21.86331388834722],[-46.661837221999974,-21.86331388834722],[-46.66183722199998,-21.86332194334718],[-46.660913655999934,-21.86332201234719],[-46.66091382399998,-21.860115933347274]]]}},{"type":"Feature","properties":{"PROCESSO":"832150/2022","NUMERO":832150,"ANO":2022,"AREA_HA":61.12,"FASE":"AUTORIZAÇÃO DE PESQUISA","ULT_EVENTO":"249 - AUT PESQ/TRANSF DIREITOS-CESSÃO TOTAL PROTOC EM 30/09/2026","NOME":"GREEN MINING COMPANY LTDA","SUBS":"ILMENITA","USO":"Industrial","UF":"MG","DSProcesso":"832.150/2022","category":"heavy_mineral_associated","category_label":"Ilmenita (heavy mineral sand, REE assoc.)","lon":-46.55765713026664,"lat":-21.90884721481276},"geometry":{"type":"Polygon","coordinates":[[[-46.55750291999993,-21.905731666346163],[-46.55750335899995,-21.902935591346235],[-46.557755277999945,-21.90293560834623],[-46.557755277999945,-21.905855277346152],[-46.557758337999985,-21.905855277346152],[-46.557758337999985,-21.905856790346174],[-46.56274888899998,-21.905857351346157],[-46.56274888899998,-21.913260277345977],[-46.555664166999975,-21.913260277345977],[-46.555664166999975,-21.921659721345804],[-46.555663332999984,-21.921659443345792],[-46.55566371799995,-21.910639008346067],[-46.555664296999964,-21.9057350433462],[-46.557503062999956,-21.90573522234618],[-46.55750291999993,-21.905731666346163]]]}},{"type":"Feature","properties":{"PROCESSO":"832174/2023","NUMERO":832174,"ANO":2023,"AREA_HA":27.6,"FASE":"AUTORIZAÇÃO DE PESQUISA","ULT_EVENTO":"265 - AUT PESQ/PRORROGAÇÃO PRAZO ALVARÁ-SOLICITAÇÃO PROTOC EM 14/09/2026","NOME":"ENOVA BRASIL LTDA","SUBS":"TERRAS RARAS","USO":"Industrial","UF":"MG","DSProcesso":"832.174/2023","category":"direct_ree","category_label":"Terras Raras (REE)","lon":-46.43169449725803,"lat":-21.94066087640987},"geometry":{"type":"Polygon","coordinates":[[[-46.42943794699993,-21.93551182634548],[-46.42859681799996,-21.93545213734548],[-46.430868284999974,-21.935452829345493],[-46.43086655999997,-21.940510206345333],[-46.43086999999997,-21.94051010334534],[-46.43357697799996,-21.940510988345356],[-46.43357653599997,-21.941883705345308],[-46.43370633099995,-21.941944432345302],[-46.43404944399998,-21.94194450934529],[-46.43404944399998,-21.9419485023453],[-46.43383218099996,-21.94194851534533],[-46.43383213299995,-21.94227935634531],[-46.432551401999945,-21.942279356345324],[-46.43229881399997,-21.941409030345348],[-46.43041354999997,-21.94181993234534],[-46.43091950799993,-21.943563368345266],[-46.43280479499998,-21.94315246034528],[-46.432552207999954,-21.942282134345323],[-46.43383213299995,-21.94228213434533],[-46.43383208199999,-21.942632959345318],[-46.43404944399998,-21.942734840345285],[-46.434049443999974,-21.942739597345287],[-46.43308539099996,-21.942288130345297],[-46.43286253099996,-21.94533799934522],[-46.429922311999974,-21.945338008345242],[-46.42992235199995,-21.93928721834536],[-46.42779275399994,-21.93928719234535],[-46.42779282799995,-21.935884688345492],[-46.42798162099996,-21.936036466345456],[-46.42916564199993,-21.936722713345418],[-46.42943794699993,-21.93551182634548]]]}},{"type":"Feature","properties":{"PROCESSO":"832175/2023","NUMERO":832175,"ANO":2023,"AREA_HA":37.22,"FASE":"AUTORIZAÇÃO DE PESQUISA","ULT_EVENTO":"236 - AUT PESQ/DOCUMENTO DIVERSO PROTOC EM 21/08/2026","NOME":"ENOVA BRASIL LTDA","SUBS":"TERRAS RARAS","USO":"Industrial","UF":"MG","DSProcesso":"832.175/2023","category":"direct_ree","category_label":"Terras Raras (REE)","lon":-46.416441348285666,"lat":-21.945753832488087},"geometry":{"type":"Polygon","coordinates":[[[-46.41520297499995,-21.948307648345164],[-46.41520332199997,-21.94514679034523],[-46.414309999999944,-21.945146678345235],[-46.414309999999944,-21.942529999345325],[-46.42042999999995,-21.942529999345332],[-46.42043016599996,-21.94830806334516],[-46.41520297499995,-21.948307648345164]]]}},{"type":"Feature","properties":{"PROCESSO":"832177/2023","NUMERO":832177,"ANO":2023,"AREA_HA":36.34,"FASE":"AUTORIZAÇÃO DE PESQUISA","ULT_EVENTO":"265 - AUT PESQ/PRORROGAÇÃO PRAZO ALVARÁ-SOLICITAÇÃO PROTOC EM 10/09/2026","NOME":"ENOVA BRASIL LTDA","SUBS":"TERRAS RARAS","USO":"Industrial","UF":"MG","DSProcesso":"832.177/2023","category":"direct_ree","category_label":"Terras Raras (REE)","lon":-46.40834373880948,"lat":-21.996401917344027},"geometry":{"type":"Polygon","coordinates":[[[-46.40178938099996,-21.99033288734417],[-46.403828171999976,-21.990332882344166],[-46.403828261999934,-21.989804721344203],[-46.40415444399997,-21.989804721344203],[-46.40415444399997,-21.993147221344103],[-46.41162194399993,-21.993147221344103],[-46.41162194399993,-21.99883749934398],[-46.41329555599999,-21.99883749934398],[-46.41329555599998,-21.999297542343957],[-46.412980681999954,-21.99929748934394],[-46.41298022299998,-22.00158305534391],[-46.412978467999956,-22.00158305534391],[-46.41297814399996,-22.000730105343898],[-46.40462666699995,-22.00073149434393],[-46.404626666999945,-22.000278037343957],[-46.41225026799998,-22.000277170343914],[-46.412249975999934,-21.999229578343975],[-46.40918981699998,-21.99923029134394],[-46.40918842599996,-21.99381170934405],[-46.40179009299993,-21.993813194344096],[-46.40178938099996,-21.99033288734417]]]}},{"type":"Feature","properties":{"PROCESSO":"832179/2023","NUMERO":832179,"ANO":2023,"AREA_HA":21.49,"FASE":"AUTORIZAÇÃO DE PESQUISA","ULT_EVENTO":"265 - AUT PESQ/PRORROGAÇÃO PRAZO ALVARÁ-SOLICITAÇÃO PROTOC EM 15/09/2026","NOME":"ENOVA BRASIL LTDA","SUBS":"TERRAS RARAS","USO":"Industrial","UF":"MG","DSProcesso":"832.179/2023","category":"direct_ree","category_label":"Terras Raras (REE)","lon":-46.52890395733329,"lat":-21.984991355622064},"geometry":{"type":"Polygon","coordinates":[[[-46.526604265999936,-21.982964089344314],[-46.527367993999974,-21.982964103344347],[-46.52736793599997,-21.983540895344333],[-46.533296388999986,-21.98354127234433],[-46.533296388999986,-21.98354407234434],[-46.53299438899995,-21.983544075344312],[-46.53299439799997,-21.986299999344283],[-46.532993026999975,-21.986299999344286],[-46.532993026999975,-21.986292610344265],[-46.532188850999944,-21.986299999344283],[-46.52543999999994,-21.986299999344286],[-46.525439999999946,-21.986296493344234],[-46.52544220599998,-21.98629649334424],[-46.52544222599994,-21.98567472134427],[-46.526600832999975,-21.98567472134426],[-46.526600832999975,-21.985673383344263],[-46.52660420199993,-21.985673383344263],[-46.526604265999936,-21.982964089344314]]]}},{"type":"Feature","properties":{"PROCESSO":"832212/1997","NUMERO":832212,"ANO":1997,"AREA_HA":33.46,"FASE":"CONCESSÃO DE LAVRA","ULT_EVENTO":"460 - CONC LAV/MULTA APLICADA PUBL EM 30/05/2025","NOME":"PORTO HORIZONTE LTDA","SUBS":"TINGUAÍTO","USO":"Demais substâncias","UF":"MG","DSProcesso":"832.212/1997","category":"carbonatite_associated","category_label":"Tinguaito (alkaline complex)","lon":-46.57987229466662,"lat":-22.042345506454055},"geometry":{"type":"Polygon","coordinates":[[[-46.57524410199994,-22.04452107534289],[-46.57524408699993,-22.040005616343002],[-46.58493090999997,-22.040005303343015],[-46.58493097899998,-22.040980643342962],[-46.582267084999955,-22.040980785343],[-46.58226717899999,-22.042786969342917],[-46.57936107599994,-22.042787076342936],[-46.579361131999974,-22.044521013342866],[-46.57524410199994,-22.04452107534289]]]}},{"type":"Feature","properties":{"PROCESSO":"832339/2024","NUMERO":832339,"ANO":2024,"AREA_HA":1.86,"FASE":"AUTORIZAÇÃO DE PESQUISA","ULT_EVENTO":"264 - AUT PESQ/TAH - PAGAMENTO EFETUADO EM 15/01/2026","NOME":"METEORIC CALDEIRA MINERACAO LTDA.","SUBS":"TERRAS RARAS","USO":"Industrial","UF":"MG","DSProcesso":"832.339/2024","category":"direct_ree","category_label":"Terras Raras (REE)","lon":-46.614109954888846,"lat":-21.958716977122698},"geometry":{"type":"Polygon","coordinates":[[[-46.613429999999944,-21.957239999344957],[-46.61558999999994,-21.957239999344957],[-46.61558999999994,-21.957449999344938],[-46.61374999999999,-21.957449999344927],[-46.61374999999998,-21.96020999934489],[-46.61400986099994,-21.96020999934489],[-46.61400986099995,-21.960706385344885],[-46.613429871999976,-21.960706413344877],[-46.613429999999944,-21.957239999344957]]]}},{"type":"Feature","properties":{"PROCESSO":"832340/2024","NUMERO":832340,"ANO":2024,"AREA_HA":1.96,"FASE":"AUTORIZAÇÃO DE PESQUISA","ULT_EVENTO":"264 - AUT PESQ/TAH - PAGAMENTO EFETUADO EM 15/01/2026","NOME":"METEORIC CALDEIRA MINERACAO LTDA.","SUBS":"TERRAS RARAS","USO":"Industrial","UF":"MG","DSProcesso":"832.340/2024","category":"direct_ree","category_label":"Terras Raras (REE)","lon":-46.572930226333305,"lat":-21.953499977011706},"geometry":{"type":"Polygon","coordinates":[[[-46.57159254599998,-21.953819999345033],[-46.57159256799998,-21.953179999345064],[-46.574264969999945,-21.95317993234504],[-46.574269362999985,-21.95317993234504],[-46.574269364999964,-21.953819999345033],[-46.57159254599998,-21.953819999345033]]]}},{"type":"Feature","properties":{"PROCESSO":"832341/2024","NUMERO":832341,"ANO":2024,"AREA_HA":3.51,"FASE":"AUTORIZAÇÃO DE PESQUISA","ULT_EVENTO":"264 - AUT PESQ/TAH - PAGAMENTO EFETUADO EM 15/01/2026","NOME":"METEORIC CALDEIRA MINERACAO LTDA.","SUBS":"TERRAS RARAS","USO":"Industrial","UF":"MG","DSProcesso":"832.341/2024","category":"direct_ree","category_label":"Terras Raras (REE)","lon":-46.574311531571404,"lat":-21.958938757630627},"geometry":{"type":"Polygon","coordinates":[[[-46.57256032499998,-21.959509999344917],[-46.57256037599996,-21.958509999344898],[-46.575622469999985,-21.958509999344898],[-46.575622469999985,-21.95851065334492],[-46.57562737599994,-21.95851065334492],[-46.57562737899997,-21.959509999344906],[-46.57256032499998,-21.959509999344917]]]}},{"type":"Feature","properties":{"PROCESSO":"832342/2024","NUMERO":832342,"ANO":2024,"AREA_HA":3.84,"FASE":"AUTORIZAÇÃO DE PESQUISA","ULT_EVENTO":"264 - AUT PESQ/TAH - PAGAMENTO EFETUADO EM 15/01/2026","NOME":"METEORIC CALDEIRA MINERACAO LTDA.","SUBS":"TERRAS RARAS","USO":"Industrial","UF":"MG","DSProcesso":"832.342/2024","category":"direct_ree","category_label":"Terras Raras (REE)","lon":-46.54256801379994,"lat":-21.938567341745376},"geometry":{"type":"Polygon","coordinates":[[[-46.54230240399994,-21.94058999934532],[-46.54230238799994,-21.93553335634545],[-46.542966777999936,-21.93553335434547],[-46.54296609499994,-21.94058999934532],[-46.54230240399994,-21.94058999934532]]]}},{"type":"Feature","properties":{"PROCESSO":"832343/2024","NUMERO":832343,"ANO":2024,"AREA_HA":2.55,"FASE":"AUTORIZAÇÃO DE PESQUISA","ULT_EVENTO":"264 - AUT PESQ/TAH - PAGAMENTO EFETUADO EM 15/01/2026","NOME":"METEORIC CALDEIRA MINERACAO LTDA.","SUBS":"TERRAS RARAS","USO":"Industrial","UF":"MG","DSProcesso":"832.343/2024","category":"direct_ree","category_label":"Terras Raras (REE)","lon":-46.55271039987496,"lat":-21.922086030845804},"geometry":{"type":"Polygon","coordinates":[[[-46.55258309499993,-21.924789321345756],[-46.55258220199994,-21.92047065534584],[-46.552579999999985,-21.92047065534584],[-46.55257999999998,-21.920469999345833],[-46.552579999999985,-21.92045441634584],[-46.553097698999984,-21.920454486345843],[-46.553097107999974,-21.924789391345747],[-46.55258309499993,-21.924789321345756]]]}},{"type":"Feature","properties":{"PROCESSO":"832344/2024","NUMERO":832344,"ANO":2024,"AREA_HA":3.79,"FASE":"REQUERIMENTO DE PESQUISA","ULT_EVENTO":"135 - REQ PESQ/CUMPRIMENTO EXIGÊNCIA PROTOC EM 28/02/2025","NOME":"METEORIC CALDEIRA MINERACAO LTDA.","SUBS":"TERRAS RARAS","USO":"Industrial","UF":"MG","DSProcesso":"832.344/2024","category":"direct_ree","category_label":"Terras Raras (REE)","lon":-46.58578581449995,"lat":-21.92682683063139},"geometry":{"type":"Polygon","coordinates":[[[-46.58576223599994,-21.925138681345715],[-46.58110999999997,-21.925138627345717],[-46.58110999999997,-21.924689999345713],[-46.58654981899997,-21.924689999345713],[-46.58654981999996,-21.925095385345717],[-46.58654999999993,-21.925099999345683],[-46.587009999999964,-21.925099999345683],[-46.587009999999964,-21.931137812345582],[-46.58700812999995,-21.931137812345582],[-46.587008131999944,-21.931285017345598],[-46.58690442999995,-21.93128501834559],[-46.586904362999974,-21.925319294345712],[-46.58576223699998,-21.92531930134569],[-46.58576223599994,-21.925138681345715]]]}},{"type":"Feature","properties":{"PROCESSO":"832346/2024","NUMERO":832346,"ANO":2024,"AREA_HA":3.68,"FASE":"AUTORIZAÇÃO DE PESQUISA","ULT_EVENTO":"264 - AUT PESQ/TAH - PAGAMENTO EFETUADO EM 15/01/2026","NOME":"METEORIC CALDEIRA MINERACAO LTDA.","SUBS":"TERRAS RARAS","USO":"Industrial","UF":"MG","DSProcesso":"832.346/2024","category":"direct_ree","category_label":"Terras Raras (REE)","lon":-46.555320446333276,"lat":-21.88103051034675},"geometry":{"type":"Polygon","coordinates":[[[-46.555346492999945,-21.884071521346673],[-46.55513208199994,-21.88382040434668],[-46.555132053999955,-21.874899999346916],[-46.55548277799994,-21.874899999346916],[-46.555482777999934,-21.88441961634667],[-46.555346492999945,-21.884071521346673]]]}},{"type":"Feature","properties":{"PROCESSO":"832349/2023","NUMERO":832349,"ANO":2023,"AREA_HA":1735.23,"FASE":"AUTORIZAÇÃO DE PESQUISA","ULT_EVENTO":"265 - AUT PESQ/PRORROGAÇÃO PRAZO ALVARÁ-SOLICITAÇÃO PROTOC EM 03/08/2026","NOME":"IRMAOS MARTINS SERVICOS E COMERCIO LTDA","SUBS":"TERRAS RARAS","USO":"Industrial","UF":"MG","DSProcesso":"832.349/2023","category":"direct_ree","category_label":"Terras Raras (REE)","lon":-46.354136125789424,"lat":-21.90244093503047},"geometry":{"type":"Polygon","coordinates":[[[-46.34287805599996,-21.881559999346774],[-46.36125416699998,-21.88155999934678],[-46.36125416699997,-21.8826469433467],[-46.37106749999998,-21.8826469433467],[-46.37106749999998,-21.895723888346406],[-46.372306666999975,-21.895723888346406],[-46.37230666699998,-21.898566943346378],[-46.35729972199994,-21.898566943346378],[-46.35729972199994,-21.906090555346196],[-46.36940194399995,-21.906090555346196],[-46.36940194399994,-21.926626388345703],[-46.367885832999946,-21.926626388345703],[-46.367885832999946,-21.927559721345656],[-46.32551972199997,-21.927559721345663],[-46.32551972199997,-21.90724777734612],[-46.32524055599998,-21.90724777734613],[-46.32524055599998,-21.906386666346133],[-46.342878055999954,-21.90638666634615],[-46.34287805599996,-21.881559999346774]]]}},{"type":"Feature","properties":{"PROCESSO":"832350/2023","NUMERO":832350,"ANO":2023,"AREA_HA":72.74,"FASE":"AUTORIZAÇÃO DE PESQUISA","ULT_EVENTO":"265 - AUT PESQ/PRORROGAÇÃO PRAZO ALVARÁ-SOLICITAÇÃO PROTOC EM 22/09/2026","NOME":"VIRIDIS MINERACAO LTDA","SUBS":"TERRAS RARAS","USO":"Industrial","UF":"MG","DSProcesso":"832.350/2023","category":"direct_ree","category_label":"Terras Raras (REE)","lon":-46.50958764274995,"lat":-21.955679980081094},"geometry":{"type":"Polygon","coordinates":[[[-46.49212694399995,-21.952094999345046],[-46.51203222199997,-21.952094999345046],[-46.51203222199997,-21.95209638834508],[-46.51203222199996,-21.952178610345086],[-46.51191138899998,-21.952178610345086],[-46.51191138899997,-21.952260555345067],[-46.51178805599994,-21.952260555345067],[-46.51178805599994,-21.952337777345072],[-46.51169694399994,-21.95233777734508],[-46.51169694399994,-21.952444721345046],[-46.51162777799994,-21.952444721345046],[-46.511627777999934,-21.952622499345072],[-46.51153666699997,-21.952622499345072],[-46.51153666699997,-21.95285888834507],[-46.51145083299997,-21.952858888345077],[-46.51145083299997,-21.95309027734503],[-46.51135694399994,-21.95309027734503],[-46.51135694399994,-21.953319166345054],[-46.51125777799996,-21.953319166345054],[-46.51125777799996,-21.953590277345057],[-46.511139721999946,-21.953590277345057],[-46.51113972199994,-21.95391027734505],[-46.511040555999955,-21.95391027734505],[-46.511040555999955,-21.953888888345006],[-46.51094916699998,-21.953888888345002],[-46.510949166999985,-21.954405277345025],[-46.51087416699994,-21.954405277345035],[-46.51087416699994,-21.95461916634504],[-46.51080166699996,-21.95461916634504],[-46.51080166699995,-21.95480333234503],[-46.51074555599997,-21.95480333234503],[-46.51074555599997,-21.95495499934498],[-46.51068638899994,-21.95495499934498],[-46.51068638899994,-21.95511777734498],[-46.510629999999935,-21.95511777734498],[-46.510629999999935,-21.955269443344992],[-46.51058999999998,-21.955269443344992],[-46.51058999999998,-21.955381388345003],[-46.51053083299996,-21.955381388345003],[-46.51053083299997,-21.955523332345013],[-46.51047722199996,-21.955523332345013],[-46.51047722199996,-21.95566499934499],[-46.510420832999955,-21.955664999344986],[-46.510420832999955,-21.955811943344987],[-46.51035638899998,-21.955811943344987],[-46.51035638899999,-21.955988332344972],[-46.510318888999954,-21.955988332344962],[-46.510318888999954,-21.961069721344842],[-46.51045833299998,-21.961069721344842],[-46.51045833299998,-21.961024999344854],[-46.51060583299994,-21.961024999344854],[-46.51060583299995,-21.960967777344855],[-46.51076944399995,-21.960967777344855],[-46.51076944399995,-21.960908055344852],[-46.51093583299996,-21.960908055344852],[-46.51093583299997,-21.96084833234486],[-46.51109416699995,-21.96084833234486],[-46.51109416699995,-21.96078361034487],[-46.51127388899994,-21.96078361034487],[-46.51127388899994,-21.96071638834489],[-46.51148249999994,-21.960716388344895],[-46.511482499999936,-21.962220832344833],[-46.50747277799996,-21.962220832344833],[-46.507472777999965,-21.957611666344963],[-46.50687388899996,-21.957611666344963],[-46.50687388899996,-21.956575555344973],[-46.50478305599995,-21.956575555344973],[-46.504783055999944,-21.954428888344992],[-46.50097888899995,-21.954428888345003],[-46.50097888899995,-21.953090832345072],[-46.49212694399994,-21.953090832345083],[-46.49212694399995,-21.952094999345046]]]}},{"type":"Feature","properties":{"PROCESSO":"832351/2023","NUMERO":832351,"ANO":2023,"AREA_HA":75.61,"FASE":"AUTORIZAÇÃO DE PESQUISA","ULT_EVENTO":"265 - AUT PESQ/PRORROGAÇÃO PRAZO ALVARÁ-SOLICITAÇÃO PROTOC EM 22/09/2026","NOME":"VIRIDIS MINERACAO LTDA","SUBS":"TERRAS RARAS","USO":"Industrial","UF":"MG","DSProcesso":"832.351/2023","category":"direct_ree","category_label":"Terras Raras (REE)","lon":-46.490837792277745,"lat":-21.969347402400217},"geometry":{"type":"Polygon","coordinates":[[[-46.49211999999995,-21.96222999934486],[-46.497139999999945,-21.96222999934486],[-46.497139999999945,-21.972145875344605],[-46.49461543999996,-21.972145882344584],[-46.49461543999996,-21.972149999344587],[-46.49461361099998,-21.972149999344587],[-46.494613610999984,-21.974874166344517],[-46.49123236499997,-21.974874166344517],[-46.49123234499996,-21.968328929344665],[-46.48650174899996,-21.968328942344694],[-46.48650174899996,-21.968329999344707],[-46.48649999999998,-21.968329999344718],[-46.48649999999998,-21.971245288344633],[-46.48597738999996,-21.971249999344607],[-46.48578478999997,-21.971249999344607],[-46.485751770999975,-21.96807999934467],[-46.49211999999994,-21.968079999344663],[-46.49211999999995,-21.96222999934486]]]}},{"type":"Feature","properties":{"PROCESSO":"832359/2023","NUMERO":832359,"ANO":2023,"AREA_HA":16.07,"FASE":"AUTORIZAÇÃO DE PESQUISA","ULT_EVENTO":"282 - AUT PESQ/TRANSF DIREITOS-CESSÃO TOTAL EFETIVADA EM 04/08/2026","NOME":"VIRIDIS MINERACAO LTDA","SUBS":"TERRAS RARAS","USO":"Industrial","UF":"MG","DSProcesso":"832.359/2023","category":"direct_ree","category_label":"Terras Raras (REE)","lon":-46.54641742424237,"lat":-21.98730439328364},"geometry":{"type":"Polygon","coordinates":[[[-46.54545222199994,-21.980929999344383],[-46.545452221999945,-21.981112221344414],[-46.54593555599996,-21.981112221344414],[-46.54593555599996,-21.981744166344342],[-46.54641888899994,-21.98174416634435],[-46.54641888899994,-21.98327999934436],[-46.54680666699994,-21.98327999934436],[-46.54680666699994,-21.984633888344298],[-46.54729138899995,-21.984633888344305],[-46.54729138899996,-21.98616916634427],[-46.54777499999994,-21.98616916634427],[-46.547774999999945,-21.989145832344196],[-46.547580832999984,-21.989145832344196],[-46.547580832999984,-21.990951666344127],[-46.547289999999975,-21.990951666344127],[-46.54728999999997,-21.991853888344153],[-46.54690222199997,-21.991853888344142],[-46.54690222199997,-21.99275694334411],[-46.54641916699996,-21.992756943344098],[-46.546419166999954,-21.993210277344087],[-46.54622527799995,-21.993210277344087],[-46.54622527799995,-21.993480832344115],[-46.54575472199997,-21.993480832344115],[-46.54575472199997,-21.99230388834414],[-46.54576944399997,-21.992303888344146],[-46.54576944399998,-21.990500555344177],[-46.546737499999956,-21.990500555344177],[-46.546737499999956,-21.98624833234425],[-46.545576110999946,-21.98624833234425],[-46.545576110999946,-21.981735832344377],[-46.54522638899994,-21.981735832344377],[-46.54522638899994,-21.980929999344383],[-46.54545222199994,-21.980929999344383]]]}},{"type":"Feature","properties":{"PROCESSO":"832360/2023","NUMERO":832360,"ANO":2023,"AREA_HA":12.21,"FASE":"AUTORIZAÇÃO DE PESQUISA","ULT_EVENTO":"282 - AUT PESQ/TRANSF DIREITOS-CESSÃO TOTAL EFETIVADA EM 04/08/2026","NOME":"VIRIDIS MINERACAO LTDA","SUBS":"TERRAS RARAS","USO":"Industrial","UF":"MG","DSProcesso":"832.360/2023","category":"direct_ree","category_label":"Terras Raras (REE)","lon":-46.45309813735292,"lat":-21.862173920935454},"geometry":{"type":"Polygon","coordinates":[[[-46.44967666699995,-21.864456110347174],[-46.45438805599997,-21.864456110347174],[-46.45438805599998,-21.865355555347126],[-46.45482972199994,-21.865355555347126],[-46.45482972199994,-21.859480277347295],[-46.453909443999976,-21.859480277347295],[-46.453909443999976,-21.857674721347315],[-46.45334305599994,-21.857674721347315],[-46.45334305599994,-21.857627221347325],[-46.45418249999995,-21.857627221347325],[-46.454182499999945,-21.859433610347246],[-46.45484583299998,-21.859433610347246],[-46.45484583299998,-21.86710499934712],[-46.45132055599999,-21.86710499934712],[-46.45132055599999,-21.86511777734714],[-46.44967666699995,-21.86511777734714],[-46.44967666699995,-21.864456110347174]]]}},{"type":"Feature","properties":{"PROCESSO":"832364/2023","NUMERO":832364,"ANO":2023,"AREA_HA":7.7,"FASE":"AUTORIZAÇÃO DE PESQUISA","ULT_EVENTO":"209 - AUT PESQ/INÍCIO DE PESQUISA COMUNICADO PROTOC EM 06/10/2026","NOME":"VIRIDIS MINERACAO LTDA","SUBS":"TERRAS RARAS","USO":"Industrial","UF":"MG","DSProcesso":"832.364/2023","category":"direct_ree","category_label":"Terras Raras (REE)","lon":-46.61451247392937,"lat":-21.90999005811077},"geometry":{"type":"Polygon","coordinates":[[[-46.61689305599998,-21.910198332346095],[-46.61689305599998,-21.910967777346023],[-46.60985527799995,-21.910967777346023],[-46.60985527799995,-21.911076388346054],[-46.60962888899997,-21.911076388346054],[-46.609628888999964,-21.909144721346088],[-46.610008332999946,-21.909144721346088],[-46.610008332999946,-21.909198055346128],[-46.609985277999954,-21.909198055346128],[-46.609985277999954,-21.909311943346108],[-46.60994138899997,-21.909311943346108],[-46.60994138899998,-21.909541943346092],[-46.60992027799995,-21.909541943346092],[-46.60992027799995,-21.909640277346057],[-46.60989777799995,-21.909640277346057],[-46.60989777799995,-21.909751666346086],[-46.60987805599996,-21.909751666346096],[-46.60987805599996,-21.90985083234608],[-46.60985638899996,-21.90985083234608],[-46.60985638899996,-21.909949166346102],[-46.60984222199993,-21.909949166346102],[-46.60984222199994,-21.910022221346075],[-46.60982972199997,-21.910022221346075],[-46.60982972199998,-21.910087499346105],[-46.61525888899996,-21.910087499346105],[-46.61525888899996,-21.910063610346057],[-46.615365277999956,-21.910063610346057],[-46.615365277999956,-21.910046110346038],[-46.61547444399997,-21.910046110346038],[-46.61547444399997,-21.910026943346093],[-46.61557666699997,-21.910026943346093],[-46.61557666699997,-21.91000888834611],[-46.615673888999936,-21.9100088883461],[-46.615673888999936,-21.909992499346053],[-46.61574722199998,-21.909992499346053],[-46.615747221999975,-21.90997999934609],[-46.61581777799995,-21.90997999934609],[-46.61581777799995,-21.90996805534609],[-46.61588749999999,-21.90996805534609],[-46.615887499999985,-21.909956110346055],[-46.61595972199996,-21.909956110346055],[-46.61595972199996,-21.9099438883461],[-46.61603472199993,-21.9099438883461],[-46.61603472199994,-21.9099308323461],[-46.61608694399996,-21.9099308323461],[-46.61608694399996,-21.909922221346093],[-46.616126943999966,-21.909922221346093],[-46.61612694399997,-21.9099361103461],[-46.61614861099997,-21.909936110346106],[-46.61614861099997,-21.90995305534607],[-46.61617416699995,-21.90995305534607],[-46.61617416699994,-21.909968888346086],[-46.616198888999975,-21.909968888346096],[-46.61619888899998,-21.90998694334609],[-46.616226110999946,-21.90998694334609],[-46.616226110999946,-21.910004443346107],[-46.61625305599995,-21.910004443346107],[-46.61625305599994,-21.910020832346106],[-46.61627888899994,-21.9100208323461],[-46.61627888899994,-21.910034999346056],[-46.61630055599994,-21.910034999346056],[-46.616300555999935,-21.910046110346045],[-46.616317221999964,-21.910046110346045],[-46.616317221999964,-21.910055277346085],[-46.61633138899998,-21.910055277346075],[-46.61633138899999,-21.910063610346057],[-46.61634472199995,-21.910063610346057],[-46.61634472199995,-21.9100719433461],[-46.61635805599997,-21.9100719433461],[-46.61635805599997,-21.910079999346056],[-46.616370555999936,-21.910079999346056],[-46.616370555999936,-21.910088332346092],[-46.616382777999945,-21.910088332346092],[-46.616382777999945,-21.910096666346075],[-46.616396110999965,-21.910096666346075],[-46.61639611099997,-21.91010583234605],[-46.616410832999975,-21.91010583234605],[-46.616410832999975,-21.9101152773461],[-46.616423055999974,-21.9101152773461],[-46.616423055999974,-21.910121943346084],[-46.61643305599995,-21.910121943346084],[-46.61643305599995,-21.91014805534608],[-46.61643888899993,-21.91014805534608],[-46.61643888899994,-21.910198332346095],[-46.61689305599998,-21.910198332346095]]]}},{"type":"Feature","properties":{"PROCESSO":"832369/2023","NUMERO":832369,"ANO":2023,"AREA_HA":88.13,"FASE":"AUTORIZAÇÃO DE PESQUISA","ULT_EVENTO":"326 - AUT PESQ/PRORROGAÇÃO PRAZO ALVARÁ-03 ANOS PUBL EM 11/09/2026","NOME":"IRMAOS MARTINS SERVICOS E COMERCIO LTDA","SUBS":"TERRAS RARAS","USO":"Industrial","UF":"MG","DSProcesso":"832.369/2023","category":"direct_ree","category_label":"Terras Raras (REE)","lon":-46.46368507763996,"lat":-21.72273387711055},"geometry":{"type":"Polygon","coordinates":[[[-46.471455832999936,-21.716352499350705],[-46.471455832999936,-21.718706388350657],[-46.465631943999945,-21.718706388350668],[-46.46563194399994,-21.723713332350535],[-46.465732221999986,-21.723713332350535],[-46.46573222199999,-21.730149721350365],[-46.46406833299994,-21.730149721350365],[-46.46406833299995,-21.730094166350355],[-46.46419583299996,-21.730094166350355],[-46.46419583299996,-21.726738888350415],[-46.45877583299995,-21.726738888350415],[-46.45877583299995,-21.72679833235047],[-46.45742666699993,-21.72679833235047],[-46.45742666699993,-21.726669999350445],[-46.45833916699996,-21.726669999350445],[-46.45833916699996,-21.726588888350452],[-46.45991499999997,-21.726588888350452],[-46.45991499999997,-21.716351388350688],[-46.463763332999974,-21.716351388350695],[-46.463763332999974,-21.71667583235068],[-46.46432777799998,-21.71667583235068],[-46.46432777799998,-21.71715777735066],[-46.46670361099996,-21.71715777735066],[-46.466703610999964,-21.716352499350705],[-46.471455832999936,-21.716352499350705]]]}},{"type":"Feature","properties":{"PROCESSO":"832375/2023","NUMERO":832375,"ANO":2023,"AREA_HA":1489.08,"FASE":"AUTORIZAÇÃO DE PESQUISA","ULT_EVENTO":"249 - AUT PESQ/TRANSF DIREITOS-CESSÃO TOTAL PROTOC EM 15/05/2026","NOME":"IRMAOS MARTINS SERVICOS E COMERCIO LTDA","SUBS":"TERRAS RARAS","USO":"Industrial","UF":"MG","DSProcesso":"832.375/2023","category":"direct_ree","category_label":"Terras Raras (REE)","lon":-46.264691578947335,"lat":-21.926734414503574},"geometry":{"type":"Polygon","coordinates":[[[-46.26784999999995,-21.899739999346316],[-46.27781999999997,-21.899739999346316],[-46.27781999999996,-21.913739999346],[-46.27800999999994,-21.913739999346],[-46.278009999999945,-21.9389299993454],[-46.274299999999975,-21.9389299993454],[-46.27429999999998,-21.939389999345373],[-46.27360999999996,-21.939389999345373],[-46.27360999999997,-21.951835832345093],[-46.25687888899995,-21.951835832345093],[-46.25687888899996,-21.951839999345076],[-46.251106110999956,-21.951839999345065],[-46.25110611099996,-21.92791111034565],[-46.25088999999997,-21.927911110345658],[-46.25088999999997,-21.92721999934569],[-46.25017999999994,-21.92721999934569],[-46.25017999999994,-21.90349999934622],[-46.26784999999995,-21.90349999934622],[-46.26784999999995,-21.899739999346316]]]}},{"type":"Feature","properties":{"PROCESSO":"832376/2023","NUMERO":832376,"ANO":2023,"AREA_HA":148.99,"FASE":"AUTORIZAÇÃO DE PESQUISA","ULT_EVENTO":"795 - AUT PESQ/RELATÓRIO FINAL PESQUISA NEGATIVO PROTOC EM 20/09/2026","NOME":"I.R.S Minerals Extração de Minerais EIRELI","SUBS":"TERRAS RARAS","USO":"Industrial","UF":"MG","DSProcesso":"832.376/2023","category":"direct_ree","category_label":"Terras Raras (REE)","lon":-46.410935740888846,"lat":-21.831272375903495},"geometry":{"type":"Polygon","coordinates":[[[-46.41917777799995,-21.827515832348027],[-46.41917777799995,-21.82751388834801],[-46.419213610999975,-21.82751388834801],[-46.419213610999975,-21.82987416634798],[-46.40384277799996,-21.82987416634798],[-46.403842777999955,-21.842063888347706],[-46.397387777999946,-21.842063888347706],[-46.397387777999946,-21.827515832348027],[-46.41917777799995,-21.827515832348027]]]}},{"type":"Feature","properties":{"PROCESSO":"832377/2023","NUMERO":832377,"ANO":2023,"AREA_HA":107.95,"FASE":"AUTORIZAÇÃO DE PESQUISA","ULT_EVENTO":"795 - AUT PESQ/RELATÓRIO FINAL PESQUISA NEGATIVO PROTOC EM 21/09/2026","NOME":"I.R.S Minerals Extração de Minerais EIRELI","SUBS":"TERRAS RARAS","USO":"Industrial","UF":"MG","DSProcesso":"832.377/2023","category":"direct_ree","category_label":"Terras Raras (REE)","lon":-46.369961562499945,"lat":-21.840543610347737},"geometry":{"type":"Polygon","coordinates":[[[-46.37873749999994,-21.83635749934783],[-46.37873749999994,-21.84163694334771],[-46.37873499999995,-21.84163694334771],[-46.36131944399995,-21.84163694334771],[-46.361319443999946,-21.845182777347645],[-46.36105305599995,-21.845182777347645],[-46.361053055999946,-21.83635749934783],[-46.37873749999994,-21.83635749934783]]]}},{"type":"Feature","properties":{"PROCESSO":"832378/2023","NUMERO":832378,"ANO":2023,"AREA_HA":70.9,"FASE":"AUTORIZAÇÃO DE PESQUISA","ULT_EVENTO":"264 - AUT PESQ/TAH - PAGAMENTO EFETUADO EM 30/01/2026","NOME":"RCO MINERACAO LTDA","SUBS":"TERRAS RARAS","USO":"Industrial","UF":"MG","DSProcesso":"832.378/2023","category":"direct_ree","category_label":"Terras Raras (REE)","lon":-46.548705087951184,"lat":-21.81038817686063},"geometry":{"type":"Polygon","coordinates":[[[-46.53490972199995,-21.812159721348376],[-46.54318638899998,-21.812159721348376],[-46.54318638899997,-21.812827777348364],[-46.545583610999984,-21.812827777348364],[-46.545583610999984,-21.81229833234839],[-46.54650583299997,-21.81229833234839],[-46.54650583299997,-21.811816388348394],[-46.54833499999995,-21.811816388348394],[-46.548334999999945,-21.810412499348423],[-46.54875444399994,-21.810412499348423],[-46.54875444399994,-21.80910694334848],[-46.548471666999944,-21.809106943348468],[-46.54847166699994,-21.808039166348493],[-46.54790083299997,-21.808039166348493],[-46.54790083299997,-21.807557221348517],[-46.54742194399995,-21.807557221348517],[-46.54742194399996,-21.807024721348508],[-46.54925111099993,-21.807024721348505],[-46.54925111099993,-21.807251388348497],[-46.55005361099995,-21.807251388348497],[-46.55005361099995,-21.807574999348493],[-46.55040944399997,-21.807574999348493],[-46.55040944399997,-21.808220277348507],[-46.55074083299997,-21.808220277348507],[-46.55074083299996,-21.808606666348474],[-46.55205999999999,-21.808606666348474],[-46.55205999999998,-21.808130832348493],[-46.55300777799994,-21.808130832348493],[-46.55300777799994,-21.807888888348515],[-46.554556666999986,-21.807888888348515],[-46.55455666699998,-21.810318888348455],[-46.55460444399994,-21.81031888834847],[-46.55460444399995,-21.816608610348272],[-46.55415277799995,-21.816608610348272],[-46.55415277799995,-21.816566110348273],[-46.551682221999954,-21.816566110348273],[-46.551682221999954,-21.81042777734845],[-46.54941111099999,-21.81042777734845],[-46.54941111099998,-21.81404055534835],[-46.53490972199995,-21.81404055534835],[-46.53490972199995,-21.812159721348376]]]}},{"type":"Feature","properties":{"PROCESSO":"832379/2023","NUMERO":832379,"ANO":2023,"AREA_HA":3.66,"FASE":"AUTORIZAÇÃO DE PESQUISA","ULT_EVENTO":"265 - AUT PESQ/PRORROGAÇÃO PRAZO ALVARÁ-SOLICITAÇÃO PROTOC EM 22/07/2026","NOME":"RCO MINERACAO LTDA","SUBS":"TERRAS RARAS","USO":"Industrial","UF":"MG","DSProcesso":"832.379/2023","category":"direct_ree","category_label":"Terras Raras (REE)","lon":-46.53307822653842,"lat":-21.807573781656206},"geometry":{"type":"Polygon","coordinates":[[[-46.53520083299998,-21.807048055348492],[-46.535200832999976,-21.80731916634851],[-46.53349861099998,-21.807319166348503],[-46.53349861099997,-21.80799555534853],[-46.53180555599994,-21.80799555534853],[-46.531805555999945,-21.808847777348497],[-46.53144722199994,-21.808847777348497],[-46.53144722199994,-21.807448332348528],[-46.530257777999964,-21.80744833234852],[-46.530257777999964,-21.807046666348523],[-46.53519805599996,-21.807046666348523],[-46.53519805599996,-21.807048055348503],[-46.53520083299998,-21.807048055348492]]]}},{"type":"Feature","properties":{"PROCESSO":"832380/2023","NUMERO":832380,"ANO":2023,"AREA_HA":38.06,"FASE":"AUTORIZAÇÃO DE PESQUISA","ULT_EVENTO":"265 - AUT PESQ/PRORROGAÇÃO PRAZO ALVARÁ-SOLICITAÇÃO PROTOC EM 22/07/2026","NOME":"RCO MINERACAO LTDA","SUBS":"TERRAS RARAS","USO":"Industrial","UF":"MG","DSProcesso":"832.380/2023","category":"direct_ree","category_label":"Terras Raras (REE)","lon":-46.53157885788885,"lat":-21.81792536979273},"geometry":{"type":"Polygon","coordinates":[[[-46.51785861099995,-21.816627221348305],[-46.544031666999956,-21.816627221348305],[-46.544031666999956,-21.81885305534826],[-46.538128332999975,-21.81885305534826],[-46.538128332999975,-21.82003611034824],[-46.53315694399998,-21.82003611034824],[-46.533156943999984,-21.81683416634831],[-46.51785861099995,-21.81683416634831],[-46.51785861099995,-21.816627221348305]]]}},{"type":"Feature","properties":{"PROCESSO":"832409/2023","NUMERO":832409,"ANO":2023,"AREA_HA":900.82,"FASE":"AUTORIZAÇÃO DE PESQUISA","ULT_EVENTO":"249 - AUT PESQ/TRANSF DIREITOS-CESSÃO TOTAL PROTOC EM 15/05/2026","NOME":"IRMAOS MARTINS SERVICOS E COMERCIO LTDA","SUBS":"TERRAS RARAS","USO":"Industrial","UF":"MG","DSProcesso":"832.409/2023","category":"direct_ree","category_label":"Terras Raras (REE)","lon":-46.329223576333284,"lat":-21.970702970039063},"geometry":{"type":"Polygon","coordinates":[[[-46.31933888899994,-21.952869721345056],[-46.32676527799999,-21.952869721345046],[-46.32676527799999,-21.953714166345012],[-46.32976916699994,-21.953714166345012],[-46.32976916699994,-21.95578388834501],[-46.33191499999998,-21.955783888345007],[-46.33191499999998,-21.968072499344693],[-46.330406110999945,-21.968072499344693],[-46.33040611099995,-21.97080222134465],[-46.327598610999985,-21.97080222134465],[-46.32759861099998,-21.978149999344485],[-46.32688944399996,-21.978149999344478],[-46.32688944399996,-21.983260277344314],[-46.32843194399993,-21.983260277344314],[-46.328431943999924,-21.97925305534443],[-46.329361666999944,-21.97925305534443],[-46.329361666999944,-21.97831277734447],[-46.33101527799993,-21.97831277734447],[-46.33101527799993,-21.97756722134447],[-46.330414443999985,-21.97756722134447],[-46.330414443999985,-21.97573027734451],[-46.33088861099998,-21.97573027734452],[-46.33088861099998,-21.974456943344528],[-46.33136583299995,-21.974456943344528],[-46.33136583299994,-21.972647777344594],[-46.332188610999935,-21.972647777344584],[-46.332188610999935,-21.971727499344585],[-46.33307611099997,-21.971727499344585],[-46.33307611099997,-21.96947861034465],[-46.33409916699998,-21.96947861034465],[-46.334099166999984,-21.968061666344717],[-46.33194805599993,-21.968061666344717],[-46.33194805599993,-21.955791666345007],[-46.33250611099993,-21.955791666345007],[-46.33250611099993,-21.95693222134498],[-46.333099166999936,-21.95693222134498],[-46.33309916699995,-21.958086388344935],[-46.33754194399995,-21.958086388344945],[-46.33754194399996,-21.97314694334457],[-46.347087777999946,-21.97314694334457],[-46.34708777799995,-21.97940749934445],[-46.34689527799998,-21.97940749934445],[-46.346895277999984,-21.97945666634443],[-46.34468222199996,-21.97945666634444],[-46.34468222199996,-21.979414721344423],[-46.34324194399994,-21.979414721344423],[-46.34324194399994,-21.981723610344364],[-46.345667221999975,-21.981723610344364],[-46.345667221999975,-21.98217499934433],[-46.34305999999998,-21.98217499934433],[-46.34305999999998,-21.98280166634433],[-46.335443055999974,-21.98280166634433],[-46.33544305599998,-21.996328332344017],[-46.31974444399998,-21.996328332344017],[-46.31974444399998,-21.970115277344675],[-46.312076943999955,-21.970115277344675],[-46.31207694399995,-21.968578888344684],[-46.31263472199998,-21.968578888344684],[-46.312634721999984,-21.967668332344697],[-46.31311194399996,-21.967668332344704],[-46.31311194399995,-21.967489443344714],[-46.313410832999985,-21.967489443344714],[-46.31341083299998,-21.967213610344754],[-46.31388833299996,-21.967213610344754],[-46.31388833299996,-21.9670294433447],[-46.31582416699996,-21.9670294433447],[-46.31582416699996,-21.965476666344767],[-46.31732166699994,-21.965476666344767],[-46.31732166699994,-21.960098055344865],[-46.31933861099998,-21.960098055344865],[-46.31933888899994,-21.960098055344865],[-46.31933888899994,-21.952869721345056]]]}},{"type":"Feature","properties":{"PROCESSO":"832427/2023","NUMERO":832427,"ANO":2023,"AREA_HA":10.79,"FASE":"AUTORIZAÇÃO DE PESQUISA","ULT_EVENTO":"265 - AUT PESQ/PRORROGAÇÃO PRAZO ALVARÁ-SOLICITAÇÃO PROTOC EM 11/08/2026","NOME":"VIRIDIS MINERACAO LTDA","SUBS":"TERRAS RARAS","USO":"Industrial","UF":"MG","DSProcesso":"832.427/2023","category":"direct_ree","category_label":"Terras Raras (REE)","lon":-46.58339388857139,"lat":-21.976952975487354},"geometry":{"type":"Polygon","coordinates":[[[-46.58552944399998,-21.97350138834459],[-46.585529443999974,-21.97998083234441],[-46.57866361099997,-21.97998083234441],[-46.57866361099997,-21.979102499344428],[-46.584920832999956,-21.979102499344428],[-46.584920832999956,-21.97350138834459],[-46.58552944399998,-21.97350138834459]]]}},{"type":"Feature","properties":{"PROCESSO":"832428/2023","NUMERO":832428,"ANO":2023,"AREA_HA":30.18,"FASE":"AUTORIZAÇÃO DE PESQUISA","ULT_EVENTO":"265 - AUT PESQ/PRORROGAÇÃO PRAZO ALVARÁ-SOLICITAÇÃO PROTOC EM 11/08/2026","NOME":"VIRIDIS MINERACAO LTDA","SUBS":"TERRAS RARAS","USO":"Industrial","UF":"MG","DSProcesso":"832.428/2023","category":"direct_ree","category_label":"Terras Raras (REE)","lon":-46.56893061106662,"lat":-21.959660252411563},"geometry":{"type":"Polygon","coordinates":[[[-46.569779721999964,-21.94507027734523],[-46.569779721999964,-21.945287499345227],[-46.569097777999964,-21.945287499345227],[-46.56909777799996,-21.94532527734521],[-46.56822999999997,-21.94532527734521],[-46.56822999999997,-21.945285277345263],[-46.56631472199996,-21.945285277345263],[-46.56631472199996,-21.948648610345153],[-46.56636222199996,-21.948648610345153],[-46.56636222199995,-21.950022221345144],[-46.56863611099993,-21.950022221345144],[-46.56863611099993,-21.95032083234514],[-46.56878166699994,-21.950320832345145],[-46.56878166699994,-21.95372583234504],[-46.569798332999945,-21.95372583234504],[-46.56979833299994,-21.954023610345043],[-46.569943610999985,-21.954023610345043],[-46.569943610999985,-21.964492499344775],[-46.56481249999997,-21.964492499344775],[-46.56481249999997,-21.966368888344753],[-46.56805083299997,-21.966368888344753],[-46.56805083299998,-21.96664388834473],[-46.572412499999984,-21.96664388834473],[-46.572412499999984,-21.981406666344366],[-46.57334138899995,-21.98140666634436],[-46.57334138899995,-21.98628444334429],[-46.57695499999995,-21.98628444334429],[-46.57695499999994,-21.986852777344254],[-46.57320499999997,-21.986852777344254],[-46.57320499999997,-21.98197777734433],[-46.57227527799995,-21.981977777344344],[-46.57227527799995,-21.967211666344713],[-46.567628888999934,-21.967211666344713],[-46.567628888999934,-21.966396943344723],[-46.564241943999946,-21.966396943344723],[-46.564241943999946,-21.964236388344776],[-46.56937222199997,-21.964236388344776],[-46.56937222199998,-21.953752499345036],[-46.56820972199994,-21.953752499345036],[-46.56820972199994,-21.950049721345128],[-46.56578777799996,-21.950049721345128],[-46.56578777799996,-21.946436943345223],[-46.56281166699995,-21.946436943345223],[-46.56281166699995,-21.945070277345234],[-46.569779721999964,-21.94507027734523]]]}},{"type":"Feature","properties":{"PROCESSO":"832429/2023","NUMERO":832429,"ANO":2023,"AREA_HA":20.32,"FASE":"AUTORIZAÇÃO DE PESQUISA","ULT_EVENTO":"794 - AUT PESQ/RELATÓRIO FINAL PESQUISA POSITIVO PROTOC EM 07/10/2026","NOME":"VIRIDIS MINERACAO LTDA","SUBS":"TERRAS RARAS","USO":"Industrial","UF":"MG","DSProcesso":"832.429/2023","category":"direct_ree","category_label":"Terras Raras (REE)","lon":-46.473810502618996,"lat":-21.958529047059216},"geometry":{"type":"Polygon","coordinates":[[[-46.480131110999935,-21.941957777345323],[-46.48013111099994,-21.942035277345294],[-46.47566333299994,-21.942035277345294],[-46.47566333299994,-21.963707777344798],[-46.465124166999935,-21.963707777344798],[-46.46512416699994,-21.966521388344756],[-46.473472221999934,-21.96652138834477],[-46.47347222199994,-21.967849443344722],[-46.47587777799998,-21.967849443344722],[-46.47587777799998,-21.968087499344705],[-46.47655583299996,-21.968087499344705],[-46.47655583299996,-21.968482499344663],[-46.47320333299996,-21.968482499344663],[-46.47320333299996,-21.966607499344725],[-46.46484416699997,-21.966607499344725],[-46.46484416699997,-21.963201666344823],[-46.47538499999997,-21.963201666344823],[-46.47538499999996,-21.945125277345266],[-46.474687777999975,-21.945125277345266],[-46.474687777999975,-21.941957777345323],[-46.480131110999935,-21.941957777345323]]]}},{"type":"Feature","properties":{"PROCESSO":"832491/2024","NUMERO":832491,"ANO":2024,"AREA_HA":106.45,"FASE":"AUTORIZAÇÃO DE PESQUISA","ULT_EVENTO":"264 - AUT PESQ/TAH - PAGAMENTO EFETUADO EM 20/01/2026","NOME":"VIRIDIS MINERACAO LTDA","SUBS":"TERRAS RARAS","USO":"Industrial","UF":"MG","DSProcesso":"832.491/2024","category":"direct_ree","category_label":"Terras Raras (REE)","lon":-46.4709467694444,"lat":-21.952121295604325},"geometry":{"type":"Polygon","coordinates":[[[-46.47537833299998,-21.94513111034525],[-46.47537833299998,-21.949549166345108],[-46.47536999999994,-21.949549166345108],[-46.47536999999994,-21.946226110345176],[-46.47487111099998,-21.946226110345176],[-46.47487111099998,-21.951698610345055],[-46.47270833299996,-21.951698610345055],[-46.47270833299995,-21.94996194334511],[-46.46245944399993,-21.94996194334511],[-46.46245944399994,-21.95467388834499],[-46.46604166699996,-21.95467388834499],[-46.46604166699996,-21.962619166344822],[-46.47059194399998,-21.962619166344822],[-46.47059194399997,-21.952874721345033],[-46.47536999999995,-21.952874721345033],[-46.47536999999994,-21.949551943345128],[-46.47537888899996,-21.949551943345128],[-46.47537888899996,-21.963194999344786],[-46.46483638899997,-21.963194999344786],[-46.46483638899998,-21.95514277734503],[-46.45896944399993,-21.95514277734503],[-46.45896944399993,-21.949433610345146],[-46.47343055599998,-21.949433610345146],[-46.47343055599999,-21.95101388834511],[-46.47468611099998,-21.95101388834512],[-46.47468611099998,-21.94513111034525],[-46.47537833299998,-21.94513111034525]]]}},{"type":"Feature","properties":{"PROCESSO":"832496/2024","NUMERO":832496,"ANO":2024,"AREA_HA":768.64,"FASE":"AUTORIZAÇÃO DE PESQUISA","ULT_EVENTO":"264 - AUT PESQ/TAH - PAGAMENTO EFETUADO EM 30/01/2026","NOME":"GESTAO DE ATIVOS BRASIL ADMINISTRADORA DE BENS LTDA","SUBS":"TERRAS RARAS","USO":"Industrial","UF":"MG","DSProcesso":"832.496/2024","category":"direct_ree","category_label":"Terras Raras (REE)","lon":-46.48357068944439,"lat":-22.068017931416403},"geometry":{"type":"Polygon","coordinates":[[[-46.50161138899995,-22.078083055342105],[-46.50173277799996,-22.078083055342105],[-46.50173277799997,-22.078497221342083],[-46.46401222199995,-22.078497221342083],[-46.46401222199996,-22.069834166342286],[-46.449904999999944,-22.069834166342286],[-46.449904999999944,-22.06319694334247],[-46.46316805599997,-22.063196943342458],[-46.46316805599997,-22.060868332342523],[-46.47681111099996,-22.060868332342523],[-46.47681111099996,-22.060993610342504],[-46.48172916699997,-22.060993610342504],[-46.48172916699997,-22.064603332342433],[-46.47686194399995,-22.064603332342433],[-46.47686194399995,-22.069155832342314],[-46.48660666699993,-22.069155832342314],[-46.48660666699993,-22.064601110342394],[-46.48174416699993,-22.064601110342394],[-46.48174416699994,-22.060992777342495],[-46.495319166999934,-22.060992777342495],[-46.495319166999934,-22.064587777342428],[-46.496166388999946,-22.064587777342428],[-46.49616638899994,-22.06767722134231],[-46.501730555999984,-22.06767722134231],[-46.501730555999984,-22.07610916634215],[-46.50161138899995,-22.07610916634215],[-46.50161138899995,-22.078083055342105]]]}},{"type":"Feature","properties":{"PROCESSO":"832648/2023","NUMERO":832648,"ANO":2023,"AREA_HA":23.11,"FASE":"AUTORIZAÇÃO DE PESQUISA","ULT_EVENTO":"264 - AUT PESQ/TAH - PAGAMENTO EFETUADO EM 31/07/2026","NOME":"RCO MINERACAO LTDA","SUBS":"TERRAS RARAS","USO":"Industrial","UF":"MG","DSProcesso":"832.648/2023","category":"direct_ree","category_label":"Terras Raras (REE)","lon":-46.44278673121424,"lat":-22.030992215486066},"geometry":{"type":"Polygon","coordinates":[[[-46.44093111099994,-22.028054999343258],[-46.450184999999976,-22.028054999343258],[-46.450184999999976,-22.028710277343254],[-46.45152555599998,-22.028710277343254],[-46.451525430999936,-22.028712137343256],[-46.45152547499998,-22.029449721343266],[-46.44102694399993,-22.029449721343266],[-46.44102694399993,-22.037146666343048],[-46.43450444399998,-22.037146666343048],[-46.43450444399998,-22.028074443343286],[-46.435105832999966,-22.028074443343286],[-46.43510583299996,-22.03712583234305],[-46.44093111099994,-22.03712583234305],[-46.44093111099994,-22.028054999343258]]]}},{"type":"Feature","properties":{"PROCESSO":"832649/2023","NUMERO":832649,"ANO":2023,"AREA_HA":11.72,"FASE":"AUTORIZAÇÃO DE PESQUISA","ULT_EVENTO":"264 - AUT PESQ/TAH - PAGAMENTO EFETUADO EM 31/07/2026","NOME":"IRMAOS MARTINS SERVICOS E COMERCIO LTDA","SUBS":"TERRAS RARAS","USO":"Industrial","UF":"MG","DSProcesso":"832.649/2023","category":"direct_ree","category_label":"Terras Raras (REE)","lon":-46.460058580222196,"lat":-22.00148546212168},"geometry":{"type":"Polygon","coordinates":[[[-46.46458444399997,-21.999125832343935],[-46.46509083299998,-21.999125832343946],[-46.46509083299998,-22.00281194334389],[-46.454700555999985,-22.00281194334389],[-46.454700555999985,-22.003105277343874],[-46.45359555599998,-22.003105277343874],[-46.45359555599998,-22.00207861034388],[-46.46458444399997,-22.00207861034388],[-46.46458444399997,-21.999125832343935]]]}},{"type":"Feature","properties":{"PROCESSO":"832661/2023","NUMERO":832661,"ANO":2023,"AREA_HA":4.39,"FASE":"AUTORIZAÇÃO DE PESQUISA","ULT_EVENTO":"264 - AUT PESQ/TAH - PAGAMENTO EFETUADO EM 31/07/2026","NOME":"IRMAOS MARTINS SERVICOS E COMERCIO LTDA","SUBS":"TERRAS RARAS","USO":"Industrial","UF":"MG","DSProcesso":"832.661/2023","category":"direct_ree","category_label":"Terras Raras (REE)","lon":-46.499389073999964,"lat":-21.82030006123709},"geometry":{"type":"Polygon","coordinates":[[[-46.502652221999945,-21.82150666634817],[-46.50234666699999,-21.82150666634817],[-46.50234666699998,-21.81998777734819],[-46.494917499999985,-21.81998777734819],[-46.494917499999985,-21.819550277348227],[-46.49600833299996,-21.819550277348227],[-46.49600833299996,-21.819552221348243],[-46.50265222199994,-21.819552221348243],[-46.502652221999945,-21.82150666634817]]]}},{"type":"Feature","properties":{"PROCESSO":"832662/2023","NUMERO":832662,"ANO":2023,"AREA_HA":4.28,"FASE":"AUTORIZAÇÃO DE PESQUISA","ULT_EVENTO":"264 - AUT PESQ/TAH - PAGAMENTO EFETUADO EM 31/07/2026","NOME":"IRMAOS MARTINS SERVICOS E COMERCIO LTDA","SUBS":"TERRAS RARAS","USO":"Industrial","UF":"MG","DSProcesso":"832.662/2023","category":"direct_ree","category_label":"Terras Raras (REE)","lon":-46.48640839148835,"lat":-21.816005606604122},"geometry":{"type":"Polygon","coordinates":[[[-46.48299472199994,-21.81312499934839],[-46.48322361099997,-21.813124999348375],[-46.48322361099998,-21.812950277348396],[-46.48375249999998,-21.81295027734839],[-46.48375249999998,-21.81352027734836],[-46.48440944399994,-21.81352027734836],[-46.48440944399994,-21.813548888348365],[-46.484661666999955,-21.81354888834836],[-46.484661666999955,-21.81411638834834],[-46.48532055599998,-21.81411638834834],[-46.48532055599997,-21.814271110348383],[-46.48567749999995,-21.814271110348383],[-46.48567749999995,-21.814838610348357],[-46.486334443999965,-21.814838610348346],[-46.486334443999965,-21.815517777348326],[-46.48714583299994,-21.815517777348326],[-46.48714583299994,-21.816089999348332],[-46.48780111099995,-21.816089999348332],[-46.48780111099996,-21.817252499348264],[-46.48791916699998,-21.817252499348264],[-46.48791916699998,-21.817818888348274],[-46.48857583299997,-21.817818888348274],[-46.48857583299997,-21.818814721348254],[-46.489225277999935,-21.818814721348254],[-46.489225277999935,-21.819743888348206],[-46.489804721999974,-21.819743888348206],[-46.489804721999974,-21.82054694334819],[-46.48951555599996,-21.82054694334819],[-46.48951555599996,-21.81981027734824],[-46.48893388899996,-21.81981027734824],[-46.48893388899996,-21.818879999348272],[-46.48828777799997,-21.818879999348272],[-46.48828777799997,-21.81788527734826],[-46.487512221999964,-21.81788527734826],[-46.487512221999964,-21.81615083234829],[-46.48604277799995,-21.816150832348296],[-46.486042777999955,-21.81490527734835],[-46.48502666699994,-21.81490527734835],[-46.48502666699995,-21.814184166348348],[-46.484117777999984,-21.814184166348355],[-46.484117777999984,-21.81358694334837],[-46.482994721999944,-21.81358694334837],[-46.48299472199994,-21.81312499934839]]]}},{"type":"Feature","properties":{"PROCESSO":"832663/2023","NUMERO":832663,"ANO":2023,"AREA_HA":18.59,"FASE":"AUTORIZAÇÃO DE PESQUISA","ULT_EVENTO":"265 - AUT PESQ/PRORROGAÇÃO PRAZO ALVARÁ-SOLICITAÇÃO PROTOC EM 21/08/2026","NOME":"IRMAOS MARTINS SERVICOS E COMERCIO LTDA","SUBS":"TERRAS RARAS","USO":"Industrial","UF":"MG","DSProcesso":"832.663/2023","category":"direct_ree","category_label":"Terras Raras (REE)","lon":-46.53854029149176,"lat":-21.80316672523387},"geometry":{"type":"Polygon","coordinates":[[[-46.53933666699993,-21.801169166348668],[-46.53933666699993,-21.801363332348636],[-46.53952972199994,-21.801363332348636],[-46.53952972199994,-21.80147166634864],[-46.53970083299998,-21.80147166634864],[-46.53970083299998,-21.80160888834867],[-46.53991222199995,-21.801608888348667],[-46.53991222199994,-21.80174388834866],[-46.54007416699994,-21.80174388834866],[-46.54007416699994,-21.801839166348657],[-46.54028722199996,-21.801839166348657],[-46.54028722199996,-21.801951388348645],[-46.54046805599995,-21.801951388348645],[-46.54046805599995,-21.802067499348656],[-46.540644999999984,-21.802067499348656],[-46.54064499999998,-21.802183610348667],[-46.54084888899996,-21.802183610348656],[-46.54084888899997,-21.80231888834861],[-46.54101055599995,-21.80231888834861],[-46.54101055599995,-21.80240249934865],[-46.541193332999974,-21.80240249934865],[-46.541193332999974,-21.802518610348653],[-46.541339999999934,-21.802518610348667],[-46.541339999999934,-21.803228610348615],[-46.54128472199994,-21.803228610348608],[-46.54128472199994,-21.803464721348604],[-46.54112666699996,-21.803464721348604],[-46.54112666699995,-21.803721666348594],[-46.539489721999985,-21.803721666348594],[-46.539489721999985,-21.8043011103486],[-46.53920888899995,-21.8043011103486],[-46.53920888899995,-21.804185832348605],[-46.53737916699998,-21.804185832348605],[-46.53737916699998,-21.804388055348575],[-46.537251666999964,-21.804388055348575],[-46.537251666999964,-21.804637777348606],[-46.53711027799994,-21.804637777348606],[-46.53711027799994,-21.80492083234861],[-46.53697111099996,-21.80492083234861],[-46.53697111099996,-21.80515666634857],[-46.53687111099999,-21.80515666634857],[-46.53687111099998,-21.80536111034858],[-46.53674861099995,-21.80536111034858],[-46.53674861099994,-21.805588888348588],[-46.536654999999946,-21.805588888348588],[-46.53665499999994,-21.805770832348546],[-46.536586666999945,-21.805770832348546],[-46.536586666999945,-21.805926388348578],[-46.53648916699996,-21.805926388348578],[-46.536489166999964,-21.802527221348665],[-46.536108610999975,-21.802527221348665],[-46.536108610999975,-21.803578610348627],[-46.535115277999985,-21.803578610348627],[-46.535115277999985,-21.80391111034858],[-46.534914999999955,-21.80391111034858],[-46.534914999999955,-21.801394721348654],[-46.53589444399995,-21.801394721348654],[-46.53589444399995,-21.801297777348644],[-46.536257777999936,-21.801297777348644],[-46.536257777999936,-21.801169166348668],[-46.53933666699993,-21.801169166348668]]]}},{"type":"Feature","properties":{"PROCESSO":"832759/2023","NUMERO":832759,"ANO":2023,"AREA_HA":4.34,"FASE":"AUTORIZAÇÃO DE PESQUISA","ULT_EVENTO":"282 - AUT PESQ/TRANSF DIREITOS-CESSÃO TOTAL EFETIVADA EM 15/04/2026","NOME":"VIRIDIS MINERACAO LTDA","SUBS":"TERRAS RARAS","USO":"Industrial","UF":"MG","DSProcesso":"832.759/2023","category":"direct_ree","category_label":"Terras Raras (REE)","lon":-46.50921038899996,"lat":-21.914284555145983},"geometry":{"type":"Polygon","coordinates":[[[-46.507694166999954,-21.913883888346007],[-46.51148472199998,-21.913883888346007],[-46.511484721999985,-21.914885555345947],[-46.507694166999954,-21.914885555345954],[-46.507694166999954,-21.913883888346007]]]}},{"type":"Feature","properties":{"PROCESSO":"832931/2023","NUMERO":832931,"ANO":2023,"AREA_HA":1.35,"FASE":"REQUERIMENTO DE PESQUISA","ULT_EVENTO":"131 - REQ PESQ/EXIGÊNCIA PUBL EM 02/04/2024","NOME":"IRMAOS MARTINS SERVICOS E COMERCIO LTDA","SUBS":"TERRAS RARAS","USO":"Industrial","UF":"MG","DSProcesso":"832.931/2023","category":"direct_ree","category_label":"Terras Raras (REE)","lon":-46.59346077853843,"lat":-21.767965244734082},"geometry":{"type":"Polygon","coordinates":[[[-46.590956388999984,-21.767144166349492],[-46.59126472199995,-21.767144166349492],[-46.59126472199995,-21.767593332349485],[-46.59644611099998,-21.767593332349495],[-46.59644611099998,-21.76888685834944],[-46.59615416699996,-21.768886847349446],[-46.59615416699996,-21.767696943349474],[-46.59615023199996,-21.767696943349474],[-46.59615023199996,-21.767695656349446],[-46.59104529799998,-21.76769541934945],[-46.59104519199997,-21.769185189349447],[-46.590956388999984,-21.76918516034941],[-46.590956388999984,-21.767144166349492]]]}},{"type":"Feature","properties":{"PROCESSO":"832965/2022","NUMERO":832965,"ANO":2022,"AREA_HA":932.72,"FASE":"AUTORIZAÇÃO DE PESQUISA","ULT_EVENTO":"265 - AUT PESQ/PRORROGAÇÃO PRAZO ALVARÁ-SOLICITAÇÃO PROTOC EM 29/12/2025","NOME":"ALPHA MINERALS BRAZIL PARTICIPACOES LTDA.","SUBS":"TERRAS RARAS","USO":"Industrial","UF":"MG","DSProcesso":"832.965/2022","category":"direct_ree","category_label":"Terras Raras (REE)","lon":-46.55384362687231,"lat":-21.730015590967383},"geometry":{"type":"Polygon","coordinates":[[[-46.55879027799995,-21.711211666350792],[-46.559090277999985,-21.711211666350792],[-46.559090277999985,-21.71131166635081],[-46.55919027799996,-21.71131166635081],[-46.55919027799996,-21.71901166635063],[-46.559290277999935,-21.71901166635063],[-46.559290277999935,-21.72401166635051],[-46.571090277999986,-21.72401166635051],[-46.571090277999986,-21.732711666350266],[-46.57119027799996,-21.73271166635028],[-46.57119027799997,-21.74191166635007],[-46.57129027799993,-21.74191166635007],[-46.57129027799993,-21.746511666349942],[-46.57069027799997,-21.746511666349942],[-46.57069027799997,-21.746611666349974],[-46.560190277999936,-21.746611666349988],[-46.56019027799993,-21.746711666349952],[-46.55485596699998,-21.746711643349965],[-46.554855959999934,-21.746611666349974],[-46.55489027799996,-21.746611666349974],[-46.55489027799995,-21.742711666350086],[-46.55485569299998,-21.742711666350086],[-46.554855687999975,-21.742642142350057],[-46.55479027799999,-21.742642145350082],[-46.55479027799999,-21.742611666350058],[-46.546312900999965,-21.742611666350058],[-46.546312855999986,-21.74177342035007],[-46.545890277999945,-21.741773437350066],[-46.545890277999945,-21.74171166635008],[-46.54579027799997,-21.74171166635008],[-46.54579027799996,-21.73371166635029],[-46.545690277999945,-21.73371166635029],[-46.54569027799994,-21.729411666350384],[-46.54439027799998,-21.729411666350384],[-46.54439027799998,-21.72951166635036],[-46.53999027799995,-21.72951166635036],[-46.53999027799994,-21.722111666350575],[-46.53989027799997,-21.722111666350575],[-46.53989027799997,-21.71271166635078],[-46.53979027799995,-21.712711666350767],[-46.53979027799994,-21.711511666350823],[-46.53989027799997,-21.711511666350823],[-46.539890277999966,-21.711411666350784],[-46.54809027799996,-21.711411666350784],[-46.548090277999954,-21.71131166635081],[-46.55879027799995,-21.71131166635081],[-46.55879027799995,-21.711211666350792]]]}},{"type":"Feature","properties":{"PROCESSO":"833012/2022","NUMERO":833012,"ANO":2022,"AREA_HA":1059.19,"FASE":"AUTORIZAÇÃO DE PESQUISA","ULT_EVENTO":"209 - AUT PESQ/INÍCIO DE PESQUISA COMUNICADO PROTOC EM 22/09/2026","NOME":"ALPHA MINERALS BRAZIL PARTICIPACOES LTDA.","SUBS":"TERRAS RARAS","USO":"Industrial","UF":"MG","DSProcesso":"833.012/2022","category":"direct_ree","category_label":"Terras Raras (REE)","lon":-46.49256046086149,"lat":-21.739672381780885},"geometry":{"type":"Polygon","coordinates":[[[-46.498633610999946,-21.71841083235064],[-46.50813361099994,-21.71841083235064],[-46.50813361099994,-21.720210832350602],[-46.50823361099998,-21.720210832350595],[-46.50823361099998,-21.731710832350334],[-46.508333610999955,-21.731710832350334],[-46.508333610999955,-21.74321083235007],[-46.50843361099993,-21.743210832350062],[-46.50843361099993,-21.743664443350028],[-46.50843166699997,-21.743664443350028],[-46.508431666999975,-21.74880722134995],[-46.50843361099993,-21.748807221349946],[-46.50843361099993,-21.748977689349903],[-46.505993425999975,-21.74897782734993],[-46.50599360899998,-21.7537108323498],[-46.50593361099994,-21.7537108323498],[-46.50593361099993,-21.753764385349776],[-46.50086983399995,-21.753764477349783],[-46.50086983399996,-21.75381083234978],[-46.50083361099996,-21.75381083234978],[-46.50083361099997,-21.757610832349688],[-46.49643361099993,-21.757610832349705],[-46.49643361099994,-21.75764785934972],[-46.49642267499996,-21.75764785934972],[-46.49642265999995,-21.758204304349675],[-46.49443361099997,-21.758204309349676],[-46.49443361099998,-21.75591083234977],[-46.488633610999955,-21.755910832349763],[-46.488633610999955,-21.749510832349877],[-46.488624443999974,-21.749510832349877],[-46.48862444399998,-21.749501388349866],[-46.48163361099995,-21.749501111349904],[-46.48163361099995,-21.74771083234992],[-46.487633610999985,-21.747710832349913],[-46.48763361099998,-21.747696099349916],[-46.48768548499999,-21.74769610134996],[-46.48768548499999,-21.74761083234994],[-46.48773361099995,-21.74761083234994],[-46.48773361099995,-21.74481083235003],[-46.49313361099996,-21.74481083235003],[-46.49313361099996,-21.73841083235014],[-46.49309868299997,-21.73841083235014],[-46.49309867999995,-21.73834865735016],[-46.49273361099995,-21.73834866835016],[-46.49273361099995,-21.738310832350173],[-46.491233610999984,-21.738310832350166],[-46.491233610999984,-21.734910832350245],[-46.49116529299994,-21.734910832350252],[-46.49116513099994,-21.72895620735038],[-46.49113361099996,-21.72895620635039],[-46.49113361099995,-21.728910832350373],[-46.470433610999976,-21.728910832350373],[-46.470433610999976,-21.730110832350377],[-46.46913361099996,-21.730110832350377],[-46.46913361099996,-21.730151181350337],[-46.46573361099996,-21.73015136235034],[-46.46573361099996,-21.72371083235049],[-46.46563361099993,-21.72371083235049],[-46.46563361099993,-21.71871083235061],[-46.47643361099995,-21.718710832350613],[-46.47643361099994,-21.71861083235065],[-46.48753361099995,-21.71861083235065],[-46.48753361099994,-21.71851083235066],[-46.498633610999946,-21.71851083235066],[-46.498633610999946,-21.71841083235064]]]}},{"type":"Feature","properties":{"PROCESSO":"833013/2022","NUMERO":833013,"ANO":2022,"AREA_HA":334.23,"FASE":"AUTORIZAÇÃO DE PESQUISA","ULT_EVENTO":"209 - AUT PESQ/INÍCIO DE PESQUISA COMUNICADO PROTOC EM 22/09/2026","NOME":"ALPHA MINERALS BRAZIL PARTICIPACOES LTDA.","SUBS":"TERRAS RARAS","USO":"Industrial","UF":"MG","DSProcesso":"833.013/2022","category":"direct_ree","category_label":"Terras Raras (REE)","lon":-46.47175149762217,"lat":-21.770564863793844},"geometry":{"type":"Polygon","coordinates":[[[-46.46862166699998,-21.75724353234971],[-46.475041111999985,-21.757243312349704],[-46.47504111099994,-21.75725833234974],[-46.487621666999985,-21.757259441349717],[-46.487621666999985,-21.758334443349685],[-46.48764777799993,-21.758334443349685],[-46.48764777799994,-21.758343055349684],[-46.488421666999955,-21.758343055349684],[-46.48842166699995,-21.766840890349485],[-46.48142166699995,-21.766840520349486],[-46.48142166699995,-21.76683444334951],[-46.47682166699997,-21.766834443349516],[-46.47682166699997,-21.766840277349484],[-46.47680619299996,-21.76684027634951],[-46.47680584299997,-21.770001203349437],[-46.47197154799994,-21.770000665349382],[-46.47197154299994,-21.770034443349424],[-46.47192166699995,-21.770034443349434],[-46.471921666999954,-21.774516266349313],[-46.46713644999994,-21.77451559434932],[-46.46713644699997,-21.77453444334932],[-46.46712166699996,-21.77453444334932],[-46.467121666999965,-21.779934380349193],[-46.46582166699994,-21.779934220349183],[-46.46582166699994,-21.77983444334918],[-46.46582051099994,-21.779834443349188],[-46.46582051099995,-21.779805322349166],[-46.46512625899992,-21.779805325349194],[-46.46512625899993,-21.77983444334918],[-46.46512158699994,-21.77983444334918],[-46.46512158899998,-21.779234443349168],[-46.466521666999945,-21.779234443349168],[-46.46652166699994,-21.7792074793492],[-46.466581560999934,-21.7792074793492],[-46.466581560999934,-21.779134443349204],[-46.46662166699997,-21.779134443349204],[-46.46662166699997,-21.778934443349204],[-46.46658155999995,-21.778934443349204],[-46.466581559999945,-21.77891848034919],[-46.46472507699997,-21.778918474349197],[-46.46472521399994,-21.76483444334955],[-46.46662166699997,-21.76483444334955],[-46.46662166699997,-21.75863444334966],[-46.46862166699998,-21.75863444334966],[-46.46862166699998,-21.75724353234971]]]}},{"type":"Feature","properties":{"PROCESSO":"833014/2022","NUMERO":833014,"ANO":2022,"AREA_HA":524.82,"FASE":"AUTORIZAÇÃO DE PESQUISA","ULT_EVENTO":"209 - AUT PESQ/INÍCIO DE PESQUISA COMUNICADO PROTOC EM 22/09/2026","NOME":"ALPHA MINERALS BRAZIL PARTICIPACOES LTDA.","SUBS":"TERRAS RARAS","USO":"Industrial","UF":"MG","DSProcesso":"833.014/2022","category":"direct_ree","category_label":"Terras Raras (REE)","lon":-46.431895234173865,"lat":-21.77984830791439},"geometry":{"type":"Polygon","coordinates":[[[-46.43584722199996,-21.789577168348963],[-46.43584722199995,-21.789477499348973],[-46.42424722199997,-21.789477499348973],[-46.42424722199996,-21.789377499348944],[-46.41714722199998,-21.789377499348944],[-46.41714722199999,-21.763611110349533],[-46.42544722199994,-21.763611110349533],[-46.425447221999946,-21.770777499349393],[-46.42546388899996,-21.770777499349382],[-46.42546388899995,-21.770833332349362],[-46.42554722199998,-21.770833332349362],[-46.42554722199998,-21.770877499349414],[-46.43414722199998,-21.770877499349414],[-46.43414722199998,-21.776977499349215],[-46.438847221999936,-21.776977499349215],[-46.43884722199994,-21.781177499349138],[-46.43888888899994,-21.781177499349145],[-46.43888888899994,-21.781202777349147],[-46.441647179999954,-21.781202777349147],[-46.441645825999956,-21.789577482348943],[-46.44164224799994,-21.78957741034897],[-46.44164124599997,-21.789577420348913],[-46.43584722199996,-21.789577168348963]]]}},{"type":"Feature","properties":{"PROCESSO":"833015/2022","NUMERO":833015,"ANO":2022,"AREA_HA":174.24,"FASE":"AUTORIZAÇÃO DE PESQUISA","ULT_EVENTO":"209 - AUT PESQ/INÍCIO DE PESQUISA COMUNICADO PROTOC EM 22/09/2026","NOME":"ALPHA MINERALS BRAZIL PARTICIPACOES LTDA.","SUBS":"TERRAS RARAS","USO":"Industrial","UF":"MG","DSProcesso":"833.015/2022","category":"direct_ree","category_label":"Terras Raras (REE)","lon":-46.43216089431576,"lat":-21.81913317108508},"geometry":{"type":"Polygon","coordinates":[[[-46.41926694399996,-21.81268805534839],[-46.43422088999995,-21.81268805534839],[-46.43422086599998,-21.814105425348373],[-46.44176467399995,-21.814105365348382],[-46.441764672999966,-21.814088055348346],[-46.44176699899998,-21.814088055348346],[-46.44176698299998,-21.815688055348314],[-46.435766943999965,-21.815688055348303],[-46.435766943999965,-21.824938154348068],[-46.43526694399997,-21.82493811734812],[-46.43526694399997,-21.82488805534811],[-46.42956694399993,-21.824888055348122],[-46.42956694399994,-21.82498805534808],[-46.429166943999974,-21.82498805534808],[-46.42916694399998,-21.82488805534811],[-46.42910776999997,-21.82488805534811],[-46.429107752999975,-21.819149221348244],[-46.41926694399996,-21.81914924734825],[-46.41926694399996,-21.81268805534839]]]}},{"type":"Feature","properties":{"PROCESSO":"833018/2022","NUMERO":833018,"ANO":2022,"AREA_HA":148.85,"FASE":"AUTORIZAÇÃO DE PESQUISA","ULT_EVENTO":"265 - AUT PESQ/PRORROGAÇÃO PRAZO ALVARÁ-SOLICITAÇÃO PROTOC EM 16/02/2026","NOME":"BRAZIL ROYALTY CORP PARTICIPACOES E INVESTIMENTOS LTDA.","SUBS":"TERRAS RARAS","USO":"Industrial","UF":"MG","DSProcesso":"833.018/2022","category":"direct_ree","category_label":"Terras Raras (REE)","lon":-46.42145441557442,"lat":-21.925620359175504},"geometry":{"type":"Polygon","coordinates":[[[-46.410666110999955,-21.918446626345904],[-46.419548814999985,-21.91844694234586],[-46.419548550999934,-21.92309613134576],[-46.41955681799993,-21.92309613134576],[-46.419529661999945,-21.923121409345775],[-46.41956611099993,-21.923136444345765],[-46.41956611099994,-21.92314583234578],[-46.41958887099997,-21.92314583234578],[-46.42245097799997,-21.92432641934573],[-46.42246611099995,-21.92432638234572],[-46.42246611099995,-21.924345832345736],[-46.42626611099996,-21.924345832345736],[-46.42626611099996,-21.92484583234572],[-46.426366110999936,-21.92484583234572],[-46.426366110999936,-21.925245832345727],[-46.42697861599999,-21.925245832345727],[-46.42766611099995,-21.926191389345668],[-46.42766611099996,-21.92664583234567],[-46.427996526999955,-21.92664583234567],[-46.42810180999993,-21.926790634345693],[-46.42876586799997,-21.92664583234567],[-46.42916611099997,-21.92664583234567],[-46.42916611099997,-21.93001624334559],[-46.42913948699993,-21.930018360345606],[-46.42786253199995,-21.930425170345597],[-46.42786253199995,-21.930429265345616],[-46.42718267399994,-21.9306458323456],[-46.42496611099995,-21.9306458323456],[-46.42496611099995,-21.931845832345555],[-46.42296611099994,-21.931845832345566],[-46.42296611099994,-21.932236390345544],[-46.41871625799996,-21.932717370345546],[-46.418755843999975,-21.93304566834554],[-46.41786611099996,-21.933045547345518],[-46.41786611099997,-21.92354583234573],[-46.41783222499998,-21.92354583234573],[-46.417832224999984,-21.92348754334576],[-46.417766110999935,-21.92348754334576],[-46.417766110999935,-21.923445832345767],[-46.416966110999965,-21.923445832345767],[-46.416966110999965,-21.923487544345743],[-46.416961121999975,-21.923487544345743],[-46.41696111999994,-21.924119717345718],[-46.41056611099998,-21.924119524345777],[-46.41056611099998,-21.919945832345817],[-46.410666110999955,-21.919945832345807],[-46.410666110999955,-21.918446626345904]]]}},{"type":"Feature","properties":{"PROCESSO":"833019/2022","NUMERO":833019,"ANO":2022,"AREA_HA":436.73,"FASE":"AUTORIZAÇÃO DE PESQUISA","ULT_EVENTO":"209 - AUT PESQ/INÍCIO DE PESQUISA COMUNICADO PROTOC EM 22/09/2026","NOME":"ALPHA MINERALS BRAZIL PARTICIPACOES LTDA.","SUBS":"TERRAS RARAS","USO":"Industrial","UF":"MG","DSProcesso":"833.019/2022","category":"direct_ree","category_label":"Terras Raras (REE)","lon":-46.48690813114282,"lat":-22.047233173949966},"geometry":{"type":"Polygon","coordinates":[[[-46.48634805599994,-22.03894618034304],[-46.501138982999976,-22.038944803343046],[-46.50113897799997,-22.038913055343023],[-46.501139998999975,-22.038913055343023],[-46.50113986599996,-22.0441321753429],[-46.50184613699997,-22.04413218934291],[-46.50184708699993,-22.049913055342785],[-46.50144805599996,-22.049913055342785],[-46.50144805599996,-22.04993187434277],[-46.496982899999985,-22.049932444342765],[-46.49698235999995,-22.045778225342882],[-46.48521239299998,-22.045779132342847],[-46.48521217999996,-22.041265480343],[-46.48342978899996,-22.04126554234296],[-46.48342978899996,-22.04126896934298],[-46.48521133799995,-22.041268907342964],[-46.48521155199996,-22.04578255934287],[-46.496981518999974,-22.04578165234285],[-46.49698205899995,-22.04993587134274],[-46.50144805599996,-22.049935305342753],[-46.50144805599996,-22.05919198334253],[-46.49224805599994,-22.059193015342522],[-46.49224805599994,-22.05911305534253],[-46.492192572999954,-22.05911305534253],[-46.49219214499994,-22.05467757034265],[-46.47970938799995,-22.05467814034264],[-46.47970942899997,-22.05941304834252],[-46.47894805599998,-22.05941304934251],[-46.47894805599998,-22.0576130553426],[-46.47904805599996,-22.0576130553426],[-46.479048055999954,-22.05511305534267],[-46.479148055999985,-22.05511305534267],[-46.479148055999985,-22.052713055342696],[-46.47924805599996,-22.052713055342696],[-46.47924805599996,-22.05031305534273],[-46.47934805599994,-22.05031305534273],[-46.47934805599994,-22.04781305534279],[-46.47944805599997,-22.04781305534279],[-46.47944805599997,-22.045413055342884],[-46.47954805599994,-22.045413055342884],[-46.47954805599994,-22.04301305534291],[-46.47964805599998,-22.043013055342918],[-46.479648055999974,-22.040513055342977],[-46.47970141899998,-22.04051305534297],[-46.479701459999944,-22.045357337342892],[-46.48342908999995,-22.045357267342894],[-46.48342908999995,-22.045354743342852],[-46.47970220499997,-22.045354813342858],[-46.47970216399995,-22.04051305534297],[-46.47974805599994,-22.040513055342977],[-46.47974805599994,-22.040433950342994],[-46.48326111299997,-22.040433111342995],[-46.48632041399998,-22.04043277934297],[-46.48632041299993,-22.040413055343006],[-46.48634805599994,-22.040413055343006],[-46.48634805599994,-22.03894618034304]]]}},{"type":"Feature","properties":{"PROCESSO":"833020/2022","NUMERO":833020,"ANO":2022,"AREA_HA":91.33,"FASE":"AUTORIZAÇÃO DE PESQUISA","ULT_EVENTO":"265 - AUT PESQ/PRORROGAÇÃO PRAZO ALVARÁ-SOLICITAÇÃO PROTOC EM 09/12/2025","NOME":"ALPHA MINERALS BRAZIL PARTICIPACOES LTDA.","SUBS":"TERRAS RARAS","USO":"Industrial","UF":"MG","DSProcesso":"833.020/2022","category":"direct_ree","category_label":"Terras Raras (REE)","lon":-46.542847537047585,"lat":-22.039631593343},"geometry":{"type":"Polygon","coordinates":[[[-46.52747729299995,-22.03576749034309],[-46.54054972199998,-22.035767446343094],[-46.54054972199998,-22.03694027734309],[-46.54058444399993,-22.03694027734308],[-46.540584443999926,-22.036958055343057],[-46.54784958299996,-22.036957777343048],[-46.54784971599997,-22.043440277342892],[-46.54764972199996,-22.043440277342903],[-46.54764972199996,-22.043540277342917],[-46.54744972199995,-22.043540277342917],[-46.54744972199995,-22.043440277342892],[-46.54737297899993,-22.043440277342892],[-46.547372965999955,-22.039344432343],[-46.54734972199998,-22.039344432343],[-46.54734972199998,-22.03934027734299],[-46.544949721999956,-22.03934027734299],[-46.544949721999956,-22.03934442034301],[-46.544927703999974,-22.03934442034301],[-46.54492773099997,-22.040132570342998],[-46.527476904999965,-22.040132151342984],[-46.52747729299995,-22.03576749034309]]]}},{"type":"Feature","properties":{"PROCESSO":"833021/2022","NUMERO":833021,"ANO":2022,"AREA_HA":142.22,"FASE":"AUTORIZAÇÃO DE PESQUISA","ULT_EVENTO":"795 - AUT PESQ/RELATÓRIO FINAL PESQUISA NEGATIVO PROTOC EM 09/02/2026","NOME":"ALPHA MINERALS BRAZIL PARTICIPACOES LTDA.","SUBS":"TERRAS RARAS","USO":"Industrial","UF":"MG","DSProcesso":"833.021/2022","category":"direct_ree","category_label":"Terras Raras (REE)","lon":-46.556309559099965,"lat":-22.045995817542842},"geometry":{"type":"Polygon","coordinates":[[[-46.54738249999997,-22.0435536103429],[-46.547849714999984,-22.04355361034289],[-46.54784972199997,-22.043731110342893],[-46.56848249999995,-22.04372845334292],[-46.56848249999996,-22.043753610342893],[-46.571582499999984,-22.043753610342893],[-46.57158249999998,-22.045470555342852],[-46.57158249999998,-22.04915361034277],[-46.56488249999995,-22.04915361034277],[-46.56488249999995,-22.0492536103428],[-46.554682499999956,-22.0492536103428],[-46.554682499999956,-22.04935361034278],[-46.549584194999966,-22.04935361034278],[-46.54958418399997,-22.045764775342846],[-46.549582499999985,-22.045764775342846],[-46.549582499999985,-22.045761997342836],[-46.54958418399996,-22.045761997342836],[-46.54958418199993,-22.045121461342855],[-46.54738249999996,-22.045121511342888],[-46.54738249999997,-22.0435536103429]]]}},{"type":"Feature","properties":{"PROCESSO":"833096/2023","NUMERO":833096,"ANO":2023,"AREA_HA":12.09,"FASE":"REQUERIMENTO DE PESQUISA","ULT_EVENTO":"131 - REQ PESQ/EXIGÊNCIA PUBL EM 09/09/2024","NOME":"IRMAOS MARTINS SERVICOS E COMERCIO LTDA","SUBS":"TERRAS RARAS","USO":"Industrial","UF":"MG","DSProcesso":"833.096/2023","category":"direct_ree","category_label":"Terras Raras (REE)","lon":-46.65267829121272,"lat":-21.78441169979588},"geometry":{"type":"Polygon","coordinates":[[[-46.64911999999998,-21.780924617349168],[-46.654199999999946,-21.78092452534917],[-46.654199999999946,-21.780969628349165],[-46.65309138899993,-21.780969814349124],[-46.65308999999996,-21.780969999349164],[-46.65308999999996,-21.781859999349102],[-46.65309138899994,-21.781859999349102],[-46.65309138899994,-21.781864166349152],[-46.65364018499997,-21.781864166349152],[-46.65363999999994,-21.783559999349098],[-46.65439999999996,-21.78355999934909],[-46.65439999999995,-21.78634999934903],[-46.65530749999994,-21.78634999934904],[-46.655307499999935,-21.789930277348912],[-46.65530999999999,-21.789930138348964],[-46.656177499999956,-21.789930138348964],[-46.656177499999956,-21.793565555348874],[-46.65617999999995,-21.793565555348877],[-46.65617999999995,-21.793569999348826],[-46.65646555599994,-21.793569999348826],[-46.656465555999944,-21.793776388348842],[-46.655988027999975,-21.793776388348842],[-46.65523472199994,-21.7906885633489],[-46.65523445599996,-21.790686388348934],[-46.65374555599993,-21.78458442634908],[-46.65374555599993,-21.78458083234906],[-46.65374467899994,-21.78458083234906],[-46.65290344799996,-21.781132599349167],[-46.652431255999936,-21.781233055349148],[-46.65239611099997,-21.781233055349148],[-46.65239611099997,-21.78124053234915],[-46.651820191999946,-21.781363055349157],[-46.65179916699998,-21.781363055349157],[-46.651799166999986,-21.781367528349147],[-46.65028077899995,-21.781690555349126],[-46.65023805599998,-21.78169055534912],[-46.65023805599998,-21.781699644349125],[-46.649263648999984,-21.78190694334912],[-46.649232221999966,-21.78190694334912],[-46.64923222199997,-21.781913629349138],[-46.64835618999996,-21.782099999349114],[-46.648348332999944,-21.78209999934913],[-46.648348332999944,-21.780930903349134],[-46.649118966999936,-21.780930823349134],[-46.649118966999936,-21.78092999934916],[-46.64911999999998,-21.780929999349144],[-46.64911999999998,-21.780924617349168]]]}},{"type":"Feature","properties":{"PROCESSO":"833228/2023","NUMERO":833228,"ANO":2023,"AREA_HA":8.69,"FASE":"AUTORIZAÇÃO DE PESQUISA","ULT_EVENTO":"282 - AUT PESQ/TRANSF DIREITOS-CESSÃO TOTAL EFETIVADA EM 04/08/2026","NOME":"VIRIDIS MINERACAO LTDA","SUBS":"TERRAS RARAS","USO":"Industrial","UF":"MG","DSProcesso":"833.228/2023","category":"direct_ree","category_label":"Terras Raras (REE)","lon":-46.65063354933329,"lat":-21.933778332789963},"geometry":{"type":"Polygon","coordinates":[[[-46.64951694399997,-21.93439388834551],[-46.64951694399996,-21.933573888345503],[-46.64733499999994,-21.933573888345514],[-46.647334999999934,-21.933333888345548],[-46.648606666999974,-21.933333888345548],[-46.64860666699997,-21.933503888345513],[-46.65763388899995,-21.933503888345513],[-46.65763388899996,-21.93439388834551],[-46.64951694399997,-21.93439388834551]]]}},{"type":"Feature","properties":{"PROCESSO":"833230/2023","NUMERO":833230,"ANO":2023,"AREA_HA":6.66,"FASE":"AUTORIZAÇÃO DE PESQUISA","ULT_EVENTO":"282 - AUT PESQ/TRANSF DIREITOS-CESSÃO TOTAL EFETIVADA EM 04/08/2026","NOME":"VIRIDIS MINERACAO LTDA","SUBS":"TERRAS RARAS","USO":"Industrial","UF":"MG","DSProcesso":"833.230/2023","category":"direct_ree","category_label":"Terras Raras (REE)","lon":-46.56798456081815,"lat":-21.982704412117076},"geometry":{"type":"Polygon","coordinates":[[[-46.56936993199997,-21.98157085334439],[-46.57178721199995,-21.981570712344354],[-46.57178721199995,-21.981979999344368],[-46.570779999999964,-21.98197999934438],[-46.570779999999964,-21.981982042344367],[-46.57077808599997,-21.981982042344374],[-46.57077812599994,-21.982885142344365],[-46.56690494999998,-21.982885244344367],[-46.56690494999998,-21.982889999344334],[-46.566899999999976,-21.982889999344334],[-46.566899999999976,-21.984059273344307],[-46.56608027799996,-21.984059282344333],[-46.56608027799996,-21.983479999344308],[-46.56607555199997,-21.983479999344308],[-46.566075551999965,-21.983475947344353],[-46.564284199999975,-21.98347595334434],[-46.564284200999964,-21.982930832344344],[-46.565499999999986,-21.982930832344344],[-46.565499999999986,-21.982474106344373],[-46.56936991799995,-21.98247395334434],[-46.56936995899997,-21.982469999344367],[-46.56936993199997,-21.98157085334439]]]}},{"type":"Feature","properties":{"PROCESSO":"833231/2023","NUMERO":833231,"ANO":2023,"AREA_HA":5.24,"FASE":"AUTORIZAÇÃO DE PESQUISA","ULT_EVENTO":"282 - AUT PESQ/TRANSF DIREITOS-CESSÃO TOTAL EFETIVADA EM 04/08/2026","NOME":"VIRIDIS MINERACAO LTDA","SUBS":"TERRAS RARAS","USO":"Industrial","UF":"MG","DSProcesso":"833.231/2023","category":"direct_ree","category_label":"Terras Raras (REE)","lon":-46.55957307166664,"lat":-21.98304553512212},"geometry":{"type":"Polygon","coordinates":[[[-46.55823457499998,-21.982069999344372],[-46.56384999999995,-21.982069999344372],[-46.56384999999995,-21.982618001344377],[-46.55900700799998,-21.98261791534438],[-46.55900694299999,-21.984288647344307],[-46.55786999999998,-21.98428860134429],[-46.55786999999998,-21.98369332234433],[-46.55823454399996,-21.983693330344295],[-46.55823457499998,-21.982069999344372]]]}},{"type":"Feature","properties":{"PROCESSO":"833232/2023","NUMERO":833232,"ANO":2023,"AREA_HA":27.17,"FASE":"AUTORIZAÇÃO DE PESQUISA","ULT_EVENTO":"282 - AUT PESQ/TRANSF DIREITOS-CESSÃO TOTAL EFETIVADA EM 04/08/2026","NOME":"VIRIDIS MINERACAO LTDA","SUBS":"TERRAS RARAS","USO":"Industrial","UF":"MG","DSProcesso":"833.232/2023","category":"direct_ree","category_label":"Terras Raras (REE)","lon":-46.56458026469441,"lat":-22.003679872788297},"geometry":{"type":"Polygon","coordinates":[[[-46.55410999999998,-21.999339884343925],[-46.55410999999998,-21.999142846343982],[-46.56184999999994,-21.999142851343986],[-46.561849999999936,-22.00076999934389],[-46.563259999999964,-22.00076999934389],[-46.56325999999996,-22.00089999934391],[-46.563264010999944,-22.00089999934391],[-46.563264010999944,-22.000902052343903],[-46.564910158999965,-22.000902057343918],[-46.56491016499996,-22.004695061343817],[-46.56490999999994,-22.00469999934384],[-46.567039999999956,-22.00469999934384],[-46.567039999999956,-22.008310555343755],[-46.57378556399994,-22.008310555343755],[-46.57378555599996,-22.008515482343714],[-46.573789999999974,-22.00851548234372],[-46.57378999999998,-22.00851888134376],[-46.57030182299997,-22.008518808343737],[-46.570301822999966,-22.008519999343754],[-46.570299999999975,-22.008519999343754],[-46.570299999999975,-22.01121713134367],[-46.56595999999997,-22.011217777343667],[-46.56595999999997,-22.004709999343802],[-46.56595750099996,-22.00470999934381],[-46.565957499999975,-22.00470638834385],[-46.56489222199997,-22.004706666343814],[-46.56489166699998,-22.001645277343894],[-46.55563495699993,-22.001646388343932],[-46.55563493199998,-22.001200133343886],[-46.56345003399997,-22.001200175343893],[-46.563450031999935,-22.000969999343905],[-46.563450064999984,-22.000965547343917],[-46.56180375599996,-22.000965561343936],[-46.56180375099996,-21.99933998634392],[-46.56179999999995,-21.99933999234398],[-46.55410999999998,-21.999339884343925]]]}},{"type":"Feature","properties":{"PROCESSO":"833250/2023","NUMERO":833250,"ANO":2023,"AREA_HA":641.37,"FASE":"AUTORIZAÇÃO DE PESQUISA","ULT_EVENTO":"264 - AUT PESQ/TAH - PAGAMENTO EFETUADO EM 31/07/2025","NOME":"I.R.S Minerals Extração de Minerais EIRELI","SUBS":"TERRAS RARAS","USO":"Industrial","UF":"MG","DSProcesso":"833.250/2023","category":"direct_ree","category_label":"Terras Raras (REE)","lon":-46.43723976152844,"lat":-21.749539870601932},"geometry":{"type":"Polygon","coordinates":[[[-46.41133555599998,-21.735055277350238],[-46.41102499999994,-21.735055277350238],[-46.41102499999994,-21.734794721350248],[-46.41083638899994,-21.73479472135024],[-46.41083638899994,-21.731876666350292],[-46.41615083299996,-21.731876666350303],[-46.41615083299996,-21.735090277350256],[-46.41923638899994,-21.735090277350256],[-46.419236388999934,-21.734258610350288],[-46.420068610999984,-21.734258610350288],[-46.42006861099998,-21.733473610350295],[-46.42142583299995,-21.733473610350295],[-46.421425832999944,-21.734193610350278],[-46.42237833299998,-21.734193610350278],[-46.42237833299998,-21.739849443350124],[-46.424565832999974,-21.739849443350124],[-46.424565832999974,-21.73901638835017],[-46.43091194399994,-21.73901638835017],[-46.430911943999945,-21.73951749935016],[-46.43194083299995,-21.73951749935016],[-46.43194083299994,-21.739785277350116],[-46.43310944399997,-21.739785277350116],[-46.43310944399997,-21.741293888350107],[-46.43408944399994,-21.741293888350103],[-46.43408944399994,-21.743939721350014],[-46.433371388999944,-21.743939721350014],[-46.43337138899994,-21.748816388349915],[-46.43419305599997,-21.748816388349915],[-46.43419305599997,-21.749546666349893],[-46.43550138899997,-21.749546666349893],[-46.43550138899997,-21.750356388349854],[-46.436568610999984,-21.750356388349854],[-46.436568610999984,-21.749848055349897],[-46.43667583299998,-21.7498480553499],[-46.43667583299998,-21.749950277349907],[-46.436973610999985,-21.749950277349907],[-46.43697361099998,-21.750224166349867],[-46.437166666999985,-21.750224166349867],[-46.437166666999985,-21.75042888834989],[-46.43729777799996,-21.75042888834989],[-46.43729777799996,-21.751133055349865],[-46.437751110999955,-21.751133055349865],[-46.437751110999955,-21.751284999349842],[-46.438137221999966,-21.751284999349842],[-46.438137221999966,-21.751663610349862],[-46.439212777999956,-21.751663610349862],[-46.439212777999956,-21.751272777349836],[-46.43897416699997,-21.751272777349836],[-46.43897416699997,-21.750976110349853],[-46.438695277999955,-21.750976110349853],[-46.438695277999955,-21.750677221349893],[-46.438403610999956,-21.750677221349893],[-46.43840361099996,-21.750414443349865],[-46.43822111099996,-21.750414443349865],[-46.43822111099996,-21.75015527734989],[-46.437995832999945,-21.75015527734989],[-46.437995832999945,-21.74989861034986],[-46.437783888999945,-21.74989861034986],[-46.437783888999945,-21.749681943349906],[-46.43755861099999,-21.749681943349906],[-46.437558610999986,-21.749461110349912],[-46.43715444399993,-21.749461110349912],[-46.43715444399993,-21.749319166349906],[-46.43697222199995,-21.749319166349906],[-46.43697222199995,-21.749172221349927],[-46.43676305599996,-21.749172221349927],[-46.43676305599997,-21.749032499349898],[-46.43657666699994,-21.749032499349898],[-46.43657666699995,-21.744153055350022],[-46.43726861099997,-21.744153055350022],[-46.43726861099998,-21.74324638835007],[-46.43864249999996,-21.74324638835007],[-46.43864249999996,-21.74631749934999],[-46.44347416699998,-21.74631749934999],[-46.44347416699998,-21.74815611034994],[-46.444864166999935,-21.74815611034993],[-46.44486416699994,-21.750925555349873],[-46.45112722199997,-21.750925555349873],[-46.45112722199997,-21.751700277349823],[-46.45103611099995,-21.751700277349823],[-46.45103611099996,-21.751907221349835],[-46.450912499999966,-21.751907221349835],[-46.45091249999996,-21.752106388349826],[-46.45030916699995,-21.752106388349826],[-46.45030916699994,-21.751894721349853],[-46.450158888999965,-21.751894721349863],[-46.450158888999965,-21.751794999349855],[-46.44968694399995,-21.751794999349855],[-46.44968694399995,-21.751919721349854],[-46.44957694399994,-21.751919721349854],[-46.44957694399994,-21.752238610349814],[-46.449407221999934,-21.752238610349814],[-46.449407221999934,-21.75302722134982],[-46.451683055999986,-21.75302722134982],[-46.451683055999986,-21.752798055349817],[-46.451937777999945,-21.75279805534982],[-46.451937777999945,-21.752681110349826],[-46.45233166699996,-21.752681110349815],[-46.45233166699995,-21.752305832349855],[-46.452845277999984,-21.752305832349855],[-46.452845277999984,-21.752197499349844],[-46.45310444399996,-21.752197499349844],[-46.45310444399996,-21.751286943349857],[-46.453208888999946,-21.751286943349857],[-46.45320888899994,-21.751113888349856],[-46.45332499999996,-21.751113888349856],[-46.45332499999995,-21.750961110349888],[-46.453451110999936,-21.750961110349888],[-46.453451110999936,-21.75087499934987],[-46.45365472199995,-21.75087499934987],[-46.45365472199995,-21.75074805534987],[-46.453853332999984,-21.75074805534987],[-46.45385333299999,-21.750997221349877],[-46.45399138899995,-21.750997221349877],[-46.45399138899996,-21.751160277349836],[-46.45423555599996,-21.751160277349836],[-46.45423555599996,-21.751254999349857],[-46.454425277999974,-21.751254999349857],[-46.454425277999974,-21.750313055349906],[-46.453473610999936,-21.750313055349906],[-46.453473610999936,-21.7498930553499],[-46.45382388899998,-21.74989305534989],[-46.45382388899998,-21.74983388834988],[-46.45395416699995,-21.74983388834988],[-46.45395416699995,-21.741884443350052],[-46.454827026999965,-21.741884443350052],[-46.454827082999934,-21.749892499349873],[-46.454827221999956,-21.749893332349867],[-46.454837777999956,-21.749893332349867],[-46.45483777799996,-21.752735277349796],[-46.45703527799998,-21.752735277349796],[-46.45703527799998,-21.751718055349848],[-46.46211222199997,-21.751718055349848],[-46.46211222199997,-21.75780444334967],[-46.45389805599996,-21.75780444334967],[-46.453898055999964,-21.75633638834974],[-46.45290027799996,-21.75633638834974],[-46.45290027799995,-21.754541110349795],[-46.45241916699996,-21.754541110349795],[-46.45241916699996,-21.75337166634981],[-46.44900166699995,-21.75337166634981],[-46.44900166699995,-21.75377722134977],[-46.448634166999966,-21.75377722134977],[-46.448634166999966,-21.754006388349815],[-46.448441110999966,-21.754006388349815],[-46.448441110999966,-21.754302777349785],[-46.44824361099995,-21.754302777349785],[-46.44824361099995,-21.75445472134977],[-46.44808249999994,-21.754454721349756],[-46.44808249999995,-21.754708888349796],[-46.447943055999986,-21.754708888349796],[-46.447943055999986,-21.754943055349756],[-46.44781166699993,-21.754943055349756],[-46.44781166699994,-21.75515972134978],[-46.44767222199994,-21.75515972134978],[-46.44767222199994,-21.755563332349745],[-46.447560832999955,-21.755563332349745],[-46.447560832999955,-21.755991110349743],[-46.44760666699995,-21.755991110349743],[-46.447606666999945,-21.756406388349735],[-46.44771833299996,-21.756406388349735],[-46.447718332999955,-21.756871110349714],[-46.44787249999996,-21.756871110349714],[-46.44787249999996,-21.757295832349694],[-46.44731444399997,-21.757295832349694],[-46.44731444399997,-21.756844443349735],[-46.446636388999934,-21.756844443349735],[-46.446636388999934,-21.756221666349763],[-46.44447027799998,-21.756221666349763],[-46.44447027799998,-21.756433332349744],[-46.443920555999966,-21.756433332349744],[-46.44392055599997,-21.756160832349753],[-46.44339472199994,-21.756160832349753],[-46.44339472199994,-21.755871666349737],[-46.44291527799994,-21.755871666349737],[-46.44291527799993,-21.754657221349756],[-46.44309861099998,-21.754657221349746],[-46.443098610999975,-21.752938332349828],[-46.44340972199995,-21.752938332349842],[-46.44340972199995,-21.752388332349827],[-46.44373972199997,-21.752388332349827],[-46.44373972199997,-21.751735555349867],[-46.444087499999966,-21.751735555349867],[-46.444087499999966,-21.750003055349897],[-46.443538332999935,-21.750003055349897],[-46.443538332999935,-21.749720832349904],[-46.44312722199994,-21.749720832349904],[-46.44312722199993,-21.74934972134993],[-46.44270972199996,-21.74934972134993],[-46.44270972199996,-21.74903833234988],[-46.44226972199994,-21.74903833234988],[-46.442269721999935,-21.748801666349923],[-46.441819166999956,-21.74880166634991],[-46.44181916699995,-21.74868138834993],[-46.44046194399994,-21.74868138834992],[-46.440461943999935,-21.749157221349908],[-46.44023777799998,-21.749157221349908],[-46.44023777799998,-21.749923332349898],[-46.43992555599994,-21.749923332349898],[-46.43992555599994,-21.75225111034984],[-46.43967749999996,-21.75225111034984],[-46.43967749999996,-21.755269166349738],[-46.43557916699996,-21.755269166349738],[-46.43557916699996,-21.75081805534987],[-46.41712027799997,-21.75081805534987],[-46.41712027799997,-21.757027777349716],[-46.41647638899996,-21.757027777349716],[-46.41647638899997,-21.756831110349705],[-46.416106388999935,-21.756831110349705],[-46.416106388999935,-21.756581388349737],[-46.41108805599998,-21.756581388349737],[-46.41108805599998,-21.756801943349725],[-46.409569999999974,-21.756801943349732],[-46.409569999999974,-21.756585277349707],[-46.408607221999944,-21.756585277349707],[-46.408607221999944,-21.75640999934974],[-46.407248055999965,-21.75640999934974],[-46.407248055999965,-21.757271943349718],[-46.40548249999995,-21.75727194334973],[-46.40548249999995,-21.75658722134973],[-46.403871110999944,-21.75658722134973],[-46.40387111099995,-21.755128888349745],[-46.40533666699998,-21.755128888349745],[-46.40533666699997,-21.752418332349855],[-46.40679194399996,-21.752418332349855],[-46.40679194399996,-21.748808332349906],[-46.40872944399996,-21.748808332349906],[-46.40872944399996,-21.746999721349948],[-46.409207777999946,-21.746999721349948],[-46.40920777799994,-21.74519583235002],[-46.40969305599998,-21.74519583235002],[-46.40969305599998,-21.741580832350078],[-46.412588332999974,-21.741580832350078],[-46.41258833299998,-21.739758332350114],[-46.41064027799996,-21.739758332350128],[-46.41064027799995,-21.738577499350164],[-46.411217499999964,-21.738577499350164],[-46.411217499999964,-21.73812583235018],[-46.41174527799996,-21.738125832350192],[-46.41174527799996,-21.737566943350213],[-46.41243583299996,-21.737566943350213],[-46.41243583299996,-21.735901943350243],[-46.411715277999974,-21.735901943350243],[-46.41171527799998,-21.73547388835021],[-46.411335555999976,-21.73547388835021],[-46.41133555599998,-21.735055277350238]]]}},{"type":"Feature","properties":{"PROCESSO":"833280/2023","NUMERO":833280,"ANO":2023,"AREA_HA":1587.69,"FASE":"AUTORIZAÇÃO DE PESQUISA","ULT_EVENTO":"264 - AUT PESQ/TAH - PAGAMENTO EFETUADO EM 23/07/2026","NOME":"ALPHA MINERALS BRAZIL PARTICIPACOES LTDA.","SUBS":"TERRAS RARAS","USO":"Industrial","UF":"MG","DSProcesso":"833.280/2023","category":"direct_ree","category_label":"Terras Raras (REE)","lon":-46.235446611333295,"lat":-22.016348462343544},"geometry":{"type":"Polygon","coordinates":[[[-46.21513805599994,-22.004173610343827],[-46.230367221999984,-22.004173610343827],[-46.230367221999984,-22.004180555343826],[-46.23667805599995,-22.004180555343826],[-46.23667805599995,-22.015493610343572],[-46.236684166999964,-22.015493610343572],[-46.236684166999964,-22.01549805534357],[-46.246236943999975,-22.01549805534357],[-46.246236943999975,-22.015493610343572],[-46.24623805599998,-22.015493610343572],[-46.24623805599998,-22.01421361034359],[-46.246938055999976,-22.01421361034359],[-46.246938055999976,-22.051473610342708],[-46.215138055999944,-22.051473610342708],[-46.21513805599994,-22.004173610343827]]]}},{"type":"Feature","properties":{"PROCESSO":"833281/2023","NUMERO":833281,"ANO":2023,"AREA_HA":696.83,"FASE":"AUTORIZAÇÃO DE PESQUISA","ULT_EVENTO":"264 - AUT PESQ/TAH - PAGAMENTO EFETUADO EM 23/07/2026","NOME":"ALPHA MINERALS BRAZIL PARTICIPACOES LTDA.","SUBS":"TERRAS RARAS","USO":"Industrial","UF":"MG","DSProcesso":"833.281/2023","category":"direct_ree","category_label":"Terras Raras (REE)","lon":-46.24187606249996,"lat":-22.061619058292468},"geometry":{"type":"Polygon","coordinates":[[[-46.22042762299998,-22.068433610342293],[-46.22042759899995,-22.06074177234251],[-46.22041805599998,-22.0607417723425],[-46.22041805599998,-22.060733610342478],[-46.215138055999944,-22.060733610342478],[-46.215138055999944,-22.051473610342708],[-46.246938055999976,-22.051473610342708],[-46.246938055999976,-22.056173610342622],[-46.250418055999944,-22.05617361034261],[-46.250418055999944,-22.06239361034245],[-46.250423781999984,-22.062393610342454],[-46.250423782999974,-22.062397699342473],[-46.25055805599993,-22.06239771134246],[-46.25055805599993,-22.062413610342468],[-46.250578055999945,-22.062413610342468],[-46.250578055999945,-22.06479361034242],[-46.26909805599996,-22.06479361034242],[-46.26909805599997,-22.06483805534238],[-46.26909805599997,-22.068433610342293],[-46.22042762299998,-22.068433610342293]]]}},{"type":"Feature","properties":{"PROCESSO":"833334/2023","NUMERO":833334,"ANO":2023,"AREA_HA":1081.79,"FASE":"AUTORIZAÇÃO DE PESQUISA","ULT_EVENTO":"264 - AUT PESQ/TAH - PAGAMENTO EFETUADO EM 31/07/2025","NOME":"I.R.S Minerals Extração de Minerais EIRELI","SUBS":"TERRAS RARAS","USO":"Industrial","UF":"MG","DSProcesso":"833.334/2023","category":"direct_ree","category_label":"Terras Raras (REE)","lon":-46.302972114770995,"lat":-22.00959168801547},"geometry":{"type":"Polygon","coordinates":[[[-46.28858444399998,-21.998589999344002],[-46.28921999999994,-21.998589999344002],[-46.28921999999994,-22.000852499343914],[-46.30248944399994,-22.000852499343917],[-46.30248944399994,-22.00336083234384],[-46.303747777999945,-22.00336083234384],[-46.303747777999945,-22.002485555343878],[-46.30390861099993,-22.002485555343878],[-46.30390861099994,-22.001948332343904],[-46.30419833299993,-22.001948332343904],[-46.30419833299993,-22.001331666343876],[-46.30527111099997,-22.001331666343887],[-46.30527111099997,-22.00190861034392],[-46.305003055999975,-22.00190861034392],[-46.30500305599998,-22.002495555343845],[-46.30572194399998,-22.002495555343845],[-46.30572194399997,-22.002923055343846],[-46.30618777799998,-22.002923055343846],[-46.30618777799998,-22.00333277734387],[-46.30631805599996,-22.003332777343864],[-46.30631805599996,-22.003916388343878],[-46.306319999999964,-22.003916388343878],[-46.30631999999997,-22.00391888834387],[-46.30682499999995,-22.00391888834387],[-46.306824999999954,-22.003992777343836],[-46.30696722199997,-22.003992777343836],[-46.30696722199997,-22.004079721343864],[-46.30801055599994,-22.004079721343864],[-46.30801055599994,-22.003334166343837],[-46.308105832999956,-22.00333416634383],[-46.30810583299995,-22.00332999934385],[-46.30810999999995,-22.00332999934385],[-46.30810999999994,-22.00305979034386],[-46.30835999999994,-22.00305976834386],[-46.30836416699998,-22.003059721343853],[-46.30836416699998,-22.002819999343842],[-46.30871999999994,-22.002819999343842],[-46.30871999999994,-22.002533610343853],[-46.309018055999964,-22.002533610343853],[-46.309018055999964,-22.002608332343886],[-46.30901999999998,-22.002608332343886],[-46.309019999999975,-22.002609999343864],[-46.309237777999954,-22.002609999343864],[-46.309237777999954,-22.005088332343814],[-46.30923999999993,-22.005088332343814],[-46.30923999999993,-22.0050899993438],[-46.30969999999996,-22.0050899993438],[-46.309699999999964,-22.007249999343756],[-46.309819999999945,-22.007249999343756],[-46.309819999999945,-22.008329999343733],[-46.30929999999995,-22.008329999343726],[-46.30929999999996,-22.009309999343735],[-46.30855999999994,-22.009309999343735],[-46.30855999999994,-22.009619999343688],[-46.30825962899996,-22.009619999343688],[-46.30825944399993,-22.01005749934371],[-46.307706388999975,-22.01005749934371],[-46.307706388999975,-22.01023249934372],[-46.30756444399998,-22.01023249934372],[-46.30756444399998,-22.010115555343706],[-46.30715138899995,-22.010115555343706],[-46.307151388999955,-22.010269721343725],[-46.30702805599998,-22.010269721343725],[-46.307028055999986,-22.01121222134369],[-46.30717805599994,-22.0112122213437],[-46.30717805599994,-22.011371388343694],[-46.30754861099996,-22.011371388343694],[-46.30754861099996,-22.01202020734367],[-46.30733305599995,-22.01202020734367],[-46.30732999999998,-22.012019999343647],[-46.307329999999986,-22.01232976734367],[-46.30705444399996,-22.012329813343634],[-46.307049999999954,-22.01232999934366],[-46.30704999999995,-22.01257916634364],[-46.30678722199997,-22.01257916634364],[-46.30678722199997,-22.01266583234366],[-46.30562972199994,-22.01266583234366],[-46.305629721999935,-22.013279999343627],[-46.306787221999976,-22.013279999343627],[-46.30728749999998,-22.013279999343617],[-46.30728749999998,-22.014084999343623],[-46.30778749999996,-22.014084999343623],[-46.30778749999996,-22.01433055534359],[-46.308187499999974,-22.014330555343584],[-46.308187499999974,-22.014649999343597],[-46.30801999999994,-22.014649999343597],[-46.30801999999994,-22.01568722134356],[-46.307598610999946,-22.01568722134356],[-46.307598610999946,-22.014821666343607],[-46.30664388899999,-22.0148216663436],[-46.306643888999986,-22.0159258323436],[-46.30724472199995,-22.01592583234359],[-46.30724472199996,-22.01626999934356],[-46.307867499999986,-22.01626999934356],[-46.307867499999986,-22.01627083234356],[-46.30797999999993,-22.01627083234356],[-46.30797999999994,-22.01700999934355],[-46.30798138899996,-22.01700999934355],[-46.30798138899996,-22.017012777343563],[-46.30806999999993,-22.017012777343563],[-46.30806999999993,-22.01727999934355],[-46.30837527799997,-22.01727999934355],[-46.30837527799997,-22.018202499343523],[-46.30855999999994,-22.018202499343523],[-46.30855999999994,-22.018819999343485],[-46.30912666699992,-22.018819999343485],[-46.30912666699993,-22.019606110343503],[-46.30912999999998,-22.019606110343503],[-46.30912999999998,-22.01960999934347],[-46.30972999999995,-22.01960999934347],[-46.30972999999995,-22.019349999343504],[-46.310496278999956,-22.019349999343504],[-46.31049627899995,-22.019352025343505],[-46.316832477999974,-22.019351884343468],[-46.31683237699997,-22.01720613234352],[-46.31664999999998,-22.017206136343543],[-46.31664999999998,-22.01442702234358],[-46.34119972199994,-22.014423825343577],[-46.34119972199994,-22.01514694334361],[-46.34199361099997,-22.01514694334361],[-46.341993610999964,-22.01564416634356],[-46.34269111099997,-22.01564416634356],[-46.342691110999965,-22.014778888343592],[-46.34418555599996,-22.014778888343592],[-46.34418555599996,-22.015236388343553],[-46.34449666699993,-22.015236388343553],[-46.34449666699993,-22.01636055534353],[-46.34553444399995,-22.01636055534353],[-46.34553444399995,-22.015823332343572],[-46.345330832999935,-22.015823332343572],[-46.345330832999935,-22.01520666634359],[-46.345180555999946,-22.0152066663436],[-46.345180555999946,-22.01486833234362],[-46.345019443999945,-22.01486833234362],[-46.34501944399994,-22.0144233283436],[-46.34902138899997,-22.014422807343585],[-46.34902138899997,-22.0152663883436],[-46.34835611099993,-22.0152663883436],[-46.34835611099993,-22.015982499343565],[-46.34728333299995,-22.015982499343565],[-46.34728333299995,-22.016778332343527],[-46.349901110999944,-22.016778332343527],[-46.34990111099995,-22.015504999343577],[-46.351617777999934,-22.015504999343577],[-46.351617777999934,-22.014422469343593],[-46.35726248499998,-22.014421734343564],[-46.35726176799995,-22.01211196234363],[-46.35866999999997,-22.012111829343677],[-46.35866999999997,-22.019343026343456],[-46.35549910999999,-22.01934306534349],[-46.35549910999999,-22.019349999343497],[-46.34075999999993,-22.019349999343504],[-46.34075999999993,-22.019969999343452],[-46.304369443999974,-22.019969999343452],[-46.304369443999974,-22.021852499343424],[-46.305989999999944,-22.02185249934344],[-46.30598999999995,-22.022706943343387],[-46.304179999999974,-22.022706943343387],[-46.30417999999998,-22.02270999934341],[-46.304179999999974,-22.02436999934339],[-46.303714999999954,-22.02436999934339],[-46.303714999999954,-22.023399999343415],[-46.30332277799994,-22.023399999343415],[-46.30332277799994,-22.023397499343357],[-46.30328583299997,-22.023397499343357],[-46.30328583299996,-22.023155277343367],[-46.30161999999996,-22.023155277343367],[-46.30161999999996,-22.023839999343373],[-46.300479999999936,-22.02383999934337],[-46.300479999999936,-22.02436888834336],[-46.277332221999984,-22.02436888834336],[-46.27733222199998,-22.019822221343478],[-46.27770694399994,-22.019822221343478],[-46.27770694399994,-22.018389721343485],[-46.278135832999965,-22.018389721343485],[-46.278135832999965,-22.01711666634357],[-46.27856499999996,-22.01711666634357],[-46.27856499999996,-22.015485555343542],[-46.27732999999995,-22.015485555343552],[-46.27732999999995,-22.00874999934375],[-46.27913999999999,-22.00874999934375],[-46.27913999999999,-22.008748864343747],[-46.27914264899994,-22.008748864343747],[-46.279142645999976,-22.007818026343728],[-46.26945812099996,-22.00781805234374],[-46.269458107999974,-22.003669443343867],[-46.27352194399998,-22.003669443343867],[-46.27352194399998,-22.00259499934385],[-46.274873888999934,-22.00259499934385],[-46.274873888999934,-22.003868332343842],[-46.27734138899996,-22.003868332343853],[-46.27734138899996,-22.003171943343894],[-46.27631138899994,-22.003171943343887],[-46.27631138899994,-22.00277416634385],[-46.27561638899993,-22.00277416634385],[-46.27561638899993,-22.001361666343932],[-46.27477944399993,-22.00136166634392],[-46.27477944399993,-22.002057777343868],[-46.273191666999935,-22.002057777343875],[-46.273191666999935,-22.00307249934389],[-46.27203277799998,-22.00307249934389],[-46.27203277799998,-22.002480555343894],[-46.27069972199996,-22.002480555343894],[-46.27069972199996,-22.001579999343875],[-46.27066084699993,-22.001579999343882],[-46.27066079999997,-22.0010210403439],[-46.270659999999964,-22.00102104034391],[-46.270659999999964,-22.00099999934394],[-46.26831999999996,-22.00099999934394],[-46.26831999999996,-22.000559166343926],[-46.27181111099998,-22.00055916634392],[-46.27181111099998,-22.000835277343917],[-46.27254083299994,-22.000835277343906],[-46.27254083299994,-22.001412221343898],[-46.27387111099995,-22.001412221343898],[-46.27387111099995,-22.000994443343913],[-46.27337749999998,-22.000994443343913],[-46.27337749999998,-22.00055916634392],[-46.284433888999956,-22.000559166343926],[-46.284433888999956,-22.001136388343912],[-46.283122221999974,-22.001136388343912],[-46.28312222199997,-22.001952221343892],[-46.28194194399998,-22.001952221343892],[-46.28194194399998,-22.002787777343887],[-46.28262138899998,-22.002787777343887],[-46.282621388999985,-22.00374944334383],[-46.28415555599997,-22.00374944334383],[-46.28415555599997,-22.004057777343835],[-46.28477777799998,-22.004057777343842],[-46.28477777799998,-22.004873610343807],[-46.284348610999984,-22.004873610343807],[-46.284348610999984,-22.005370832343825],[-46.28506749999997,-22.005370832343832],[-46.28506749999997,-22.005977777343777],[-46.285872221999966,-22.005977777343777],[-46.285872221999966,-22.006425277343766],[-46.286558888999934,-22.006425277343766],[-46.28655888899993,-22.006136943343765],[-46.28745999999995,-22.006136943343765],[-46.287459999999946,-22.005470277343825],[-46.288146666999985,-22.00547027734382],[-46.288146666999985,-22.005181943343825],[-46.28861888899996,-22.005181943343825],[-46.28861888899996,-22.00480388834383],[-46.288109443999986,-22.00480388834383],[-46.28810944399998,-22.004465832343808],[-46.28752999999995,-22.004465832343808],[-46.287529999999954,-22.00407805534386],[-46.28730472199993,-22.00407805534386],[-46.28730472199994,-22.003401666343837],[-46.28702583299998,-22.003401666343837],[-46.28702583299998,-22.00266555534387],[-46.28643555599996,-22.00266555534387],[-46.28643555599996,-22.001889443343902],[-46.285469999999975,-22.001889443343902],[-46.285469999999975,-22.00135249934389],[-46.28446166699997,-22.00135249934389],[-46.28446166699996,-22.000559999343935],[-46.28857611099994,-22.00055999934392],[-46.28857611099994,-22.00055583234393],[-46.28858444399998,-22.00055583234393],[-46.28858444399998,-21.998589999344002]]]}},{"type":"Feature","properties":{"PROCESSO":"833485/2023","NUMERO":833485,"ANO":2023,"AREA_HA":1994.34,"FASE":"AUTORIZAÇÃO DE PESQUISA","ULT_EVENTO":"294 - AUT PESQ/RENÚNCIA AUTORIZAÇÃO PESQUISA HOMOLOGADA PUBL EM 12/12/2024","NOME":"FOXFIRE METALS LTDA","SUBS":"TERRAS RARAS","USO":"Industrial","UF":"MG","DSProcesso":"833.485/2023","category":"direct_ree","category_label":"Terras Raras (REE)","lon":-46.647417539904716,"lat":-22.113194966722215},"geometry":{"type":"Polygon","coordinates":[[[-46.64631277799998,-22.09551314834166],[-46.65466277799993,-22.095513014341666],[-46.65466277799993,-22.10023638834159],[-46.655062777999945,-22.1002363883416],[-46.655062777999945,-22.108436388341378],[-46.65451277799997,-22.108436388341378],[-46.65451277799997,-22.118736388341112],[-46.65436277799994,-22.118736388341112],[-46.65436277799995,-22.129236388340903],[-46.65391277799995,-22.129236388340903],[-46.65391277799995,-22.140986388340632],[-46.65301277799995,-22.140986388340632],[-46.65301277799994,-22.154786388340312],[-46.62356277799995,-22.15478638834032],[-46.62356277799996,-22.10063638834153],[-46.63481277799997,-22.10063638834153],[-46.634812777999976,-22.09613638834169],[-46.64451277799997,-22.09613638834169],[-46.64451277799998,-22.09608638834165],[-46.64631277799998,-22.096086388341654],[-46.64631277799998,-22.09551314834166]]]}},{"type":"Feature","properties":{"PROCESSO":"833487/2023","NUMERO":833487,"ANO":2023,"AREA_HA":1993.82,"FASE":"AUTORIZAÇÃO DE PESQUISA","ULT_EVENTO":"294 - AUT PESQ/RENÚNCIA AUTORIZAÇÃO PESQUISA HOMOLOGADA PUBL EM 12/12/2024","NOME":"FOXFIRE METALS LTDA","SUBS":"TERRAS RARAS","USO":"Industrial","UF":"MG","DSProcesso":"833.487/2023","category":"direct_ree","category_label":"Terras Raras (REE)","lon":-46.60119553662066,"lat":-22.11078121592753},"geometry":{"type":"Polygon","coordinates":[[[-46.585912777999965,-22.096836388341664],[-46.591162777999955,-22.096836388341664],[-46.591162777999955,-22.10063638834153],[-46.59601277799993,-22.10063638834153],[-46.59601277799993,-22.102736388341533],[-46.596862777999945,-22.102736388341533],[-46.596862777999945,-22.109636388341332],[-46.61546277799994,-22.109636388341332],[-46.61546277799994,-22.10063638834153],[-46.61981277799998,-22.10063638834153],[-46.61981277799998,-22.101036388341548],[-46.62061277799996,-22.101036388341548],[-46.62061277799995,-22.10118638834156],[-46.62171277799996,-22.10118638834156],[-46.62171277799997,-22.10063638834153],[-46.62356277799996,-22.10063638834153],[-46.62356277799995,-22.15478638834032],[-46.61176277799996,-22.154786388340312],[-46.61176277799996,-22.132786388340786],[-46.60751277799994,-22.132786388340786],[-46.60751277799994,-22.128086388340932],[-46.58536277799994,-22.12808638834094],[-46.58536277799993,-22.128736388340922],[-46.56726277799999,-22.128736388340922],[-46.56726277799999,-22.100836388341527],[-46.58136277799998,-22.100836388341527],[-46.58136277799998,-22.099336388341605],[-46.58591277799997,-22.099336388341605],[-46.585912777999965,-22.096836388341664]]]}},{"type":"Feature","properties":{"PROCESSO":"833488/2023","NUMERO":833488,"ANO":2023,"AREA_HA":1987.63,"FASE":"AUTORIZAÇÃO DE PESQUISA","ULT_EVENTO":"294 - AUT PESQ/RENÚNCIA AUTORIZAÇÃO PESQUISA HOMOLOGADA PUBL EM 12/12/2024","NOME":"FOXFIRE METALS LTDA","SUBS":"TERRAS RARAS","USO":"Industrial","UF":"MG","DSProcesso":"833.488/2023","category":"direct_ree","category_label":"Terras Raras (REE)","lon":-46.56862277799996,"lat":-22.116043055007864},"geometry":{"type":"Polygon","coordinates":[[[-46.55906277799994,-22.097236388341617],[-46.558212777999984,-22.097236388341617],[-46.558212777999984,-22.09713638834165],[-46.56351277799996,-22.09713638834165],[-46.56351277799996,-22.10083638834154],[-46.56726277799999,-22.100836388341527],[-46.56726277799999,-22.128736388340922],[-46.58536277799993,-22.128736388340922],[-46.58536277799993,-22.1456363883405],[-46.603812777999956,-22.14563638834049],[-46.60381277799996,-22.154786388340312],[-46.547912777999954,-22.154786388340312],[-46.547912777999954,-22.09733638834165],[-46.55906277799994,-22.09733638834164],[-46.55906277799994,-22.097236388341617]]]}},{"type":"Feature","properties":{"PROCESSO":"833489/2023","NUMERO":833489,"ANO":2023,"AREA_HA":1812.46,"FASE":"AUTORIZAÇÃO DE PESQUISA","ULT_EVENTO":"294 - AUT PESQ/RENÚNCIA AUTORIZAÇÃO PESQUISA HOMOLOGADA PUBL EM 12/12/2024","NOME":"FOXFIRE METALS LTDA","SUBS":"TERRAS RARAS","USO":"Industrial","UF":"MG","DSProcesso":"833.489/2023","category":"direct_ree","category_label":"Terras Raras (REE)","lon":-46.519509444666625,"lat":-22.13433972167411},"geometry":{"type":"Polygon","coordinates":[[[-46.534362777999945,-22.108386388341394],[-46.52366277799995,-22.108386388341394],[-46.52366277799996,-22.09733638834164],[-46.547912777999954,-22.09733638834165],[-46.547912777999954,-22.154786388340312],[-46.509362777999975,-22.154786388340312],[-46.509362777999975,-22.153636388340278],[-46.510262777999976,-22.153636388340278],[-46.51026277799997,-22.1507363883404],[-46.503212777999984,-22.1507363883404],[-46.503212777999984,-22.154786388340312],[-46.50036277799995,-22.154786388340312],[-46.50036277799996,-22.133686388340763],[-46.53436277799994,-22.133686388340763],[-46.534362777999945,-22.108386388341394]]]}},{"type":"Feature","properties":{"PROCESSO":"833490/2023","NUMERO":833490,"ANO":2023,"AREA_HA":1968.07,"FASE":"AUTORIZAÇÃO DE PESQUISA","ULT_EVENTO":"294 - AUT PESQ/RENÚNCIA AUTORIZAÇÃO PESQUISA HOMOLOGADA PUBL EM 12/12/2024","NOME":"FOXFIRE METALS LTDA","SUBS":"TERRAS RARAS","USO":"Industrial","UF":"MG","DSProcesso":"833.490/2023","category":"direct_ree","category_label":"Terras Raras (REE)","lon":-46.45763777799996,"lat":-22.13806388834069},"geometry":{"type":"Polygon","coordinates":[[[-46.48476277799994,-22.11743638834118],[-46.49951277799994,-22.11743638834118],[-46.49951277799994,-22.12768638834093],[-46.50036277799996,-22.127686388340916],[-46.50036277799996,-22.133686388340763],[-46.50036277799995,-22.154786388340312],[-46.432462777999945,-22.154786388340312],[-46.432462777999945,-22.151386388340384],[-46.42371277799998,-22.1513863883404],[-46.423712777999974,-22.15133638834035],[-46.42331277799996,-22.15133638834035],[-46.42331277799997,-22.14138638834058],[-46.42371277799998,-22.14138638834058],[-46.42371277799998,-22.140786388340626],[-46.44456277799998,-22.140786388340633],[-46.44456277799998,-22.13863638834066],[-46.45141277799997,-22.13863638834066],[-46.45141277799996,-22.131636388340816],[-46.48476277799995,-22.131636388340816],[-46.48476277799994,-22.11743638834118]]]}},{"type":"Feature","properties":{"PROCESSO":"833491/2023","NUMERO":833491,"ANO":2023,"AREA_HA":1959.41,"FASE":"AUTORIZAÇÃO DE PESQUISA","ULT_EVENTO":"294 - AUT PESQ/RENÚNCIA AUTORIZAÇÃO PESQUISA HOMOLOGADA PUBL EM 12/12/2024","NOME":"FOXFIRE METALS LTDA","SUBS":"TERRAS RARAS","USO":"Industrial","UF":"MG","DSProcesso":"833.491/2023","category":"direct_ree","category_label":"Terras Raras (REE)","lon":-46.44760849228569,"lat":-22.119680674055402},"geometry":{"type":"Polygon","coordinates":[[[-46.425662777999946,-22.111386388341312],[-46.421962777999966,-22.111386388341312],[-46.421962777999966,-22.106836388341428],[-46.414862777999986,-22.106836388341428],[-46.414862777999986,-22.090386388341788],[-46.46161277799996,-22.090386388341788],[-46.46161277799996,-22.112786388341267],[-46.47696277799997,-22.112786388341267],[-46.47696277799997,-22.11743638834118],[-46.48476277799994,-22.11743638834118],[-46.48476277799995,-22.131636388340816],[-46.46791277799997,-22.131636388340816],[-46.46791277799997,-22.1290363883409],[-46.46436277799995,-22.1290363883409],[-46.46436277799995,-22.121836388341055],[-46.46036277799993,-22.121836388341055],[-46.46036277799993,-22.127636388340942],[-46.44976277799998,-22.127636388340942],[-46.44976277799998,-22.131586388340825],[-46.44526277799998,-22.131586388340825],[-46.44526277799997,-22.13113638834083],[-46.44886277799997,-22.13113638834083],[-46.44886277799998,-22.12468638834102],[-46.441962777999954,-22.12468638834102],[-46.441962777999954,-22.13113638834083],[-46.44516277799994,-22.13113638834083],[-46.44516277799995,-22.131586388340825],[-46.43826277799997,-22.131586388340825],[-46.43826277799997,-22.112786388341267],[-46.43836277799994,-22.112786388341267],[-46.43836277799994,-22.112736388341283],[-46.43421277799996,-22.112736388341283],[-46.43421277799996,-22.11408638834126],[-46.425662777999946,-22.11408638834126],[-46.425662777999946,-22.111386388341312]]]}},{"type":"Feature","properties":{"PROCESSO":"833492/2023","NUMERO":833492,"ANO":2023,"AREA_HA":1846.32,"FASE":"AUTORIZAÇÃO DE PESQUISA","ULT_EVENTO":"294 - AUT PESQ/RENÚNCIA AUTORIZAÇÃO PESQUISA HOMOLOGADA PUBL EM 12/12/2024","NOME":"FOXFIRE METALS LTDA","SUBS":"TERRAS RARAS","USO":"Industrial","UF":"MG","DSProcesso":"833.492/2023","category":"direct_ree","category_label":"Terras Raras (REE)","lon":-46.50529399328435,"lat":-22.087397993607915},"geometry":{"type":"Polygon","coordinates":[[[-46.43177694399998,-22.054059166342626],[-46.434912777999955,-22.054059166342633],[-46.43491277799996,-22.073459166342197],[-46.44086277799994,-22.073459166342197],[-46.440862777999946,-22.068959166342292],[-46.449862777999954,-22.068959166342303],[-46.44986277799995,-22.069859166342273],[-46.46396277799994,-22.069859166342273],[-46.46396277799994,-22.078509166342062],[-46.50176277799994,-22.078509166342062],[-46.50176277799995,-22.078109166342117],[-46.502462777999945,-22.078109166342117],[-46.502462777999945,-22.077759166342098],[-46.503562777999946,-22.077759166342098],[-46.50356277799994,-22.07820916634209],[-46.50481277799997,-22.07820916634209],[-46.50481277799998,-22.078309166342063],[-46.50676277799994,-22.078309166342063],[-46.50676277799994,-22.07995916634206],[-46.50726277799998,-22.07995916634206],[-46.50726277799999,-22.081409166342002],[-46.50796277799998,-22.081409166342002],[-46.50796277799998,-22.082459166341998],[-46.508299721999954,-22.082459166341998],[-46.50829972199995,-22.082443332341988],[-46.508949721999954,-22.082443332341988],[-46.508949721999954,-22.08379333234197],[-46.51059972199994,-22.08379333234197],[-46.51059972199994,-22.085593332341915],[-46.511999721999985,-22.08559333234193],[-46.511999721999985,-22.086493332341902],[-46.51519972199998,-22.086493332341902],[-46.51519972199998,-22.087493332341857],[-46.515699721999965,-22.087493332341857],[-46.51569972199997,-22.08794333234185],[-46.51614972199997,-22.08794333234185],[-46.51614972199997,-22.088443332341825],[-46.516299721999985,-22.088443332341825],[-46.516299721999985,-22.08869333234187],[-46.516499721999935,-22.088693332341876],[-46.516499721999935,-22.088943332341863],[-46.51669972199994,-22.088943332341852],[-46.516699721999935,-22.089243332341837],[-46.516899721999955,-22.089243332341827],[-46.51689972199995,-22.089543332341805],[-46.51699972199998,-22.089543332341805],[-46.51699972199998,-22.089793332341795],[-46.517099721999955,-22.089793332341795],[-46.51709972199996,-22.090243332341785],[-46.51724972199998,-22.09024333234177],[-46.517249721999974,-22.090593332341797],[-46.51734972199995,-22.0905933323418],[-46.51734972199995,-22.091043332341787],[-46.51749972199997,-22.091043332341787],[-46.51749972199997,-22.09129333234178],[-46.51779972199995,-22.091293332341774],[-46.51779972199996,-22.091343332341754],[-46.51859972199998,-22.091343332341754],[-46.518599721999976,-22.091393332341756],[-46.51959972199995,-22.091393332341756],[-46.51959972199996,-22.091443332341797],[-46.52049972199995,-22.091443332341797],[-46.520499721999954,-22.091593332341755],[-46.52064972199997,-22.091593332341755],[-46.52064972199997,-22.091743332341768],[-46.52079972199994,-22.091743332341768],[-46.52079972199994,-22.09189333234178],[-46.520949721999955,-22.09189333234178],[-46.52094972199996,-22.092143332341777],[-46.521099721999974,-22.092143332341777],[-46.521099721999974,-22.09229333234173],[-46.521249721999936,-22.09229333234173],[-46.52124972199994,-22.092493332341736],[-46.521399721999956,-22.092493332341736],[-46.521399721999956,-22.092743332341723],[-46.52159972199996,-22.092743332341723],[-46.52159972199996,-22.092893332341728],[-46.52174972199999,-22.092893332341728],[-46.52174972199999,-22.09304333234175],[-46.521899721999944,-22.09304333234175],[-46.52189972199995,-22.093243332341753],[-46.521999721999975,-22.093243332341753],[-46.521999721999975,-22.093393332341723],[-46.52209972199995,-22.093393332341723],[-46.52209972199994,-22.093593332341715],[-46.52219972199998,-22.093593332341715],[-46.52219972199999,-22.09379333234171],[-46.52229972199996,-22.09379333234171],[-46.522299721999964,-22.0940433323417],[-46.522449721999976,-22.094043332341702],[-46.52244972199998,-22.094193332341725],[-46.522499721999964,-22.094193332341725],[-46.522499721999964,-22.09434333234168],[-46.52259972199994,-22.09434333234168],[-46.52259972199994,-22.094493332341695],[-46.50836277799994,-22.094493332341703],[-46.508362777999935,-22.09453638834167],[-46.50036277799996,-22.094536388341684],[-46.50036277799995,-22.09543638834165],[-46.49266277799996,-22.09543638834165],[-46.49266277799995,-22.09993638834155],[-46.47541277799996,-22.09993638834156],[-46.47541277799996,-22.096786388341624],[-46.46471277799998,-22.096786388341624],[-46.46471277799998,-22.090309166341765],[-46.46161277799996,-22.09030916634178],[-46.46161277799996,-22.090386388341788],[-46.43177694399998,-22.090386388341788],[-46.43177694399998,-22.054059166342626]]]}},{"type":"Feature","properties":{"PROCESSO":"833493/2023","NUMERO":833493,"ANO":2023,"AREA_HA":1808.95,"FASE":"AUTORIZAÇÃO DE PESQUISA","ULT_EVENTO":"294 - AUT PESQ/RENÚNCIA AUTORIZAÇÃO PESQUISA HOMOLOGADA PUBL EM 12/12/2024","NOME":"FOXFIRE METALS LTDA","SUBS":"TERRAS RARAS","USO":"Industrial","UF":"MG","DSProcesso":"833.493/2023","category":"direct_ree","category_label":"Terras Raras (REE)","lon":-46.40111343048644,"lat":-22.048732139315767},"geometry":{"type":"Polygon","coordinates":[[[-46.36492694399993,-22.033559166343156],[-46.37757694399994,-22.033559166343156],[-46.37757694399994,-22.037159166343066],[-46.38047694399995,-22.037159166343066],[-46.38047694399995,-22.041709166342965],[-46.38147694399999,-22.041709166342965],[-46.38147694399999,-22.043509166342922],[-46.385326943999985,-22.043509166342922],[-46.385326943999985,-22.045759166342865],[-46.39022694399995,-22.045759166342865],[-46.39022694399995,-22.041259166342975],[-46.39502694399994,-22.041259166342982],[-46.395026943999945,-22.043059166342935],[-46.40082694399996,-22.043059166342935],[-46.40082694399996,-22.04395916634292],[-46.40767694399995,-22.04395916634292],[-46.40767694399995,-22.03940916634302],[-46.41147694399996,-22.03940916634302],[-46.41147694399996,-22.041709166342965],[-46.42802694399995,-22.041709166342965],[-46.42802694399995,-22.037159166343066],[-46.42992694399994,-22.037159166343066],[-46.42992694399993,-22.035359166343117],[-46.431226943999945,-22.035359166343117],[-46.431226943999945,-22.045759166342876],[-46.39297694399994,-22.045759166342865],[-46.39297694399994,-22.05625916634261],[-46.431776943999985,-22.05625916634261],[-46.43177694399998,-22.079609166342042],[-46.41952694399998,-22.079609166342042],[-46.41952694399998,-22.077609166342075],[-46.40977694399992,-22.077609166342075],[-46.40977694399993,-22.080059166342043],[-46.39987694399997,-22.080059166342043],[-46.39987694399997,-22.061859166342483],[-46.36492694399993,-22.061859166342483],[-46.36492694399993,-22.033559166343156]]]}},{"type":"Feature","properties":{"PROCESSO":"833494/2023","NUMERO":833494,"ANO":2023,"AREA_HA":1989.6,"FASE":"AUTORIZAÇÃO DE PESQUISA","ULT_EVENTO":"294 - AUT PESQ/RENÚNCIA AUTORIZAÇÃO PESQUISA HOMOLOGADA PUBL EM 12/12/2024","NOME":"FOXFIRE METALS LTDA","SUBS":"TERRAS RARAS","USO":"Industrial","UF":"MG","DSProcesso":"833.494/2023","category":"direct_ree","category_label":"Terras Raras (REE)","lon":-46.38638768488886,"lat":-22.070883394675597},"geometry":{"type":"Polygon","coordinates":[[[-46.35632694399994,-22.0272591663433],[-46.36492694399993,-22.027259166343306],[-46.36492694399993,-22.033559166343156],[-46.36492694399993,-22.061859166342483],[-46.39987694399997,-22.061859166342483],[-46.39987694399997,-22.080059166342043],[-46.40977694399993,-22.080059166342043],[-46.40977694399992,-22.082159166341967],[-46.41952694399998,-22.08215916634196],[-46.41952694399998,-22.079609166342042],[-46.43177694399998,-22.079609166342042],[-46.43177694399998,-22.090386388341788],[-46.414862777999986,-22.090386388341788],[-46.414862777999986,-22.106836388341428],[-46.407812777999936,-22.106836388341414],[-46.407812777999936,-22.096536388341637],[-46.405512777999945,-22.096536388341637],[-46.40551277799995,-22.092036388341732],[-46.39676277799999,-22.092036388341732],[-46.39676277799998,-22.090386388341788],[-46.39677694399995,-22.090386388341788],[-46.39677694399995,-22.088209166341837],[-46.38262694399999,-22.088209166341837],[-46.38262694399998,-22.080059166342043],[-46.379326943999956,-22.080059166342043],[-46.37932694399996,-22.07590916634215],[-46.36957694399996,-22.075909166342157],[-46.36957694399996,-22.075959166342145],[-46.35552694399997,-22.075959166342138],[-46.35552694399996,-22.050309166342753],[-46.34782694399997,-22.050309166342753],[-46.34782694399997,-22.036909166343094],[-46.35552694399996,-22.036909166343094],[-46.35552694399996,-22.03100916634323],[-46.35632694399994,-22.03100916634323],[-46.35632694399994,-22.0272591663433]]]}},{"type":"Feature","properties":{"PROCESSO":"833495/2023","NUMERO":833495,"ANO":2023,"AREA_HA":1977.69,"FASE":"AUTORIZAÇÃO DE PESQUISA","ULT_EVENTO":"294 - AUT PESQ/RENÚNCIA AUTORIZAÇÃO PESQUISA HOMOLOGADA PUBL EM 12/12/2024","NOME":"FOXFIRE METALS LTDA","SUBS":"TERRAS RARAS","USO":"Industrial","UF":"MG","DSProcesso":"833.495/2023","category":"direct_ree","category_label":"Terras Raras (REE)","lon":-46.368484129422185,"lat":-22.089546623052932},"geometry":{"type":"Polygon","coordinates":[[[-46.35352694399995,-22.084459166341965],[-46.352526943999976,-22.084459166341965],[-46.352526943999976,-22.08355916634198],[-46.35157694399993,-22.08355916634198],[-46.35157694399993,-22.08115916634202],[-46.34782694399997,-22.08115916634202],[-46.34782694399997,-22.050309166342753],[-46.35552694399996,-22.050309166342753],[-46.35552694399997,-22.075959166342138],[-46.36957694399996,-22.075959166342145],[-46.36957694399996,-22.084109166341943],[-46.381226943999934,-22.084109166341932],[-46.381226943999934,-22.08985916634179],[-46.38607694399997,-22.08985916634179],[-46.38607694399997,-22.09040916634182],[-46.38606277799994,-22.09040916634182],[-46.38606277799994,-22.093686388341737],[-46.38896277799994,-22.093686388341737],[-46.38896277799995,-22.098536388341596],[-46.39091277799997,-22.098536388341596],[-46.39091277799997,-22.10688638834141],[-46.39291277799998,-22.10688638834141],[-46.39291277799998,-22.102386388341504],[-46.39766277799998,-22.102386388341504],[-46.39766277799999,-22.10688638834141],[-46.40116277799996,-22.10688638834141],[-46.40116277799996,-22.10998638834136],[-46.408712777999945,-22.10998638834135],[-46.40871277799994,-22.114686388341205],[-46.347812777999934,-22.114686388341205],[-46.347812777999934,-22.090386388341788],[-46.34782694399997,-22.090386388341788],[-46.34782694399997,-22.082859166342004],[-46.34907694399993,-22.082859166342004],[-46.34907694399994,-22.083759166341977],[-46.35007694399997,-22.083759166341977],[-46.350076943999966,-22.084659166341922],[-46.350576943999954,-22.084659166341922],[-46.350576943999954,-22.08555916634188],[-46.35202694399994,-22.08555916634188],[-46.35202694399993,-22.086009166341885],[-46.35247694399993,-22.086009166341885],[-46.35247694399993,-22.086459166341868],[-46.35352694399995,-22.086459166341868],[-46.35352694399995,-22.084459166341965]]]}},{"type":"Feature","properties":{"PROCESSO":"833496/2023","NUMERO":833496,"ANO":2023,"AREA_HA":1924.08,"FASE":"AUTORIZAÇÃO DE PESQUISA","ULT_EVENTO":"294 - AUT PESQ/RENÚNCIA AUTORIZAÇÃO PESQUISA HOMOLOGADA PUBL EM 12/12/2024","NOME":"FOXFIRE METALS LTDA","SUBS":"TERRAS RARAS","USO":"Industrial","UF":"MG","DSProcesso":"833.496/2023","category":"direct_ree","category_label":"Terras Raras (REE)","lon":-46.39339055577773,"lat":-22.131058610563063},"geometry":{"type":"Polygon","coordinates":[[[-46.347812777999934,-22.114686388341205],[-46.40871277799994,-22.114686388341205],[-46.41301277799994,-22.114686388341205],[-46.413012777999946,-22.12103638834111],[-46.39706277799996,-22.12103638834111],[-46.39706277799996,-22.12548638834096],[-46.39741277799993,-22.12548638834096],[-46.39741277799993,-22.13463638834078],[-46.39706277799996,-22.13463638834078],[-46.39706277799996,-22.134886388340767],[-46.402612777999934,-22.134886388340767],[-46.40261277799994,-22.140836388340606],[-46.41356277799997,-22.14083638834062],[-46.41356277799997,-22.15133638834035],[-46.39371277799995,-22.15133638834035],[-46.39371277799996,-22.1419363883406],[-46.347812777999934,-22.1419363883406],[-46.347812777999934,-22.114686388341205]]]}},{"type":"Feature","properties":{"PROCESSO":"833497/2023","NUMERO":833497,"ANO":2023,"AREA_HA":1759.65,"FASE":"AUTORIZAÇÃO DE PESQUISA","ULT_EVENTO":"294 - AUT PESQ/RENÚNCIA AUTORIZAÇÃO PESQUISA HOMOLOGADA PUBL EM 12/12/2024","NOME":"FOXFIRE METALS LTDA","SUBS":"TERRAS RARAS","USO":"Industrial","UF":"MG","DSProcesso":"833.497/2023","category":"direct_ree","category_label":"Terras Raras (REE)","lon":-46.36880466405259,"lat":-22.16073222176119},"geometry":{"type":"Polygon","coordinates":[[[-46.34780916699998,-22.141897777340567],[-46.347812777999934,-22.141897777340567],[-46.347812777999934,-22.1419363883406],[-46.39371277799996,-22.1419363883406],[-46.39371277799995,-22.15133638834035],[-46.393759166999985,-22.15133638834035],[-46.393759166999985,-22.151347777340355],[-46.39370916699994,-22.151347777340344],[-46.39370916699994,-22.180747777339672],[-46.370459166999986,-22.180747777339672],[-46.37045916699998,-22.167097777340008],[-46.36425916699994,-22.167097777340008],[-46.36425916699994,-22.178347777339702],[-46.36055916699997,-22.17834777733969],[-46.36055916699996,-22.176147777339796],[-46.35765916699995,-22.176147777339796],[-46.35765916699995,-22.167147777340002],[-46.34780916699997,-22.167147777340002],[-46.34780916699998,-22.141897777340567]]]}},{"type":"Feature","properties":{"PROCESSO":"833504/2023","NUMERO":833504,"ANO":2023,"AREA_HA":1723.73,"FASE":"AUTORIZAÇÃO DE PESQUISA","ULT_EVENTO":"278 - AUT PESQ/RENÚNCIA AUTORIZAÇÃO PESQUISA PROTOC EM 13/11/2025","NOME":"JOSE MARQUES BRAGA JUNIOR LTDA","SUBS":"TERRAS RARAS","USO":"Industrial","UF":"MG","DSProcesso":"833.504/2023","category":"direct_ree","category_label":"Terras Raras (REE)","lon":-46.288629607306454,"lat":-22.042600161761097},"geometry":{"type":"Polygon","coordinates":[[[-46.25902249999996,-22.009329999343745],[-46.25904175499994,-22.009329999343745],[-46.25904182199997,-22.03079200434322],[-46.259049999999945,-22.03079200434323],[-46.259049999999945,-22.033489999343164],[-46.25905493999994,-22.033489999343164],[-46.25905493999994,-22.03349204634318],[-46.26703999999995,-22.033492219343167],[-46.26703999999995,-22.034619999343132],[-46.267041517999985,-22.03461992634311],[-46.275939999999935,-22.03461991434311],[-46.27594270299994,-22.03461982934311],[-46.27594270299994,-22.03452816234312],[-46.275939999999935,-22.03452816234312],[-46.27593999999994,-22.034520687343097],[-46.276711354999975,-22.03452070134312],[-46.27671135199995,-22.033489999343164],[-46.27732999999995,-22.033489999343164],[-46.27732999999995,-22.02436999934339],[-46.30048020099997,-22.02436999934339],[-46.30048018499997,-22.02455916634335],[-46.300084166999966,-22.02455916634335],[-46.300084166999966,-22.024559999343364],[-46.30007999999998,-22.024559999343364],[-46.30007999999998,-22.025117777343368],[-46.29870999999997,-22.025117777343368],[-46.29870999999997,-22.024879999343327],[-46.29767999999996,-22.024879999343337],[-46.29767999999996,-22.025649999343308],[-46.29730999999998,-22.025649999343297],[-46.29730999999998,-22.026859999343287],[-46.296959999999956,-22.026859999343287],[-46.29695999999996,-22.02958999934321],[-46.29754555599993,-22.02958999934321],[-46.29754555599994,-22.03123916634321],[-46.297549999999944,-22.031239166343216],[-46.29754999999994,-22.031239999343214],[-46.298157499999945,-22.031239999343214],[-46.298157499999945,-22.032665832343163],[-46.29815999999994,-22.032665832343163],[-46.298159999999946,-22.032669999343145],[-46.29855555599994,-22.032669999343145],[-46.29855555599994,-22.03333194334314],[-46.29855999999995,-22.03333194334314],[-46.29855999999995,-22.033405277343174],[-46.298555832999966,-22.03340527734317],[-46.298555832999966,-22.033765832343157],[-46.29830805599994,-22.03376583234314],[-46.29830805599994,-22.03484861034313],[-46.29776888899994,-22.03484861034313],[-46.29776888899995,-22.035789999343095],[-46.29723999999993,-22.035789999343095],[-46.29723999999994,-22.035792499343103],[-46.29723805599997,-22.03579249934309],[-46.29723805599997,-22.03783583234307],[-46.29680083299997,-22.03783583234307],[-46.29680083299996,-22.037839999343046],[-46.29679999999996,-22.037839999343046],[-46.29679999999996,-22.038579999343035],[-46.29631999999999,-22.038579999343035],[-46.29631999999998,-22.03858444334305],[-46.296316666999985,-22.03858444334305],[-46.296316666999985,-22.038939999343036],[-46.29573999999997,-22.03893999934303],[-46.29573999999997,-22.038943055342994],[-46.29573888899995,-22.038943055342994],[-46.29573888899995,-22.03989999934298],[-46.29502999999995,-22.03989999934298],[-46.29502999999995,-22.041209999342986],[-46.29384999999996,-22.041209999342986],[-46.29384979099995,-22.04121083234299],[-46.29384979099996,-22.041909166342958],[-46.29345666699993,-22.041909166342965],[-46.29345666699993,-22.042349999342928],[-46.290902221999936,-22.042349999342928],[-46.29090222199994,-22.042090277342922],[-46.290899999999965,-22.04209024634297],[-46.28932999999995,-22.042090246342962],[-46.28932861099997,-22.042090277342922],[-46.28932861099997,-22.043358332342923],[-46.289034999999956,-22.043358332342923],[-46.28903499999996,-22.043359999342908],[-46.28902999999997,-22.043359999342908],[-46.289029999999975,-22.043899999342898],[-46.28860999999995,-22.043899999342898],[-46.28860999999995,-22.04390444334291],[-46.28860999999995,-22.04465999934289],[-46.288359999999955,-22.04465999934289],[-46.288359999999955,-22.044662499342884],[-46.28835888899993,-22.044662499342884],[-46.28835888899994,-22.045188055342898],[-46.287800555999986,-22.045188055342894],[-46.28780049399995,-22.04518999934285],[-46.28780036999996,-22.045548888342875],[-46.28757083299997,-22.045548888342875],[-46.28757083299997,-22.04554999934284],[-46.28756999999996,-22.04554999934284],[-46.28756999999996,-22.046278610342817],[-46.284479999999974,-22.046278610342817],[-46.284479999999974,-22.04627999934286],[-46.284479999999974,-22.046338888342866],[-46.284479999999974,-22.04633999934281],[-46.28756999999996,-22.04633999934281],[-46.28756999999996,-22.046369999342854],[-46.28833999999995,-22.046369999342858],[-46.28833999999995,-22.04636888834284],[-46.28834138899999,-22.04636888834284],[-46.28834138899999,-22.046154166342838],[-46.28894944399997,-22.046154166342838],[-46.28894950599994,-22.04614999934284],[-46.28894962899995,-22.046044721342874],[-46.28945388899996,-22.046044721342874],[-46.28945388899995,-22.045869999342884],[-46.28983999999997,-22.045869999342884],[-46.28983999999997,-22.04586916634287],[-46.28984249999996,-22.04586916634287],[-46.28984249999997,-22.04565999934284],[-46.29013999999995,-22.04565999934284],[-46.29013962899995,-22.045473888342844],[-46.290443055999965,-22.045473888342844],[-46.290443055999965,-22.044774999342884],[-46.29043999999993,-22.044774999342884],[-46.29043999999993,-22.044769999342904],[-46.29002999999994,-22.044769999342904],[-46.290029999999945,-22.04442999934291],[-46.29002833299995,-22.04442999934291],[-46.289759999999944,-22.04442999934291],[-46.28975999999995,-22.044069999342923],[-46.290119999999945,-22.044069999342923],[-46.290119999999945,-22.043849999342903],[-46.29040999999995,-22.043849999342903],[-46.29041020799996,-22.043848610342877],[-46.29041020799997,-22.043649999342904],[-46.29069999999996,-22.043649999342904],[-46.290699999999966,-22.04364888834289],[-46.290701110999976,-22.04364888834289],[-46.290701110999976,-22.043379999342914],[-46.29105999999996,-22.043379999342914],[-46.29105999999996,-22.0433763883429],[-46.29106472199993,-22.0433763883429],[-46.29106472199993,-22.043140207342912],[-46.29351999999995,-22.043140231342885],[-46.29352277799996,-22.043140277342925],[-46.293522777999954,-22.043044443342932],[-46.29382444399994,-22.043044443342932],[-46.29382444399994,-22.04287222134294],[-46.29406888899996,-22.04287222134294],[-46.29406888899996,-22.04286999934291],[-46.29406999999998,-22.042869999342916],[-46.294069999999984,-22.042659999342934],[-46.29444999999998,-22.042659999342934],[-46.294449790999984,-22.0426569433429],[-46.29444979099998,-22.042513332342907],[-46.29488805599994,-22.042513332342907],[-46.29488805599994,-22.042509999342922],[-46.29488999999995,-22.042509999342922],[-46.29488999999995,-22.04226194334295],[-46.295327221999976,-22.04226194334295],[-46.29532722199997,-22.042259999342924],[-46.29532999999998,-22.042259999342924],[-46.29532999999998,-22.042083610342942],[-46.29549666699995,-22.042083610342942],[-46.29549666699995,-22.042079999342928],[-46.29549999999995,-22.042079999342928],[-46.29549999999995,-22.041959999342957],[-46.295619999999985,-22.041959999342957],[-46.295619999999985,-22.04195833234296],[-46.29562194399995,-22.04195833234296],[-46.29562194399995,-22.041811110342948],[-46.295813332999955,-22.041811110342948],[-46.29581333299995,-22.041671388342927],[-46.295982777999946,-22.041671388342927],[-46.29598277799994,-22.04157999934295],[-46.29610999999994,-22.04157999934295],[-46.29610999999994,-22.041413888342962],[-46.296240832999956,-22.041413888342962],[-46.296240832999956,-22.041259999342977],[-46.296389999999974,-22.041259999342977],[-46.296389999999974,-22.04102361034297],[-46.29646916699995,-22.04102361034297],[-46.29646916699995,-22.041019999342964],[-46.29646999999994,-22.041019999342964],[-46.29646999999994,-22.040879999342977],[-46.29652999999997,-22.040879999342977],[-46.29652999999996,-22.040670493343015],[-46.296638610999935,-22.04067036934295],[-46.29663999999997,-22.040669999343002],[-46.29663999999997,-22.040471666342984],[-46.29674166699993,-22.040471666342984],[-46.29674166699993,-22.04022138834299],[-46.296852221999984,-22.04022138834299],[-46.296852221999984,-22.03993999934299],[-46.29695999999996,-22.03993999934299],[-46.296959999999956,-22.03972024634298],[-46.297059535999956,-22.039720184343015],[-46.29705999999993,-22.039469999342987],[-46.29720999999995,-22.039469999342987],[-46.29720999999996,-22.039229999343036],[-46.29731999999996,-22.039229999343036],[-46.297320207999974,-22.03922916634303],[-46.297320207999974,-22.039009999343026],[-46.29739999999999,-22.039009999343026],[-46.29739999999998,-22.03877361034302],[-46.29751166699998,-22.03877361034302],[-46.29751166699998,-22.038529999343055],[-46.29759999999994,-22.038529999343055],[-46.29759999999994,-22.03852583234301],[-46.29760194399995,-22.038525832343016],[-46.29760194399995,-22.038249999343023],[-46.29774999999995,-22.038249999343023],[-46.29775020799997,-22.03824666634304],[-46.29775020799997,-22.03798999934306],[-46.297878888999946,-22.03798999934307],[-46.29787999999997,-22.03798999934306],[-46.297879999999964,-22.037639999343046],[-46.29800999999998,-22.037639999343046],[-46.29800999999998,-22.03763527734307],[-46.29801472199995,-22.037635277343078],[-46.29801472199995,-22.037379999343035],[-46.29813999999993,-22.037379999343035],[-46.29813999999993,-22.037378610343055],[-46.298143332999985,-22.037378610343055],[-46.29814333299999,-22.037084443343073],[-46.29826638899994,-22.037084443343073],[-46.29826638899994,-22.037079999343057],[-46.298269999999945,-22.037079999343057],[-46.298269999999945,-22.03675416634309],[-46.298358888999985,-22.03675416634309],[-46.298358888999985,-22.03674999934304],[-46.298359999999946,-22.03674999934304],[-46.298359999999946,-22.036502221343085],[-46.298479999999984,-22.036502221343085],[-46.298479999999984,-22.036499999343057],[-46.298479999999984,-22.036211666343107],[-46.29859305599996,-22.036211666343107],[-46.29859305599996,-22.03597055534307],[-46.298733055999946,-22.03597055534307],[-46.298733055999946,-22.035604721343105],[-46.29891999999995,-22.035604721343105],[-46.29891999999995,-22.035599999343077],[-46.29891999999995,-22.035239999343087],[-46.29906999999997,-22.035239999343077],[-46.29906999999998,-22.034939999343106],[-46.29915999999997,-22.034939999343113],[-46.29915999999997,-22.034935555343107],[-46.29916166699997,-22.034935555343107],[-46.299161666999964,-22.034649999343113],[-46.29929999999996,-22.034649999343113],[-46.29929999999996,-22.03430138834312],[-46.29948499999995,-22.034301388343128],[-46.29948499999995,-22.03389999934314],[-46.299639999999954,-22.03389999934314],[-46.299639999999954,-22.03333194334313],[-46.299730555999986,-22.03333194334313],[-46.299730555999986,-22.03221499934317],[-46.300096666999934,-22.03221499934318],[-46.30009666699994,-22.032209999343184],[-46.30009999999993,-22.032209999343195],[-46.30009999999993,-22.028319999343267],[-46.30009666699994,-22.028320138343275],[-46.29892249999995,-22.028320092343247],[-46.29892249999995,-22.027040832343282],[-46.30192611099994,-22.027040832343282],[-46.301926110999936,-22.027039999343295],[-46.30192999999997,-22.027039999343295],[-46.30192999999997,-22.027199810343287],[-46.30066029499994,-22.027199896343287],[-46.30065983099996,-22.03848824934302],[-46.298237981999925,-22.03848809534305],[-46.298237796999956,-22.040745826342988],[-46.298239999999964,-22.040745826342988],[-46.298239999999964,-22.04074999934297],[-46.30065967699995,-22.04074999934297],[-46.300659166999935,-22.04611794934283],[-46.29723885199996,-22.046117857342846],[-46.29723844199999,-22.052439495342725],[-46.29675405799997,-22.05243982234267],[-46.296749999999975,-22.052439999342685],[-46.29674999999998,-22.053339999342658],[-46.295789999999954,-22.053339999342658],[-46.29578999999996,-22.05334249734267],[-46.29578522299994,-22.05334249734267],[-46.29578515499997,-22.05424558834264],[-46.29481637599997,-22.05424552134268],[-46.29481630199996,-22.055148613342638],[-46.29384751699995,-22.055148540342625],[-46.293847436999954,-22.05604999934262],[-46.292879999999975,-22.05604999934262],[-46.29287999999997,-22.05605155334262],[-46.29287864499998,-22.05605155334262],[-46.292878557999984,-22.056949999342606],[-46.29190999999997,-22.056949999342606],[-46.29190987999994,-22.05695456034257],[-46.291909833999966,-22.057857650342566],[-46.29094086499998,-22.057857561342598],[-46.290940864999975,-22.057859999342572],[-46.29093999999998,-22.057859999342565],[-46.29093999999997,-22.058759999342545],[-46.28996999999998,-22.058759999342545],[-46.28996999999998,-22.059659999342518],[-46.28899999999993,-22.059659999342518],[-46.28899999999993,-22.060566636342514],[-46.28803410199998,-22.060566530342502],[-46.28803410199998,-22.06056999934248],[-46.28802999999994,-22.06056999934248],[-46.28802999999994,-22.06146980934248],[-46.287065155999976,-22.061469508342483],[-46.287065032999976,-22.062369999342437],[-46.286099999999976,-22.062369999342437],[-46.286099999999976,-22.062372480342468],[-46.28609619899999,-22.062372480342468],[-46.28609606899994,-22.06327556934246],[-46.285127228999954,-22.063275446342455],[-46.28512709199998,-22.0641785353424],[-46.284158245999954,-22.064178405342403],[-46.28415809399996,-22.065148332342417],[-46.27336999999994,-22.065148332342417],[-46.27336999999994,-22.065063610342417],[-46.27396111099994,-22.065063610342417],[-46.27396111099995,-22.06458999934241],[-46.275559999999984,-22.06458999934241],[-46.275559999999984,-22.0645863883424],[-46.27556138899997,-22.0645863883424],[-46.27556138899996,-22.064180138342444],[-46.276609999999955,-22.064180138342444],[-46.27661277799995,-22.064180277342455],[-46.27661277799996,-22.06346416634244],[-46.277950277999935,-22.06346416634244],[-46.277950138999984,-22.063459999342452],[-46.27795009299995,-22.063010370342457],[-46.28024361099995,-22.06301055534243],[-46.28024361099995,-22.060595555342502],[-46.27981999999998,-22.060595555342502],[-46.27981999999998,-22.06034999934253],[-46.27797335699995,-22.06034999934253],[-46.277973336999935,-22.053967435342642],[-46.27297313599996,-22.053967201342687],[-46.27297313599996,-22.053969999342645],[-46.27296999999993,-22.053969999342645],[-46.27296999999993,-22.06059999934252],[-46.278245277999986,-22.06059999934252],[-46.278245277999986,-22.061005277342524],[-46.27767666699998,-22.061005277342524],[-46.27767666699998,-22.061429999342508],[-46.275589999999966,-22.061429999342494],[-46.27558999999996,-22.062869628342476],[-46.273803610999956,-22.06286981434244],[-46.27379999999994,-22.062869999342468],[-46.27379999999994,-22.06356638834244],[-46.272439443999986,-22.063566388342448],[-46.272439443999986,-22.063728888342432],[-46.270188332999965,-22.063728888342432],[-46.270188332999965,-22.06483805534238],[-46.26909999999998,-22.06483805534238],[-46.26909999999998,-22.064790277342436],[-46.25057861099998,-22.064790277342436],[-46.25057861099998,-22.042706769342917],[-46.25843672099995,-22.042706769342917],[-46.25843614699994,-22.045897359342874],[-46.26528501399997,-22.045898286342855],[-46.265285854999945,-22.039514330343007],[-46.261761122999985,-22.039513888343027],[-46.258437294999965,-22.03951340234299],[-46.25843672099995,-22.04270399234295],[-46.25057861099998,-22.04270399234295],[-46.25057861099998,-22.038942248343005],[-46.26239315999993,-22.038942248343005],[-46.26239316099998,-22.03938072234302],[-46.26538818599994,-22.039380714342986],[-46.26981937199997,-22.051609094342712],[-46.281852527999945,-22.051609061342727],[-46.28146553899996,-22.038500944343028],[-46.277329671999944,-22.038500955343025],[-46.26239315799995,-22.03850099634304],[-46.26239315999993,-22.038939470343003],[-46.25057861099998,-22.038939470343003],[-46.25057861099998,-22.020619999343456],[-46.25753999999995,-22.020619999343445],[-46.25753999999995,-22.017239999343534],[-46.24693999999994,-22.017239999343534],[-46.24693999999993,-22.01420999934358],[-46.24623999999994,-22.01420999934358],[-46.24623999999994,-22.009330832343746],[-46.25902249999996,-22.009330832343746],[-46.25902249999996,-22.009329999343745]]]}},{"type":"Feature","properties":{"PROCESSO":"833543/2023","NUMERO":833543,"ANO":2023,"AREA_HA":994.91,"FASE":"AUTORIZAÇÃO DE PESQUISA","ULT_EVENTO":"264 - AUT PESQ/TAH - PAGAMENTO EFETUADO EM 31/07/2025","NOME":"I.R.S Minerals Extração de Minerais EIRELI","SUBS":"TERRAS RARAS","USO":"Industrial","UF":"MG","DSProcesso":"833.543/2023","category":"direct_ree","category_label":"Terras Raras (REE)","lon":-46.32303755984741,"lat":-22.046761703291985},"geometry":{"type":"Polygon","coordinates":[[[-46.31034999999997,-22.027019860343277],[-46.31169999999998,-22.027019860343263],[-46.31169999999997,-22.034629999343103],[-46.31170499999997,-22.034629999343103],[-46.31170499999996,-22.034634166343135],[-46.31887305599997,-22.034634166343135],[-46.31887305599997,-22.034629999343103],[-46.31887444399996,-22.034629999343103],[-46.31887444399996,-22.03089249934319],[-46.321518610999924,-22.030892499343192],[-46.321518610999924,-22.035984443343086],[-46.326668610999945,-22.035984443343086],[-46.326668610999945,-22.043144721342937],[-46.33353499999998,-22.04314472134293],[-46.33353499999998,-22.036909999343084],[-46.34782694399997,-22.036909999343084],[-46.34782694399997,-22.050309166342753],[-46.34782694399996,-22.052533332342673],[-46.34779916699995,-22.052533332342673],[-46.33042999999997,-22.052533332342673],[-46.33042999999998,-22.048929999342757],[-46.32543999999996,-22.048929999342757],[-46.32544013999996,-22.048931488342813],[-46.32544007599995,-22.04997002034278],[-46.32108077799995,-22.04996983934277],[-46.32107999999994,-22.049969999342768],[-46.321079999999945,-22.050116447342784],[-46.320424233999965,-22.05011644934276],[-46.32042422699993,-22.04792505034279],[-46.318970881999974,-22.047925053342816],[-46.318970881999974,-22.047929999342802],[-46.31896999999998,-22.047929999342802],[-46.31896999999998,-22.05057999934276],[-46.318970889999946,-22.05057999934276],[-46.31897088999995,-22.050583677342736],[-46.31947617199995,-22.050583676342736],[-46.319476176999956,-22.05193451534271],[-46.32108015899996,-22.051934511342708],[-46.32108021999994,-22.0531300833427],[-46.32737730799994,-22.053131055342654],[-46.32737720899996,-22.05403414734268],[-46.32785999999993,-22.05403419134267],[-46.32785999999994,-22.056289999342585],[-46.32786135899994,-22.056289999342585],[-46.32786135899994,-22.056291918342588],[-46.328345755999976,-22.056291962342634],[-46.32834566299994,-22.057195052342557],[-46.32834999999994,-22.057195052342557],[-46.32834999999994,-22.057199999342597],[-46.32883003099994,-22.057199999342597],[-46.328829963999965,-22.058549864342577],[-46.329798736999976,-22.058549936342548],[-46.32979840399997,-22.0621613883425],[-46.30692999999996,-22.062161388342496],[-46.306929999999966,-22.046106666342844],[-46.30211225299996,-22.046106666342844],[-46.30211281799995,-22.035779999343067],[-46.31034999999997,-22.035779999343067],[-46.31034999999997,-22.027019860343277]]]}},{"type":"Feature","properties":{"PROCESSO":"833569/2023","NUMERO":833569,"ANO":2023,"AREA_HA":1769.28,"FASE":"AUTORIZAÇÃO DE PESQUISA","ULT_EVENTO":"294 - AUT PESQ/RENÚNCIA AUTORIZAÇÃO PESQUISA HOMOLOGADA PUBL EM 12/12/2024","NOME":"FOXFIRE METALS LTDA","SUBS":"TERRAS RARAS","USO":"Industrial","UF":"MG","DSProcesso":"833.569/2023","category":"direct_ree","category_label":"Terras Raras (REE)","lon":-46.46451611111107,"lat":-21.663518610574165},"geometry":{"type":"Polygon","coordinates":[[[-46.483904999999936,-21.649896388352268],[-46.48390499999994,-21.684046388351454],[-46.44700499999993,-21.684046388351454],[-46.44700499999994,-21.684096388351453],[-46.44455499999998,-21.684096388351453],[-46.44455499999999,-21.642846388352442],[-46.47290499999997,-21.642846388352442],[-46.47290499999997,-21.649896388352268],[-46.483904999999936,-21.649896388352268]]]}},{"type":"Feature","properties":{"PROCESSO":"833572/2023","NUMERO":833572,"ANO":2023,"AREA_HA":1687.09,"FASE":"AUTORIZAÇÃO DE PESQUISA","ULT_EVENTO":"294 - AUT PESQ/RENÚNCIA AUTORIZAÇÃO PESQUISA HOMOLOGADA PUBL EM 12/12/2024","NOME":"FOXFIRE METALS LTDA","SUBS":"TERRAS RARAS","USO":"Industrial","UF":"MG","DSProcesso":"833.572/2023","category":"direct_ree","category_label":"Terras Raras (REE)","lon":-46.51277195652169,"lat":-21.672527692699557},"geometry":{"type":"Polygon","coordinates":[[[-46.49925499999995,-21.64274638835246],[-46.519754999999975,-21.64274638835247],[-46.519754999999975,-21.648746388352293],[-46.52235499999995,-21.648746388352293],[-46.52235499999995,-21.65054638835226],[-46.52355499999993,-21.650546388352247],[-46.52355499999993,-21.652646388352245],[-46.52505499999995,-21.652646388352245],[-46.52505499999995,-21.654446388352152],[-46.52190499999995,-21.65444638835215],[-46.52190499999995,-21.656746388352143],[-46.519754999999975,-21.656746388352143],[-46.51970499999993,-21.656746388352143],[-46.51970499999993,-21.656346388352134],[-46.51955499999997,-21.656346388352134],[-46.51955499999997,-21.652946388352216],[-46.518204999999966,-21.652946388352227],[-46.518204999999966,-21.65274638835221],[-46.51640499999996,-21.65274638835222],[-46.516404999999956,-21.653696388352177],[-46.515454999999974,-21.653696388352177],[-46.515454999999974,-21.653346388352226],[-46.51370499999996,-21.653346388352226],[-46.51370499999996,-21.649946388352312],[-46.512054999999975,-21.649946388352312],[-46.512054999999975,-21.652596388352197],[-46.50700499999993,-21.652596388352197],[-46.507004999999936,-21.653346388352226],[-46.50310499999995,-21.653346388352233],[-46.50310499999995,-21.660896388352022],[-46.50965499999995,-21.660896388352032],[-46.50965499999995,-21.6581463883521],[-46.51105499999994,-21.6581463883521],[-46.51105499999994,-21.65769638835211],[-46.518354999999985,-21.6576963883521],[-46.518354999999985,-21.65874638835204],[-46.517304999999965,-21.658746388352043],[-46.517304999999965,-21.65934638835206],[-46.51605499999994,-21.65934638835206],[-46.51605499999994,-21.659696388352064],[-46.51440499999995,-21.65969638835207],[-46.514404999999954,-21.662646388351995],[-46.51680499999998,-21.662646388352],[-46.51680499999997,-21.669546388351808],[-46.51655499999998,-21.6695463883518],[-46.51655499999999,-21.672596388351764],[-46.51540499999993,-21.672596388351764],[-46.51540499999992,-21.676646388351607],[-46.516504999999945,-21.676646388351607],[-46.516504999999945,-21.67824638835162],[-46.51770499999998,-21.67824638835162],[-46.51770499999998,-21.679146388351608],[-46.519004999999936,-21.679146388351608],[-46.519004999999936,-21.67994638835155],[-46.52000499999997,-21.67994638835155],[-46.52000499999997,-21.682046388351498],[-46.521154999999965,-21.682046388351498],[-46.521154999999965,-21.683146388351467],[-46.523504999999936,-21.683146388351467],[-46.523504999999936,-21.684546388351432],[-46.52490499999993,-21.684546388351436],[-46.52490499999993,-21.68549638835146],[-46.526104999999966,-21.68549638835146],[-46.526104999999966,-21.687146388351394],[-46.52370499999995,-21.687146388351394],[-46.52370499999996,-21.68849638835137],[-46.51970499999993,-21.68849638835137],[-46.51970499999993,-21.6901963883513],[-46.51630499999993,-21.6901963883513],[-46.51630499999993,-21.69219638835126],[-46.51555499999995,-21.69219638835126],[-46.51555499999995,-21.695246388351222],[-46.51660499999997,-21.695246388351222],[-46.51660499999997,-21.696896388351156],[-46.51710499999996,-21.696896388351156],[-46.51710499999995,-21.69699638835114],[-46.51610499999998,-21.69699638835114],[-46.51610499999998,-21.69724638835112],[-46.51570499999997,-21.69724638835112],[-46.51570499999997,-21.697646388351128],[-46.51380499999994,-21.697646388351128],[-46.513804999999934,-21.695846388351164],[-46.51320499999998,-21.695846388351164],[-46.51320499999997,-21.69569638835121],[-46.50965499999995,-21.69569638835121],[-46.50965499999996,-21.69639638835119],[-46.50860499999993,-21.69639638835119],[-46.50860499999993,-21.699746388351066],[-46.50910499999998,-21.699746388351066],[-46.509104999999984,-21.7004463883511],[-46.50985499999995,-21.7004463883511],[-46.50985499999995,-21.701796388351067],[-46.51050499999997,-21.701796388351067],[-46.51050499999997,-21.70249638835103],[-46.51110499999993,-21.70249638835103],[-46.51110499999994,-21.704046388350953],[-46.50720499999995,-21.704046388350967],[-46.50720499999994,-21.70049638835109],[-46.50605499999995,-21.70049638835109],[-46.50605499999995,-21.689396388351344],[-46.499904999999956,-21.689396388351344],[-46.499904999999956,-21.684046388351454],[-46.48390499999994,-21.684046388351454],[-46.483904999999936,-21.649896388352268],[-46.483904999999936,-21.64539638835237],[-46.486504999999966,-21.64539638835236],[-46.486504999999966,-21.643146388352474],[-46.49040499999995,-21.643146388352463],[-46.49040499999995,-21.64964638835228],[-46.494354999999985,-21.64964638835228],[-46.494354999999985,-21.65179638835225],[-46.49640499999998,-21.65179638835225],[-46.49640499999998,-21.653796388352212],[-46.49925499999995,-21.653796388352205],[-46.49925499999995,-21.64274638835246]]]}}]}