{"type": "FeatureCollection", "features": [{"type": "Feature", "id": "osm/104628756", "properties": {"osm_id": 104628756, "name": "Represa Bortolan", "water_type": "reservoir", "natural": "water", "water": "reservoir", "waterway": "", "width": null, "depth": null, "area_km2": 1.998, "length_km": null}, "geometry": {"type": "Polygon", "coordinates": [[[-46.6320096, -21.7809613], [-46.6320096, -21.7809613]]]}}, {"type": "Feature", "id": "osm/129430108", "properties": {"osm_id": 129430108, "name": "Represa do Cipo", "water_type": "reservoir", "natural": "water", "water": "reservoir", "waterway": "", "width": null, "depth": null, "area_km2": 4.333, "length_km": null}, "geometry": {"type": "Polygon", "coordinates": [[[-46.606483, -21.8551044], [-46.606483, -21.8551044]]]}}, {"type": "Feature", "id": "osm/129782578", "properties": {"osm_id": 129782578, "name": "", "water_type": "water", "natural": "water", "water": "wastewater", "waterway": "", "width": null, "depth": null, "area_km2": 0.128, "length_km": null}, "geometry": {"type": "Polygon", "coordinates": [[[-46.5869021, -21.8595069], [-46.5869021, -21.8595069]]]}}, {"type": "Feature", "id": "osm/129782586", "properties": {"osm_id": 129782586, "name": "", "water_type": "water", "natural": "water", "water": "wastewater", "waterway": "", "width": null, "depth": null, "area_km2": 0.007, "length_km": null}, "geometry": {"type": "Polygon", "coordinates": [[[-46.6450632, -21.8183996], [-46.6450632, -21.8183996]]]}}, {"type": "Feature", "id": "osm/129782593", "properties": {"osm_id": 129782593, "name": "", "water_type": "reservoir", "natural": "water", "water": "reservoir", "waterway": "", "width": null, "depth": null, "area_km2": 0.061, "length_km": null}, "geometry": {"type": "Polygon", "coordinates": [[[-46.6333061, -21.8263874], [-46.6333061, -21.8263874]]]}}, {"type": "Feature", "id": "osm/129782594", "properties": {"osm_id": 129782594, "name": "", "water_type": "water", "natural": "water", "water": "wastewater", "waterway": "", "width": null, "depth": null, "area_km2": 0.147, "length_km": null}, "geometry": {"type": "Polygon", "coordinates": [[[-46.5762913, -21.8633704], [-46.5762913, -21.8633704]]]}}, {"type": "Feature", "id": "osm/129782609", "properties": {"osm_id": 129782609, "name": "", "water_type": "water", "natural": "water", "water": "wastewater", "waterway": "", "width": null, "depth": null, "area_km2": 0.047, "length_km": null}, "geometry": {"type": "Polygon", "coordinates": [[[-46.5887676, -21.8475863], [-46.5887676, -21.8475863]]]}}, {"type": "Feature", "id": "osm/151702715", "properties": {"osm_id": 151702715, "name": "", "water_type": "reservoir", "natural": "water", "water": "reservoir", "waterway": "", "width": null, "depth": null, "area_km2": 0.034, "length_km": null}, "geometry": {"type": "Polygon", "coordinates": [[[-46.6391901, -21.8269177], [-46.6391901, -21.8269177]]]}}, {"type": "Feature", "id": "osm/170694877", "properties": {"osm_id": 170694877, "name": "Lagoa Interlagos", "water_type": "lake", "natural": "water", "water": "lake", "waterway": "", "width": null, "depth": null, "area_km2": 0.062, "length_km": null}, "geometry": {"type": "Polygon", "coordinates": [[[-46.9880859, -22.0564084], [-46.9880859, -22.0564084]]]}}, {"type": "Feature", "id": "osm/170694879", "properties": {"osm_id": 170694879, "name": "", "water_type": "water", "natural": "water", "water": "", "waterway": "", "width": null, "depth": null, "area_km2": 0.032, "length_km": null}, "geometry": {"type": "Polygon", "coordinates": [[[-46.9890086, -22.0568062], [-46.9890086, -22.0568062]]]}}, {"type": "Feature", "id": "osm/171495238", "properties": {"osm_id": 171495238, "name": "Lagoa Branca", "water_type": "water", "natural": "water", "water": "", "waterway": "", "width": null, "depth": null, "area_km2": 0.618, "length_km": null}, "geometry": {"type": "Polygon", "coordinates": [[[-47.0295104, -21.8926014], [-47.0295104, -21.8926014]]]}}, {"type": "Feature", "id": "osm/174144654", "properties": {"osm_id": 174144654, "name": "", "water_type": "water", "natural": "water", "water": "", "waterway": "", "width": null, "depth": null, "area_km2": 0.011, "length_km": null}, "geometry": {"type": "Polygon", "coordinates": [[[-47.0012067, -22.1039615], [-47.0012067, -22.1039615]]]}}, {"type": "Feature", "id": "osm/174144655", "properties": {"osm_id": 174144655, "name": "", "water_type": "water", "natural": "water", "water": "", "waterway": "", "width": null, "depth": null, "area_km2": 0.003, "length_km": null}, "geometry": {"type": "Polygon", "coordinates": [[[-46.9671145, -22.0744423], [-46.9671145, -22.0744423]]]}}, {"type": "Feature", "id": "osm/174144656", "properties": {"osm_id": 174144656, "name": "", "water_type": "water", "natural": "water", "water": "", "waterway": "", "width": null, "depth": null, "area_km2": 0.003, "length_km": null}, "geometry": {"type": "Polygon", "coordinates": [[[-46.979013, -22.0903648], [-46.979013, -22.0903648]]]}}, {"type": "Feature", "id": "osm/174144658", "properties": {"osm_id": 174144658, "name": "", "water_type": "water", "natural": "water", "water": "", "waterway": "", "width": null, "depth": null, "area_km2": 0.011, "length_km": null}, "geometry": {"type": "Polygon", "coordinates": [[[-46.9776185, -22.1088793], [-46.9776185, -22.1088793]]]}}, {"type": "Feature", "id": "osm/174144659", "properties": {"osm_id": 174144659, "name": "", "water_type": "reservoir", "natural": "water", "water": "reservoir", "waterway": "", "width": null, "depth": null, "area_km2": 0.006, "length_km": null}, "geometry": {"type": "Polygon", "coordinates": [[[-46.9815603, -22.0764424], [-46.9815603, -22.0764424]]]}}, {"type": "Feature", "id": "osm/174144660", "properties": {"osm_id": 174144660, "name": "", "water_type": "water", "natural": "water", "water": "", "waterway": "", "width": null, "depth": null, "area_km2": 0.043, "length_km": null}, "geometry": {"type": "Polygon", "coordinates": [[[-46.9718261, -22.1149425], [-46.9718261, -22.1149425]]]}}, {"type": "Feature", "id": "osm/174144661", "properties": {"osm_id": 174144661, "name": "", "water_type": "water", "natural": "water", "water": "", "waterway": "", "width": null, "depth": null, "area_km2": 0.042, "length_km": null}, "geometry": {"type": "Polygon", "coordinates": [[[-46.9725341, -22.0920897], [-46.9725341, -22.0920897]]]}}, {"type": "Feature", "id": "osm/174144662", "properties": {"osm_id": 174144662, "name": "", "water_type": "water", "natural": "water", "water": "", "waterway": "", "width": null, "depth": null, "area_km2": 0.025, "length_km": null}, "geometry": {"type": "Polygon", "coordinates": [[[-46.9523557, -22.0774564], [-46.9523557, -22.0774564]]]}}, {"type": "Feature", "id": "osm/174144669", "properties": {"osm_id": 174144669, "name": "", "water_type": "water", "natural": "water", "water": "", "waterway": "", "width": null, "depth": null, "area_km2": 0.021, "length_km": null}, "geometry": {"type": "Polygon", "coordinates": [[[-46.9806655, -22.09066], [-46.9806655, -22.09066]]]}}, {"type": "Feature", "id": "osm/174144671", "properties": {"osm_id": 174144671, "name": "", "water_type": "water", "natural": "water", "water": "", "waterway": "", "width": null, "depth": null, "area_km2": 0.053, "length_km": null}, "geometry": {"type": "Polygon", "coordinates": [[[-46.9925725, -22.0889365], [-46.9925725, -22.0889365]]]}}, {"type": "Feature", "id": "osm/174144673", "properties": {"osm_id": 174144673, "name": "", "water_type": "water", "natural": "water", "water": "", "waterway": "", "width": null, "depth": null, "area_km2": 0.008, "length_km": null}, "geometry": {"type": "Polygon", "coordinates": [[[-46.9722114, -22.0938213], [-46.9722114, -22.0938213]]]}}, {"type": "Feature", "id": "osm/174144674", "properties": {"osm_id": 174144674, "name": "", "water_type": "water", "natural": "water", "water": "", "waterway": "", "width": null, "depth": null, "area_km2": 0.001, "length_km": null}, "geometry": {"type": "Polygon", "coordinates": [[[-46.978861, -22.079241], [-46.978861, -22.079241]]]}}, {"type": "Feature", "id": "osm/174144676", "properties": {"osm_id": 174144676, "name": "", "water_type": "water", "natural": "water", "water": "", "waterway": "", "width": null, "depth": null, "area_km2": 0.003, "length_km": null}, "geometry": {"type": "Polygon", "coordinates": [[[-46.9657698, -22.0707197], [-46.9657698, -22.0707197]]]}}, {"type": "Feature", "id": "osm/174144677", "properties": {"osm_id": 174144677, "name": "", "water_type": "water", "natural": "water", "water": "", "waterway": "", "width": null, "depth": null, "area_km2": 0.002, "length_km": null}, "geometry": {"type": "Polygon", "coordinates": [[[-46.9830015, -22.0922342], [-46.9830015, -22.0922342]]]}}, {"type": "Feature", "id": "osm/174144679", "properties": {"osm_id": 174144679, "name": "", "water_type": "water", "natural": "water", "water": "", "waterway": "", "width": null, "depth": null, "area_km2": 0.004, "length_km": null}, "geometry": {"type": "Polygon", "coordinates": [[[-46.9633217, -22.0475427], [-46.9633217, -22.0475427]]]}}, {"type": "Feature", "id": "osm/174144680", "properties": {"osm_id": 174144680, "name": "Represa Sabesp", "water_type": "reservoir", "natural": "water", "water": "reservoir", "waterway": "", "width": null, "depth": null, "area_km2": 0.098, "length_km": null}, "geometry": {"type": "Polygon", "coordinates": [[[-46.9749591, -22.0742832], [-46.9749591, -22.0742832]]]}}, {"type": "Feature", "id": "osm/174338220", "properties": {"osm_id": 174338220, "name": "", "water_type": "water", "natural": "water", "water": "", "waterway": "", "width": null, "depth": null, "area_km2": 0.003, "length_km": null}, "geometry": {"type": "Polygon", "coordinates": [[[-46.9527799, -22.0520385], [-46.9527799, -22.0520385]]]}}, {"type": "Feature", "id": "osm/174338221", "properties": {"osm_id": 174338221, "name": "", "water_type": "water", "natural": "water", "water": "", "waterway": "", "width": null, "depth": null, "area_km2": 0.002, "length_km": null}, "geometry": {"type": "Polygon", "coordinates": [[[-46.9297744, -22.0255523], [-46.9297744, -22.0255523]]]}}, {"type": "Feature", "id": "osm/174338224", "properties": {"osm_id": 174338224, "name": "", "water_type": "water", "natural": "water", "water": "", "waterway": "", "width": null, "depth": null, "area_km2": 0.013, "length_km": null}, "geometry": {"type": "Polygon", "coordinates": [[[-46.9511555, -22.0525008], [-46.9511555, -22.0525008]]]}}, {"type": "Feature", "id": "osm/174338227", "properties": {"osm_id": 174338227, "name": "", "water_type": "water", "natural": "water", "water": "", "waterway": "", "width": null, "depth": null, "area_km2": 0.052, "length_km": null}, "geometry": {"type": "Polygon", "coordinates": [[[-46.9361035, -22.0376014], [-46.9361035, -22.0376014]]]}}, {"type": "Feature", "id": "osm/174338230", "properties": {"osm_id": 174338230, "name": "", "water_type": "water", "natural": "water", "water": "", "waterway": "", "width": null, "depth": null, "area_km2": 0.001, "length_km": null}, "geometry": {"type": "Polygon", "coordinates": [[[-46.9988044, -22.0718479], [-46.9988044, -22.0718479]]]}}, {"type": "Feature", "id": "osm/174338231", "properties": {"osm_id": 174338231, "name": "", "water_type": "water", "natural": "water", "water": "", "waterway": "", "width": null, "depth": null, "area_km2": 0.003, "length_km": null}, "geometry": {"type": "Polygon", "coordinates": [[[-46.999335, -22.0720356], [-46.999335, -22.0720356]]]}}, {"type": "Feature", "id": "osm/175616942", "properties": {"osm_id": 175616942, "name": "", "water_type": "water", "natural": "water", "water": "", "waterway": "", "width": null, "depth": null, "area_km2": 0.225, "length_km": null}, "geometry": {"type": "Polygon", "coordinates": [[[-46.0812223, -21.9796222], [-46.0812223, -21.9796222]]]}}, {"type": "Feature", "id": "osm/176367833", "properties": {"osm_id": 176367833, "name": "", "water_type": "water", "natural": "water", "water": "", "waterway": "", "width": null, "depth": null, "area_km2": 0.002, "length_km": null}, "geometry": {"type": "Polygon", "coordinates": [[[-46.7957713, -21.6966108], [-46.7957713, -21.6966108]]]}}, {"type": "Feature", "id": "osm/176367860", "properties": {"osm_id": 176367860, "name": "", "water_type": "pond", "natural": "water", "water": "pond", "waterway": "", "width": null, "depth": null, "area_km2": 0.026, "length_km": null}, "geometry": {"type": "Polygon", "coordinates": [[[-46.8348028, -21.7124253], [-46.8348028, -21.7124253]]]}}, {"type": "Feature", "id": "osm/176367862", "properties": {"osm_id": 176367862, "name": "", "water_type": "water", "natural": "water", "water": "", "waterway": "", "width": null, "depth": null, "area_km2": 0.001, "length_km": null}, "geometry": {"type": "Polygon", "coordinates": [[[-46.7947574, -21.6964612], [-46.7947574, -21.6964612]]]}}, {"type": "Feature", "id": "osm/204861443", "properties": {"osm_id": 204861443, "name": "", "water_type": "water", "natural": "water", "water": "", "waterway": "", "width": null, "depth": null, "area_km2": 0.004, "length_km": null}, "geometry": {"type": "Polygon", "coordinates": [[[-46.8143141, -21.7032022], [-46.8143141, -21.7032022]]]}}, {"type": "Feature", "id": "osm/232592513", "properties": {"osm_id": 232592513, "name": "", "water_type": "lake", "natural": "water", "water": "lake", "waterway": "", "width": null, "depth": null, "area_km2": 0.039, "length_km": null}, "geometry": {"type": "Polygon", "coordinates": [[[-46.5841129, -21.8459992], [-46.5841129, -21.8459992]]]}}, {"type": "Feature", "id": "osm/232593799", "properties": {"osm_id": 232593799, "name": "", "water_type": "pond", "natural": "water", "water": "pond", "waterway": "", "width": null, "depth": null, "area_km2": 0.01, "length_km": null}, "geometry": {"type": "Polygon", "coordinates": [[[-46.5585198, -21.8434452], [-46.5585198, -21.8434452]]]}}, {"type": "Feature", "id": "osm/232600539", "properties": {"osm_id": 232600539, "name": "", "water_type": "pond", "natural": "water", "water": "pond", "waterway": "", "width": null, "depth": null, "area_km2": 0.028, "length_km": null}, "geometry": {"type": "Polygon", "coordinates": [[[-46.5464127, -21.8391646], [-46.5464127, -21.8391646]]]}}, {"type": "Feature", "id": "osm/232848873", "properties": {"osm_id": 232848873, "name": "", "water_type": "lake", "natural": "water", "water": "lake", "waterway": "", "width": null, "depth": null, "area_km2": 0.006, "length_km": null}, "geometry": {"type": "Polygon", "coordinates": [[[-46.5754868, -21.857212], [-46.5754868, -21.857212]]]}}, {"type": "Feature", "id": "osm/232895469", "properties": {"osm_id": 232895469, "name": "", "water_type": "water", "natural": "water", "water": "", "waterway": "", "width": null, "depth": null, "area_km2": 0.001, "length_km": null}, "geometry": {"type": "Polygon", "coordinates": [[[-46.5489221, -21.8546579], [-46.5489221, -21.8546579]]]}}, {"type": "Feature", "id": "osm/232895494", "properties": {"osm_id": 232895494, "name": "", "water_type": "water", "natural": "water", "water": "", "waterway": "", "width": null, "depth": null, "area_km2": 0.002, "length_km": null}, "geometry": {"type": "Polygon", "coordinates": [[[-46.5405536, -21.8843638], [-46.5405536, -21.8843638]]]}}, {"type": "Feature", "id": "osm/232895495", "properties": {"osm_id": 232895495, "name": "", "water_type": "water", "natural": "water", "water": "", "waterway": "", "width": null, "depth": null, "area_km2": 0.005, "length_km": null}, "geometry": {"type": "Polygon", "coordinates": [[[-46.5447727, -21.8527783], [-46.5447727, -21.8527783]]]}}, {"type": "Feature", "id": "osm/232895513", "properties": {"osm_id": 232895513, "name": "", "water_type": "water", "natural": "water", "water": "", "waterway": "", "width": null, "depth": null, "area_km2": 0.001, "length_km": null}, "geometry": {"type": "Polygon", "coordinates": [[[-46.5461326, -21.8777182], [-46.5461326, -21.8777182]]]}}, {"type": "Feature", "id": "osm/232935030", "properties": {"osm_id": 232935030, "name": "", "water_type": "water", "natural": "water", "water": "", "waterway": "", "width": null, "depth": null, "area_km2": 0.001, "length_km": null}, "geometry": {"type": "Polygon", "coordinates": [[[-46.5977867, -21.7736261], [-46.5977867, -21.7736261]]]}}, {"type": "Feature", "id": "osm/232935032", "properties": {"osm_id": 232935032, "name": "", "water_type": "water", "natural": "water", "water": "", "waterway": "", "width": null, "depth": null, "area_km2": 0, "length_km": null}, "geometry": {"type": "Polygon", "coordinates": [[[-46.5970732, -21.7735688], [-46.5970732, -21.7735688]]]}}, {"type": "Feature", "id": "osm/232935033", "properties": {"osm_id": 232935033, "name": "", "water_type": "water", "natural": "water", "water": "", "waterway": "", "width": null, "depth": null, "area_km2": 0.001, "length_km": null}, "geometry": {"type": "Polygon", "coordinates": [[[-46.598358, -21.7734866], [-46.598358, -21.7734866]]]}}, {"type": "Feature", "id": "osm/233065927", "properties": {"osm_id": 233065927, "name": "", "water_type": "water", "natural": "water", "water": "", "waterway": "", "width": null, "depth": null, "area_km2": 0.001, "length_km": null}, "geometry": {"type": "Polygon", "coordinates": [[[-46.71748, -21.4502852], [-46.71748, -21.4502852]]]}}, {"type": "Feature", "id": "osm/236139216", "properties": {"osm_id": 236139216, "name": "", "water_type": "water", "natural": "water", "water": "", "waterway": "", "width": null, "depth": null, "area_km2": 0.004, "length_km": null}, "geometry": {"type": "Polygon", "coordinates": [[[-46.3878204, -22.2952909], [-46.3878204, -22.2952909]]]}}, {"type": "Feature", "id": "osm/236144562", "properties": {"osm_id": 236144562, "name": "", "water_type": "water", "natural": "water", "water": "", "waterway": "", "width": null, "depth": null, "area_km2": 0.001, "length_km": null}, "geometry": {"type": "Polygon", "coordinates": [[[-46.3964602, -22.300222], [-46.3964602, -22.300222]]]}}, {"type": "Feature", "id": "osm/236150434", "properties": {"osm_id": 236150434, "name": "", "water_type": "water", "natural": "water", "water": "", "waterway": "", "width": null, "depth": null, "area_km2": 0.003, "length_km": null}, "geometry": {"type": "Polygon", "coordinates": [[[-46.3920103, -22.2885356], [-46.3920103, -22.2885356]]]}}, {"type": "Feature", "id": "osm/236150495", "properties": {"osm_id": 236150495, "name": "", "water_type": "lake", "natural": "water", "water": "lake", "waterway": "", "width": null, "depth": null, "area_km2": 0.017, "length_km": null}, "geometry": {"type": "Polygon", "coordinates": [[[-46.3777021, -22.2869841], [-46.3777021, -22.2869841]]]}}, {"type": "Feature", "id": "osm/236150498", "properties": {"osm_id": 236150498, "name": "", "water_type": "lake", "natural": "water", "water": "lake", "waterway": "", "width": null, "depth": null, "area_km2": 0.015, "length_km": null}, "geometry": {"type": "Polygon", "coordinates": [[[-46.3757973, -22.2880996], [-46.3757973, -22.2880996]]]}}, {"type": "Feature", "id": "osm/236349387", "properties": {"osm_id": 236349387, "name": "", "water_type": "water", "natural": "water", "water": "", "waterway": "", "width": null, "depth": null, "area_km2": 0.002, "length_km": null}, "geometry": {"type": "Polygon", "coordinates": [[[-46.3971306, -22.2974946], [-46.3971306, -22.2974946]]]}}, {"type": "Feature", "id": "osm/236349999", "properties": {"osm_id": 236349999, "name": "", "water_type": "water", "natural": "water", "water": "", "waterway": "", "width": null, "depth": null, "area_km2": 0.005, "length_km": null}, "geometry": {"type": "Polygon", "coordinates": [[[-46.3925413, -22.2982713], [-46.3925413, -22.2982713]]]}}, {"type": "Feature", "id": "osm/242554732", "properties": {"osm_id": 242554732, "name": "", "water_type": "water", "natural": "water", "water": "", "waterway": "", "width": null, "depth": null, "area_km2": 0.035, "length_km": null}, "geometry": {"type": "Polygon", "coordinates": [[[-46.8708598, -21.8265558], [-46.8708598, -21.8265558]]]}}, {"type": "Feature", "id": "osm/254977751", "properties": {"osm_id": 254977751, "name": "", "water_type": "reservoir", "natural": "water", "water": "reservoir", "waterway": "", "width": null, "depth": null, "area_km2": 0.02, "length_km": null}, "geometry": {"type": "Polygon", "coordinates": [[[-46.7842209, -22.2181059], [-46.7842209, -22.2181059]]]}}, {"type": "Feature", "id": "osm/254977752", "properties": {"osm_id": 254977752, "name": "", "water_type": "reservoir", "natural": "water", "water": "reservoir", "waterway": "", "width": null, "depth": null, "area_km2": 0.061, "length_km": null}, "geometry": {"type": "Polygon", "coordinates": [[[-46.7861516, -22.220659], [-46.7861516, -22.220659]]]}}, {"type": "Feature", "id": "osm/254977775", "properties": {"osm_id": 254977775, "name": "", "water_type": "water", "natural": "water", "water": "", "waterway": "", "width": null, "depth": null, "area_km2": 0.007, "length_km": null}, "geometry": {"type": "Polygon", "coordinates": [[[-46.6973294, -21.9294493], [-46.6973294, -21.9294493]]]}}, {"type": "Feature", "id": "osm/258586034", "properties": {"osm_id": 258586034, "name": "Lago Municipal", "water_type": "lake", "natural": "water", "water": "lake", "waterway": "", "width": null, "depth": null, "area_km2": 0.028, "length_km": null}, "geometry": {"type": "Polygon", "coordinates": [[[-46.6107079, -22.2808086], [-46.6107079, -22.2808086]]]}}, {"type": "Feature", "id": "osm/259135428", "properties": {"osm_id": 259135428, "name": "", "water_type": "lake", "natural": "water", "water": "lake", "waterway": "", "width": null, "depth": null, "area_km2": 0.015, "length_km": null}, "geometry": {"type": "Polygon", "coordinates": [[[-46.6176163, -22.2026088], [-46.6176163, -22.2026088]]]}}, {"type": "Feature", "id": "osm/264693855", "properties": {"osm_id": 264693855, "name": "", "water_type": "lake", "natural": "water", "water": "lake", "waterway": "", "width": null, "depth": null, "area_km2": 0.005, "length_km": null}, "geometry": {"type": "Polygon", "coordinates": [[[-46.6067673, -22.2863151], [-46.6063249, -22.2860269], [-46.6057834, -22.2867638], [-46.6062222, -22.2870454], [-46.6067673, -22.2863151]]]}}, {"type": "Feature", "id": "osm/264693856", "properties": {"osm_id": 264693856, "name": "", "water_type": "lake", "natural": "water", "water": "lake", "waterway": "", "width": null, "depth": null, "area_km2": 0.002, "length_km": null}, "geometry": {"type": "Polygon", "coordinates": [[[-46.6063193, -22.2872932], [-46.6063193, -22.2872932]]]}}, {"type": "Feature", "id": "osm/297619822", "properties": {"osm_id": 297619822, "name": "Reservatório de Retenção para Amortecimento de Picos de Cheias", "water_type": "reservoir", "natural": "water", "water": "reservoir", "waterway": "", "width": null, "depth": null, "area_km2": 0.014, "length_km": null}, "geometry": {"type": "Polygon", "coordinates": [[[-46.783517, -21.9835485], [-46.783517, -21.9835485]]]}}, {"type": "Feature", "id": "osm/298009566", "properties": {"osm_id": 298009566, "name": "", "water_type": "pond", "natural": "water", "water": "pond", "waterway": "", "width": null, "depth": null, "area_km2": 0.006, "length_km": null}, "geometry": {"type": "Polygon", "coordinates": [[[-46.8039347, -21.9715226], [-46.8039347, -21.9715226]]]}}, {"type": "Feature", "id": "osm/298012877", "properties": {"osm_id": 298012877, "name": "", "water_type": "water", "natural": "water", "water": "", "waterway": "", "width": null, "depth": null, "area_km2": 0.076, "length_km": null}, "geometry": {"type": "Polygon", "coordinates": [[[-46.7610653, -21.9563834], [-46.7610653, -21.9563834]]]}}, {"type": "Feature", "id": "osm/298012878", "properties": {"osm_id": 298012878, "name": "", "water_type": "water", "natural": "water", "water": "", "waterway": "", "width": null, "depth": null, "area_km2": 0.004, "length_km": null}, "geometry": {"type": "Polygon", "coordinates": [[[-46.8077889, -21.9496199], [-46.8077889, -21.9496199]]]}}, {"type": "Feature", "id": "osm/298012879", "properties": {"osm_id": 298012879, "name": "", "water_type": "water", "natural": "water", "water": "", "waterway": "", "width": null, "depth": null, "area_km2": 0.003, "length_km": null}, "geometry": {"type": "Polygon", "coordinates": [[[-46.8074115, -21.9538237], [-46.8074115, -21.9538237]]]}}, {"type": "Feature", "id": "osm/298012880", "properties": {"osm_id": 298012880, "name": "", "water_type": "water", "natural": "water", "water": "", "waterway": "", "width": null, "depth": null, "area_km2": 0.002, "length_km": null}, "geometry": {"type": "Polygon", "coordinates": [[[-46.8036243, -21.9608645], [-46.8036243, -21.9608645]]]}}, {"type": "Feature", "id": "osm/298012883", "properties": {"osm_id": 298012883, "name": "", "water_type": "water", "natural": "water", "water": "", "waterway": "", "width": null, "depth": null, "area_km2": 0.004, "length_km": null}, "geometry": {"type": "Polygon", "coordinates": [[[-46.8014054, -21.9647037], [-46.8014054, -21.9647037]]]}}, {"type": "Feature", "id": "osm/298014622", "properties": {"osm_id": 298014622, "name": "", "water_type": "water", "natural": "water", "water": "", "waterway": "", "width": null, "depth": null, "area_km2": 0.003, "length_km": null}, "geometry": {"type": "Polygon", "coordinates": [[[-46.7464223, -21.9639205], [-46.7464223, -21.9639205]]]}}, {"type": "Feature", "id": "osm/298014625", "properties": {"osm_id": 298014625, "name": "", "water_type": "water", "natural": "water", "water": "", "waterway": "", "width": null, "depth": null, "area_km2": 0.002, "length_km": null}, "geometry": {"type": "Polygon", "coordinates": [[[-46.7463883, -21.9633924], [-46.7463883, -21.9633924]]]}}, {"type": "Feature", "id": "osm/298014628", "properties": {"osm_id": 298014628, "name": "", "water_type": "water", "natural": "water", "water": "", "waterway": "", "width": null, "depth": null, "area_km2": 0.002, "length_km": null}, "geometry": {"type": "Polygon", "coordinates": [[[-46.7475083, -21.9640111], [-46.7475083, -21.9640111]]]}}, {"type": "Feature", "id": "osm/298030778", "properties": {"osm_id": 298030778, "name": "", "water_type": "water", "natural": "water", "water": "", "waterway": "", "width": null, "depth": null, "area_km2": 0, "length_km": null}, "geometry": {"type": "Polygon", "coordinates": [[[-46.7972876, -21.9688588], [-46.7972876, -21.9688588]]]}}, {"type": "Feature", "id": "osm/331552263", "properties": {"osm_id": 331552263, "name": "", "water_type": "water", "natural": "water", "water": "", "waterway": "", "width": null, "depth": null, "area_km2": 0.001, "length_km": null}, "geometry": {"type": "Polygon", "coordinates": [[[-46.3907946, -21.6521527], [-46.3907946, -21.6521527]]]}}, {"type": "Feature", "id": "osm/331552266", "properties": {"osm_id": 331552266, "name": "", "water_type": "water", "natural": "water", "water": "", "waterway": "", "width": null, "depth": null, "area_km2": 0, "length_km": null}, "geometry": {"type": "Polygon", "coordinates": [[[-46.397996, -21.647325], [-46.397996, -21.647325]]]}}, {"type": "Feature", "id": "osm/331552267", "properties": {"osm_id": 331552267, "name": "", "water_type": "water", "natural": "water", "water": "", "waterway": "", "width": null, "depth": null, "area_km2": 0.001, "length_km": null}, "geometry": {"type": "Polygon", "coordinates": [[[-46.3905562, -21.6523118], [-46.3905562, -21.6523118]]]}}, {"type": "Feature", "id": "osm/331552268", "properties": {"osm_id": 331552268, "name": "", "water_type": "water", "natural": "water", "water": "", "waterway": "", "width": null, "depth": null, "area_km2": 0, "length_km": null}, "geometry": {"type": "Polygon", "coordinates": [[[-46.3910773, -21.6520454], [-46.3910773, -21.6520454]]]}}, {"type": "Feature", "id": "osm/363231307", "properties": {"osm_id": 363231307, "name": "", "water_type": "water", "natural": "water", "water": "", "waterway": "", "width": null, "depth": null, "area_km2": 0.003, "length_km": null}, "geometry": {"type": "Polygon", "coordinates": [[[-46.8534548, -21.5888328], [-46.8534548, -21.5888328]]]}}, {"type": "Feature", "id": "osm/363334388", "properties": {"osm_id": 363334388, "name": "", "water_type": "water", "natural": "water", "water": "", "waterway": "", "width": null, "depth": null, "area_km2": 0.002, "length_km": null}, "geometry": {"type": "Polygon", "coordinates": [[[-46.8681809, -21.6101514], [-46.8681809, -21.6101514]]]}}, {"type": "Feature", "id": "osm/363334389", "properties": {"osm_id": 363334389, "name": "", "water_type": "water", "natural": "water", "water": "", "waterway": "", "width": null, "depth": null, "area_km2": 0.006, "length_km": null}, "geometry": {"type": "Polygon", "coordinates": [[[-46.8681693, -21.6102556], [-46.8681693, -21.6102556]]]}}, {"type": "Feature", "id": "osm/365995455", "properties": {"osm_id": 365995455, "name": "", "water_type": "water", "natural": "water", "water": "", "waterway": "", "width": null, "depth": null, "area_km2": 0.001, "length_km": null}, "geometry": {"type": "Polygon", "coordinates": [[[-46.6606773, -21.5320228], [-46.6606773, -21.5320228]]]}}, {"type": "Feature", "id": "osm/365995456", "properties": {"osm_id": 365995456, "name": "", "water_type": "water", "natural": "water", "water": "", "waterway": "", "width": null, "depth": null, "area_km2": 0.004, "length_km": null}, "geometry": {"type": "Polygon", "coordinates": [[[-46.6392567, -21.5418222], [-46.6392567, -21.5418222]]]}}, {"type": "Feature", "id": "osm/370238083", "properties": {"osm_id": 370238083, "name": "", "water_type": "water", "natural": "water", "water": "", "waterway": "", "width": null, "depth": null, "area_km2": 0.007, "length_km": null}, "geometry": {"type": "Polygon", "coordinates": [[[-46.9049749, -21.5952097], [-46.9049749, -21.5952097]]]}}, {"type": "Feature", "id": "osm/370238084", "properties": {"osm_id": 370238084, "name": "", "water_type": "water", "natural": "water", "water": "", "waterway": "", "width": null, "depth": null, "area_km2": 0.003, "length_km": null}, "geometry": {"type": "Polygon", "coordinates": [[[-46.9043513, -21.5938659], [-46.9043513, -21.5938659]]]}}, {"type": "Feature", "id": "osm/370775676", "properties": {"osm_id": 370775676, "name": "", "water_type": "pond", "natural": "water", "water": "pond", "waterway": "", "width": null, "depth": null, "area_km2": 0.021, "length_km": null}, "geometry": {"type": "Polygon", "coordinates": [[[-46.90082, -21.6117006], [-46.90082, -21.6117006]]]}}, {"type": "Feature", "id": "osm/370775677", "properties": {"osm_id": 370775677, "name": "", "water_type": "water", "natural": "water", "water": "", "waterway": "", "width": null, "depth": null, "area_km2": 0.002, "length_km": null}, "geometry": {"type": "Polygon", "coordinates": [[[-46.9009502, -21.6193768], [-46.9009502, -21.6193768]]]}}, {"type": "Feature", "id": "osm/375408192", "properties": {"osm_id": 375408192, "name": "", "water_type": "water", "natural": "water", "water": "", "waterway": "", "width": null, "depth": null, "area_km2": 0.004, "length_km": null}, "geometry": {"type": "Polygon", "coordinates": [[[-46.3717782, -22.2183248], [-46.3717782, -22.2183248]]]}}, {"type": "Feature", "id": "osm/375408193", "properties": {"osm_id": 375408193, "name": "", "water_type": "water", "natural": "water", "water": "", "waterway": "", "width": null, "depth": null, "area_km2": 0.001, "length_km": null}, "geometry": {"type": "Polygon", "coordinates": [[[-46.3722405, -22.2170618], [-46.3723428, -22.2173741], [-46.372051, -22.2173671], [-46.3720056, -22.2171741], [-46.3722405, -22.2170618]]]}}, {"type": "Feature", "id": "osm/375408194", "properties": {"osm_id": 375408194, "name": "", "water_type": "water", "natural": "water", "water": "", "waterway": "", "width": null, "depth": null, "area_km2": 0.002, "length_km": null}, "geometry": {"type": "Polygon", "coordinates": [[[-46.3723012, -22.21756], [-46.3723012, -22.21756]]]}}, {"type": "Feature", "id": "osm/391583433", "properties": {"osm_id": 391583433, "name": "", "water_type": "water", "natural": "water", "water": "", "waterway": "", "width": null, "depth": null, "area_km2": 0.02, "length_km": null}, "geometry": {"type": "Polygon", "coordinates": [[[-46.983556, -21.7488523], [-46.983556, -21.7488523]]]}}, {"type": "Feature", "id": "osm/394683445", "properties": {"osm_id": 394683445, "name": "", "water_type": "water", "natural": "water", "water": "", "waterway": "", "width": null, "depth": null, "area_km2": 0.018, "length_km": null}, "geometry": {"type": "Polygon", "coordinates": [[[-46.7208101, -21.9556387], [-46.7208101, -21.9556387]]]}}, {"type": "Feature", "id": "osm/394683446", "properties": {"osm_id": 394683446, "name": "Lago Paineiras", "water_type": "lake", "natural": "water", "water": "lake", "waterway": "", "width": null, "depth": null, "area_km2": 0.019, "length_km": null}, "geometry": {"type": "Polygon", "coordinates": [[[-46.7230641, -21.9525544], [-46.7230641, -21.9525544]]]}}, {"type": "Feature", "id": "osm/396794339", "properties": {"osm_id": 396794339, "name": "", "water_type": "water", "natural": "water", "water": "", "waterway": "", "width": null, "depth": null, "area_km2": 0.175, "length_km": null}, "geometry": {"type": "Polygon", "coordinates": [[[-46.9574721, -22.1658933], [-46.9574721, -22.1658933]]]}}, {"type": "Feature", "id": "osm/405030985", "properties": {"osm_id": 405030985, "name": "", "water_type": "lake", "natural": "water", "water": "lake", "waterway": "", "width": null, "depth": null, "area_km2": 0.614, "length_km": null}, "geometry": {"type": "Polygon", "coordinates": [[[-46.5321824, -21.9620468], [-46.5321824, -21.9620468]]]}}, {"type": "Feature", "id": "osm/412556815", "properties": {"osm_id": 412556815, "name": "", "water_type": "water", "natural": "water", "water": "", "waterway": "", "width": null, "depth": null, "area_km2": 0.001, "length_km": null}, "geometry": {"type": "Polygon", "coordinates": [[[-46.7413907, -21.4773082], [-46.7413907, -21.4773082]]]}}, {"type": "Feature", "id": "osm/412556818", "properties": {"osm_id": 412556818, "name": "", "water_type": "water", "natural": "water", "water": "", "waterway": "", "width": null, "depth": null, "area_km2": 0.002, "length_km": null}, "geometry": {"type": "Polygon", "coordinates": [[[-46.9282428, -21.6401379], [-46.9282428, -21.6401379]]]}}, {"type": "Feature", "id": "osm/412556821", "properties": {"osm_id": 412556821, "name": "", "water_type": "water", "natural": "water", "water": "", "waterway": "", "width": null, "depth": null, "area_km2": 0.002, "length_km": null}, "geometry": {"type": "Polygon", "coordinates": [[[-46.9372088, -21.6890965], [-46.9372088, -21.6890965]]]}}, {"type": "Feature", "id": "osm/412556822", "properties": {"osm_id": 412556822, "name": "fonte", "water_type": "water", "natural": "water", "water": "", "waterway": "", "width": null, "depth": null, "area_km2": 0, "length_km": null}, "geometry": {"type": "Polygon", "coordinates": [[[-46.750997, -21.4672761], [-46.750997, -21.4672761]]]}}, {"type": "Feature", "id": "osm/412556823", "properties": {"osm_id": 412556823, "name": "", "water_type": "reservoir", "natural": "water", "water": "reservoir", "waterway": "", "width": null, "depth": null, "area_km2": 0.003, "length_km": null}, "geometry": {"type": "Polygon", "coordinates": [[[-46.736902, -21.4812929], [-46.736902, -21.4812929]]]}}, {"type": "Feature", "id": "osm/412556824", "properties": {"osm_id": 412556824, "name": "", "water_type": "water", "natural": "water", "water": "", "waterway": "", "width": null, "depth": null, "area_km2": 0.011, "length_km": null}, "geometry": {"type": "Polygon", "coordinates": [[[-46.7278247, -21.4786397], [-46.7278247, -21.4786397]]]}}, {"type": "Feature", "id": "osm/412556840", "properties": {"osm_id": 412556840, "name": "", "water_type": "reservoir", "natural": "water", "water": "reservoir", "waterway": "", "width": null, "depth": null, "area_km2": 0.018, "length_km": null}, "geometry": {"type": "Polygon", "coordinates": [[[-46.7377073, -21.481711], [-46.7377073, -21.481711]]]}}, {"type": "Feature", "id": "osm/412556841", "properties": {"osm_id": 412556841, "name": "", "water_type": "water", "natural": "water", "water": "", "waterway": "", "width": null, "depth": null, "area_km2": 0.003, "length_km": null}, "geometry": {"type": "Polygon", "coordinates": [[[-46.7398384, -21.4701148], [-46.7398384, -21.4701148]]]}}, {"type": "Feature", "id": "osm/412556843", "properties": {"osm_id": 412556843, "name": "", "water_type": "water", "natural": "water", "water": "", "waterway": "", "width": null, "depth": null, "area_km2": 0.016, "length_km": null}, "geometry": {"type": "Polygon", "coordinates": [[[-46.9292861, -21.640275], [-46.9292861, -21.640275]]]}}, {"type": "Feature", "id": "osm/412556895", "properties": {"osm_id": 412556895, "name": "", "water_type": "pond", "natural": "water", "water": "pond", "waterway": "", "width": null, "depth": null, "area_km2": 0.038, "length_km": null}, "geometry": {"type": "Polygon", "coordinates": [[[-46.9682603, -21.7236425], [-46.9682603, -21.7236425]]]}}, {"type": "Feature", "id": "osm/412556896", "properties": {"osm_id": 412556896, "name": "", "water_type": "water", "natural": "water", "water": "", "waterway": "", "width": null, "depth": null, "area_km2": 0.001, "length_km": null}, "geometry": {"type": "Polygon", "coordinates": [[[-46.7421491, -21.4643887], [-46.7421491, -21.4643887]]]}}, {"type": "Feature", "id": "osm/412556898", "properties": {"osm_id": 412556898, "name": "", "water_type": "water", "natural": "water", "water": "", "waterway": "", "width": null, "depth": null, "area_km2": 0.001, "length_km": null}, "geometry": {"type": "Polygon", "coordinates": [[[-46.7410132, -21.4644224], [-46.7410132, -21.4644224]]]}}, {"type": "Feature", "id": "osm/412556899", "properties": {"osm_id": 412556899, "name": "", "water_type": "water", "natural": "water", "water": "", "waterway": "", "width": null, "depth": null, "area_km2": 0.035, "length_km": null}, "geometry": {"type": "Polygon", "coordinates": [[[-46.9406165, -21.6929022], [-46.9406165, -21.6929022]]]}}, {"type": "Feature", "id": "osm/418101036", "properties": {"osm_id": 418101036, "name": "", "water_type": "pond", "natural": "water", "water": "pond", "waterway": "", "width": null, "depth": null, "area_km2": 0.002, "length_km": null}, "geometry": {"type": "Polygon", "coordinates": [[[-46.4567524, -22.0106357], [-46.4567524, -22.0106357]]]}}, {"type": "Feature", "id": "osm/418101038", "properties": {"osm_id": 418101038, "name": "", "water_type": "pond", "natural": "water", "water": "pond", "waterway": "", "width": null, "depth": null, "area_km2": 0, "length_km": null}, "geometry": {"type": "Polygon", "coordinates": [[[-46.4566198, -22.0107012], [-46.4566198, -22.0107012]]]}}, {"type": "Feature", "id": "osm/418146953", "properties": {"osm_id": 418146953, "name": "", "water_type": "lake", "natural": "water", "water": "lake", "waterway": "", "width": null, "depth": null, "area_km2": 0, "length_km": null}, "geometry": {"type": "Polygon", "coordinates": [[[-46.4199297, -22.1059189], [-46.4199297, -22.1059189]]]}}, {"type": "Feature", "id": "osm/418148762", "properties": {"osm_id": 418148762, "name": "", "water_type": "pond", "natural": "water", "water": "pond", "waterway": "", "width": null, "depth": null, "area_km2": 0, "length_km": null}, "geometry": {"type": "Polygon", "coordinates": [[[-46.3667903, -22.1029786], [-46.3667903, -22.1029786]]]}}, {"type": "Feature", "id": "osm/418153522", "properties": {"osm_id": 418153522, "name": "", "water_type": "pond", "natural": "water", "water": "pond", "waterway": "", "width": null, "depth": null, "area_km2": 0.001, "length_km": null}, "geometry": {"type": "Polygon", "coordinates": [[[-46.3806055, -22.123154], [-46.3806055, -22.123154]]]}}, {"type": "Feature", "id": "osm/418163249", "properties": {"osm_id": 418163249, "name": "", "water_type": "pond", "natural": "water", "water": "pond", "waterway": "", "width": null, "depth": null, "area_km2": 0.002, "length_km": null}, "geometry": {"type": "Polygon", "coordinates": [[[-46.3508916, -22.2470432], [-46.3508916, -22.2470432]]]}}, {"type": "Feature", "id": "osm/418311595", "properties": {"osm_id": 418311595, "name": "", "water_type": "pond", "natural": "water", "water": "pond", "waterway": "", "width": null, "depth": null, "area_km2": 0.001, "length_km": null}, "geometry": {"type": "Polygon", "coordinates": [[[-46.3952234, -22.2184458], [-46.3952234, -22.2184458]]]}}, {"type": "Feature", "id": "osm/418311613", "properties": {"osm_id": 418311613, "name": "", "water_type": "pond", "natural": "water", "water": "pond", "waterway": "", "width": null, "depth": null, "area_km2": 0, "length_km": null}, "geometry": {"type": "Polygon", "coordinates": [[[-46.3941557, -22.2204003], [-46.3941557, -22.2204003]]]}}, {"type": "Feature", "id": "osm/418311614", "properties": {"osm_id": 418311614, "name": "", "water_type": "pond", "natural": "water", "water": "pond", "waterway": "", "width": null, "depth": null, "area_km2": 0, "length_km": null}, "geometry": {"type": "Polygon", "coordinates": [[[-46.3944211, -22.2203937], [-46.3944211, -22.2203937]]]}}, {"type": "Feature", "id": "osm/418311624", "properties": {"osm_id": 418311624, "name": "", "water_type": "pond", "natural": "water", "water": "pond", "waterway": "", "width": null, "depth": null, "area_km2": 0, "length_km": null}, "geometry": {"type": "Polygon", "coordinates": [[[-46.3901246, -22.218694], [-46.3900993, -22.2187964], [-46.3898463, -22.2187428], [-46.3898717, -22.2186404], [-46.3901246, -22.218694]]]}}, {"type": "Feature", "id": "osm/424475118", "properties": {"osm_id": 424475118, "name": "", "water_type": "water", "natural": "water", "water": "", "waterway": "", "width": null, "depth": null, "area_km2": 0.005, "length_km": null}, "geometry": {"type": "Polygon", "coordinates": [[[-46.6302005, -21.7840201], [-46.6302005, -21.7840201]]]}}, {"type": "Feature", "id": "osm/424475119", "properties": {"osm_id": 424475119, "name": "", "water_type": "water", "natural": "water", "water": "", "waterway": "", "width": null, "depth": null, "area_km2": 0.002, "length_km": null}, "geometry": {"type": "Polygon", "coordinates": [[[-46.6276279, -21.7842205], [-46.6276279, -21.7842205]]]}}, {"type": "Feature", "id": "osm/424475120", "properties": {"osm_id": 424475120, "name": "", "water_type": "water", "natural": "water", "water": "", "waterway": "", "width": null, "depth": null, "area_km2": 0.002, "length_km": null}, "geometry": {"type": "Polygon", "coordinates": [[[-46.6221463, -21.7839513], [-46.6221463, -21.7839513]]]}}, {"type": "Feature", "id": "osm/424476869", "properties": {"osm_id": 424476869, "name": "", "water_type": "water", "natural": "water", "water": "", "waterway": "", "width": null, "depth": null, "area_km2": 0.001, "length_km": null}, "geometry": {"type": "Polygon", "coordinates": [[[-46.6315479, -21.7830918], [-46.6315479, -21.7830918]]]}}, {"type": "Feature", "id": "osm/424476870", "properties": {"osm_id": 424476870, "name": "", "water_type": "water", "natural": "water", "water": "", "waterway": "", "width": null, "depth": null, "area_km2": 0.002, "length_km": null}, "geometry": {"type": "Polygon", "coordinates": [[[-46.6314549, -21.7822161], [-46.6314549, -21.7822161]]]}}, {"type": "Feature", "id": "osm/426077608", "properties": {"osm_id": 426077608, "name": "", "water_type": "lake", "natural": "water", "water": "lake", "waterway": "", "width": null, "depth": null, "area_km2": 0.042, "length_km": null}, "geometry": {"type": "Polygon", "coordinates": [[[-46.6491903, -21.8021066], [-46.6491903, -21.8021066]]]}}, {"type": "Feature", "id": "osm/428087669", "properties": {"osm_id": 428087669, "name": "", "water_type": "lake", "natural": "water", "water": "lake", "waterway": "", "width": null, "depth": null, "area_km2": 0.003, "length_km": null}, "geometry": {"type": "Polygon", "coordinates": [[[-46.6104986, -21.7948384], [-46.6104986, -21.7948384]]]}}, {"type": "Feature", "id": "osm/428087671", "properties": {"osm_id": 428087671, "name": "", "water_type": "lake", "natural": "water", "water": "lake", "waterway": "", "width": null, "depth": null, "area_km2": 0.005, "length_km": null}, "geometry": {"type": "Polygon", "coordinates": [[[-46.6119918, -21.7934228], [-46.6119918, -21.7934228]]]}}, {"type": "Feature", "id": "osm/428102028", "properties": {"osm_id": 428102028, "name": "", "water_type": "lake", "natural": "water", "water": "lake", "waterway": "", "width": null, "depth": null, "area_km2": 0.005, "length_km": null}, "geometry": {"type": "Polygon", "coordinates": [[[-46.5902485, -21.8020326], [-46.5902485, -21.8020326]]]}}, {"type": "Feature", "id": "osm/430549612", "properties": {"osm_id": 430549612, "name": "", "water_type": "reservoir", "natural": "water", "water": "reservoir", "waterway": "", "width": null, "depth": null, "area_km2": 0.017, "length_km": null}, "geometry": {"type": "Polygon", "coordinates": [[[-46.7448172, -22.2719079], [-46.7448172, -22.2719079]]]}}, {"type": "Feature", "id": "osm/430549613", "properties": {"osm_id": 430549613, "name": "", "water_type": "reservoir", "natural": "water", "water": "reservoir", "waterway": "", "width": null, "depth": null, "area_km2": 0.012, "length_km": null}, "geometry": {"type": "Polygon", "coordinates": [[[-46.744973, -22.2670423], [-46.744973, -22.2670423]]]}}, {"type": "Feature", "id": "osm/430549614", "properties": {"osm_id": 430549614, "name": "", "water_type": "reservoir", "natural": "water", "water": "reservoir", "waterway": "", "width": null, "depth": null, "area_km2": 0.009, "length_km": null}, "geometry": {"type": "Polygon", "coordinates": [[[-46.7446888, -22.2691018], [-46.7446888, -22.2691018]]]}}, {"type": "Feature", "id": "osm/441426873", "properties": {"osm_id": 441426873, "name": "", "water_type": "lake", "natural": "water", "water": "lake", "waterway": "", "width": null, "depth": null, "area_km2": 0.005, "length_km": null}, "geometry": {"type": "Polygon", "coordinates": [[[-46.4208979, -21.9320253], [-46.4208979, -21.9320253]]]}}, {"type": "Feature", "id": "osm/445787319", "properties": {"osm_id": 445787319, "name": "", "water_type": "lake", "natural": "water", "water": "lake", "waterway": "", "width": null, "depth": null, "area_km2": 0.003, "length_km": null}, "geometry": {"type": "Polygon", "coordinates": [[[-46.239928, -21.7739748], [-46.239928, -21.7739748]]]}}, {"type": "Feature", "id": "osm/446107551", "properties": {"osm_id": 446107551, "name": "", "water_type": "lake", "natural": "water", "water": "lake", "waterway": "", "width": null, "depth": null, "area_km2": 0.001, "length_km": null}, "geometry": {"type": "Polygon", "coordinates": [[[-46.3311156, -21.9091228], [-46.3311156, -21.9091228]]]}}, {"type": "Feature", "id": "osm/446107552", "properties": {"osm_id": 446107552, "name": "", "water_type": "lake", "natural": "water", "water": "lake", "waterway": "", "width": null, "depth": null, "area_km2": 0.002, "length_km": null}, "geometry": {"type": "Polygon", "coordinates": [[[-46.329796, -21.9104317], [-46.329796, -21.9104317]]]}}, {"type": "Feature", "id": "osm/446189963", "properties": {"osm_id": 446189963, "name": "", "water_type": "reservoir", "natural": "water", "water": "reservoir", "waterway": "", "width": null, "depth": null, "area_km2": 0.001, "length_km": null}, "geometry": {"type": "Polygon", "coordinates": [[[-47.0100916, -21.7840408], [-47.0099004, -21.7842263], [-47.0096972, -21.7840458], [-47.0098883, -21.7838603], [-47.0100916, -21.7840408]]]}}, {"type": "Feature", "id": "osm/446189964", "properties": {"osm_id": 446189964, "name": "", "water_type": "reservoir", "natural": "water", "water": "reservoir", "waterway": "", "width": null, "depth": null, "area_km2": 0.003, "length_km": null}, "geometry": {"type": "Polygon", "coordinates": [[[-47.0104903, -21.785696], [-47.0101404, -21.7857526], [-47.0102778, -21.786485], [-47.0106278, -21.7864283], [-47.0104903, -21.785696]]]}}, {"type": "Feature", "id": "osm/446189966", "properties": {"osm_id": 446189966, "name": "", "water_type": "reservoir", "natural": "water", "water": "reservoir", "waterway": "", "width": null, "depth": null, "area_km2": 0.007, "length_km": null}, "geometry": {"type": "Polygon", "coordinates": [[[-47.0104463, -21.7848726], [-47.0104463, -21.7848726]]]}}, {"type": "Feature", "id": "osm/448044054", "properties": {"osm_id": 448044054, "name": "", "water_type": "water", "natural": "water", "water": "", "waterway": "", "width": null, "depth": null, "area_km2": 0.014, "length_km": null}, "geometry": {"type": "Polygon", "coordinates": [[[-46.6062937, -21.7694488], [-46.6062937, -21.7694488]]]}}, {"type": "Feature", "id": "osm/449379009", "properties": {"osm_id": 449379009, "name": "Represa Saturnino de Brito", "water_type": "reservoir", "natural": "water", "water": "reservoir", "waterway": "", "width": null, "depth": null, "area_km2": 0.093, "length_km": null}, "geometry": {"type": "Polygon", "coordinates": [[[-46.5378838, -21.8162279], [-46.5378838, -21.8162279]]]}}, {"type": "Feature", "id": "osm/449379010", "properties": {"osm_id": 449379010, "name": "Represa Saturnino de Brito", "water_type": "reservoir", "natural": "water", "water": "reservoir", "waterway": "", "width": null, "depth": null, "area_km2": 0.009, "length_km": null}, "geometry": {"type": "Polygon", "coordinates": [[[-46.5396967, -21.8138137], [-46.5396967, -21.8138137]]]}}, {"type": "Feature", "id": "osm/449379014", "properties": {"osm_id": 449379014, "name": "", "water_type": "water", "natural": "water", "water": "", "waterway": "", "width": null, "depth": null, "area_km2": 0.062, "length_km": null}, "geometry": {"type": "Polygon", "coordinates": [[[-46.5248038, -21.830498], [-46.5248038, -21.830498]]]}}, {"type": "Feature", "id": "osm/449379019", "properties": {"osm_id": 449379019, "name": "Represa Saturnino de Brito", "water_type": "reservoir", "natural": "water", "water": "reservoir", "waterway": "", "width": null, "depth": null, "area_km2": 0.126, "length_km": null}, "geometry": {"type": "Polygon", "coordinates": [[[-46.5404556, -21.8155554], [-46.5404556, -21.8155554]]]}}, {"type": "Feature", "id": "osm/449379021", "properties": {"osm_id": 449379021, "name": "", "water_type": "reservoir", "natural": "water", "water": "reservoir", "waterway": "", "width": null, "depth": null, "area_km2": 0.064, "length_km": null}, "geometry": {"type": "Polygon", "coordinates": [[[-46.5382578, -21.8355673], [-46.5382578, -21.8355673]]]}}, {"type": "Feature", "id": "osm/463431522", "properties": {"osm_id": 463431522, "name": "", "water_type": "water", "natural": "water", "water": "", "waterway": "", "width": null, "depth": null, "area_km2": 0.003, "length_km": null}, "geometry": {"type": "Polygon", "coordinates": [[[-46.5481421, -21.8842087], [-46.5481421, -21.8842087]]]}}, {"type": "Feature", "id": "osm/464942495", "properties": {"osm_id": 464942495, "name": "", "water_type": "water", "natural": "water", "water": "wastewater", "waterway": "", "width": null, "depth": null, "area_km2": 0.292, "length_km": null}, "geometry": {"type": "Polygon", "coordinates": [[[-46.5840907, -21.8540978], [-46.5840907, -21.8540978]]]}}, {"type": "Feature", "id": "osm/465147798", "properties": {"osm_id": 465147798, "name": "", "water_type": "water", "natural": "water", "water": "", "waterway": "", "width": null, "depth": null, "area_km2": 0.003, "length_km": null}, "geometry": {"type": "Polygon", "coordinates": [[[-46.6507172, -21.8121723], [-46.6507172, -21.8121723]]]}}, {"type": "Feature", "id": "osm/465147811", "properties": {"osm_id": 465147811, "name": "", "water_type": "water", "natural": "water", "water": "", "waterway": "", "width": null, "depth": null, "area_km2": 0.002, "length_km": null}, "geometry": {"type": "Polygon", "coordinates": [[[-46.6501097, -21.8071712], [-46.6501097, -21.8071712]]]}}, {"type": "Feature", "id": "osm/465147813", "properties": {"osm_id": 465147813, "name": "", "water_type": "water", "natural": "water", "water": "", "waterway": "", "width": null, "depth": null, "area_km2": 0.001, "length_km": null}, "geometry": {"type": "Polygon", "coordinates": [[[-46.6495734, -21.8067993], [-46.6495734, -21.8067993]]]}}, {"type": "Feature", "id": "osm/465147814", "properties": {"osm_id": 465147814, "name": "", "water_type": "water", "natural": "water", "water": "", "waterway": "", "width": null, "depth": null, "area_km2": 0.002, "length_km": null}, "geometry": {"type": "Polygon", "coordinates": [[[-46.649336, -21.8063978], [-46.649336, -21.8063978]]]}}, {"type": "Feature", "id": "osm/465147815", "properties": {"osm_id": 465147815, "name": "", "water_type": "water", "natural": "water", "water": "", "waterway": "", "width": null, "depth": null, "area_km2": 0, "length_km": null}, "geometry": {"type": "Polygon", "coordinates": [[[-46.6494496, -21.8073151], [-46.6494496, -21.8073151]]]}}, {"type": "Feature", "id": "osm/465147866", "properties": {"osm_id": 465147866, "name": "", "water_type": "lake", "natural": "water", "water": "lake", "waterway": "", "width": null, "depth": null, "area_km2": 0.004, "length_km": null}, "geometry": {"type": "Polygon", "coordinates": [[[-46.6544216, -21.8103183], [-46.6544216, -21.8103183]]]}}, {"type": "Feature", "id": "osm/465149082", "properties": {"osm_id": 465149082, "name": "", "water_type": "lake", "natural": "water", "water": "lake", "waterway": "", "width": null, "depth": null, "area_km2": 0.086, "length_km": null}, "geometry": {"type": "Polygon", "coordinates": [[[-46.6702535, -21.8467207], [-46.6702535, -21.8467207]]]}}, {"type": "Feature", "id": "osm/465201547", "properties": {"osm_id": 465201547, "name": "", "water_type": "pond", "natural": "water", "water": "pond", "waterway": "", "width": null, "depth": null, "area_km2": 0.024, "length_km": null}, "geometry": {"type": "Polygon", "coordinates": [[[-46.625821, -21.8180609], [-46.625821, -21.8180609]]]}}, {"type": "Feature", "id": "osm/477054727", "properties": {"osm_id": 477054727, "name": "", "water_type": "lake", "natural": "water", "water": "lake", "waterway": "", "width": null, "depth": null, "area_km2": 0.008, "length_km": null}, "geometry": {"type": "Polygon", "coordinates": [[[-47.0008251, -22.1207796], [-47.0008251, -22.1207796]]]}}, {"type": "Feature", "id": "osm/477054728", "properties": {"osm_id": 477054728, "name": "", "water_type": "lake", "natural": "water", "water": "lake", "waterway": "", "width": null, "depth": null, "area_km2": 0.005, "length_km": null}, "geometry": {"type": "Polygon", "coordinates": [[[-46.9999615, -22.1180413], [-46.9999615, -22.1180413]]]}}, {"type": "Feature", "id": "osm/477054729", "properties": {"osm_id": 477054729, "name": "", "water_type": "lake", "natural": "water", "water": "lake", "waterway": "", "width": null, "depth": null, "area_km2": 0.011, "length_km": null}, "geometry": {"type": "Polygon", "coordinates": [[[-46.9826525, -22.1752588], [-46.9826525, -22.1752588]]]}}, {"type": "Feature", "id": "osm/477586467", "properties": {"osm_id": 477586467, "name": "", "water_type": "lake", "natural": "water", "water": "lake", "waterway": "", "width": null, "depth": null, "area_km2": 0.006, "length_km": null}, "geometry": {"type": "Polygon", "coordinates": [[[-46.6886551, -21.8662495], [-46.6886551, -21.8662495]]]}}, {"type": "Feature", "id": "osm/477586468", "properties": {"osm_id": 477586468, "name": "", "water_type": "lake", "natural": "water", "water": "lake", "waterway": "", "width": null, "depth": null, "area_km2": 0.003, "length_km": null}, "geometry": {"type": "Polygon", "coordinates": [[[-46.6953657, -21.9000179], [-46.6953657, -21.9000179]]]}}, {"type": "Feature", "id": "osm/477586469", "properties": {"osm_id": 477586469, "name": "", "water_type": "lake", "natural": "water", "water": "lake", "waterway": "", "width": null, "depth": null, "area_km2": 0.001, "length_km": null}, "geometry": {"type": "Polygon", "coordinates": [[[-46.69476, -21.899139], [-46.69476, -21.899139]]]}}, {"type": "Feature", "id": "osm/477586470", "properties": {"osm_id": 477586470, "name": "", "water_type": "lake", "natural": "water", "water": "lake", "waterway": "", "width": null, "depth": null, "area_km2": 0.001, "length_km": null}, "geometry": {"type": "Polygon", "coordinates": [[[-46.6958507, -21.9070182], [-46.6958507, -21.9070182]]]}}, {"type": "Feature", "id": "osm/477667839", "properties": {"osm_id": 477667839, "name": "", "water_type": "pond", "natural": "water", "water": "pond", "waterway": "", "width": null, "depth": null, "area_km2": 0.001, "length_km": null}, "geometry": {"type": "Polygon", "coordinates": [[[-46.8084955, -21.8343388], [-46.8084955, -21.8343388]]]}}, {"type": "Feature", "id": "osm/477667844", "properties": {"osm_id": 477667844, "name": "", "water_type": "pond", "natural": "water", "water": "pond", "waterway": "", "width": null, "depth": null, "area_km2": 0.012, "length_km": null}, "geometry": {"type": "Polygon", "coordinates": [[[-46.8588437, -21.8497423], [-46.8588437, -21.8497423]]]}}, {"type": "Feature", "id": "osm/477669080", "properties": {"osm_id": 477669080, "name": "", "water_type": "lake", "natural": "water", "water": "lake", "waterway": "", "width": null, "depth": null, "area_km2": 0.004, "length_km": null}, "geometry": {"type": "Polygon", "coordinates": [[[-46.7427508, -21.841556], [-46.7427508, -21.841556]]]}}, {"type": "Feature", "id": "osm/477674697", "properties": {"osm_id": 477674697, "name": "", "water_type": "pond", "natural": "water", "water": "pond", "waterway": "", "width": null, "depth": null, "area_km2": 0.002, "length_km": null}, "geometry": {"type": "Polygon", "coordinates": [[[-46.6758403, -21.8582467], [-46.6758403, -21.8582467]]]}}, {"type": "Feature", "id": "osm/477674703", "properties": {"osm_id": 477674703, "name": "", "water_type": "pond", "natural": "water", "water": "pond", "waterway": "", "width": null, "depth": null, "area_km2": 0.002, "length_km": null}, "geometry": {"type": "Polygon", "coordinates": [[[-46.7159234, -21.935488], [-46.7159234, -21.935488]]]}}, {"type": "Feature", "id": "osm/477779030", "properties": {"osm_id": 477779030, "name": "", "water_type": "pond", "natural": "water", "water": "pond", "waterway": "", "width": null, "depth": null, "area_km2": 0.01, "length_km": null}, "geometry": {"type": "Polygon", "coordinates": [[[-46.706867, -21.9367206], [-46.706867, -21.9367206]]]}}, {"type": "Feature", "id": "osm/477780259", "properties": {"osm_id": 477780259, "name": "", "water_type": "pond", "natural": "water", "water": "pond", "waterway": "", "width": null, "depth": null, "area_km2": 0.004, "length_km": null}, "geometry": {"type": "Polygon", "coordinates": [[[-46.695296, -21.9334415], [-46.695296, -21.9334415]]]}}, {"type": "Feature", "id": "osm/477782652", "properties": {"osm_id": 477782652, "name": "", "water_type": "pond", "natural": "water", "water": "pond", "waterway": "", "width": null, "depth": null, "area_km2": 0.002, "length_km": null}, "geometry": {"type": "Polygon", "coordinates": [[[-46.6866263, -21.9479768], [-46.6866263, -21.9479768]]]}}, {"type": "Feature", "id": "osm/477782669", "properties": {"osm_id": 477782669, "name": "", "water_type": "pond", "natural": "water", "water": "pond", "waterway": "", "width": null, "depth": null, "area_km2": 0.004, "length_km": null}, "geometry": {"type": "Polygon", "coordinates": [[[-46.6896671, -21.9494196], [-46.6896671, -21.9494196]]]}}, {"type": "Feature", "id": "osm/477785430", "properties": {"osm_id": 477785430, "name": "", "water_type": "pond", "natural": "water", "water": "pond", "waterway": "", "width": null, "depth": null, "area_km2": 0.009, "length_km": null}, "geometry": {"type": "Polygon", "coordinates": [[[-46.7021617, -21.9513383], [-46.7021617, -21.9513383]]]}}, {"type": "Feature", "id": "osm/477785846", "properties": {"osm_id": 477785846, "name": "", "water_type": "pond", "natural": "water", "water": "pond", "waterway": "", "width": null, "depth": null, "area_km2": 0.004, "length_km": null}, "geometry": {"type": "Polygon", "coordinates": [[[-46.7280375, -21.965167], [-46.7280375, -21.965167]]]}}, {"type": "Feature", "id": "osm/477785847", "properties": {"osm_id": 477785847, "name": "", "water_type": "pond", "natural": "water", "water": "pond", "waterway": "", "width": null, "depth": null, "area_km2": 0.003, "length_km": null}, "geometry": {"type": "Polygon", "coordinates": [[[-46.7310267, -21.9618715], [-46.7310267, -21.9618715]]]}}, {"type": "Feature", "id": "osm/477974680", "properties": {"osm_id": 477974680, "name": "", "water_type": "pond", "natural": "water", "water": "pond", "waterway": "", "width": null, "depth": null, "area_km2": 0.015, "length_km": null}, "geometry": {"type": "Polygon", "coordinates": [[[-46.7291855, -21.9489406], [-46.7291855, -21.9489406]]]}}, {"type": "Feature", "id": "osm/478205470", "properties": {"osm_id": 478205470, "name": "", "water_type": "pond", "natural": "water", "water": "pond", "waterway": "", "width": null, "depth": null, "area_km2": 0.001, "length_km": null}, "geometry": {"type": "Polygon", "coordinates": [[[-46.7644193, -21.8293354], [-46.7644193, -21.8293354]]]}}, {"type": "Feature", "id": "osm/478205471", "properties": {"osm_id": 478205471, "name": "", "water_type": "pond", "natural": "water", "water": "pond", "waterway": "", "width": null, "depth": null, "area_km2": 0.002, "length_km": null}, "geometry": {"type": "Polygon", "coordinates": [[[-46.7785927, -21.8219209], [-46.7785927, -21.8219209]]]}}, {"type": "Feature", "id": "osm/478205472", "properties": {"osm_id": 478205472, "name": "", "water_type": "pond", "natural": "water", "water": "pond", "waterway": "", "width": null, "depth": null, "area_km2": 0.006, "length_km": null}, "geometry": {"type": "Polygon", "coordinates": [[[-46.7838947, -21.8211865], [-46.7838947, -21.8211865]]]}}, {"type": "Feature", "id": "osm/478205473", "properties": {"osm_id": 478205473, "name": "", "water_type": "pond", "natural": "water", "water": "pond", "waterway": "", "width": null, "depth": null, "area_km2": 0.021, "length_km": null}, "geometry": {"type": "Polygon", "coordinates": [[[-46.7812083, -21.8171342], [-46.7812083, -21.8171342]]]}}, {"type": "Feature", "id": "osm/478205474", "properties": {"osm_id": 478205474, "name": "", "water_type": "pond", "natural": "water", "water": "pond", "waterway": "", "width": null, "depth": null, "area_km2": 0.003, "length_km": null}, "geometry": {"type": "Polygon", "coordinates": [[[-46.7875374, -21.8045625], [-46.7875374, -21.8045625]]]}}, {"type": "Feature", "id": "osm/478205475", "properties": {"osm_id": 478205475, "name": "", "water_type": "lake", "natural": "water", "water": "lake", "waterway": "", "width": null, "depth": null, "area_km2": 0.017, "length_km": null}, "geometry": {"type": "Polygon", "coordinates": [[[-46.7865458, -21.8011782], [-46.7865458, -21.8011782]]]}}, {"type": "Feature", "id": "osm/478205476", "properties": {"osm_id": 478205476, "name": "", "water_type": "lake", "natural": "water", "water": "lake", "waterway": "", "width": null, "depth": null, "area_km2": 0.01, "length_km": null}, "geometry": {"type": "Polygon", "coordinates": [[[-46.783941, -21.7993117], [-46.783941, -21.7993117]]]}}, {"type": "Feature", "id": "osm/478205477", "properties": {"osm_id": 478205477, "name": "", "water_type": "lake", "natural": "water", "water": "lake", "waterway": "", "width": null, "depth": null, "area_km2": 0.029, "length_km": null}, "geometry": {"type": "Polygon", "coordinates": [[[-46.8023158, -21.7971348], [-46.8023158, -21.7971348]]]}}, {"type": "Feature", "id": "osm/478448583", "properties": {"osm_id": 478448583, "name": "", "water_type": "pond", "natural": "water", "water": "pond", "waterway": "", "width": null, "depth": null, "area_km2": 0.004, "length_km": null}, "geometry": {"type": "Polygon", "coordinates": [[[-46.5862954, -21.9590974], [-46.5862954, -21.9590974]]]}}, {"type": "Feature", "id": "osm/478460100", "properties": {"osm_id": 478460100, "name": "", "water_type": "lake", "natural": "water", "water": "lake", "waterway": "", "width": null, "depth": null, "area_km2": 0.016, "length_km": null}, "geometry": {"type": "Polygon", "coordinates": [[[-46.6641508, -21.8180702], [-46.6641508, -21.8180702]]]}}, {"type": "Feature", "id": "osm/478466712", "properties": {"osm_id": 478466712, "name": "", "water_type": "lake", "natural": "water", "water": "lake", "waterway": "", "width": null, "depth": null, "area_km2": 0.118, "length_km": null}, "geometry": {"type": "Polygon", "coordinates": [[[-46.6263722, -21.8166409], [-46.6263722, -21.8166409]]]}}, {"type": "Feature", "id": "osm/478467441", "properties": {"osm_id": 478467441, "name": "", "water_type": "lake", "natural": "water", "water": "lake", "waterway": "", "width": null, "depth": null, "area_km2": 0.046, "length_km": null}, "geometry": {"type": "Polygon", "coordinates": [[[-46.6324022, -21.8207947], [-46.6324022, -21.8207947]]]}}, {"type": "Feature", "id": "osm/478468071", "properties": {"osm_id": 478468071, "name": "", "water_type": "lake", "natural": "water", "water": "lake", "waterway": "", "width": null, "depth": null, "area_km2": 0.07, "length_km": null}, "geometry": {"type": "Polygon", "coordinates": [[[-46.621723, -21.8136111], [-46.621723, -21.8136111]]]}}, {"type": "Feature", "id": "osm/478468719", "properties": {"osm_id": 478468719, "name": "", "water_type": "lake", "natural": "water", "water": "lake", "waterway": "", "width": null, "depth": null, "area_km2": 0.034, "length_km": null}, "geometry": {"type": "Polygon", "coordinates": [[[-46.6203194, -21.8167114], [-46.6203194, -21.8167114]]]}}, {"type": "Feature", "id": "osm/478468720", "properties": {"osm_id": 478468720, "name": "", "water_type": "lake", "natural": "water", "water": "lake", "waterway": "", "width": null, "depth": null, "area_km2": 0.009, "length_km": null}, "geometry": {"type": "Polygon", "coordinates": [[[-46.6197957, -21.8147591], [-46.6197957, -21.8147591]]]}}, {"type": "Feature", "id": "osm/478468721", "properties": {"osm_id": 478468721, "name": "", "water_type": "lake", "natural": "water", "water": "lake", "waterway": "", "width": null, "depth": null, "area_km2": 0.006, "length_km": null}, "geometry": {"type": "Polygon", "coordinates": [[[-46.6173987, -21.8119438], [-46.6173987, -21.8119438]]]}}, {"type": "Feature", "id": "osm/478468722", "properties": {"osm_id": 478468722, "name": "", "water_type": "lake", "natural": "water", "water": "lake", "waterway": "", "width": null, "depth": null, "area_km2": 0.008, "length_km": null}, "geometry": {"type": "Polygon", "coordinates": [[[-46.6182159, -21.8121952], [-46.6182159, -21.8121952]]]}}, {"type": "Feature", "id": "osm/478486235", "properties": {"osm_id": 478486235, "name": "", "water_type": "reservoir", "natural": "water", "water": "reservoir", "waterway": "", "width": null, "depth": null, "area_km2": 0.009, "length_km": null}, "geometry": {"type": "Polygon", "coordinates": [[[-46.5470134, -21.8184066], [-46.5470134, -21.8184066]]]}}, {"type": "Feature", "id": "osm/478771532", "properties": {"osm_id": 478771532, "name": "", "water_type": "pond", "natural": "water", "water": "pond", "waterway": "", "width": null, "depth": null, "area_km2": 0.006, "length_km": null}, "geometry": {"type": "Polygon", "coordinates": [[[-46.7248321, -21.9508772], [-46.7248321, -21.9508772]]]}}, {"type": "Feature", "id": "osm/478771533", "properties": {"osm_id": 478771533, "name": "", "water_type": "pond", "natural": "water", "water": "pond", "waterway": "", "width": null, "depth": null, "area_km2": 0.001, "length_km": null}, "geometry": {"type": "Polygon", "coordinates": [[[-46.724079, -21.9513007], [-46.724079, -21.9513007]]]}}, {"type": "Feature", "id": "osm/478930917", "properties": {"osm_id": 478930917, "name": "", "water_type": "lake", "natural": "water", "water": "lake", "waterway": "", "width": null, "depth": null, "area_km2": 0.002, "length_km": null}, "geometry": {"type": "Polygon", "coordinates": [[[-46.6781341, -21.97895], [-46.6781341, -21.97895]]]}}, {"type": "Feature", "id": "osm/478930919", "properties": {"osm_id": 478930919, "name": "", "water_type": "lake", "natural": "water", "water": "lake", "waterway": "", "width": null, "depth": null, "area_km2": 0.003, "length_km": null}, "geometry": {"type": "Polygon", "coordinates": [[[-46.6785447, -21.9795947], [-46.6785447, -21.9795947]]]}}, {"type": "Feature", "id": "osm/478930921", "properties": {"osm_id": 478930921, "name": "", "water_type": "lake", "natural": "water", "water": "lake", "waterway": "", "width": null, "depth": null, "area_km2": 0.002, "length_km": null}, "geometry": {"type": "Polygon", "coordinates": [[[-46.6791749, -21.9804316], [-46.6791749, -21.9804316]]]}}, {"type": "Feature", "id": "osm/478930923", "properties": {"osm_id": 478930923, "name": "", "water_type": "lake", "natural": "water", "water": "lake", "waterway": "", "width": null, "depth": null, "area_km2": 0.001, "length_km": null}, "geometry": {"type": "Polygon", "coordinates": [[[-46.6743299, -21.981703], [-46.6743299, -21.981703]]]}}, {"type": "Feature", "id": "osm/478931870", "properties": {"osm_id": 478931870, "name": "", "water_type": "lake", "natural": "water", "water": "lake", "waterway": "", "width": null, "depth": null, "area_km2": 0.001, "length_km": null}, "geometry": {"type": "Polygon", "coordinates": [[[-46.6820182, -21.9756588], [-46.6820182, -21.9756588]]]}}, {"type": "Feature", "id": "osm/478973874", "properties": {"osm_id": 478973874, "name": "", "water_type": "pond", "natural": "water", "water": "pond", "waterway": "", "width": null, "depth": null, "area_km2": 0.001, "length_km": null}, "geometry": {"type": "Polygon", "coordinates": [[[-46.7154855, -21.9440333], [-46.7154855, -21.9440333]]]}}, {"type": "Feature", "id": "osm/478975644", "properties": {"osm_id": 478975644, "name": "", "water_type": "pond", "natural": "water", "water": "pond", "waterway": "", "width": null, "depth": null, "area_km2": 0.002, "length_km": null}, "geometry": {"type": "Polygon", "coordinates": [[[-46.6071078, -21.840085], [-46.6071078, -21.840085]]]}}, {"type": "Feature", "id": "osm/479532656", "properties": {"osm_id": 479532656, "name": "", "water_type": "lake", "natural": "water", "water": "lake", "waterway": "", "width": null, "depth": null, "area_km2": 0.007, "length_km": null}, "geometry": {"type": "Polygon", "coordinates": [[[-46.7662417, -21.9809022], [-46.7662417, -21.9809022]]]}}, {"type": "Feature", "id": "osm/479532657", "properties": {"osm_id": 479532657, "name": "", "water_type": "lake", "natural": "water", "water": "lake", "waterway": "", "width": null, "depth": null, "area_km2": 0.006, "length_km": null}, "geometry": {"type": "Polygon", "coordinates": [[[-46.7651081, -21.9825591], [-46.7651081, -21.9825591]]]}}, {"type": "Feature", "id": "osm/480916214", "properties": {"osm_id": 480916214, "name": "", "water_type": "lake", "natural": "water", "water": "lake", "waterway": "", "width": null, "depth": null, "area_km2": 0.001, "length_km": null}, "geometry": {"type": "Polygon", "coordinates": [[[-46.8033319, -21.9672873], [-46.8033319, -21.9672873]]]}}, {"type": "Feature", "id": "osm/481643562", "properties": {"osm_id": 481643562, "name": "", "water_type": "lake", "natural": "water", "water": "lake", "waterway": "", "width": null, "depth": null, "area_km2": 0.039, "length_km": null}, "geometry": {"type": "Polygon", "coordinates": [[[-46.6749295, -21.8359341], [-46.6749295, -21.8359341]]]}}, {"type": "Feature", "id": "osm/481643567", "properties": {"osm_id": 481643567, "name": "", "water_type": "lake", "natural": "water", "water": "lake", "waterway": "", "width": null, "depth": null, "area_km2": 0.002, "length_km": null}, "geometry": {"type": "Polygon", "coordinates": [[[-46.6779335, -21.8364896], [-46.6779335, -21.8364896]]]}}, {"type": "Feature", "id": "osm/481643568", "properties": {"osm_id": 481643568, "name": "", "water_type": "lake", "natural": "water", "water": "lake", "waterway": "", "width": null, "depth": null, "area_km2": 0.006, "length_km": null}, "geometry": {"type": "Polygon", "coordinates": [[[-46.6731078, -21.8337838], [-46.6731078, -21.8337838]]]}}, {"type": "Feature", "id": "osm/481643569", "properties": {"osm_id": 481643569, "name": "", "water_type": "lake", "natural": "water", "water": "lake", "waterway": "", "width": null, "depth": null, "area_km2": 0.011, "length_km": null}, "geometry": {"type": "Polygon", "coordinates": [[[-46.6684049, -21.8290533], [-46.6684049, -21.8290533]]]}}, {"type": "Feature", "id": "osm/481643570", "properties": {"osm_id": 481643570, "name": "", "water_type": "lake", "natural": "water", "water": "lake", "waterway": "", "width": null, "depth": null, "area_km2": 0.016, "length_km": null}, "geometry": {"type": "Polygon", "coordinates": [[[-46.663206, -21.8337134], [-46.663206, -21.8337134]]]}}, {"type": "Feature", "id": "osm/483705652", "properties": {"osm_id": 483705652, "name": "", "water_type": "lake", "natural": "water", "water": "lake", "waterway": "", "width": null, "depth": null, "area_km2": 0.004, "length_km": null}, "geometry": {"type": "Polygon", "coordinates": [[[-46.7762639, -21.9939316], [-46.7762639, -21.9939316]]]}}, {"type": "Feature", "id": "osm/484215251", "properties": {"osm_id": 484215251, "name": "", "water_type": "water", "natural": "water", "water": "", "waterway": "", "width": null, "depth": null, "area_km2": 0.01, "length_km": null}, "geometry": {"type": "Polygon", "coordinates": [[[-46.6104884, -21.9068132], [-46.6104884, -21.9068132]]]}}, {"type": "Feature", "id": "osm/484215253", "properties": {"osm_id": 484215253, "name": "", "water_type": "water", "natural": "water", "water": "", "waterway": "", "width": null, "depth": null, "area_km2": 0.01, "length_km": null}, "geometry": {"type": "Polygon", "coordinates": [[[-46.6139964, -21.9043499], [-46.6139964, -21.9043499]]]}}, {"type": "Feature", "id": "osm/484215255", "properties": {"osm_id": 484215255, "name": "", "water_type": "water", "natural": "water", "water": "", "waterway": "", "width": null, "depth": null, "area_km2": 0.003, "length_km": null}, "geometry": {"type": "Polygon", "coordinates": [[[-46.6304857, -21.850206], [-46.6304857, -21.850206]]]}}, {"type": "Feature", "id": "osm/484215257", "properties": {"osm_id": 484215257, "name": "", "water_type": "water", "natural": "water", "water": "", "waterway": "", "width": null, "depth": null, "area_km2": 0.01, "length_km": null}, "geometry": {"type": "Polygon", "coordinates": [[[-46.6524918, -21.870404], [-46.6524918, -21.870404]]]}}, {"type": "Feature", "id": "osm/490251538", "properties": {"osm_id": 490251538, "name": "", "water_type": "lake", "natural": "water", "water": "lake", "waterway": "", "width": null, "depth": null, "area_km2": 0.007, "length_km": null}, "geometry": {"type": "Polygon", "coordinates": [[[-46.6094056, -21.9425275], [-46.6094056, -21.9425275]]]}}, {"type": "Feature", "id": "osm/490966727", "properties": {"osm_id": 490966727, "name": "", "water_type": "lake", "natural": "water", "water": "lake", "waterway": "", "width": null, "depth": null, "area_km2": 0.002, "length_km": null}, "geometry": {"type": "Polygon", "coordinates": [[[-46.6135975, -21.7926306], [-46.6135975, -21.7926306]]]}}, {"type": "Feature", "id": "osm/531364729", "properties": {"osm_id": 531364729, "name": "", "water_type": "water", "natural": "water", "water": "", "waterway": "", "width": null, "depth": null, "area_km2": 0.024, "length_km": null}, "geometry": {"type": "Polygon", "coordinates": [[[-46.9102988, -21.6506499], [-46.9102988, -21.6506499]]]}}, {"type": "Feature", "id": "osm/542649857", "properties": {"osm_id": 542649857, "name": "", "water_type": "lake", "natural": "water", "water": "lake", "waterway": "", "width": null, "depth": null, "area_km2": 0.008, "length_km": null}, "geometry": {"type": "Polygon", "coordinates": [[[-46.6958374, -21.6915315], [-46.6958374, -21.6915315]]]}}, {"type": "Feature", "id": "osm/542649871", "properties": {"osm_id": 542649871, "name": "", "water_type": "lake", "natural": "water", "water": "lake", "waterway": "", "width": null, "depth": null, "area_km2": 0.017, "length_km": null}, "geometry": {"type": "Polygon", "coordinates": [[[-46.6976667, -21.6944175], [-46.6976667, -21.6944175]]]}}, {"type": "Feature", "id": "osm/542649872", "properties": {"osm_id": 542649872, "name": "", "water_type": "lake", "natural": "water", "water": "lake", "waterway": "", "width": null, "depth": null, "area_km2": 0.001, "length_km": null}, "geometry": {"type": "Polygon", "coordinates": [[[-46.6337442, -21.7127342], [-46.6337442, -21.7127342]]]}}, {"type": "Feature", "id": "osm/542649873", "properties": {"osm_id": 542649873, "name": "", "water_type": "lake", "natural": "water", "water": "lake", "waterway": "", "width": null, "depth": null, "area_km2": 0.006, "length_km": null}, "geometry": {"type": "Polygon", "coordinates": [[[-46.6338274, -21.7118396], [-46.6338274, -21.7118396]]]}}, {"type": "Feature", "id": "osm/542649904", "properties": {"osm_id": 542649904, "name": "", "water_type": "lake", "natural": "water", "water": "lake", "waterway": "", "width": null, "depth": null, "area_km2": 0, "length_km": null}, "geometry": {"type": "Polygon", "coordinates": [[[-46.7539836, -21.6543171], [-46.7539836, -21.6543171]]]}}, {"type": "Feature", "id": "osm/542649905", "properties": {"osm_id": 542649905, "name": "", "water_type": "lake", "natural": "water", "water": "lake", "waterway": "", "width": null, "depth": null, "area_km2": 0.004, "length_km": null}, "geometry": {"type": "Polygon", "coordinates": [[[-46.7548513, -21.6540453], [-46.7548513, -21.6540453]]]}}, {"type": "Feature", "id": "osm/542649906", "properties": {"osm_id": 542649906, "name": "", "water_type": "lake", "natural": "water", "water": "lake", "waterway": "", "width": null, "depth": null, "area_km2": 0.002, "length_km": null}, "geometry": {"type": "Polygon", "coordinates": [[[-46.6737869, -21.6672871], [-46.6737869, -21.6672871]]]}}, {"type": "Feature", "id": "osm/542649907", "properties": {"osm_id": 542649907, "name": "", "water_type": "lake", "natural": "water", "water": "lake", "waterway": "", "width": null, "depth": null, "area_km2": 0, "length_km": null}, "geometry": {"type": "Polygon", "coordinates": [[[-46.6989487, -21.6667612], [-46.6989487, -21.6667612]]]}}, {"type": "Feature", "id": "osm/542649908", "properties": {"osm_id": 542649908, "name": "", "water_type": "lake", "natural": "water", "water": "lake", "waterway": "", "width": null, "depth": null, "area_km2": 0, "length_km": null}, "geometry": {"type": "Polygon", "coordinates": [[[-46.6989715, -21.6665481], [-46.6989715, -21.6665481]]]}}, {"type": "Feature", "id": "osm/542649909", "properties": {"osm_id": 542649909, "name": "", "water_type": "lake", "natural": "water", "water": "lake", "waterway": "", "width": null, "depth": null, "area_km2": 0.001, "length_km": null}, "geometry": {"type": "Polygon", "coordinates": [[[-46.7100155, -21.6655771], [-46.7100155, -21.6655771]]]}}, {"type": "Feature", "id": "osm/542649910", "properties": {"osm_id": 542649910, "name": "", "water_type": "lake", "natural": "water", "water": "lake", "waterway": "", "width": null, "depth": null, "area_km2": 0, "length_km": null}, "geometry": {"type": "Polygon", "coordinates": [[[-46.760032, -21.6590766], [-46.760032, -21.6590766]]]}}, {"type": "Feature", "id": "osm/542649911", "properties": {"osm_id": 542649911, "name": "", "water_type": "lake", "natural": "water", "water": "lake", "waterway": "", "width": null, "depth": null, "area_km2": 0.001, "length_km": null}, "geometry": {"type": "Polygon", "coordinates": [[[-46.7590557, -21.6581549], [-46.7590557, -21.6581549]]]}}, {"type": "Feature", "id": "osm/542649912", "properties": {"osm_id": 542649912, "name": "", "water_type": "lake", "natural": "water", "water": "lake", "waterway": "", "width": null, "depth": null, "area_km2": 0, "length_km": null}, "geometry": {"type": "Polygon", "coordinates": [[[-46.7595888, -21.6588236], [-46.7595888, -21.6588236]]]}}, {"type": "Feature", "id": "osm/542649914", "properties": {"osm_id": 542649914, "name": "", "water_type": "lake", "natural": "water", "water": "lake", "waterway": "", "width": null, "depth": null, "area_km2": 0.002, "length_km": null}, "geometry": {"type": "Polygon", "coordinates": [[[-46.7351726, -21.6639344], [-46.7351726, -21.6639344]]]}}, {"type": "Feature", "id": "osm/542649919", "properties": {"osm_id": 542649919, "name": "", "water_type": "lake", "natural": "water", "water": "lake", "waterway": "", "width": null, "depth": null, "area_km2": 0.008, "length_km": null}, "geometry": {"type": "Polygon", "coordinates": [[[-46.771186, -21.6374665], [-46.771186, -21.6374665]]]}}, {"type": "Feature", "id": "osm/542649920", "properties": {"osm_id": 542649920, "name": "", "water_type": "lake", "natural": "water", "water": "lake", "waterway": "", "width": null, "depth": null, "area_km2": 0.017, "length_km": null}, "geometry": {"type": "Polygon", "coordinates": [[[-46.7724842, -21.6375836], [-46.7724842, -21.6375836]]]}}, {"type": "Feature", "id": "osm/543374744", "properties": {"osm_id": 543374744, "name": "", "water_type": "lake", "natural": "water", "water": "lake", "waterway": "", "width": null, "depth": null, "area_km2": 0.002, "length_km": null}, "geometry": {"type": "Polygon", "coordinates": [[[-46.6802081, -21.6434463], [-46.6802081, -21.6434463]]]}}, {"type": "Feature", "id": "osm/543374750", "properties": {"osm_id": 543374750, "name": "", "water_type": "lake", "natural": "water", "water": "lake", "waterway": "", "width": null, "depth": null, "area_km2": 0.001, "length_km": null}, "geometry": {"type": "Polygon", "coordinates": [[[-46.6840772, -21.644446], [-46.6840772, -21.644446]]]}}, {"type": "Feature", "id": "osm/543374756", "properties": {"osm_id": 543374756, "name": "", "water_type": "lake", "natural": "water", "water": "lake", "waterway": "", "width": null, "depth": null, "area_km2": 0.021, "length_km": null}, "geometry": {"type": "Polygon", "coordinates": [[[-46.6801572, -21.6416325], [-46.6801572, -21.6416325]]]}}, {"type": "Feature", "id": "osm/543374759", "properties": {"osm_id": 543374759, "name": "", "water_type": "lake", "natural": "water", "water": "lake", "waterway": "", "width": null, "depth": null, "area_km2": 0, "length_km": null}, "geometry": {"type": "Polygon", "coordinates": [[[-46.6821253, -21.6403785], [-46.6821253, -21.6403785]]]}}, {"type": "Feature", "id": "osm/543374764", "properties": {"osm_id": 543374764, "name": "", "water_type": "lake", "natural": "water", "water": "lake", "waterway": "", "width": null, "depth": null, "area_km2": 0.001, "length_km": null}, "geometry": {"type": "Polygon", "coordinates": [[[-46.6819811, -21.6404209], [-46.6819811, -21.6404209]]]}}, {"type": "Feature", "id": "osm/543374771", "properties": {"osm_id": 543374771, "name": "", "water_type": "lake", "natural": "water", "water": "lake", "waterway": "", "width": null, "depth": null, "area_km2": 0.004, "length_km": null}, "geometry": {"type": "Polygon", "coordinates": [[[-46.6822761, -21.6397153], [-46.6822761, -21.6397153]]]}}, {"type": "Feature", "id": "osm/543374781", "properties": {"osm_id": 543374781, "name": "", "water_type": "lake", "natural": "water", "water": "lake", "waterway": "", "width": null, "depth": null, "area_km2": 0.001, "length_km": null}, "geometry": {"type": "Polygon", "coordinates": [[[-46.6494754, -21.6873071], [-46.6494754, -21.6873071]]]}}, {"type": "Feature", "id": "osm/543374783", "properties": {"osm_id": 543374783, "name": "", "water_type": "lake", "natural": "water", "water": "lake", "waterway": "", "width": null, "depth": null, "area_km2": 0.001, "length_km": null}, "geometry": {"type": "Polygon", "coordinates": [[[-46.7264119, -21.6698945], [-46.7264119, -21.6698945]]]}}, {"type": "Feature", "id": "osm/543374785", "properties": {"osm_id": 543374785, "name": "", "water_type": "lake", "natural": "water", "water": "lake", "waterway": "", "width": null, "depth": null, "area_km2": 0.001, "length_km": null}, "geometry": {"type": "Polygon", "coordinates": [[[-46.7247543, -21.6706173], [-46.7247543, -21.6706173]]]}}, {"type": "Feature", "id": "osm/543374791", "properties": {"osm_id": 543374791, "name": "", "water_type": "lake", "natural": "water", "water": "lake", "waterway": "", "width": null, "depth": null, "area_km2": 0.001, "length_km": null}, "geometry": {"type": "Polygon", "coordinates": [[[-46.7223121, -21.670732], [-46.7223121, -21.670732]]]}}, {"type": "Feature", "id": "osm/543374793", "properties": {"osm_id": 543374793, "name": "", "water_type": "lake", "natural": "water", "water": "lake", "waterway": "", "width": null, "depth": null, "area_km2": 0, "length_km": null}, "geometry": {"type": "Polygon", "coordinates": [[[-46.7172669, -21.6726675], [-46.7172669, -21.6726675]]]}}, {"type": "Feature", "id": "osm/543374797", "properties": {"osm_id": 543374797, "name": "", "water_type": "lake", "natural": "water", "water": "lake", "waterway": "", "width": null, "depth": null, "area_km2": 0.004, "length_km": null}, "geometry": {"type": "Polygon", "coordinates": [[[-46.7001598, -21.6990069], [-46.7001598, -21.6990069]]]}}, {"type": "Feature", "id": "osm/543374803", "properties": {"osm_id": 543374803, "name": "", "water_type": "lake", "natural": "water", "water": "lake", "waterway": "", "width": null, "depth": null, "area_km2": 0.005, "length_km": null}, "geometry": {"type": "Polygon", "coordinates": [[[-46.6928574, -21.7027513], [-46.6928574, -21.7027513]]]}}, {"type": "Feature", "id": "osm/543374804", "properties": {"osm_id": 543374804, "name": "", "water_type": "lake", "natural": "water", "water": "lake", "waterway": "", "width": null, "depth": null, "area_km2": 0.001, "length_km": null}, "geometry": {"type": "Polygon", "coordinates": [[[-46.6675562, -21.7107208], [-46.6675562, -21.7107208]]]}}, {"type": "Feature", "id": "osm/543374805", "properties": {"osm_id": 543374805, "name": "", "water_type": "lake", "natural": "water", "water": "lake", "waterway": "", "width": null, "depth": null, "area_km2": 0.007, "length_km": null}, "geometry": {"type": "Polygon", "coordinates": [[[-46.6684091, -21.7100604], [-46.6684091, -21.7100604]]]}}, {"type": "Feature", "id": "osm/543374806", "properties": {"osm_id": 543374806, "name": "", "water_type": "lake", "natural": "water", "water": "lake", "waterway": "", "width": null, "depth": null, "area_km2": 0.002, "length_km": null}, "geometry": {"type": "Polygon", "coordinates": [[[-46.6697985, -21.7189713], [-46.6697985, -21.7189713]]]}}, {"type": "Feature", "id": "osm/543374807", "properties": {"osm_id": 543374807, "name": "", "water_type": "lake", "natural": "water", "water": "lake", "waterway": "", "width": null, "depth": null, "area_km2": 0.008, "length_km": null}, "geometry": {"type": "Polygon", "coordinates": [[[-46.6703296, -21.7163375], [-46.6703296, -21.7163375]]]}}, {"type": "Feature", "id": "osm/543374809", "properties": {"osm_id": 543374809, "name": "", "water_type": "lake", "natural": "water", "water": "lake", "waterway": "", "width": null, "depth": null, "area_km2": 0, "length_km": null}, "geometry": {"type": "Polygon", "coordinates": [[[-46.6620187, -21.7359445], [-46.6620187, -21.7359445]]]}}, {"type": "Feature", "id": "osm/543374810", "properties": {"osm_id": 543374810, "name": "", "water_type": "lake", "natural": "water", "water": "lake", "waterway": "", "width": null, "depth": null, "area_km2": 0.002, "length_km": null}, "geometry": {"type": "Polygon", "coordinates": [[[-46.6636562, -21.7346564], [-46.6636562, -21.7346564]]]}}, {"type": "Feature", "id": "osm/543374814", "properties": {"osm_id": 543374814, "name": "", "water_type": "lake", "natural": "water", "water": "lake", "waterway": "", "width": null, "depth": null, "area_km2": 0.007, "length_km": null}, "geometry": {"type": "Polygon", "coordinates": [[[-46.6784835, -21.7265425], [-46.6784835, -21.7265425]]]}}, {"type": "Feature", "id": "osm/543374825", "properties": {"osm_id": 543374825, "name": "", "water_type": "lake", "natural": "water", "water": "lake", "waterway": "", "width": null, "depth": null, "area_km2": 0, "length_km": null}, "geometry": {"type": "Polygon", "coordinates": [[[-46.6597563, -21.6937073], [-46.6597563, -21.6937073]]]}}, {"type": "Feature", "id": "osm/543374832", "properties": {"osm_id": 543374832, "name": "", "water_type": "lake", "natural": "water", "water": "lake", "waterway": "", "width": null, "depth": null, "area_km2": 0.001, "length_km": null}, "geometry": {"type": "Polygon", "coordinates": [[[-46.6486654, -21.6863425], [-46.6486654, -21.6863425]]]}}, {"type": "Feature", "id": "osm/543374833", "properties": {"osm_id": 543374833, "name": "", "water_type": "lake", "natural": "water", "water": "lake", "waterway": "", "width": null, "depth": null, "area_km2": 0.024, "length_km": null}, "geometry": {"type": "Polygon", "coordinates": [[[-46.6839954, -21.6991839], [-46.6839954, -21.6991839]]]}}, {"type": "Feature", "id": "osm/543374839", "properties": {"osm_id": 543374839, "name": "", "water_type": "lake", "natural": "water", "water": "lake", "waterway": "", "width": null, "depth": null, "area_km2": 0.001, "length_km": null}, "geometry": {"type": "Polygon", "coordinates": [[[-46.6597268, -21.7046851], [-46.6597268, -21.7046851]]]}}, {"type": "Feature", "id": "osm/543374840", "properties": {"osm_id": 543374840, "name": "", "water_type": "lake", "natural": "water", "water": "lake", "waterway": "", "width": null, "depth": null, "area_km2": 0.002, "length_km": null}, "geometry": {"type": "Polygon", "coordinates": [[[-46.6599762, -21.7014878], [-46.6599762, -21.7014878]]]}}, {"type": "Feature", "id": "osm/543374841", "properties": {"osm_id": 543374841, "name": "", "water_type": "lake", "natural": "water", "water": "lake", "waterway": "", "width": null, "depth": null, "area_km2": 0.003, "length_km": null}, "geometry": {"type": "Polygon", "coordinates": [[[-46.6511303, -21.6980786], [-46.6511303, -21.6980786]]]}}, {"type": "Feature", "id": "osm/543374842", "properties": {"osm_id": 543374842, "name": "", "water_type": "lake", "natural": "water", "water": "lake", "waterway": "", "width": null, "depth": null, "area_km2": 0.001, "length_km": null}, "geometry": {"type": "Polygon", "coordinates": [[[-46.64014, -21.6958767], [-46.64014, -21.6958767]]]}}, {"type": "Feature", "id": "osm/543374844", "properties": {"osm_id": 543374844, "name": "", "water_type": "lake", "natural": "water", "water": "lake", "waterway": "", "width": null, "depth": null, "area_km2": 0.001, "length_km": null}, "geometry": {"type": "Polygon", "coordinates": [[[-46.6251183, -21.7132451], [-46.6251183, -21.7132451]]]}}, {"type": "Feature", "id": "osm/543374848", "properties": {"osm_id": 543374848, "name": "", "water_type": "lake", "natural": "water", "water": "lake", "waterway": "", "width": null, "depth": null, "area_km2": 0, "length_km": null}, "geometry": {"type": "Polygon", "coordinates": [[[-46.6392401, -21.7085976], [-46.6392401, -21.7085976]]]}}, {"type": "Feature", "id": "osm/543374855", "properties": {"osm_id": 543374855, "name": "", "water_type": "lake", "natural": "water", "water": "lake", "waterway": "", "width": null, "depth": null, "area_km2": 0.005, "length_km": null}, "geometry": {"type": "Polygon", "coordinates": [[[-46.6354018, -21.7208776], [-46.6354018, -21.7208776]]]}}, {"type": "Feature", "id": "osm/543374857", "properties": {"osm_id": 543374857, "name": "", "water_type": "lake", "natural": "water", "water": "lake", "waterway": "", "width": null, "depth": null, "area_km2": 0.008, "length_km": null}, "geometry": {"type": "Polygon", "coordinates": [[[-46.6387814, -21.7211741], [-46.6387814, -21.7211741]]]}}, {"type": "Feature", "id": "osm/543374871", "properties": {"osm_id": 543374871, "name": "", "water_type": "lake", "natural": "water", "water": "lake", "waterway": "", "width": null, "depth": null, "area_km2": 0.004, "length_km": null}, "geometry": {"type": "Polygon", "coordinates": [[[-46.6313893, -21.7148025], [-46.6313893, -21.7148025]]]}}, {"type": "Feature", "id": "osm/543374874", "properties": {"osm_id": 543374874, "name": "", "water_type": "lake", "natural": "water", "water": "lake", "waterway": "", "width": null, "depth": null, "area_km2": 0.006, "length_km": null}, "geometry": {"type": "Polygon", "coordinates": [[[-46.6273284, -21.7118795], [-46.6273284, -21.7118795]]]}}, {"type": "Feature", "id": "osm/543374884", "properties": {"osm_id": 543374884, "name": "", "water_type": "lake", "natural": "water", "water": "lake", "waterway": "", "width": null, "depth": null, "area_km2": 0.013, "length_km": null}, "geometry": {"type": "Polygon", "coordinates": [[[-46.6454387, -21.6946394], [-46.6454387, -21.6946394]]]}}, {"type": "Feature", "id": "osm/543557185", "properties": {"osm_id": 543557185, "name": "", "water_type": "lake", "natural": "water", "water": "lake", "waterway": "", "width": null, "depth": null, "area_km2": 0.001, "length_km": null}, "geometry": {"type": "Polygon", "coordinates": [[[-46.7260163, -21.6019064], [-46.7260163, -21.6019064]]]}}, {"type": "Feature", "id": "osm/543557187", "properties": {"osm_id": 543557187, "name": "", "water_type": "lake", "natural": "water", "water": "lake", "waterway": "", "width": null, "depth": null, "area_km2": 0.003, "length_km": null}, "geometry": {"type": "Polygon", "coordinates": [[[-46.7282331, -21.6087069], [-46.7282331, -21.6087069]]]}}, {"type": "Feature", "id": "osm/543557188", "properties": {"osm_id": 543557188, "name": "", "water_type": "lake", "natural": "water", "water": "lake", "waterway": "", "width": null, "depth": null, "area_km2": 0.013, "length_km": null}, "geometry": {"type": "Polygon", "coordinates": [[[-46.727702, -21.6114126], [-46.727702, -21.6114126]]]}}, {"type": "Feature", "id": "osm/543557202", "properties": {"osm_id": 543557202, "name": "", "water_type": "lake", "natural": "water", "water": "lake", "waterway": "", "width": null, "depth": null, "area_km2": 0.012, "length_km": null}, "geometry": {"type": "Polygon", "coordinates": [[[-46.745823, -21.6090934], [-46.745823, -21.6090934]]]}}, {"type": "Feature", "id": "osm/543557203", "properties": {"osm_id": 543557203, "name": "", "water_type": "lake", "natural": "water", "water": "lake", "waterway": "", "width": null, "depth": null, "area_km2": 0.004, "length_km": null}, "geometry": {"type": "Polygon", "coordinates": [[[-46.7572278, -21.615926], [-46.7572278, -21.615926]]]}}, {"type": "Feature", "id": "osm/543557204", "properties": {"osm_id": 543557204, "name": "", "water_type": "lake", "natural": "water", "water": "lake", "waterway": "", "width": null, "depth": null, "area_km2": 0.001, "length_km": null}, "geometry": {"type": "Polygon", "coordinates": [[[-46.7564446, -21.6223107], [-46.7564446, -21.6223107]]]}}, {"type": "Feature", "id": "osm/543557205", "properties": {"osm_id": 543557205, "name": "", "water_type": "lake", "natural": "water", "water": "lake", "waterway": "", "width": null, "depth": null, "area_km2": 0.001, "length_km": null}, "geometry": {"type": "Polygon", "coordinates": [[[-46.7283377, -21.6282413], [-46.7283377, -21.6282413]]]}}, {"type": "Feature", "id": "osm/543557214", "properties": {"osm_id": 543557214, "name": "", "water_type": "lake", "natural": "water", "water": "lake", "waterway": "", "width": null, "depth": null, "area_km2": 0, "length_km": null}, "geometry": {"type": "Polygon", "coordinates": [[[-46.6907237, -21.6407762], [-46.6907237, -21.6407762]]]}}, {"type": "Feature", "id": "osm/543557215", "properties": {"osm_id": 543557215, "name": "", "water_type": "lake", "natural": "water", "water": "lake", "waterway": "", "width": null, "depth": null, "area_km2": 0, "length_km": null}, "geometry": {"type": "Polygon", "coordinates": [[[-46.6909598, -21.6408534], [-46.6909598, -21.6408534]]]}}, {"type": "Feature", "id": "osm/543557216", "properties": {"osm_id": 543557216, "name": "", "water_type": "lake", "natural": "water", "water": "lake", "waterway": "", "width": null, "depth": null, "area_km2": 0.001, "length_km": null}, "geometry": {"type": "Polygon", "coordinates": [[[-46.6906647, -21.640472], [-46.6906647, -21.640472]]]}}, {"type": "Feature", "id": "osm/543557217", "properties": {"osm_id": 543557217, "name": "", "water_type": "lake", "natural": "water", "water": "lake", "waterway": "", "width": null, "depth": null, "area_km2": 0.001, "length_km": null}, "geometry": {"type": "Polygon", "coordinates": [[[-46.6910604, -21.6406577], [-46.6910604, -21.6406577]]]}}, {"type": "Feature", "id": "osm/543557220", "properties": {"osm_id": 543557220, "name": "", "water_type": "lake", "natural": "water", "water": "lake", "waterway": "", "width": null, "depth": null, "area_km2": 0, "length_km": null}, "geometry": {"type": "Polygon", "coordinates": [[[-46.6915673, -21.6380349], [-46.6915673, -21.6380349]]]}}, {"type": "Feature", "id": "osm/543557226", "properties": {"osm_id": 543557226, "name": "", "water_type": "lake", "natural": "water", "water": "lake", "waterway": "", "width": null, "depth": null, "area_km2": 0.004, "length_km": null}, "geometry": {"type": "Polygon", "coordinates": [[[-46.679036, -21.6634758], [-46.679036, -21.6634758]]]}}, {"type": "Feature", "id": "osm/543557243", "properties": {"osm_id": 543557243, "name": "", "water_type": "lake", "natural": "water", "water": "lake", "waterway": "", "width": null, "depth": null, "area_km2": 0.007, "length_km": null}, "geometry": {"type": "Polygon", "coordinates": [[[-46.6781858, -21.659592], [-46.6781858, -21.659592]]]}}, {"type": "Feature", "id": "osm/543557250", "properties": {"osm_id": 543557250, "name": "", "water_type": "lake", "natural": "water", "water": "lake", "waterway": "", "width": null, "depth": null, "area_km2": 0.007, "length_km": null}, "geometry": {"type": "Polygon", "coordinates": [[[-46.6783172, -21.6527714], [-46.6783172, -21.6527714]]]}}, {"type": "Feature", "id": "osm/543557252", "properties": {"osm_id": 543557252, "name": "", "water_type": "lake", "natural": "water", "water": "lake", "waterway": "", "width": null, "depth": null, "area_km2": 0.001, "length_km": null}, "geometry": {"type": "Polygon", "coordinates": [[[-46.6760628, -21.6515686], [-46.6760628, -21.6515686]]]}}, {"type": "Feature", "id": "osm/543557254", "properties": {"osm_id": 543557254, "name": "", "water_type": "lake", "natural": "water", "water": "lake", "waterway": "", "width": null, "depth": null, "area_km2": 0.001, "length_km": null}, "geometry": {"type": "Polygon", "coordinates": [[[-46.6760159, -21.6518167], [-46.6760159, -21.6518167]]]}}, {"type": "Feature", "id": "osm/543557262", "properties": {"osm_id": 543557262, "name": "", "water_type": "lake", "natural": "water", "water": "lake", "waterway": "", "width": null, "depth": null, "area_km2": 0, "length_km": null}, "geometry": {"type": "Polygon", "coordinates": [[[-46.674892, -21.6387953], [-46.674892, -21.6387953]]]}}, {"type": "Feature", "id": "osm/543557263", "properties": {"osm_id": 543557263, "name": "", "water_type": "lake", "natural": "water", "water": "lake", "waterway": "", "width": null, "depth": null, "area_km2": 0.001, "length_km": null}, "geometry": {"type": "Polygon", "coordinates": [[[-46.6741188, -21.6386308], [-46.6741188, -21.6386308]]]}}, {"type": "Feature", "id": "osm/543557264", "properties": {"osm_id": 543557264, "name": "", "water_type": "lake", "natural": "water", "water": "lake", "waterway": "", "width": null, "depth": null, "area_km2": 0.001, "length_km": null}, "geometry": {"type": "Polygon", "coordinates": [[[-46.6721776, -21.6380474], [-46.6721776, -21.6380474]]]}}, {"type": "Feature", "id": "osm/543557274", "properties": {"osm_id": 543557274, "name": "", "water_type": "lake", "natural": "water", "water": "lake", "waterway": "", "width": null, "depth": null, "area_km2": 0, "length_km": null}, "geometry": {"type": "Polygon", "coordinates": [[[-46.663561, -21.621807], [-46.663561, -21.621807]]]}}, {"type": "Feature", "id": "osm/543557275", "properties": {"osm_id": 543557275, "name": "", "water_type": "lake", "natural": "water", "water": "lake", "waterway": "", "width": null, "depth": null, "area_km2": 0.001, "length_km": null}, "geometry": {"type": "Polygon", "coordinates": [[[-46.663262, -21.6220414], [-46.663262, -21.6220414]]]}}, {"type": "Feature", "id": "osm/543557279", "properties": {"osm_id": 543557279, "name": "", "water_type": "lake", "natural": "water", "water": "lake", "waterway": "", "width": null, "depth": null, "area_km2": 0.001, "length_km": null}, "geometry": {"type": "Polygon", "coordinates": [[[-46.6530696, -21.6135396], [-46.6530696, -21.6135396]]]}}, {"type": "Feature", "id": "osm/543557287", "properties": {"osm_id": 543557287, "name": "", "water_type": "lake", "natural": "water", "water": "lake", "waterway": "", "width": null, "depth": null, "area_km2": 0.001, "length_km": null}, "geometry": {"type": "Polygon", "coordinates": [[[-46.6576454, -21.6301412], [-46.6576454, -21.6301412]]]}}, {"type": "Feature", "id": "osm/543557294", "properties": {"osm_id": 543557294, "name": "", "water_type": "lake", "natural": "water", "water": "lake", "waterway": "", "width": null, "depth": null, "area_km2": 0, "length_km": null}, "geometry": {"type": "Polygon", "coordinates": [[[-46.7574772, -21.682255], [-46.7574772, -21.682255]]]}}, {"type": "Feature", "id": "osm/543557306", "properties": {"osm_id": 543557306, "name": "", "water_type": "lake", "natural": "water", "water": "lake", "waterway": "", "width": null, "depth": null, "area_km2": 0, "length_km": null}, "geometry": {"type": "Polygon", "coordinates": [[[-46.7439294, -21.6831622], [-46.7439294, -21.6831622]]]}}, {"type": "Feature", "id": "osm/543557320", "properties": {"osm_id": 543557320, "name": "", "water_type": "lake", "natural": "water", "water": "lake", "waterway": "", "width": null, "depth": null, "area_km2": 0.002, "length_km": null}, "geometry": {"type": "Polygon", "coordinates": [[[-46.7230108, -21.691215], [-46.7230108, -21.691215]]]}}, {"type": "Feature", "id": "osm/543557327", "properties": {"osm_id": 543557327, "name": "", "water_type": "lake", "natural": "water", "water": "lake", "waterway": "", "width": null, "depth": null, "area_km2": 0.004, "length_km": null}, "geometry": {"type": "Polygon", "coordinates": [[[-46.7248186, -21.6962942], [-46.7248186, -21.6962942]]]}}, {"type": "Feature", "id": "osm/543557345", "properties": {"osm_id": 543557345, "name": "", "water_type": "lake", "natural": "water", "water": "lake", "waterway": "", "width": null, "depth": null, "area_km2": 0.008, "length_km": null}, "geometry": {"type": "Polygon", "coordinates": [[[-46.718443, -21.6988586], [-46.718443, -21.6988586]]]}}, {"type": "Feature", "id": "osm/543557348", "properties": {"osm_id": 543557348, "name": "", "water_type": "lake", "natural": "water", "water": "lake", "waterway": "", "width": null, "depth": null, "area_km2": 0.017, "length_km": null}, "geometry": {"type": "Polygon", "coordinates": [[[-46.7320043, -21.6365315], [-46.7320043, -21.6365315]]]}}, {"type": "Feature", "id": "osm/543557350", "properties": {"osm_id": 543557350, "name": "", "water_type": "lake", "natural": "water", "water": "lake", "waterway": "", "width": null, "depth": null, "area_km2": 0.001, "length_km": null}, "geometry": {"type": "Polygon", "coordinates": [[[-46.7328385, -21.6323802], [-46.7328385, -21.6323802]]]}}, {"type": "Feature", "id": "osm/543557351", "properties": {"osm_id": 543557351, "name": "", "water_type": "lake", "natural": "water", "water": "lake", "waterway": "", "width": null, "depth": null, "area_km2": 0.007, "length_km": null}, "geometry": {"type": "Polygon", "coordinates": [[[-46.735298, -21.6325921], [-46.735298, -21.6325921]]]}}, {"type": "Feature", "id": "osm/543557352", "properties": {"osm_id": 543557352, "name": "", "water_type": "lake", "natural": "water", "water": "lake", "waterway": "", "width": null, "depth": null, "area_km2": 0.006, "length_km": null}, "geometry": {"type": "Polygon", "coordinates": [[[-46.7368698, -21.6311236], [-46.7368698, -21.6311236]]]}}, {"type": "Feature", "id": "osm/543557353", "properties": {"osm_id": 543557353, "name": "", "water_type": "lake", "natural": "water", "water": "lake", "waterway": "", "width": null, "depth": null, "area_km2": 0.003, "length_km": null}, "geometry": {"type": "Polygon", "coordinates": [[[-46.7379454, -21.630787], [-46.7379454, -21.630787]]]}}, {"type": "Feature", "id": "osm/543557354", "properties": {"osm_id": 543557354, "name": "", "water_type": "lake", "natural": "water", "water": "lake", "waterway": "", "width": null, "depth": null, "area_km2": 0.002, "length_km": null}, "geometry": {"type": "Polygon", "coordinates": [[[-46.7389271, -21.6194469], [-46.7389271, -21.6194469]]]}}, {"type": "Feature", "id": "osm/543557355", "properties": {"osm_id": 543557355, "name": "", "water_type": "lake", "natural": "water", "water": "lake", "waterway": "", "width": null, "depth": null, "area_km2": 0.011, "length_km": null}, "geometry": {"type": "Polygon", "coordinates": [[[-46.7387474, -21.6176964], [-46.7387474, -21.6176964]]]}}, {"type": "Feature", "id": "osm/543557356", "properties": {"osm_id": 543557356, "name": "", "water_type": "lake", "natural": "water", "water": "lake", "waterway": "", "width": null, "depth": null, "area_km2": 0.004, "length_km": null}, "geometry": {"type": "Polygon", "coordinates": [[[-46.7333856, -21.6209655], [-46.7333856, -21.6209655]]]}}, {"type": "Feature", "id": "osm/543557357", "properties": {"osm_id": 543557357, "name": "", "water_type": "lake", "natural": "water", "water": "lake", "waterway": "", "width": null, "depth": null, "area_km2": 0.001, "length_km": null}, "geometry": {"type": "Polygon", "coordinates": [[[-46.7354429, -21.6214467], [-46.7354429, -21.6214467]]]}}, {"type": "Feature", "id": "osm/543557358", "properties": {"osm_id": 543557358, "name": "", "water_type": "lake", "natural": "water", "water": "lake", "waterway": "", "width": null, "depth": null, "area_km2": 0.002, "length_km": null}, "geometry": {"type": "Polygon", "coordinates": [[[-46.7351908, -21.6212547], [-46.7351908, -21.6212547]]]}}, {"type": "Feature", "id": "osm/543557359", "properties": {"osm_id": 543557359, "name": "", "water_type": "lake", "natural": "water", "water": "lake", "waterway": "", "width": null, "depth": null, "area_km2": 0.002, "length_km": null}, "geometry": {"type": "Polygon", "coordinates": [[[-46.7475048, -21.6287599], [-46.7475048, -21.6287599]]]}}, {"type": "Feature", "id": "osm/543557360", "properties": {"osm_id": 543557360, "name": "", "water_type": "lake", "natural": "water", "water": "lake", "waterway": "", "width": null, "depth": null, "area_km2": 0.004, "length_km": null}, "geometry": {"type": "Polygon", "coordinates": [[[-46.7485938, -21.6283635], [-46.7485938, -21.6283635]]]}}, {"type": "Feature", "id": "osm/543557371", "properties": {"osm_id": 543557371, "name": "", "water_type": "lake", "natural": "water", "water": "lake", "waterway": "", "width": null, "depth": null, "area_km2": 0.001, "length_km": null}, "geometry": {"type": "Polygon", "coordinates": [[[-46.7681189, -21.6233305], [-46.7681189, -21.6233305]]]}}, {"type": "Feature", "id": "osm/543557372", "properties": {"osm_id": 543557372, "name": "", "water_type": "lake", "natural": "water", "water": "lake", "waterway": "", "width": null, "depth": null, "area_km2": 0.002, "length_km": null}, "geometry": {"type": "Polygon", "coordinates": [[[-46.7688873, -21.6245486], [-46.7688873, -21.6245486]]]}}, {"type": "Feature", "id": "osm/543557383", "properties": {"osm_id": 543557383, "name": "", "water_type": "lake", "natural": "water", "water": "lake", "waterway": "", "width": null, "depth": null, "area_km2": 0, "length_km": null}, "geometry": {"type": "Polygon", "coordinates": [[[-46.7951998, -21.6624014], [-46.7951998, -21.6624014]]]}}, {"type": "Feature", "id": "osm/543557404", "properties": {"osm_id": 543557404, "name": "", "water_type": "lake", "natural": "water", "water": "lake", "waterway": "", "width": null, "depth": null, "area_km2": 0.002, "length_km": null}, "geometry": {"type": "Polygon", "coordinates": [[[-46.7059976, -21.6460653], [-46.7059976, -21.6460653]]]}}, {"type": "Feature", "id": "osm/543557407", "properties": {"osm_id": 543557407, "name": "", "water_type": "lake", "natural": "water", "water": "lake", "waterway": "", "width": null, "depth": null, "area_km2": 0.001, "length_km": null}, "geometry": {"type": "Polygon", "coordinates": [[[-46.7053592, -21.6469079], [-46.7053592, -21.6469079]]]}}, {"type": "Feature", "id": "osm/543557412", "properties": {"osm_id": 543557412, "name": "", "water_type": "lake", "natural": "water", "water": "lake", "waterway": "", "width": null, "depth": null, "area_km2": 0.002, "length_km": null}, "geometry": {"type": "Polygon", "coordinates": [[[-46.705614, -21.6469653], [-46.705614, -21.6469653]]]}}, {"type": "Feature", "id": "osm/543557414", "properties": {"osm_id": 543557414, "name": "", "water_type": "lake", "natural": "water", "water": "lake", "waterway": "", "width": null, "depth": null, "area_km2": 0.001, "length_km": null}, "geometry": {"type": "Polygon", "coordinates": [[[-46.7073266, -21.6483009], [-46.7073266, -21.6483009]]]}}, {"type": "Feature", "id": "osm/543557419", "properties": {"osm_id": 543557419, "name": "", "water_type": "lake", "natural": "water", "water": "lake", "waterway": "", "width": null, "depth": null, "area_km2": 0.001, "length_km": null}, "geometry": {"type": "Polygon", "coordinates": [[[-46.7165467, -21.6390471], [-46.7165467, -21.6390471]]]}}, {"type": "Feature", "id": "osm/543557422", "properties": {"osm_id": 543557422, "name": "", "water_type": "lake", "natural": "water", "water": "lake", "waterway": "", "width": null, "depth": null, "area_km2": 0.002, "length_km": null}, "geometry": {"type": "Polygon", "coordinates": [[[-46.7166299, -21.638384], [-46.7166299, -21.638384]]]}}, {"type": "Feature", "id": "osm/543557425", "properties": {"osm_id": 543557425, "name": "", "water_type": "lake", "natural": "water", "water": "lake", "waterway": "", "width": null, "depth": null, "area_km2": 0.004, "length_km": null}, "geometry": {"type": "Polygon", "coordinates": [[[-46.7168874, -21.6378828], [-46.7168874, -21.6378828]]]}}, {"type": "Feature", "id": "osm/543557429", "properties": {"osm_id": 543557429, "name": "", "water_type": "lake", "natural": "water", "water": "lake", "waterway": "", "width": null, "depth": null, "area_km2": 0.006, "length_km": null}, "geometry": {"type": "Polygon", "coordinates": [[[-46.7217046, -21.6388776], [-46.7217046, -21.6388776]]]}}, {"type": "Feature", "id": "osm/543557443", "properties": {"osm_id": 543557443, "name": "", "water_type": "lake", "natural": "water", "water": "lake", "waterway": "", "width": null, "depth": null, "area_km2": 0.015, "length_km": null}, "geometry": {"type": "Polygon", "coordinates": [[[-46.7243868, -21.6394685], [-46.7243868, -21.6394685]]]}}, {"type": "Feature", "id": "osm/543557446", "properties": {"osm_id": 543557446, "name": "", "water_type": "lake", "natural": "water", "water": "lake", "waterway": "", "width": null, "depth": null, "area_km2": 0, "length_km": null}, "geometry": {"type": "Polygon", "coordinates": [[[-46.7329337, -21.6482355], [-46.7329337, -21.6482355]]]}}, {"type": "Feature", "id": "osm/543557449", "properties": {"osm_id": 543557449, "name": "", "water_type": "lake", "natural": "water", "water": "lake", "waterway": "", "width": null, "depth": null, "area_km2": 0.001, "length_km": null}, "geometry": {"type": "Polygon", "coordinates": [[[-46.7332166, -21.6479388], [-46.7332166, -21.6479388]]]}}, {"type": "Feature", "id": "osm/543557452", "properties": {"osm_id": 543557452, "name": "", "water_type": "lake", "natural": "water", "water": "lake", "waterway": "", "width": null, "depth": null, "area_km2": 0, "length_km": null}, "geometry": {"type": "Polygon", "coordinates": [[[-46.7340374, -21.6549378], [-46.7340374, -21.6549378]]]}}, {"type": "Feature", "id": "osm/543557464", "properties": {"osm_id": 543557464, "name": "", "water_type": "lake", "natural": "water", "water": "lake", "waterway": "", "width": null, "depth": null, "area_km2": 0.001, "length_km": null}, "geometry": {"type": "Polygon", "coordinates": [[[-46.7340857, -21.6546187], [-46.7340857, -21.6546187]]]}}, {"type": "Feature", "id": "osm/543557471", "properties": {"osm_id": 543557471, "name": "", "water_type": "lake", "natural": "water", "water": "lake", "waterway": "", "width": null, "depth": null, "area_km2": 0.004, "length_km": null}, "geometry": {"type": "Polygon", "coordinates": [[[-46.6472438, -21.6466262], [-46.6472438, -21.6466262]]]}}, {"type": "Feature", "id": "osm/543557472", "properties": {"osm_id": 543557472, "name": "", "water_type": "lake", "natural": "water", "water": "lake", "waterway": "", "width": null, "depth": null, "area_km2": 0.001, "length_km": null}, "geometry": {"type": "Polygon", "coordinates": [[[-46.6512792, -21.643551], [-46.6512792, -21.643551]]]}}, {"type": "Feature", "id": "osm/543557486", "properties": {"osm_id": 543557486, "name": "", "water_type": "lake", "natural": "water", "water": "lake", "waterway": "", "width": null, "depth": null, "area_km2": 0.005, "length_km": null}, "geometry": {"type": "Polygon", "coordinates": [[[-46.7304647, -21.60947], [-46.7304647, -21.60947]]]}}, {"type": "Feature", "id": "osm/543557487", "properties": {"osm_id": 543557487, "name": "", "water_type": "lake", "natural": "water", "water": "lake", "waterway": "", "width": null, "depth": null, "area_km2": 0.002, "length_km": null}, "geometry": {"type": "Polygon", "coordinates": [[[-46.7650826, -21.6100859], [-46.7650826, -21.6100859]]]}}, {"type": "Feature", "id": "osm/543557495", "properties": {"osm_id": 543557495, "name": "", "water_type": "lake", "natural": "water", "water": "lake", "waterway": "", "width": null, "depth": null, "area_km2": 0.002, "length_km": null}, "geometry": {"type": "Polygon", "coordinates": [[[-46.7718726, -21.6532551], [-46.7718726, -21.6532551]]]}}, {"type": "Feature", "id": "osm/543557512", "properties": {"osm_id": 543557512, "name": "", "water_type": "lake", "natural": "water", "water": "lake", "waterway": "", "width": null, "depth": null, "area_km2": 0.004, "length_km": null}, "geometry": {"type": "Polygon", "coordinates": [[[-46.7913616, -21.6650063], [-46.7913616, -21.6650063]]]}}, {"type": "Feature", "id": "osm/543557516", "properties": {"osm_id": 543557516, "name": "", "water_type": "lake", "natural": "water", "water": "lake", "waterway": "", "width": null, "depth": null, "area_km2": 0.002, "length_km": null}, "geometry": {"type": "Polygon", "coordinates": [[[-46.7839292, -21.6656145], [-46.7839292, -21.6656145]]]}}, {"type": "Feature", "id": "osm/543557519", "properties": {"osm_id": 543557519, "name": "", "water_type": "lake", "natural": "water", "water": "lake", "waterway": "", "width": null, "depth": null, "area_km2": 0.002, "length_km": null}, "geometry": {"type": "Polygon", "coordinates": [[[-46.786209, -21.6657815], [-46.786209, -21.6657815]]]}}, {"type": "Feature", "id": "osm/543557522", "properties": {"osm_id": 543557522, "name": "", "water_type": "lake", "natural": "water", "water": "lake", "waterway": "", "width": null, "depth": null, "area_km2": 0.008, "length_km": null}, "geometry": {"type": "Polygon", "coordinates": [[[-46.7864424, -21.6649091], [-46.7864424, -21.6649091]]]}}, {"type": "Feature", "id": "osm/543557536", "properties": {"osm_id": 543557536, "name": "", "water_type": "lake", "natural": "water", "water": "lake", "waterway": "", "width": null, "depth": null, "area_km2": 0.002, "length_km": null}, "geometry": {"type": "Polygon", "coordinates": [[[-46.7864504, -21.6725466], [-46.7864504, -21.6725466]]]}}, {"type": "Feature", "id": "osm/543557537", "properties": {"osm_id": 543557537, "name": "", "water_type": "lake", "natural": "water", "water": "lake", "waterway": "", "width": null, "depth": null, "area_km2": 0.003, "length_km": null}, "geometry": {"type": "Polygon", "coordinates": [[[-46.7906106, -21.6748149], [-46.7906106, -21.6748149]]]}}, {"type": "Feature", "id": "osm/543557539", "properties": {"osm_id": 543557539, "name": "", "water_type": "lake", "natural": "water", "water": "lake", "waterway": "", "width": null, "depth": null, "area_km2": 0.002, "length_km": null}, "geometry": {"type": "Polygon", "coordinates": [[[-46.779474, -21.676263], [-46.779474, -21.676263]]]}}, {"type": "Feature", "id": "osm/543557542", "properties": {"osm_id": 543557542, "name": "", "water_type": "lake", "natural": "water", "water": "lake", "waterway": "", "width": null, "depth": null, "area_km2": 0.001, "length_km": null}, "geometry": {"type": "Polygon", "coordinates": [[[-46.7788652, -21.6903502], [-46.7788652, -21.6903502]]]}}, {"type": "Feature", "id": "osm/543557543", "properties": {"osm_id": 543557543, "name": "", "water_type": "lake", "natural": "water", "water": "lake", "waterway": "", "width": null, "depth": null, "area_km2": 0.015, "length_km": null}, "geometry": {"type": "Polygon", "coordinates": [[[-46.7791146, -21.6895826], [-46.7791146, -21.6895826]]]}}, {"type": "Feature", "id": "osm/543557544", "properties": {"osm_id": 543557544, "name": "", "water_type": "lake", "natural": "water", "water": "lake", "waterway": "", "width": null, "depth": null, "area_km2": 0.017, "length_km": null}, "geometry": {"type": "Polygon", "coordinates": [[[-46.7785701, -21.685044], [-46.7785701, -21.685044]]]}}, {"type": "Feature", "id": "osm/543557545", "properties": {"osm_id": 543557545, "name": "", "water_type": "lake", "natural": "water", "water": "lake", "waterway": "", "width": null, "depth": null, "area_km2": 0.024, "length_km": null}, "geometry": {"type": "Polygon", "coordinates": [[[-46.7784441, -21.6841841], [-46.7784441, -21.6841841]]]}}, {"type": "Feature", "id": "osm/543557546", "properties": {"osm_id": 543557546, "name": "", "water_type": "lake", "natural": "water", "water": "lake", "waterway": "", "width": null, "depth": null, "area_km2": 0.001, "length_km": null}, "geometry": {"type": "Polygon", "coordinates": [[[-46.7782885, -21.6837853], [-46.7782885, -21.6837853]]]}}, {"type": "Feature", "id": "osm/543557547", "properties": {"osm_id": 543557547, "name": "", "water_type": "lake", "natural": "water", "water": "lake", "waterway": "", "width": null, "depth": null, "area_km2": 0.001, "length_km": null}, "geometry": {"type": "Polygon", "coordinates": [[[-46.7780471, -21.6837953], [-46.7780471, -21.6837953]]]}}, {"type": "Feature", "id": "osm/543557548", "properties": {"osm_id": 543557548, "name": "", "water_type": "lake", "natural": "water", "water": "lake", "waterway": "", "width": null, "depth": null, "area_km2": 0.004, "length_km": null}, "geometry": {"type": "Polygon", "coordinates": [[[-46.7780685, -21.6828806], [-46.7780685, -21.6828806]]]}}, {"type": "Feature", "id": "osm/543557549", "properties": {"osm_id": 543557549, "name": "", "water_type": "lake", "natural": "water", "water": "lake", "waterway": "", "width": null, "depth": null, "area_km2": 0.004, "length_km": null}, "geometry": {"type": "Polygon", "coordinates": [[[-46.7781249, -21.6820082], [-46.7781249, -21.6820082]]]}}, {"type": "Feature", "id": "osm/543557550", "properties": {"osm_id": 543557550, "name": "", "water_type": "lake", "natural": "water", "water": "lake", "waterway": "", "width": null, "depth": null, "area_km2": 0, "length_km": null}, "geometry": {"type": "Polygon", "coordinates": [[[-46.7783502, -21.6807122], [-46.7783502, -21.6807122]]]}}, {"type": "Feature", "id": "osm/543557551", "properties": {"osm_id": 543557551, "name": "", "water_type": "lake", "natural": "water", "water": "lake", "waterway": "", "width": null, "depth": null, "area_km2": 0.001, "length_km": null}, "geometry": {"type": "Polygon", "coordinates": [[[-46.7780873, -21.6809689], [-46.7780873, -21.6809689]]]}}, {"type": "Feature", "id": "osm/543557552", "properties": {"osm_id": 543557552, "name": "", "water_type": "lake", "natural": "water", "water": "lake", "waterway": "", "width": null, "depth": null, "area_km2": 0.001, "length_km": null}, "geometry": {"type": "Polygon", "coordinates": [[[-46.777567, -21.680914], [-46.777567, -21.680914]]]}}, {"type": "Feature", "id": "osm/543557553", "properties": {"osm_id": 543557553, "name": "", "water_type": "lake", "natural": "water", "water": "lake", "waterway": "", "width": null, "depth": null, "area_km2": 0.001, "length_km": null}, "geometry": {"type": "Polygon", "coordinates": [[[-46.7778754, -21.6809215], [-46.7778754, -21.6809215]]]}}, {"type": "Feature", "id": "osm/543557554", "properties": {"osm_id": 543557554, "name": "", "water_type": "lake", "natural": "water", "water": "lake", "waterway": "", "width": null, "depth": null, "area_km2": 0.004, "length_km": null}, "geometry": {"type": "Polygon", "coordinates": [[[-46.7783368, -21.6800841], [-46.7783368, -21.6800841]]]}}, {"type": "Feature", "id": "osm/543557555", "properties": {"osm_id": 543557555, "name": "", "water_type": "lake", "natural": "water", "water": "lake", "waterway": "", "width": null, "depth": null, "area_km2": 0.001, "length_km": null}, "geometry": {"type": "Polygon", "coordinates": [[[-46.7788303, -21.6799619], [-46.7788303, -21.6799619]]]}}, {"type": "Feature", "id": "osm/543557556", "properties": {"osm_id": 543557556, "name": "", "water_type": "lake", "natural": "water", "water": "lake", "waterway": "", "width": null, "depth": null, "area_km2": 0.002, "length_km": null}, "geometry": {"type": "Polygon", "coordinates": [[[-46.7781329, -21.6798398], [-46.7781329, -21.6798398]]]}}, {"type": "Feature", "id": "osm/543557557", "properties": {"osm_id": 543557557, "name": "", "water_type": "lake", "natural": "water", "water": "lake", "waterway": "", "width": null, "depth": null, "area_km2": 0.002, "length_km": null}, "geometry": {"type": "Polygon", "coordinates": [[[-46.7784548, -21.6797526], [-46.7784548, -21.6797526]]]}}, {"type": "Feature", "id": "osm/543557558", "properties": {"osm_id": 543557558, "name": "", "water_type": "lake", "natural": "water", "water": "lake", "waterway": "", "width": null, "depth": null, "area_km2": 0.002, "length_km": null}, "geometry": {"type": "Polygon", "coordinates": [[[-46.7782134, -21.6792989], [-46.7782134, -21.6792989]]]}}, {"type": "Feature", "id": "osm/543557559", "properties": {"osm_id": 543557559, "name": "", "water_type": "lake", "natural": "water", "water": "lake", "waterway": "", "width": null, "depth": null, "area_km2": 0.001, "length_km": null}, "geometry": {"type": "Polygon", "coordinates": [[[-46.7784119, -21.6790048], [-46.7784119, -21.6790048]]]}}, {"type": "Feature", "id": "osm/543557560", "properties": {"osm_id": 543557560, "name": "", "water_type": "lake", "natural": "water", "water": "lake", "waterway": "", "width": null, "depth": null, "area_km2": 0.004, "length_km": null}, "geometry": {"type": "Polygon", "coordinates": [[[-46.7789322, -21.6790247], [-46.7789322, -21.6790247]]]}}, {"type": "Feature", "id": "osm/543557562", "properties": {"osm_id": 543557562, "name": "", "water_type": "lake", "natural": "water", "water": "lake", "waterway": "", "width": null, "depth": null, "area_km2": 0.001, "length_km": null}, "geometry": {"type": "Polygon", "coordinates": [[[-46.7824566, -21.6931116], [-46.7824566, -21.6931116]]]}}, {"type": "Feature", "id": "osm/543557563", "properties": {"osm_id": 543557563, "name": "", "water_type": "lake", "natural": "water", "water": "lake", "waterway": "", "width": null, "depth": null, "area_km2": 0.004, "length_km": null}, "geometry": {"type": "Polygon", "coordinates": [[[-46.7839372, -21.6927627], [-46.7839372, -21.6927627]]]}}, {"type": "Feature", "id": "osm/543557564", "properties": {"osm_id": 543557564, "name": "", "water_type": "lake", "natural": "water", "water": "lake", "waterway": "", "width": null, "depth": null, "area_km2": 0.005, "length_km": null}, "geometry": {"type": "Polygon", "coordinates": [[[-46.775735, -21.6868883], [-46.775735, -21.6868883]]]}}, {"type": "Feature", "id": "osm/543557565", "properties": {"osm_id": 543557565, "name": "", "water_type": "lake", "natural": "water", "water": "lake", "waterway": "", "width": null, "depth": null, "area_km2": 0.008, "length_km": null}, "geometry": {"type": "Polygon", "coordinates": [[[-46.7767516, -21.6876784], [-46.7767516, -21.6876784]]]}}, {"type": "Feature", "id": "osm/543557566", "properties": {"osm_id": 543557566, "name": "", "water_type": "lake", "natural": "water", "water": "lake", "waterway": "", "width": null, "depth": null, "area_km2": 0.006, "length_km": null}, "geometry": {"type": "Polygon", "coordinates": [[[-46.7686459, -21.6781175], [-46.7686459, -21.6781175]]]}}, {"type": "Feature", "id": "osm/543557567", "properties": {"osm_id": 543557567, "name": "", "water_type": "lake", "natural": "water", "water": "lake", "waterway": "", "width": null, "depth": null, "area_km2": 0, "length_km": null}, "geometry": {"type": "Polygon", "coordinates": [[[-46.7734779, -21.6723933], [-46.7734779, -21.6723933]]]}}, {"type": "Feature", "id": "osm/543557568", "properties": {"osm_id": 543557568, "name": "", "water_type": "lake", "natural": "water", "water": "lake", "waterway": "", "width": null, "depth": null, "area_km2": 0.002, "length_km": null}, "geometry": {"type": "Polygon", "coordinates": [[[-46.6835918, -21.6939889], [-46.6835918, -21.6939889]]]}}, {"type": "Feature", "id": "osm/543557569", "properties": {"osm_id": 543557569, "name": "", "water_type": "lake", "natural": "water", "water": "lake", "waterway": "", "width": null, "depth": null, "area_km2": 0.009, "length_km": null}, "geometry": {"type": "Polygon", "coordinates": [[[-46.7119199, -21.6991477], [-46.7119199, -21.6991477]]]}}, {"type": "Feature", "id": "osm/543557571", "properties": {"osm_id": 543557571, "name": "", "water_type": "lake", "natural": "water", "water": "lake", "waterway": "", "width": null, "depth": null, "area_km2": 0.008, "length_km": null}, "geometry": {"type": "Polygon", "coordinates": [[[-46.7138243, -21.7014629], [-46.7138243, -21.7014629]]]}}, {"type": "Feature", "id": "osm/543557572", "properties": {"osm_id": 543557572, "name": "", "water_type": "lake", "natural": "water", "water": "lake", "waterway": "", "width": null, "depth": null, "area_km2": 0.01, "length_km": null}, "geometry": {"type": "Polygon", "coordinates": [[[-46.7220801, -21.706928], [-46.7220801, -21.706928]]]}}, {"type": "Feature", "id": "osm/543557575", "properties": {"osm_id": 543557575, "name": "", "water_type": "lake", "natural": "water", "water": "lake", "waterway": "", "width": null, "depth": null, "area_km2": 0.003, "length_km": null}, "geometry": {"type": "Polygon", "coordinates": [[[-46.7294374, -21.705824], [-46.7294374, -21.705824]]]}}, {"type": "Feature", "id": "osm/543557577", "properties": {"osm_id": 543557577, "name": "", "water_type": "lake", "natural": "water", "water": "lake", "waterway": "", "width": null, "depth": null, "area_km2": 0.002, "length_km": null}, "geometry": {"type": "Polygon", "coordinates": [[[-46.7323409, -21.6871451], [-46.7323409, -21.6871451]]]}}, {"type": "Feature", "id": "osm/543557578", "properties": {"osm_id": 543557578, "name": "", "water_type": "lake", "natural": "water", "water": "lake", "waterway": "", "width": null, "depth": null, "area_km2": 0, "length_km": null}, "geometry": {"type": "Polygon", "coordinates": [[[-46.7367585, -21.6845493], [-46.7367585, -21.6845493]]]}}, {"type": "Feature", "id": "osm/543557584", "properties": {"osm_id": 543557584, "name": "", "water_type": "lake", "natural": "water", "water": "lake", "waterway": "", "width": null, "depth": null, "area_km2": 0.002, "length_km": null}, "geometry": {"type": "Polygon", "coordinates": [[[-46.7510064, -21.6884535], [-46.7510064, -21.6884535]]]}}, {"type": "Feature", "id": "osm/543557585", "properties": {"osm_id": 543557585, "name": "", "water_type": "lake", "natural": "water", "water": "lake", "waterway": "", "width": null, "depth": null, "area_km2": 0, "length_km": null}, "geometry": {"type": "Polygon", "coordinates": [[[-46.7503479, -21.6858291], [-46.7503479, -21.6858291]]]}}, {"type": "Feature", "id": "osm/543557586", "properties": {"osm_id": 543557586, "name": "", "water_type": "lake", "natural": "water", "water": "lake", "waterway": "", "width": null, "depth": null, "area_km2": 0.001, "length_km": null}, "geometry": {"type": "Polygon", "coordinates": [[[-46.7495191, -21.6865531], [-46.7495191, -21.6865531]]]}}, {"type": "Feature", "id": "osm/543557588", "properties": {"osm_id": 543557588, "name": "", "water_type": "lake", "natural": "water", "water": "lake", "waterway": "", "width": null, "depth": null, "area_km2": 0.001, "length_km": null}, "geometry": {"type": "Polygon", "coordinates": [[[-46.7513591, -21.6721877], [-46.7513591, -21.6721877]]]}}, {"type": "Feature", "id": "osm/543557589", "properties": {"osm_id": 543557589, "name": "", "water_type": "lake", "natural": "water", "water": "lake", "waterway": "", "width": null, "depth": null, "area_km2": 0.009, "length_km": null}, "geometry": {"type": "Polygon", "coordinates": [[[-46.7518634, -21.6719359], [-46.7518634, -21.6719359]]]}}, {"type": "Feature", "id": "osm/543557590", "properties": {"osm_id": 543557590, "name": "", "water_type": "lake", "natural": "water", "water": "lake", "waterway": "", "width": null, "depth": null, "area_km2": 0.001, "length_km": null}, "geometry": {"type": "Polygon", "coordinates": [[[-46.7516032, -21.6704728], [-46.7516032, -21.6704728]]]}}, {"type": "Feature", "id": "osm/543557591", "properties": {"osm_id": 543557591, "name": "", "water_type": "lake", "natural": "water", "water": "lake", "waterway": "", "width": null, "depth": null, "area_km2": 0.001, "length_km": null}, "geometry": {"type": "Polygon", "coordinates": [[[-46.75185, -21.6704902], [-46.75185, -21.6704902]]]}}, {"type": "Feature", "id": "osm/543557592", "properties": {"osm_id": 543557592, "name": "", "water_type": "lake", "natural": "water", "water": "lake", "waterway": "", "width": null, "depth": null, "area_km2": 0.001, "length_km": null}, "geometry": {"type": "Polygon", "coordinates": [[[-46.7518231, -21.6701836], [-46.7518231, -21.6701836]]]}}, {"type": "Feature", "id": "osm/543557593", "properties": {"osm_id": 543557593, "name": "", "water_type": "lake", "natural": "water", "water": "lake", "waterway": "", "width": null, "depth": null, "area_km2": 0.002, "length_km": null}, "geometry": {"type": "Polygon", "coordinates": [[[-46.7517158, -21.6698421], [-46.7517158, -21.6698421]]]}}, {"type": "Feature", "id": "osm/543557594", "properties": {"osm_id": 543557594, "name": "", "water_type": "lake", "natural": "water", "water": "lake", "waterway": "", "width": null, "depth": null, "area_km2": 0.003, "length_km": null}, "geometry": {"type": "Polygon", "coordinates": [[[-46.7511418, -21.6701238], [-46.7511418, -21.6701238]]]}}, {"type": "Feature", "id": "osm/543557596", "properties": {"osm_id": 543557596, "name": "", "water_type": "lake", "natural": "water", "water": "lake", "waterway": "", "width": null, "depth": null, "area_km2": 0.003, "length_km": null}, "geometry": {"type": "Polygon", "coordinates": [[[-46.7523113, -21.6691816], [-46.7523113, -21.6691816]]]}}, {"type": "Feature", "id": "osm/543557598", "properties": {"osm_id": 543557598, "name": "", "water_type": "lake", "natural": "water", "water": "lake", "waterway": "", "width": null, "depth": null, "area_km2": 0.004, "length_km": null}, "geometry": {"type": "Polygon", "coordinates": [[[-46.7525446, -21.6695629], [-46.7525446, -21.6695629]]]}}, {"type": "Feature", "id": "osm/543557603", "properties": {"osm_id": 543557603, "name": "", "water_type": "lake", "natural": "water", "water": "lake", "waterway": "", "width": null, "depth": null, "area_km2": 0.001, "length_km": null}, "geometry": {"type": "Polygon", "coordinates": [[[-46.7623602, -21.6771093], [-46.7623602, -21.6771093]]]}}, {"type": "Feature", "id": "osm/543557607", "properties": {"osm_id": 543557607, "name": "", "water_type": "lake", "natural": "water", "water": "lake", "waterway": "", "width": null, "depth": null, "area_km2": 0.001, "length_km": null}, "geometry": {"type": "Polygon", "coordinates": [[[-46.711354, -21.6254362], [-46.711354, -21.6254362]]]}}, {"type": "Feature", "id": "osm/543557623", "properties": {"osm_id": 543557623, "name": "", "water_type": "lake", "natural": "water", "water": "lake", "waterway": "", "width": null, "depth": null, "area_km2": 0.001, "length_km": null}, "geometry": {"type": "Polygon", "coordinates": [[[-46.7008048, -21.6096595], [-46.7008048, -21.6096595]]]}}, {"type": "Feature", "id": "osm/543557627", "properties": {"osm_id": 543557627, "name": "", "water_type": "lake", "natural": "water", "water": "lake", "waterway": "", "width": null, "depth": null, "area_km2": 0.015, "length_km": null}, "geometry": {"type": "Polygon", "coordinates": [[[-46.7072797, -21.6259848], [-46.7072797, -21.6259848]]]}}, {"type": "Feature", "id": "osm/543557628", "properties": {"osm_id": 543557628, "name": "", "water_type": "lake", "natural": "water", "water": "lake", "waterway": "", "width": null, "depth": null, "area_km2": 0.008, "length_km": null}, "geometry": {"type": "Polygon", "coordinates": [[[-46.7083526, -21.6294805], [-46.7083526, -21.6294805]]]}}, {"type": "Feature", "id": "osm/543557629", "properties": {"osm_id": 543557629, "name": "", "water_type": "lake", "natural": "water", "water": "lake", "waterway": "", "width": null, "depth": null, "area_km2": 0.002, "length_km": null}, "geometry": {"type": "Polygon", "coordinates": [[[-46.7086691, -21.6290018], [-46.7086691, -21.6290018]]]}}, {"type": "Feature", "id": "osm/543557630", "properties": {"osm_id": 543557630, "name": "", "water_type": "lake", "natural": "water", "water": "lake", "waterway": "", "width": null, "depth": null, "area_km2": 0.01, "length_km": null}, "geometry": {"type": "Polygon", "coordinates": [[[-46.7092913, -21.6276853], [-46.7092913, -21.6276853]]]}}, {"type": "Feature", "id": "osm/543557633", "properties": {"osm_id": 543557633, "name": "", "water_type": "lake", "natural": "water", "water": "lake", "waterway": "", "width": null, "depth": null, "area_km2": 0.002, "length_km": null}, "geometry": {"type": "Polygon", "coordinates": [[[-46.7217033, -21.6243778], [-46.7217033, -21.6243778]]]}}, {"type": "Feature", "id": "osm/543557634", "properties": {"osm_id": 543557634, "name": "", "water_type": "lake", "natural": "water", "water": "lake", "waterway": "", "width": null, "depth": null, "area_km2": 0.006, "length_km": null}, "geometry": {"type": "Polygon", "coordinates": [[[-46.7172441, -21.6280019], [-46.7172441, -21.6280019]]]}}, {"type": "Feature", "id": "osm/543557635", "properties": {"osm_id": 543557635, "name": "", "water_type": "lake", "natural": "water", "water": "lake", "waterway": "", "width": null, "depth": null, "area_km2": 0.003, "length_km": null}, "geometry": {"type": "Polygon", "coordinates": [[[-46.7182606, -21.6284931], [-46.7182606, -21.6284931]]]}}, {"type": "Feature", "id": "osm/543557636", "properties": {"osm_id": 543557636, "name": "", "water_type": "lake", "natural": "water", "water": "lake", "waterway": "", "width": null, "depth": null, "area_km2": 0.003, "length_km": null}, "geometry": {"type": "Polygon", "coordinates": [[[-46.7193282, -21.6269198], [-46.7193282, -21.6269198]]]}}, {"type": "Feature", "id": "osm/543557637", "properties": {"osm_id": 543557637, "name": "", "water_type": "lake", "natural": "water", "water": "lake", "waterway": "", "width": null, "depth": null, "area_km2": 0.007, "length_km": null}, "geometry": {"type": "Polygon", "coordinates": [[[-46.7209911, -21.6251196], [-46.7209911, -21.6251196]]]}}, {"type": "Feature", "id": "osm/543557638", "properties": {"osm_id": 543557638, "name": "", "water_type": "lake", "natural": "water", "water": "lake", "waterway": "", "width": null, "depth": null, "area_km2": 0.001, "length_km": null}, "geometry": {"type": "Polygon", "coordinates": [[[-46.7232429, -21.6219716], [-46.7232429, -21.6219716]]]}}, {"type": "Feature", "id": "osm/543557639", "properties": {"osm_id": 543557639, "name": "", "water_type": "lake", "natural": "water", "water": "lake", "waterway": "", "width": null, "depth": null, "area_km2": 0.002, "length_km": null}, "geometry": {"type": "Polygon", "coordinates": [[[-46.7232147, -21.6224067], [-46.7232147, -21.6224067]]]}}, {"type": "Feature", "id": "osm/543557640", "properties": {"osm_id": 543557640, "name": "", "water_type": "lake", "natural": "water", "water": "lake", "waterway": "", "width": null, "depth": null, "area_km2": 0.001, "length_km": null}, "geometry": {"type": "Polygon", "coordinates": [[[-46.7228844, -21.6590279], [-46.7228844, -21.6590279]]]}}, {"type": "Feature", "id": "osm/543557641", "properties": {"osm_id": 543557641, "name": "", "water_type": "lake", "natural": "water", "water": "lake", "waterway": "", "width": null, "depth": null, "area_km2": 0.001, "length_km": null}, "geometry": {"type": "Polygon", "coordinates": [[[-46.7235344, -21.6589779], [-46.7235344, -21.6589779]]]}}, {"type": "Feature", "id": "osm/543557642", "properties": {"osm_id": 543557642, "name": "", "water_type": "lake", "natural": "water", "water": "lake", "waterway": "", "width": null, "depth": null, "area_km2": 0.001, "length_km": null}, "geometry": {"type": "Polygon", "coordinates": [[[-46.721478, -21.6584104], [-46.721478, -21.6584104]]]}}, {"type": "Feature", "id": "osm/543557643", "properties": {"osm_id": 543557643, "name": "", "water_type": "lake", "natural": "water", "water": "lake", "waterway": "", "width": null, "depth": null, "area_km2": 0.001, "length_km": null}, "geometry": {"type": "Polygon", "coordinates": [[[-46.7212848, -21.658818], [-46.7212848, -21.658818]]]}}, {"type": "Feature", "id": "osm/543557644", "properties": {"osm_id": 543557644, "name": "", "water_type": "lake", "natural": "water", "water": "lake", "waterway": "", "width": null, "depth": null, "area_km2": 0.002, "length_km": null}, "geometry": {"type": "Polygon", "coordinates": [[[-46.7132986, -21.6479874], [-46.7132986, -21.6479874]]]}}, {"type": "Feature", "id": "osm/543557645", "properties": {"osm_id": 543557645, "name": "", "water_type": "lake", "natural": "water", "water": "lake", "waterway": "", "width": null, "depth": null, "area_km2": 0, "length_km": null}, "geometry": {"type": "Polygon", "coordinates": [[[-46.7116182, -21.6427407], [-46.7116182, -21.6427407]]]}}, {"type": "Feature", "id": "osm/543557646", "properties": {"osm_id": 543557646, "name": "", "water_type": "lake", "natural": "water", "water": "lake", "waterway": "", "width": null, "depth": null, "area_km2": 0.001, "length_km": null}, "geometry": {"type": "Polygon", "coordinates": [[[-46.6975325, -21.6449895], [-46.6975325, -21.6449895]]]}}, {"type": "Feature", "id": "osm/543557654", "properties": {"osm_id": 543557654, "name": "", "water_type": "lake", "natural": "water", "water": "lake", "waterway": "", "width": null, "depth": null, "area_km2": 0.001, "length_km": null}, "geometry": {"type": "Polygon", "coordinates": [[[-46.6914131, -21.6431658], [-46.6914131, -21.6431658]]]}}, {"type": "Feature", "id": "osm/543557668", "properties": {"osm_id": 543557668, "name": "", "water_type": "lake", "natural": "water", "water": "lake", "waterway": "", "width": null, "depth": null, "area_km2": 0.006, "length_km": null}, "geometry": {"type": "Polygon", "coordinates": [[[-46.69536, -21.6285829], [-46.69536, -21.6285829]]]}}, {"type": "Feature", "id": "osm/543557680", "properties": {"osm_id": 543557680, "name": "", "water_type": "lake", "natural": "water", "water": "lake", "waterway": "", "width": null, "depth": null, "area_km2": 0.004, "length_km": null}, "geometry": {"type": "Polygon", "coordinates": [[[-46.6908672, -21.6550026], [-46.6908672, -21.6550026]]]}}, {"type": "Feature", "id": "osm/543557682", "properties": {"osm_id": 543557682, "name": "", "water_type": "lake", "natural": "water", "water": "lake", "waterway": "", "width": null, "depth": null, "area_km2": 0.003, "length_km": null}, "geometry": {"type": "Polygon", "coordinates": [[[-46.6917725, -21.6607798], [-46.6917725, -21.6607798]]]}}, {"type": "Feature", "id": "osm/543557683", "properties": {"osm_id": 543557683, "name": "", "water_type": "lake", "natural": "water", "water": "lake", "waterway": "", "width": null, "depth": null, "area_km2": 0.003, "length_km": null}, "geometry": {"type": "Polygon", "coordinates": [[[-46.6927843, -21.6730869], [-46.6927843, -21.6730869]]]}}, {"type": "Feature", "id": "osm/543557685", "properties": {"osm_id": 543557685, "name": "", "water_type": "lake", "natural": "water", "water": "lake", "waterway": "", "width": null, "depth": null, "area_km2": 0, "length_km": null}, "geometry": {"type": "Polygon", "coordinates": [[[-46.6666147, -21.6751601], [-46.6666147, -21.6751601]]]}}, {"type": "Feature", "id": "osm/543557688", "properties": {"osm_id": 543557688, "name": "", "water_type": "lake", "natural": "water", "water": "lake", "waterway": "", "width": null, "depth": null, "area_km2": 0.001, "length_km": null}, "geometry": {"type": "Polygon", "coordinates": [[[-46.6573209, -21.6754368], [-46.6573209, -21.6754368]]]}}, {"type": "Feature", "id": "osm/543557691", "properties": {"osm_id": 543557691, "name": "", "water_type": "lake", "natural": "water", "water": "lake", "waterway": "", "width": null, "depth": null, "area_km2": 0.001, "length_km": null}, "geometry": {"type": "Polygon", "coordinates": [[[-46.6578694, -21.6632751], [-46.6578694, -21.6632751]]]}}, {"type": "Feature", "id": "osm/543557692", "properties": {"osm_id": 543557692, "name": "", "water_type": "lake", "natural": "water", "water": "lake", "waterway": "", "width": null, "depth": null, "area_km2": 0.001, "length_km": null}, "geometry": {"type": "Polygon", "coordinates": [[[-46.6552529, -21.6657741], [-46.6552529, -21.6657741]]]}}, {"type": "Feature", "id": "osm/543557694", "properties": {"osm_id": 543557694, "name": "", "water_type": "lake", "natural": "water", "water": "lake", "waterway": "", "width": null, "depth": null, "area_km2": 0.005, "length_km": null}, "geometry": {"type": "Polygon", "coordinates": [[[-46.651715, -21.6556882], [-46.651715, -21.6556882]]]}}, {"type": "Feature", "id": "osm/543557695", "properties": {"osm_id": 543557695, "name": "", "water_type": "lake", "natural": "water", "water": "lake", "waterway": "", "width": null, "depth": null, "area_km2": 0.001, "length_km": null}, "geometry": {"type": "Polygon", "coordinates": [[[-46.659236, -21.6506574], [-46.659236, -21.6506574]]]}}, {"type": "Feature", "id": "osm/543557698", "properties": {"osm_id": 543557698, "name": "", "water_type": "lake", "natural": "water", "water": "lake", "waterway": "", "width": null, "depth": null, "area_km2": 0.01, "length_km": null}, "geometry": {"type": "Polygon", "coordinates": [[[-46.6580987, -21.6508618], [-46.6580987, -21.6508618]]]}}, {"type": "Feature", "id": "osm/543557700", "properties": {"osm_id": 543557700, "name": "", "water_type": "lake", "natural": "water", "water": "lake", "waterway": "", "width": null, "depth": null, "area_km2": 0.022, "length_km": null}, "geometry": {"type": "Polygon", "coordinates": [[[-46.6539788, -21.6518191], [-46.6539788, -21.6518191]]]}}, {"type": "Feature", "id": "osm/543557722", "properties": {"osm_id": 543557722, "name": "", "water_type": "lake", "natural": "water", "water": "lake", "waterway": "", "width": null, "depth": null, "area_km2": 0.001, "length_km": null}, "geometry": {"type": "Polygon", "coordinates": [[[-46.6407931, -21.6421212], [-46.6407931, -21.6421212]]]}}, {"type": "Feature", "id": "osm/543557726", "properties": {"osm_id": 543557726, "name": "", "water_type": "lake", "natural": "water", "water": "lake", "waterway": "", "width": null, "depth": null, "area_km2": 0, "length_km": null}, "geometry": {"type": "Polygon", "coordinates": [[[-46.6127922, -21.6511947], [-46.6127922, -21.6511947]]]}}, {"type": "Feature", "id": "osm/543557727", "properties": {"osm_id": 543557727, "name": "", "water_type": "lake", "natural": "water", "water": "lake", "waterway": "", "width": null, "depth": null, "area_km2": 0, "length_km": null}, "geometry": {"type": "Polygon", "coordinates": [[[-46.6127828, -21.6507858], [-46.6127828, -21.6507858]]]}}, {"type": "Feature", "id": "osm/543557728", "properties": {"osm_id": 543557728, "name": "", "water_type": "lake", "natural": "water", "water": "lake", "waterway": "", "width": null, "depth": null, "area_km2": 0.001, "length_km": null}, "geometry": {"type": "Polygon", "coordinates": [[[-46.6127345, -21.6508419], [-46.6127345, -21.6508419]]]}}, {"type": "Feature", "id": "osm/543557729", "properties": {"osm_id": 543557729, "name": "", "water_type": "lake", "natural": "water", "water": "lake", "waterway": "", "width": null, "depth": null, "area_km2": 0.019, "length_km": null}, "geometry": {"type": "Polygon", "coordinates": [[[-46.618976, -21.6478303], [-46.618976, -21.6478303]]]}}, {"type": "Feature", "id": "osm/543557730", "properties": {"osm_id": 543557730, "name": "", "water_type": "lake", "natural": "water", "water": "lake", "waterway": "", "width": null, "depth": null, "area_km2": 0.001, "length_km": null}, "geometry": {"type": "Polygon", "coordinates": [[[-46.6207784, -21.6474502], [-46.6207784, -21.6474502]]]}}, {"type": "Feature", "id": "osm/543557731", "properties": {"osm_id": 543557731, "name": "", "water_type": "lake", "natural": "water", "water": "lake", "waterway": "", "width": null, "depth": null, "area_km2": 0.003, "length_km": null}, "geometry": {"type": "Polygon", "coordinates": [[[-46.6201763, -21.647414], [-46.6201763, -21.647414]]]}}, {"type": "Feature", "id": "osm/543557733", "properties": {"osm_id": 543557733, "name": "", "water_type": "lake", "natural": "water", "water": "lake", "waterway": "", "width": null, "depth": null, "area_km2": 0, "length_km": null}, "geometry": {"type": "Polygon", "coordinates": [[[-46.6202205, -21.6272327], [-46.6202205, -21.6272327]]]}}, {"type": "Feature", "id": "osm/543557734", "properties": {"osm_id": 543557734, "name": "", "water_type": "lake", "natural": "water", "water": "lake", "waterway": "", "width": null, "depth": null, "area_km2": 0.006, "length_km": null}, "geometry": {"type": "Polygon", "coordinates": [[[-46.6205733, -21.6265483], [-46.6205733, -21.6265483]]]}}, {"type": "Feature", "id": "osm/543557736", "properties": {"osm_id": 543557736, "name": "", "water_type": "lake", "natural": "water", "water": "lake", "waterway": "", "width": null, "depth": null, "area_km2": 0.002, "length_km": null}, "geometry": {"type": "Polygon", "coordinates": [[[-46.6227096, -21.6294281], [-46.6227096, -21.6294281]]]}}, {"type": "Feature", "id": "osm/543557737", "properties": {"osm_id": 543557737, "name": "", "water_type": "lake", "natural": "water", "water": "lake", "waterway": "", "width": null, "depth": null, "area_km2": 0.003, "length_km": null}, "geometry": {"type": "Polygon", "coordinates": [[[-46.6214705, -21.6270819], [-46.6214705, -21.6270819]]]}}, {"type": "Feature", "id": "osm/543557744", "properties": {"osm_id": 543557744, "name": "", "water_type": "lake", "natural": "water", "water": "lake", "waterway": "", "width": null, "depth": null, "area_km2": 0, "length_km": null}, "geometry": {"type": "Polygon", "coordinates": [[[-46.6405651, -21.6440297], [-46.6405651, -21.6440297]]]}}, {"type": "Feature", "id": "osm/543557748", "properties": {"osm_id": 543557748, "name": "", "water_type": "lake", "natural": "water", "water": "lake", "waterway": "", "width": null, "depth": null, "area_km2": 0.003, "length_km": null}, "geometry": {"type": "Polygon", "coordinates": [[[-46.6566449, -21.6371963], [-46.6566449, -21.6371963]]]}}, {"type": "Feature", "id": "osm/543557749", "properties": {"osm_id": 543557749, "name": "", "water_type": "lake", "natural": "water", "water": "lake", "waterway": "", "width": null, "depth": null, "area_km2": 0.001, "length_km": null}, "geometry": {"type": "Polygon", "coordinates": [[[-46.6457827, -21.6326825], [-46.6457827, -21.6326825]]]}}, {"type": "Feature", "id": "osm/543557753", "properties": {"osm_id": 543557753, "name": "", "water_type": "lake", "natural": "water", "water": "lake", "waterway": "", "width": null, "depth": null, "area_km2": 0, "length_km": null}, "geometry": {"type": "Polygon", "coordinates": [[[-46.6345348, -21.6221904], [-46.6345348, -21.6221904]]]}}, {"type": "Feature", "id": "osm/543557754", "properties": {"osm_id": 543557754, "name": "", "water_type": "lake", "natural": "water", "water": "lake", "waterway": "", "width": null, "depth": null, "area_km2": 0, "length_km": null}, "geometry": {"type": "Polygon", "coordinates": [[[-46.634455, -21.6218868], [-46.634455, -21.6218868]]]}}, {"type": "Feature", "id": "osm/543565302", "properties": {"osm_id": 543565302, "name": "", "water_type": "lake", "natural": "water", "water": "lake", "waterway": "", "width": null, "depth": null, "area_km2": 0.002, "length_km": null}, "geometry": {"type": "Polygon", "coordinates": [[[-46.7010744, -21.6619689], [-46.7010744, -21.6619689]]]}}, {"type": "Feature", "id": "osm/543565309", "properties": {"osm_id": 543565309, "name": "", "water_type": "lake", "natural": "water", "water": "lake", "waterway": "", "width": null, "depth": null, "area_km2": 0.002, "length_km": null}, "geometry": {"type": "Polygon", "coordinates": [[[-46.7007861, -21.6590311], [-46.7007861, -21.6590311]]]}}, {"type": "Feature", "id": "osm/543565319", "properties": {"osm_id": 543565319, "name": "", "water_type": "lake", "natural": "water", "water": "lake", "waterway": "", "width": null, "depth": null, "area_km2": 0.002, "length_km": null}, "geometry": {"type": "Polygon", "coordinates": [[[-46.7262509, -21.6790347], [-46.7262509, -21.6790347]]]}}, {"type": "Feature", "id": "osm/543565321", "properties": {"osm_id": 543565321, "name": "", "water_type": "lake", "natural": "water", "water": "lake", "waterway": "", "width": null, "depth": null, "area_km2": 0.002, "length_km": null}, "geometry": {"type": "Polygon", "coordinates": [[[-46.7258915, -21.6779929], [-46.7258915, -21.6779929]]]}}, {"type": "Feature", "id": "osm/543565328", "properties": {"osm_id": 543565328, "name": "", "water_type": "lake", "natural": "water", "water": "lake", "waterway": "", "width": null, "depth": null, "area_km2": 0, "length_km": null}, "geometry": {"type": "Polygon", "coordinates": [[[-46.7407013, -21.6791731], [-46.7407013, -21.6791731]]]}}, {"type": "Feature", "id": "osm/543759756", "properties": {"osm_id": 543759756, "name": "", "water_type": "lake", "natural": "water", "water": "lake", "waterway": "", "width": null, "depth": null, "area_km2": 0, "length_km": null}, "geometry": {"type": "Polygon", "coordinates": [[[-46.7428914, -21.6705264], [-46.7428914, -21.6705264]]]}}, {"type": "Feature", "id": "osm/543759757", "properties": {"osm_id": 543759757, "name": "", "water_type": "lake", "natural": "water", "water": "lake", "waterway": "", "width": null, "depth": null, "area_km2": 0, "length_km": null}, "geometry": {"type": "Polygon", "coordinates": [[[-46.742764, -21.6706423], [-46.742764, -21.6706423]]]}}, {"type": "Feature", "id": "osm/543759758", "properties": {"osm_id": 543759758, "name": "", "water_type": "lake", "natural": "water", "water": "lake", "waterway": "", "width": null, "depth": null, "area_km2": 0, "length_km": null}, "geometry": {"type": "Polygon", "coordinates": [[[-46.7428015, -21.6707943], [-46.7428015, -21.6707943]]]}}, {"type": "Feature", "id": "osm/543759759", "properties": {"osm_id": 543759759, "name": "", "water_type": "lake", "natural": "water", "water": "lake", "waterway": "", "width": null, "depth": null, "area_km2": 0.001, "length_km": null}, "geometry": {"type": "Polygon", "coordinates": [[[-46.7432602, -21.6700652], [-46.7432602, -21.6700652]]]}}, {"type": "Feature", "id": "osm/543759833", "properties": {"osm_id": 543759833, "name": "", "water_type": "lake", "natural": "water", "water": "lake", "waterway": "", "width": null, "depth": null, "area_km2": 0.001, "length_km": null}, "geometry": {"type": "Polygon", "coordinates": [[[-46.7359498, -21.6574818], [-46.7359498, -21.6574818]]]}}, {"type": "Feature", "id": "osm/543759834", "properties": {"osm_id": 543759834, "name": "", "water_type": "lake", "natural": "water", "water": "lake", "waterway": "", "width": null, "depth": null, "area_km2": 0, "length_km": null}, "geometry": {"type": "Polygon", "coordinates": [[[-46.7362288, -21.6576912], [-46.7362288, -21.6576912]]]}}, {"type": "Feature", "id": "osm/543759847", "properties": {"osm_id": 543759847, "name": "", "water_type": "lake", "natural": "water", "water": "lake", "waterway": "", "width": null, "depth": null, "area_km2": 0, "length_km": null}, "geometry": {"type": "Polygon", "coordinates": [[[-46.7276229, -21.6635593], [-46.7276229, -21.6635593]]]}}, {"type": "Feature", "id": "osm/543759848", "properties": {"osm_id": 543759848, "name": "", "water_type": "lake", "natural": "water", "water": "lake", "waterway": "", "width": null, "depth": null, "area_km2": 0.001, "length_km": null}, "geometry": {"type": "Polygon", "coordinates": [[[-46.7277986, -21.6639444], [-46.7277986, -21.6639444]]]}}, {"type": "Feature", "id": "osm/543759865", "properties": {"osm_id": 543759865, "name": "", "water_type": "lake", "natural": "water", "water": "lake", "waterway": "", "width": null, "depth": null, "area_km2": 0.001, "length_km": null}, "geometry": {"type": "Polygon", "coordinates": [[[-46.656514, -21.6323802], [-46.656514, -21.6323802]]]}}, {"type": "Feature", "id": "osm/543759866", "properties": {"osm_id": 543759866, "name": "", "water_type": "lake", "natural": "water", "water": "lake", "waterway": "", "width": null, "depth": null, "area_km2": 0.001, "length_km": null}, "geometry": {"type": "Polygon", "coordinates": [[[-46.6606642, -21.6315076], [-46.6606642, -21.6315076]]]}}, {"type": "Feature", "id": "osm/543759867", "properties": {"osm_id": 543759867, "name": "", "water_type": "lake", "natural": "water", "water": "lake", "waterway": "", "width": null, "depth": null, "area_km2": 0.001, "length_km": null}, "geometry": {"type": "Polygon", "coordinates": [[[-46.659472, -21.6311161], [-46.659472, -21.6311161]]]}}, {"type": "Feature", "id": "osm/543759868", "properties": {"osm_id": 543759868, "name": "", "water_type": "lake", "natural": "water", "water": "lake", "waterway": "", "width": null, "depth": null, "area_km2": 0, "length_km": null}, "geometry": {"type": "Polygon", "coordinates": [[[-46.6707815, -21.6354943], [-46.6707815, -21.6354943]]]}}, {"type": "Feature", "id": "osm/543759871", "properties": {"osm_id": 543759871, "name": "", "water_type": "lake", "natural": "water", "water": "lake", "waterway": "", "width": null, "depth": null, "area_km2": 0, "length_km": null}, "geometry": {"type": "Polygon", "coordinates": [[[-46.6778424, -21.6222022], [-46.6778424, -21.6222022]]]}}, {"type": "Feature", "id": "osm/543759873", "properties": {"osm_id": 543759873, "name": "", "water_type": "lake", "natural": "water", "water": "lake", "waterway": "", "width": null, "depth": null, "area_km2": 0.001, "length_km": null}, "geometry": {"type": "Polygon", "coordinates": [[[-46.6776949, -21.6214754], [-46.6776949, -21.6214754]]]}}, {"type": "Feature", "id": "osm/543759874", "properties": {"osm_id": 543759874, "name": "", "water_type": "lake", "natural": "water", "water": "lake", "waterway": "", "width": null, "depth": null, "area_km2": 0, "length_km": null}, "geometry": {"type": "Polygon", "coordinates": [[[-46.6769855, -21.6204356], [-46.6769855, -21.6204356]]]}}, {"type": "Feature", "id": "osm/543759880", "properties": {"osm_id": 543759880, "name": "", "water_type": "lake", "natural": "water", "water": "lake", "waterway": "", "width": null, "depth": null, "area_km2": 0.007, "length_km": null}, "geometry": {"type": "Polygon", "coordinates": [[[-46.6647828, -21.6576376], [-46.6647828, -21.6576376]]]}}, {"type": "Feature", "id": "osm/543759881", "properties": {"osm_id": 543759881, "name": "", "water_type": "lake", "natural": "water", "water": "lake", "waterway": "", "width": null, "depth": null, "area_km2": 0.001, "length_km": null}, "geometry": {"type": "Polygon", "coordinates": [[[-46.6611511, -21.6580439], [-46.6611511, -21.6580439]]]}}, {"type": "Feature", "id": "osm/543759882", "properties": {"osm_id": 543759882, "name": "", "water_type": "lake", "natural": "water", "water": "lake", "waterway": "", "width": null, "depth": null, "area_km2": 0.001, "length_km": null}, "geometry": {"type": "Polygon", "coordinates": [[[-46.6600809, -21.6578408], [-46.6600809, -21.6578408]]]}}, {"type": "Feature", "id": "osm/543759898", "properties": {"osm_id": 543759898, "name": "", "water_type": "lake", "natural": "water", "water": "lake", "waterway": "", "width": null, "depth": null, "area_km2": 0.005, "length_km": null}, "geometry": {"type": "Polygon", "coordinates": [[[-46.6484106, -21.7367866], [-46.6484106, -21.7367866]]]}}, {"type": "Feature", "id": "osm/543759903", "properties": {"osm_id": 543759903, "name": "", "water_type": "lake", "natural": "water", "water": "lake", "waterway": "", "width": null, "depth": null, "area_km2": 0.008, "length_km": null}, "geometry": {"type": "Polygon", "coordinates": [[[-46.6506797, -21.7459874], [-46.6506797, -21.7459874]]]}}, {"type": "Feature", "id": "osm/543759920", "properties": {"osm_id": 543759920, "name": "", "water_type": "lake", "natural": "water", "water": "lake", "waterway": "", "width": null, "depth": null, "area_km2": 0.002, "length_km": null}, "geometry": {"type": "Polygon", "coordinates": [[[-46.6766703, -21.6722375], [-46.6766703, -21.6722375]]]}}, {"type": "Feature", "id": "osm/543759931", "properties": {"osm_id": 543759931, "name": "", "water_type": "lake", "natural": "water", "water": "lake", "waterway": "", "width": null, "depth": null, "area_km2": 0, "length_km": null}, "geometry": {"type": "Polygon", "coordinates": [[[-46.6971584, -21.6772202], [-46.6971584, -21.6772202]]]}}, {"type": "Feature", "id": "osm/543759932", "properties": {"osm_id": 543759932, "name": "", "water_type": "lake", "natural": "water", "water": "lake", "waterway": "", "width": null, "depth": null, "area_km2": 0.001, "length_km": null}, "geometry": {"type": "Polygon", "coordinates": [[[-46.6992384, -21.6786957], [-46.6992384, -21.6786957]]]}}, {"type": "Feature", "id": "osm/543759936", "properties": {"osm_id": 543759936, "name": "", "water_type": "lake", "natural": "water", "water": "lake", "waterway": "", "width": null, "depth": null, "area_km2": 0.001, "length_km": null}, "geometry": {"type": "Polygon", "coordinates": [[[-46.6507334, -21.6836931], [-46.6507334, -21.6836931]]]}}, {"type": "Feature", "id": "osm/543759937", "properties": {"osm_id": 543759937, "name": "", "water_type": "lake", "natural": "water", "water": "lake", "waterway": "", "width": null, "depth": null, "area_km2": 0.002, "length_km": null}, "geometry": {"type": "Polygon", "coordinates": [[[-46.6522582, -21.6785225], [-46.6522582, -21.6785225]]]}}, {"type": "Feature", "id": "osm/543759946", "properties": {"osm_id": 543759946, "name": "", "water_type": "lake", "natural": "water", "water": "lake", "waterway": "", "width": null, "depth": null, "area_km2": 0.003, "length_km": null}, "geometry": {"type": "Polygon", "coordinates": [[[-46.6745836, -21.7211566], [-46.6745836, -21.7211566]]]}}, {"type": "Feature", "id": "osm/543759947", "properties": {"osm_id": 543759947, "name": "", "water_type": "lake", "natural": "water", "water": "lake", "waterway": "", "width": null, "depth": null, "area_km2": 0.001, "length_km": null}, "geometry": {"type": "Polygon", "coordinates": [[[-46.6803476, -21.7193327], [-46.6803476, -21.7193327]]]}}, {"type": "Feature", "id": "osm/543759950", "properties": {"osm_id": 543759950, "name": "", "water_type": "lake", "natural": "water", "water": "lake", "waterway": "", "width": null, "depth": null, "area_km2": 0, "length_km": null}, "geometry": {"type": "Polygon", "coordinates": [[[-46.6867326, -21.7242676], [-46.6867326, -21.7242676]]]}}, {"type": "Feature", "id": "osm/543759951", "properties": {"osm_id": 543759951, "name": "", "water_type": "lake", "natural": "water", "water": "lake", "waterway": "", "width": null, "depth": null, "area_km2": 0.002, "length_km": null}, "geometry": {"type": "Polygon", "coordinates": [[[-46.6861841, -21.7214407], [-46.6861841, -21.7214407]]]}}, {"type": "Feature", "id": "osm/543759952", "properties": {"osm_id": 543759952, "name": "", "water_type": "lake", "natural": "water", "water": "lake", "waterway": "", "width": null, "depth": null, "area_km2": 0.001, "length_km": null}, "geometry": {"type": "Polygon", "coordinates": [[[-46.6865194, -21.7182587], [-46.6865194, -21.7182587]]]}}, {"type": "Feature", "id": "osm/543759958", "properties": {"osm_id": 543759958, "name": "", "water_type": "lake", "natural": "water", "water": "lake", "waterway": "", "width": null, "depth": null, "area_km2": 0.001, "length_km": null}, "geometry": {"type": "Polygon", "coordinates": [[[-46.7029104, -21.664524], [-46.7029104, -21.664524]]]}}, {"type": "Feature", "id": "osm/543759959", "properties": {"osm_id": 543759959, "name": "", "water_type": "lake", "natural": "water", "water": "lake", "waterway": "", "width": null, "depth": null, "area_km2": 0.001, "length_km": null}, "geometry": {"type": "Polygon", "coordinates": [[[-46.7058983, -21.6647869], [-46.7058983, -21.6647869]]]}}, {"type": "Feature", "id": "osm/543759960", "properties": {"osm_id": 543759960, "name": "", "water_type": "lake", "natural": "water", "water": "lake", "waterway": "", "width": null, "depth": null, "area_km2": 0, "length_km": null}, "geometry": {"type": "Polygon", "coordinates": [[[-46.7120044, -21.6697736], [-46.7120044, -21.6697736]]]}}, {"type": "Feature", "id": "osm/543759963", "properties": {"osm_id": 543759963, "name": "", "water_type": "lake", "natural": "water", "water": "lake", "waterway": "", "width": null, "depth": null, "area_km2": 0.001, "length_km": null}, "geometry": {"type": "Polygon", "coordinates": [[[-46.7028809, -21.6761172], [-46.7028809, -21.6761172]]]}}, {"type": "Feature", "id": "osm/543759965", "properties": {"osm_id": 543759965, "name": "", "water_type": "lake", "natural": "water", "water": "lake", "waterway": "", "width": null, "depth": null, "area_km2": 0.001, "length_km": null}, "geometry": {"type": "Polygon", "coordinates": [[[-46.7068867, -21.6916449], [-46.7068867, -21.6916449]]]}}, {"type": "Feature", "id": "osm/543759967", "properties": {"osm_id": 543759967, "name": "", "water_type": "lake", "natural": "water", "water": "lake", "waterway": "", "width": null, "depth": null, "area_km2": 0, "length_km": null}, "geometry": {"type": "Polygon", "coordinates": [[[-46.7038049, -21.6859113], [-46.7038049, -21.6859113]]]}}, {"type": "Feature", "id": "osm/543759968", "properties": {"osm_id": 543759968, "name": "", "water_type": "lake", "natural": "water", "water": "lake", "waterway": "", "width": null, "depth": null, "area_km2": 0, "length_km": null}, "geometry": {"type": "Polygon", "coordinates": [[[-46.703589, -21.6869469], [-46.703589, -21.6869469]]]}}, {"type": "Feature", "id": "osm/543759969", "properties": {"osm_id": 543759969, "name": "", "water_type": "lake", "natural": "water", "water": "lake", "waterway": "", "width": null, "depth": null, "area_km2": 0.009, "length_km": null}, "geometry": {"type": "Polygon", "coordinates": [[[-46.6903093, -21.6966157], [-46.6903093, -21.6966157]]]}}, {"type": "Feature", "id": "osm/543759970", "properties": {"osm_id": 543759970, "name": "", "water_type": "lake", "natural": "water", "water": "lake", "waterway": "", "width": null, "depth": null, "area_km2": 0.002, "length_km": null}, "geometry": {"type": "Polygon", "coordinates": [[[-46.6947645, -21.6903552], [-46.6947645, -21.6903552]]]}}, {"type": "Feature", "id": "osm/543759971", "properties": {"osm_id": 543759971, "name": "", "water_type": "lake", "natural": "water", "water": "lake", "waterway": "", "width": null, "depth": null, "area_km2": 0, "length_km": null}, "geometry": {"type": "Polygon", "coordinates": [[[-46.7090271, -21.6763465], [-46.7090271, -21.6763465]]]}}, {"type": "Feature", "id": "osm/543887003", "properties": {"osm_id": 543887003, "name": "", "water_type": "lake", "natural": "water", "water": "lake", "waterway": "", "width": null, "depth": null, "area_km2": 0.001, "length_km": null}, "geometry": {"type": "Polygon", "coordinates": [[[-46.360884, -22.2798901], [-46.360884, -22.2798901]]]}}, {"type": "Feature", "id": "osm/543947707", "properties": {"osm_id": 543947707, "name": "", "water_type": "water", "natural": "water", "water": "", "waterway": "", "width": null, "depth": null, "area_km2": 0, "length_km": null}, "geometry": {"type": "Polygon", "coordinates": [[[-46.7190845, -21.9372985], [-46.7190845, -21.9372985]]]}}, {"type": "Feature", "id": "osm/543947709", "properties": {"osm_id": 543947709, "name": "", "water_type": "lake", "natural": "water", "water": "lake", "waterway": "", "width": null, "depth": null, "area_km2": 0, "length_km": null}, "geometry": {"type": "Polygon", "coordinates": [[[-46.689835, -21.9439573], [-46.6898195, -21.9439875], [-46.6897495, -21.943957], [-46.6897679, -21.9439284], [-46.689835, -21.9439573]]]}}, {"type": "Feature", "id": "osm/544011385", "properties": {"osm_id": 544011385, "name": "Reservatório de Retenção para Amortecimento de Picos de Cheias", "water_type": "reservoir", "natural": "water", "water": "reservoir", "waterway": "", "width": null, "depth": null, "area_km2": 0.067, "length_km": null}, "geometry": {"type": "Polygon", "coordinates": [[[-46.7604658, -21.9732095], [-46.7604658, -21.9732095]]]}}, {"type": "Feature", "id": "osm/544426516", "properties": {"osm_id": 544426516, "name": "", "water_type": "lake", "natural": "water", "water": "lake", "waterway": "", "width": null, "depth": null, "area_km2": 0.007, "length_km": null}, "geometry": {"type": "Polygon", "coordinates": [[[-46.7791999, -22.0023093], [-46.7791999, -22.0023093]]]}}, {"type": "Feature", "id": "osm/544426521", "properties": {"osm_id": 544426521, "name": "", "water_type": "lake", "natural": "water", "water": "lake", "waterway": "", "width": null, "depth": null, "area_km2": 0.002, "length_km": null}, "geometry": {"type": "Polygon", "coordinates": [[[-46.7848966, -22.002265], [-46.7848966, -22.002265]]]}}, {"type": "Feature", "id": "osm/544426523", "properties": {"osm_id": 544426523, "name": "", "water_type": "lake", "natural": "water", "water": "lake", "waterway": "", "width": null, "depth": null, "area_km2": 0.009, "length_km": null}, "geometry": {"type": "Polygon", "coordinates": [[[-46.7925981, -22.0049799], [-46.7925981, -22.0049799]]]}}, {"type": "Feature", "id": "osm/544564407", "properties": {"osm_id": 544564407, "name": "", "water_type": "lake", "natural": "water", "water": "lake", "waterway": "", "width": null, "depth": null, "area_km2": 0, "length_km": null}, "geometry": {"type": "Polygon", "coordinates": [[[-46.7068264, -21.648238], [-46.7068264, -21.648238]]]}}, {"type": "Feature", "id": "osm/544564408", "properties": {"osm_id": 544564408, "name": "", "water_type": "lake", "natural": "water", "water": "lake", "waterway": "", "width": null, "depth": null, "area_km2": 0.001, "length_km": null}, "geometry": {"type": "Polygon", "coordinates": [[[-46.7072515, -21.6492239], [-46.7072515, -21.6492239]]]}}, {"type": "Feature", "id": "osm/544614811", "properties": {"osm_id": 544614811, "name": "", "water_type": "lake", "natural": "water", "water": "lake", "waterway": "", "width": null, "depth": null, "area_km2": 0, "length_km": null}, "geometry": {"type": "Polygon", "coordinates": [[[-46.6799795, -21.6581287], [-46.6799795, -21.6581287]]]}}, {"type": "Feature", "id": "osm/544614816", "properties": {"osm_id": 544614816, "name": "", "water_type": "lake", "natural": "water", "water": "lake", "waterway": "", "width": null, "depth": null, "area_km2": 0.001, "length_km": null}, "geometry": {"type": "Polygon", "coordinates": [[[-46.6701499, -21.6561743], [-46.6701499, -21.6561743]]]}}, {"type": "Feature", "id": "osm/544614820", "properties": {"osm_id": 544614820, "name": "", "water_type": "lake", "natural": "water", "water": "lake", "waterway": "", "width": null, "depth": null, "area_km2": 0.003, "length_km": null}, "geometry": {"type": "Polygon", "coordinates": [[[-46.6711906, -21.6573509], [-46.6711906, -21.6573509]]]}}, {"type": "Feature", "id": "osm/544614822", "properties": {"osm_id": 544614822, "name": "", "water_type": "lake", "natural": "water", "water": "lake", "waterway": "", "width": null, "depth": null, "area_km2": 0.001, "length_km": null}, "geometry": {"type": "Polygon", "coordinates": [[[-46.6700721, -21.6599385], [-46.6700721, -21.6599385]]]}}, {"type": "Feature", "id": "osm/544614825", "properties": {"osm_id": 544614825, "name": "", "water_type": "lake", "natural": "water", "water": "lake", "waterway": "", "width": null, "depth": null, "area_km2": 0, "length_km": null}, "geometry": {"type": "Polygon", "coordinates": [[[-46.6711208, -21.6589862], [-46.6711208, -21.6589862]]]}}, {"type": "Feature", "id": "osm/544614836", "properties": {"osm_id": 544614836, "name": "", "water_type": "lake", "natural": "water", "water": "lake", "waterway": "", "width": null, "depth": null, "area_km2": 0.007, "length_km": null}, "geometry": {"type": "Polygon", "coordinates": [[[-46.6730306, -21.6620848], [-46.6730306, -21.6620848]]]}}, {"type": "Feature", "id": "osm/544614842", "properties": {"osm_id": 544614842, "name": "", "water_type": "lake", "natural": "water", "water": "lake", "waterway": "", "width": null, "depth": null, "area_km2": 0.004, "length_km": null}, "geometry": {"type": "Polygon", "coordinates": [[[-46.6657095, -21.6665443], [-46.6657095, -21.6665443]]]}}, {"type": "Feature", "id": "osm/544614846", "properties": {"osm_id": 544614846, "name": "", "water_type": "lake", "natural": "water", "water": "lake", "waterway": "", "width": null, "depth": null, "area_km2": 0, "length_km": null}, "geometry": {"type": "Polygon", "coordinates": [[[-46.6527504, -21.6601242], [-46.6527504, -21.6601242]]]}}, {"type": "Feature", "id": "osm/544614848", "properties": {"osm_id": 544614848, "name": "", "water_type": "lake", "natural": "water", "water": "lake", "waterway": "", "width": null, "depth": null, "area_km2": 0.003, "length_km": null}, "geometry": {"type": "Polygon", "coordinates": [[[-46.6457981, -21.6543819], [-46.6457981, -21.6543819]]]}}, {"type": "Feature", "id": "osm/544614852", "properties": {"osm_id": 544614852, "name": "", "water_type": "lake", "natural": "water", "water": "lake", "waterway": "", "width": null, "depth": null, "area_km2": 0.002, "length_km": null}, "geometry": {"type": "Polygon", "coordinates": [[[-46.6397953, -21.6500167], [-46.6397953, -21.6500167]]]}}, {"type": "Feature", "id": "osm/544614854", "properties": {"osm_id": 544614854, "name": "", "water_type": "lake", "natural": "water", "water": "lake", "waterway": "", "width": null, "depth": null, "area_km2": 0.001, "length_km": null}, "geometry": {"type": "Polygon", "coordinates": [[[-46.6379339, -21.6490968], [-46.6379339, -21.6490968]]]}}, {"type": "Feature", "id": "osm/544614856", "properties": {"osm_id": 544614856, "name": "", "water_type": "lake", "natural": "water", "water": "lake", "waterway": "", "width": null, "depth": null, "area_km2": 0.002, "length_km": null}, "geometry": {"type": "Polygon", "coordinates": [[[-46.6336611, -21.6431583], [-46.6336611, -21.6431583]]]}}, {"type": "Feature", "id": "osm/544614857", "properties": {"osm_id": 544614857, "name": "", "water_type": "lake", "natural": "water", "water": "lake", "waterway": "", "width": null, "depth": null, "area_km2": 0, "length_km": null}, "geometry": {"type": "Polygon", "coordinates": [[[-46.6331897, -21.6392659], [-46.6331897, -21.6392659]]]}}, {"type": "Feature", "id": "osm/544614867", "properties": {"osm_id": 544614867, "name": "", "water_type": "lake", "natural": "water", "water": "lake", "waterway": "", "width": null, "depth": null, "area_km2": 0, "length_km": null}, "geometry": {"type": "Polygon", "coordinates": [[[-46.6375275, -21.6687778], [-46.6375275, -21.6687778]]]}}, {"type": "Feature", "id": "osm/544614894", "properties": {"osm_id": 544614894, "name": "", "water_type": "lake", "natural": "water", "water": "lake", "waterway": "", "width": null, "depth": null, "area_km2": 0, "length_km": null}, "geometry": {"type": "Polygon", "coordinates": [[[-46.6404431, -21.6611986], [-46.6404431, -21.6611986]]]}}, {"type": "Feature", "id": "osm/544614895", "properties": {"osm_id": 544614895, "name": "", "water_type": "lake", "natural": "water", "water": "lake", "waterway": "", "width": null, "depth": null, "area_km2": 0.001, "length_km": null}, "geometry": {"type": "Polygon", "coordinates": [[[-46.6415884, -21.6667836], [-46.6415884, -21.6667836]]]}}, {"type": "Feature", "id": "osm/544614898", "properties": {"osm_id": 544614898, "name": "", "water_type": "lake", "natural": "water", "water": "lake", "waterway": "", "width": null, "depth": null, "area_km2": 0.002, "length_km": null}, "geometry": {"type": "Polygon", "coordinates": [[[-46.639692, -21.6594611], [-46.639692, -21.6594611]]]}}, {"type": "Feature", "id": "osm/544614907", "properties": {"osm_id": 544614907, "name": "", "water_type": "lake", "natural": "water", "water": "lake", "waterway": "", "width": null, "depth": null, "area_km2": 0, "length_km": null}, "geometry": {"type": "Polygon", "coordinates": [[[-46.6322114, -21.6645638], [-46.6322114, -21.6645638]]]}}, {"type": "Feature", "id": "osm/544614909", "properties": {"osm_id": 544614909, "name": "", "water_type": "lake", "natural": "water", "water": "lake", "waterway": "", "width": null, "depth": null, "area_km2": 0, "length_km": null}, "geometry": {"type": "Polygon", "coordinates": [[[-46.632033, -21.6645115], [-46.632033, -21.6645115]]]}}, {"type": "Feature", "id": "osm/544614910", "properties": {"osm_id": 544614910, "name": "", "water_type": "lake", "natural": "water", "water": "lake", "waterway": "", "width": null, "depth": null, "area_km2": 0.003, "length_km": null}, "geometry": {"type": "Polygon", "coordinates": [[[-46.6474772, -21.6561942], [-46.6474772, -21.6561942]]]}}, {"type": "Feature", "id": "osm/544614915", "properties": {"osm_id": 544614915, "name": "", "water_type": "lake", "natural": "water", "water": "lake", "waterway": "", "width": null, "depth": null, "area_km2": 0, "length_km": null}, "geometry": {"type": "Polygon", "coordinates": [[[-46.6623259, -21.6675489], [-46.6623259, -21.6675489]]]}}, {"type": "Feature", "id": "osm/544665041", "properties": {"osm_id": 544665041, "name": "", "water_type": "pond", "natural": "water", "water": "pond", "waterway": "", "width": null, "depth": null, "area_km2": 0.004, "length_km": null}, "geometry": {"type": "Polygon", "coordinates": [[[-46.7753321, -22.0034982], [-46.7753321, -22.0034982]]]}}, {"type": "Feature", "id": "osm/544665042", "properties": {"osm_id": 544665042, "name": "", "water_type": "pond", "natural": "water", "water": "pond", "waterway": "", "width": null, "depth": null, "area_km2": 0.005, "length_km": null}, "geometry": {"type": "Polygon", "coordinates": [[[-46.7727952, -22.0057108], [-46.7727952, -22.0057108]]]}}, {"type": "Feature", "id": "osm/544665043", "properties": {"osm_id": 544665043, "name": "", "water_type": "pond", "natural": "water", "water": "pond", "waterway": "", "width": null, "depth": null, "area_km2": 0.002, "length_km": null}, "geometry": {"type": "Polygon", "coordinates": [[[-46.7712237, -22.0081026], [-46.7712237, -22.0081026]]]}}, {"type": "Feature", "id": "osm/545374005", "properties": {"osm_id": 545374005, "name": "", "water_type": "water", "natural": "water", "water": "", "waterway": "", "width": null, "depth": null, "area_km2": 0, "length_km": null}, "geometry": {"type": "Polygon", "coordinates": [[[-46.7155371, -21.9341101], [-46.7155371, -21.9341101]]]}}, {"type": "Feature", "id": "osm/546719339", "properties": {"osm_id": 546719339, "name": "", "water_type": "water", "natural": "water", "water": "Piscina_Pública_da_Praça_de_Esportes", "waterway": "", "width": null, "depth": null, "area_km2": 0, "length_km": null}, "geometry": {"type": "Polygon", "coordinates": [[[-46.244699, -21.7093277], [-46.2447796, -21.7094036], [-46.2446232, -21.7095676], [-46.2445409, -21.7094941], [-46.244699, -21.7093277]]]}}, {"type": "Feature", "id": "osm/546719340", "properties": {"osm_id": 546719340, "name": "", "water_type": "water", "natural": "water", "water": "Piscina_Pública_da_Praça_de_Esportes", "waterway": "", "width": null, "depth": null, "area_km2": 0, "length_km": null}, "geometry": {"type": "Polygon", "coordinates": [[[-46.2443876, -21.7095841], [-46.2443876, -21.7095841]]]}}, {"type": "Feature", "id": "osm/546719342", "properties": {"osm_id": 546719342, "name": "Lago da Praça de Esportes", "water_type": "lake", "natural": "water", "water": "lake", "waterway": "", "width": null, "depth": null, "area_km2": 0.001, "length_km": null}, "geometry": {"type": "Polygon", "coordinates": [[[-46.2451153, -21.7096935], [-46.2451153, -21.7096935]]]}}, {"type": "Feature", "id": "osm/546725631", "properties": {"osm_id": 546725631, "name": "", "water_type": "water", "natural": "water", "water": "", "waterway": "", "width": null, "depth": null, "area_km2": 0, "length_km": null}, "geometry": {"type": "Polygon", "coordinates": [[[-46.2444911, -21.7096232], [-46.2444911, -21.7096232]]]}}, {"type": "Feature", "id": "osm/547716286", "properties": {"osm_id": 547716286, "name": "", "water_type": "lake", "natural": "water", "water": "lake", "waterway": "", "width": null, "depth": null, "area_km2": 0.008, "length_km": null}, "geometry": {"type": "Polygon", "coordinates": [[[-46.9132599, -21.835585], [-46.9132599, -21.835585]]]}}, {"type": "Feature", "id": "osm/547716291", "properties": {"osm_id": 547716291, "name": "", "water_type": "lake", "natural": "water", "water": "lake", "waterway": "", "width": null, "depth": null, "area_km2": 0.002, "length_km": null}, "geometry": {"type": "Polygon", "coordinates": [[[-46.8767309, -21.8055627], [-46.8767309, -21.8055627]]]}}, {"type": "Feature", "id": "osm/547716292", "properties": {"osm_id": 547716292, "name": "", "water_type": "lake", "natural": "water", "water": "lake", "waterway": "", "width": null, "depth": null, "area_km2": 0.001, "length_km": null}, "geometry": {"type": "Polygon", "coordinates": [[[-46.8762642, -21.8055004], [-46.8762642, -21.8055004]]]}}, {"type": "Feature", "id": "osm/547716294", "properties": {"osm_id": 547716294, "name": "", "water_type": "lake", "natural": "water", "water": "lake", "waterway": "", "width": null, "depth": null, "area_km2": 0.002, "length_km": null}, "geometry": {"type": "Polygon", "coordinates": [[[-46.8757626, -21.8053535], [-46.8757626, -21.8053535]]]}}, {"type": "Feature", "id": "osm/547716300", "properties": {"osm_id": 547716300, "name": "", "water_type": "lake", "natural": "water", "water": "lake", "waterway": "", "width": null, "depth": null, "area_km2": 0.002, "length_km": null}, "geometry": {"type": "Polygon", "coordinates": [[[-46.8529156, -21.8267859], [-46.8529156, -21.8267859]]]}}, {"type": "Feature", "id": "osm/547716303", "properties": {"osm_id": 547716303, "name": "", "water_type": "lake", "natural": "water", "water": "lake", "waterway": "", "width": null, "depth": null, "area_km2": 0.003, "length_km": null}, "geometry": {"type": "Polygon", "coordinates": [[[-46.8536049, -21.829099], [-46.8536049, -21.829099]]]}}, {"type": "Feature", "id": "osm/547716306", "properties": {"osm_id": 547716306, "name": "", "water_type": "lake", "natural": "water", "water": "lake", "waterway": "", "width": null, "depth": null, "area_km2": 0.01, "length_km": null}, "geometry": {"type": "Polygon", "coordinates": [[[-46.8664822, -21.82143], [-46.8664822, -21.82143]]]}}, {"type": "Feature", "id": "osm/547716308", "properties": {"osm_id": 547716308, "name": "", "water_type": "lake", "natural": "water", "water": "lake", "waterway": "", "width": null, "depth": null, "area_km2": 0.003, "length_km": null}, "geometry": {"type": "Polygon", "coordinates": [[[-46.8668792, -21.8202845], [-46.8668792, -21.8202845]]]}}, {"type": "Feature", "id": "osm/547716311", "properties": {"osm_id": 547716311, "name": "", "water_type": "lake", "natural": "water", "water": "lake", "waterway": "", "width": null, "depth": null, "area_km2": 0.003, "length_km": null}, "geometry": {"type": "Polygon", "coordinates": [[[-46.8676436, -21.8191839], [-46.8676436, -21.8191839]]]}}, {"type": "Feature", "id": "osm/547716314", "properties": {"osm_id": 547716314, "name": "", "water_type": "lake", "natural": "water", "water": "lake", "waterway": "", "width": null, "depth": null, "area_km2": 0, "length_km": null}, "geometry": {"type": "Polygon", "coordinates": [[[-46.8722007, -21.8151226], [-46.8722007, -21.8151226]]]}}, {"type": "Feature", "id": "osm/547716316", "properties": {"osm_id": 547716316, "name": "", "water_type": "lake", "natural": "water", "water": "lake", "waterway": "", "width": null, "depth": null, "area_km2": 0.001, "length_km": null}, "geometry": {"type": "Polygon", "coordinates": [[[-46.8720773, -21.8150031], [-46.8720773, -21.8150031]]]}}, {"type": "Feature", "id": "osm/547716319", "properties": {"osm_id": 547716319, "name": "", "water_type": "lake", "natural": "water", "water": "lake", "waterway": "", "width": null, "depth": null, "area_km2": 0.002, "length_km": null}, "geometry": {"type": "Polygon", "coordinates": [[[-46.8720156, -21.8144129], [-46.8720156, -21.8144129]]]}}, {"type": "Feature", "id": "osm/547716321", "properties": {"osm_id": 547716321, "name": "", "water_type": "lake", "natural": "water", "water": "lake", "waterway": "", "width": null, "depth": null, "area_km2": 0.001, "length_km": null}, "geometry": {"type": "Polygon", "coordinates": [[[-46.872493, -21.8155061], [-46.872493, -21.8155061]]]}}, {"type": "Feature", "id": "osm/547716324", "properties": {"osm_id": 547716324, "name": "", "water_type": "lake", "natural": "water", "water": "lake", "waterway": "", "width": null, "depth": null, "area_km2": 0.004, "length_km": null}, "geometry": {"type": "Polygon", "coordinates": [[[-46.8730295, -21.8166092], [-46.8730295, -21.8166092]]]}}, {"type": "Feature", "id": "osm/547716327", "properties": {"osm_id": 547716327, "name": "", "water_type": "lake", "natural": "water", "water": "lake", "waterway": "", "width": null, "depth": null, "area_km2": 0.004, "length_km": null}, "geometry": {"type": "Polygon", "coordinates": [[[-46.8741104, -21.8166142], [-46.8741104, -21.8166142]]]}}, {"type": "Feature", "id": "osm/547716329", "properties": {"osm_id": 547716329, "name": "", "water_type": "lake", "natural": "water", "water": "lake", "waterway": "", "width": null, "depth": null, "area_km2": 0.001, "length_km": null}, "geometry": {"type": "Polygon", "coordinates": [[[-46.883993, -21.8097202], [-46.883993, -21.8097202]]]}}, {"type": "Feature", "id": "osm/547716332", "properties": {"osm_id": 547716332, "name": "", "water_type": "lake", "natural": "water", "water": "lake", "waterway": "", "width": null, "depth": null, "area_km2": 0.001, "length_km": null}, "geometry": {"type": "Polygon", "coordinates": [[[-46.8846703, -21.808988], [-46.8846703, -21.808988]]]}}, {"type": "Feature", "id": "osm/547716344", "properties": {"osm_id": 547716344, "name": "", "water_type": "lake", "natural": "water", "water": "lake", "waterway": "", "width": null, "depth": null, "area_km2": 0.001, "length_km": null}, "geometry": {"type": "Polygon", "coordinates": [[[-46.8803734, -21.8002333], [-46.8803734, -21.8002333]]]}}, {"type": "Feature", "id": "osm/547716346", "properties": {"osm_id": 547716346, "name": "", "water_type": "lake", "natural": "water", "water": "lake", "waterway": "", "width": null, "depth": null, "area_km2": 0.002, "length_km": null}, "geometry": {"type": "Polygon", "coordinates": [[[-46.8802553, -21.8054282], [-46.8802553, -21.8054282]]]}}, {"type": "Feature", "id": "osm/547716349", "properties": {"osm_id": 547716349, "name": "", "water_type": "lake", "natural": "water", "water": "lake", "waterway": "", "width": null, "depth": null, "area_km2": 0.001, "length_km": null}, "geometry": {"type": "Polygon", "coordinates": [[[-46.8859403, -21.8121332], [-46.8859403, -21.8121332]]]}}, {"type": "Feature", "id": "osm/547716352", "properties": {"osm_id": 547716352, "name": "", "water_type": "lake", "natural": "water", "water": "lake", "waterway": "", "width": null, "depth": null, "area_km2": 0.001, "length_km": null}, "geometry": {"type": "Polygon", "coordinates": [[[-46.8864352, -21.8139896], [-46.8864352, -21.8139896]]]}}, {"type": "Feature", "id": "osm/547716354", "properties": {"osm_id": 547716354, "name": "", "water_type": "lake", "natural": "water", "water": "lake", "waterway": "", "width": null, "depth": null, "area_km2": 0.001, "length_km": null}, "geometry": {"type": "Polygon", "coordinates": [[[-46.8880793, -21.8182726], [-46.8880793, -21.8182726]]]}}, {"type": "Feature", "id": "osm/547716379", "properties": {"osm_id": 547716379, "name": "", "water_type": "lake", "natural": "water", "water": "lake", "waterway": "", "width": null, "depth": null, "area_km2": 0.012, "length_km": null}, "geometry": {"type": "Polygon", "coordinates": [[[-46.9031882, -21.7973644], [-46.9031882, -21.7973644]]]}}, {"type": "Feature", "id": "osm/547716381", "properties": {"osm_id": 547716381, "name": "", "water_type": "lake", "natural": "water", "water": "lake", "waterway": "", "width": null, "depth": null, "area_km2": 0.016, "length_km": null}, "geometry": {"type": "Polygon", "coordinates": [[[-46.861378, -21.7836314], [-46.861378, -21.7836314]]]}}, {"type": "Feature", "id": "osm/547716384", "properties": {"osm_id": 547716384, "name": "", "water_type": "lake", "natural": "water", "water": "lake", "waterway": "", "width": null, "depth": null, "area_km2": 0.006, "length_km": null}, "geometry": {"type": "Polygon", "coordinates": [[[-46.8336868, -21.7619111], [-46.8336868, -21.7619111]]]}}, {"type": "Feature", "id": "osm/547716385", "properties": {"osm_id": 547716385, "name": "", "water_type": "lake", "natural": "water", "water": "lake", "waterway": "", "width": null, "depth": null, "area_km2": 0.013, "length_km": null}, "geometry": {"type": "Polygon", "coordinates": [[[-46.7895055, -21.8221869], [-46.7895055, -21.8221869]]]}}, {"type": "Feature", "id": "osm/547716386", "properties": {"osm_id": 547716386, "name": "", "water_type": "lake", "natural": "water", "water": "lake", "waterway": "", "width": null, "depth": null, "area_km2": 0.003, "length_km": null}, "geometry": {"type": "Polygon", "coordinates": [[[-46.8517891, -21.8652999], [-46.8517891, -21.8652999]]]}}, {"type": "Feature", "id": "osm/547716387", "properties": {"osm_id": 547716387, "name": "", "water_type": "lake", "natural": "water", "water": "lake", "waterway": "", "width": null, "depth": null, "area_km2": 0, "length_km": null}, "geometry": {"type": "Polygon", "coordinates": [[[-46.8698578, -21.8664624], [-46.8698578, -21.8664624]]]}}, {"type": "Feature", "id": "osm/547716388", "properties": {"osm_id": 547716388, "name": "", "water_type": "lake", "natural": "water", "water": "lake", "waterway": "", "width": null, "depth": null, "area_km2": 0, "length_km": null}, "geometry": {"type": "Polygon", "coordinates": [[[-46.8699677, -21.8664375], [-46.8699677, -21.8664375]]]}}, {"type": "Feature", "id": "osm/547716389", "properties": {"osm_id": 547716389, "name": "", "water_type": "lake", "natural": "water", "water": "lake", "waterway": "", "width": null, "depth": null, "area_km2": 0.002, "length_km": null}, "geometry": {"type": "Polygon", "coordinates": [[[-46.8693736, -21.8651879], [-46.8693736, -21.8651879]]]}}, {"type": "Feature", "id": "osm/547716390", "properties": {"osm_id": 547716390, "name": "", "water_type": "lake", "natural": "water", "water": "lake", "waterway": "", "width": null, "depth": null, "area_km2": 0.002, "length_km": null}, "geometry": {"type": "Polygon", "coordinates": [[[-46.8687889, -21.8652613], [-46.8687889, -21.8652613]]]}}, {"type": "Feature", "id": "osm/547716391", "properties": {"osm_id": 547716391, "name": "", "water_type": "lake", "natural": "water", "water": "lake", "waterway": "", "width": null, "depth": null, "area_km2": 0.001, "length_km": null}, "geometry": {"type": "Polygon", "coordinates": [[[-46.8761945, -21.8667984], [-46.8761945, -21.8667984]]]}}, {"type": "Feature", "id": "osm/547716392", "properties": {"osm_id": 547716392, "name": "", "water_type": "lake", "natural": "water", "water": "lake", "waterway": "", "width": null, "depth": null, "area_km2": 0.001, "length_km": null}, "geometry": {"type": "Polygon", "coordinates": [[[-46.876004, -21.866303], [-46.876004, -21.866303]]]}}, {"type": "Feature", "id": "osm/547716393", "properties": {"osm_id": 547716393, "name": "", "water_type": "lake", "natural": "water", "water": "lake", "waterway": "", "width": null, "depth": null, "area_km2": 0.001, "length_km": null}, "geometry": {"type": "Polygon", "coordinates": [[[-46.8729235, -21.8690698], [-46.8729235, -21.8690698]]]}}, {"type": "Feature", "id": "osm/547716394", "properties": {"osm_id": 547716394, "name": "", "water_type": "lake", "natural": "water", "water": "lake", "waterway": "", "width": null, "depth": null, "area_km2": 0.001, "length_km": null}, "geometry": {"type": "Polygon", "coordinates": [[[-46.8740876, -21.8689267], [-46.8740876, -21.8689267]]]}}, {"type": "Feature", "id": "osm/547716395", "properties": {"osm_id": 547716395, "name": "", "water_type": "lake", "natural": "water", "water": "lake", "waterway": "", "width": null, "depth": null, "area_km2": 0.001, "length_km": null}, "geometry": {"type": "Polygon", "coordinates": [[[-46.8738033, -21.8690611], [-46.8738033, -21.8690611]]]}}, {"type": "Feature", "id": "osm/547716396", "properties": {"osm_id": 547716396, "name": "", "water_type": "lake", "natural": "water", "water": "lake", "waterway": "", "width": null, "depth": null, "area_km2": 0.002, "length_km": null}, "geometry": {"type": "Polygon", "coordinates": [[[-46.8705833, -21.8667511], [-46.8705833, -21.8667511]]]}}, {"type": "Feature", "id": "osm/547716398", "properties": {"osm_id": 547716398, "name": "", "water_type": "lake", "natural": "water", "water": "lake", "waterway": "", "width": null, "depth": null, "area_km2": 0.003, "length_km": null}, "geometry": {"type": "Polygon", "coordinates": [[[-46.9707155, -21.8714134], [-46.9707155, -21.8714134]]]}}, {"type": "Feature", "id": "osm/547716399", "properties": {"osm_id": 547716399, "name": "", "water_type": "lake", "natural": "water", "water": "lake", "waterway": "", "width": null, "depth": null, "area_km2": 0.014, "length_km": null}, "geometry": {"type": "Polygon", "coordinates": [[[-46.9712842, -21.881626], [-46.9712842, -21.881626]]]}}, {"type": "Feature", "id": "osm/547716400", "properties": {"osm_id": 547716400, "name": "", "water_type": "lake", "natural": "water", "water": "lake", "waterway": "", "width": null, "depth": null, "area_km2": 0.001, "length_km": null}, "geometry": {"type": "Polygon", "coordinates": [[[-46.9754496, -21.9549546], [-46.9754496, -21.9549546]]]}}, {"type": "Feature", "id": "osm/547716401", "properties": {"osm_id": 547716401, "name": "", "water_type": "lake", "natural": "water", "water": "lake", "waterway": "", "width": null, "depth": null, "area_km2": 0, "length_km": null}, "geometry": {"type": "Polygon", "coordinates": [[[-46.9752833, -21.9547282], [-46.9752833, -21.9547282]]]}}, {"type": "Feature", "id": "osm/547716402", "properties": {"osm_id": 547716402, "name": "", "water_type": "lake", "natural": "water", "water": "lake", "waterway": "", "width": null, "depth": null, "area_km2": 0.001, "length_km": null}, "geometry": {"type": "Polygon", "coordinates": [[[-46.9744411, -21.9544994], [-46.9744411, -21.9544994]]]}}, {"type": "Feature", "id": "osm/547716403", "properties": {"osm_id": 547716403, "name": "", "water_type": "lake", "natural": "water", "water": "lake", "waterway": "", "width": null, "depth": null, "area_km2": 0.002, "length_km": null}, "geometry": {"type": "Polygon", "coordinates": [[[-46.9750634, -21.9546337], [-46.9750634, -21.9546337]]]}}, {"type": "Feature", "id": "osm/547716404", "properties": {"osm_id": 547716404, "name": "", "water_type": "lake", "natural": "water", "water": "lake", "waterway": "", "width": null, "depth": null, "area_km2": 0.029, "length_km": null}, "geometry": {"type": "Polygon", "coordinates": [[[-46.9654799, -21.8689814], [-46.9654799, -21.8689814]]]}}, {"type": "Feature", "id": "osm/547716405", "properties": {"osm_id": 547716405, "name": "", "water_type": "lake", "natural": "water", "water": "lake", "waterway": "", "width": null, "depth": null, "area_km2": 0.019, "length_km": null}, "geometry": {"type": "Polygon", "coordinates": [[[-46.9884074, -21.8295572], [-46.9884074, -21.8295572]]]}}, {"type": "Feature", "id": "osm/547716406", "properties": {"osm_id": 547716406, "name": "", "water_type": "lake", "natural": "water", "water": "lake", "waterway": "", "width": null, "depth": null, "area_km2": 0.007, "length_km": null}, "geometry": {"type": "Polygon", "coordinates": [[[-46.9750017, -21.81261], [-46.9750017, -21.81261]]]}}, {"type": "Feature", "id": "osm/547716407", "properties": {"osm_id": 547716407, "name": "", "water_type": "lake", "natural": "water", "water": "lake", "waterway": "", "width": null, "depth": null, "area_km2": 0.013, "length_km": null}, "geometry": {"type": "Polygon", "coordinates": [[[-46.9736821, -21.8121917], [-46.9736821, -21.8121917]]]}}, {"type": "Feature", "id": "osm/547716408", "properties": {"osm_id": 547716408, "name": "", "water_type": "lake", "natural": "water", "water": "lake", "waterway": "", "width": null, "depth": null, "area_km2": 0.023, "length_km": null}, "geometry": {"type": "Polygon", "coordinates": [[[-46.9737411, -21.8107673], [-46.9737411, -21.8107673]]]}}, {"type": "Feature", "id": "osm/547716409", "properties": {"osm_id": 547716409, "name": "", "water_type": "lake", "natural": "water", "water": "lake", "waterway": "", "width": null, "depth": null, "area_km2": 0.002, "length_km": null}, "geometry": {"type": "Polygon", "coordinates": [[[-46.928798, -21.8150255], [-46.928798, -21.8150255]]]}}, {"type": "Feature", "id": "osm/547716410", "properties": {"osm_id": 547716410, "name": "", "water_type": "lake", "natural": "water", "water": "lake", "waterway": "", "width": null, "depth": null, "area_km2": 0.003, "length_km": null}, "geometry": {"type": "Polygon", "coordinates": [[[-46.9297394, -21.8149209], [-46.9297394, -21.8149209]]]}}, {"type": "Feature", "id": "osm/547716411", "properties": {"osm_id": 547716411, "name": "", "water_type": "lake", "natural": "water", "water": "lake", "waterway": "", "width": null, "depth": null, "area_km2": 0.002, "length_km": null}, "geometry": {"type": "Polygon", "coordinates": [[[-46.9292486, -21.8146146], [-46.9292486, -21.8146146]]]}}, {"type": "Feature", "id": "osm/547716412", "properties": {"osm_id": 547716412, "name": "", "water_type": "lake", "natural": "water", "water": "lake", "waterway": "", "width": null, "depth": null, "area_km2": 0.002, "length_km": null}, "geometry": {"type": "Polygon", "coordinates": [[[-46.9298708, -21.8144453], [-46.9298011, -21.8147864], [-46.9293854, -21.8147964], [-46.9293317, -21.8145474], [-46.9298708, -21.8144453]]]}}, {"type": "Feature", "id": "osm/547716414", "properties": {"osm_id": 547716414, "name": "", "water_type": "lake", "natural": "water", "water": "lake", "waterway": "", "width": null, "depth": null, "area_km2": 0.001, "length_km": null}, "geometry": {"type": "Polygon", "coordinates": [[[-46.919838, -21.8142162], [-46.919838, -21.8142162]]]}}, {"type": "Feature", "id": "osm/547716416", "properties": {"osm_id": 547716416, "name": "", "water_type": "lake", "natural": "water", "water": "lake", "waterway": "", "width": null, "depth": null, "area_km2": 0, "length_km": null}, "geometry": {"type": "Polygon", "coordinates": [[[-46.919948, -21.8125204], [-46.919948, -21.8125204]]]}}, {"type": "Feature", "id": "osm/547716417", "properties": {"osm_id": 547716417, "name": "", "water_type": "lake", "natural": "water", "water": "lake", "waterway": "", "width": null, "depth": null, "area_km2": 0.001, "length_km": null}, "geometry": {"type": "Polygon", "coordinates": [[[-46.9174066, -21.8079446], [-46.9174066, -21.8079446]]]}}, {"type": "Feature", "id": "osm/547716418", "properties": {"osm_id": 547716418, "name": "", "water_type": "lake", "natural": "water", "water": "lake", "waterway": "", "width": null, "depth": null, "area_km2": 0, "length_km": null}, "geometry": {"type": "Polygon", "coordinates": [[[-46.9148478, -21.807342], [-46.9148478, -21.807342]]]}}, {"type": "Feature", "id": "osm/547716419", "properties": {"osm_id": 547716419, "name": "", "water_type": "lake", "natural": "water", "water": "lake", "waterway": "", "width": null, "depth": null, "area_km2": 0.001, "length_km": null}, "geometry": {"type": "Polygon", "coordinates": [[[-46.9140673, -21.806748], [-46.9140673, -21.806748]]]}}, {"type": "Feature", "id": "osm/547716420", "properties": {"osm_id": 547716420, "name": "", "water_type": "lake", "natural": "water", "water": "lake", "waterway": "", "width": null, "depth": null, "area_km2": 0.001, "length_km": null}, "geometry": {"type": "Polygon", "coordinates": [[[-46.9141424, -21.8067829], [-46.9141424, -21.8067829]]]}}, {"type": "Feature", "id": "osm/547716421", "properties": {"osm_id": 547716421, "name": "", "water_type": "lake", "natural": "water", "water": "lake", "waterway": "", "width": null, "depth": null, "area_km2": 0.003, "length_km": null}, "geometry": {"type": "Polygon", "coordinates": [[[-46.913048, -21.8057843], [-46.913048, -21.8057843]]]}}, {"type": "Feature", "id": "osm/547716422", "properties": {"osm_id": 547716422, "name": "", "water_type": "lake", "natural": "water", "water": "lake", "waterway": "", "width": null, "depth": null, "area_km2": 0.002, "length_km": null}, "geometry": {"type": "Polygon", "coordinates": [[[-46.9132277, -21.8057644], [-46.9132277, -21.8057644]]]}}, {"type": "Feature", "id": "osm/547716423", "properties": {"osm_id": 547716423, "name": "", "water_type": "lake", "natural": "water", "water": "lake", "waterway": "", "width": null, "depth": null, "area_km2": 0.006, "length_km": null}, "geometry": {"type": "Polygon", "coordinates": [[[-46.9105536, -21.8037622], [-46.9105536, -21.8037622]]]}}, {"type": "Feature", "id": "osm/547716424", "properties": {"osm_id": 547716424, "name": "", "water_type": "lake", "natural": "water", "water": "lake", "waterway": "", "width": null, "depth": null, "area_km2": 0.006, "length_km": null}, "geometry": {"type": "Polygon", "coordinates": [[[-46.9114065, -21.8041108], [-46.9114065, -21.8041108]]]}}, {"type": "Feature", "id": "osm/547716425", "properties": {"osm_id": 547716425, "name": "", "water_type": "lake", "natural": "water", "water": "lake", "waterway": "", "width": null, "depth": null, "area_km2": 0.005, "length_km": null}, "geometry": {"type": "Polygon", "coordinates": [[[-46.8958497, -21.8125005], [-46.8958497, -21.8125005]]]}}, {"type": "Feature", "id": "osm/547716428", "properties": {"osm_id": 547716428, "name": "", "water_type": "lake", "natural": "water", "water": "lake", "waterway": "", "width": null, "depth": null, "area_km2": 0.002, "length_km": null}, "geometry": {"type": "Polygon", "coordinates": [[[-46.9074878, -21.8190594], [-46.9074878, -21.8190594]]]}}, {"type": "Feature", "id": "osm/547716429", "properties": {"osm_id": 547716429, "name": "", "water_type": "lake", "natural": "water", "water": "lake", "waterway": "", "width": null, "depth": null, "area_km2": 0.003, "length_km": null}, "geometry": {"type": "Polygon", "coordinates": [[[-46.9120315, -21.8175704], [-46.9120315, -21.8175704]]]}}, {"type": "Feature", "id": "osm/547716430", "properties": {"osm_id": 547716430, "name": "", "water_type": "lake", "natural": "water", "water": "lake", "waterway": "", "width": null, "depth": null, "area_km2": 0.001, "length_km": null}, "geometry": {"type": "Polygon", "coordinates": [[[-46.9145232, -21.8177721], [-46.9145232, -21.8177721]]]}}, {"type": "Feature", "id": "osm/547716431", "properties": {"osm_id": 547716431, "name": "", "water_type": "lake", "natural": "water", "water": "lake", "waterway": "", "width": null, "depth": null, "area_km2": 0.006, "length_km": null}, "geometry": {"type": "Polygon", "coordinates": [[[-46.9163445, -21.8189648], [-46.9163445, -21.8189648]]]}}, {"type": "Feature", "id": "osm/547716433", "properties": {"osm_id": 547716433, "name": "", "water_type": "lake", "natural": "water", "water": "lake", "waterway": "", "width": null, "depth": null, "area_km2": 0.002, "length_km": null}, "geometry": {"type": "Polygon", "coordinates": [[[-46.9560733, -21.8191092], [-46.9560733, -21.8191092]]]}}, {"type": "Feature", "id": "osm/547716434", "properties": {"osm_id": 547716434, "name": "", "water_type": "lake", "natural": "water", "water": "lake", "waterway": "", "width": null, "depth": null, "area_km2": 0.005, "length_km": null}, "geometry": {"type": "Polygon", "coordinates": [[[-46.9556925, -21.8184145], [-46.9556925, -21.8184145]]]}}, {"type": "Feature", "id": "osm/547716435", "properties": {"osm_id": 547716435, "name": "", "water_type": "lake", "natural": "water", "water": "lake", "waterway": "", "width": null, "depth": null, "area_km2": 0.001, "length_km": null}, "geometry": {"type": "Polygon", "coordinates": [[[-46.959697, -21.8158149], [-46.959697, -21.8158149]]]}}, {"type": "Feature", "id": "osm/547716436", "properties": {"osm_id": 547716436, "name": "", "water_type": "lake", "natural": "water", "water": "lake", "waterway": "", "width": null, "depth": null, "area_km2": 0.003, "length_km": null}, "geometry": {"type": "Polygon", "coordinates": [[[-46.9604293, -21.8159568], [-46.9604293, -21.8159568]]]}}, {"type": "Feature", "id": "osm/547716437", "properties": {"osm_id": 547716437, "name": "", "water_type": "lake", "natural": "water", "water": "lake", "waterway": "", "width": null, "depth": null, "area_km2": 0.002, "length_km": null}, "geometry": {"type": "Polygon", "coordinates": [[[-46.9607055, -21.8155384], [-46.9607055, -21.8155384]]]}}, {"type": "Feature", "id": "osm/547716438", "properties": {"osm_id": 547716438, "name": "", "water_type": "reservoir", "natural": "water", "water": "reservoir", "waterway": "", "width": null, "depth": null, "area_km2": 0.038, "length_km": null}, "geometry": {"type": "Polygon", "coordinates": [[[-46.9628703, -21.8180685], [-46.9628703, -21.8180685]]]}}, {"type": "Feature", "id": "osm/547716444", "properties": {"osm_id": 547716444, "name": "", "water_type": "reservoir", "natural": "water", "water": "reservoir", "waterway": "", "width": null, "depth": null, "area_km2": 0.085, "length_km": null}, "geometry": {"type": "Polygon", "coordinates": [[[-46.9609394, -21.8273103], [-46.9609394, -21.8273103]]]}}, {"type": "Feature", "id": "osm/547716445", "properties": {"osm_id": 547716445, "name": "", "water_type": "lake", "natural": "water", "water": "lake", "waterway": "", "width": null, "depth": null, "area_km2": 0.032, "length_km": null}, "geometry": {"type": "Polygon", "coordinates": [[[-46.9612581, -21.8278092], [-46.9612581, -21.8278092]]]}}, {"type": "Feature", "id": "osm/547716446", "properties": {"osm_id": 547716446, "name": "", "water_type": "lake", "natural": "water", "water": "lake", "waterway": "", "width": null, "depth": null, "area_km2": 0.059, "length_km": null}, "geometry": {"type": "Polygon", "coordinates": [[[-46.9614374, -21.831957], [-46.9614374, -21.831957]]]}}, {"type": "Feature", "id": "osm/547716449", "properties": {"osm_id": 547716449, "name": "", "water_type": "lake", "natural": "water", "water": "lake", "waterway": "", "width": null, "depth": null, "area_km2": 0.032, "length_km": null}, "geometry": {"type": "Polygon", "coordinates": [[[-46.9587314, -21.8457554], [-46.9587314, -21.8457554]]]}}, {"type": "Feature", "id": "osm/547716454", "properties": {"osm_id": 547716454, "name": "", "water_type": "lake", "natural": "water", "water": "lake", "waterway": "", "width": null, "depth": null, "area_km2": 0.004, "length_km": null}, "geometry": {"type": "Polygon", "coordinates": [[[-46.8989611, -21.8706865], [-46.8989611, -21.8706865]]]}}, {"type": "Feature", "id": "osm/547716457", "properties": {"osm_id": 547716457, "name": "", "water_type": "lake", "natural": "water", "water": "lake", "waterway": "", "width": null, "depth": null, "area_km2": 0.003, "length_km": null}, "geometry": {"type": "Polygon", "coordinates": [[[-46.9001386, -21.8698278], [-46.9001386, -21.8698278]]]}}, {"type": "Feature", "id": "osm/547716459", "properties": {"osm_id": 547716459, "name": "", "water_type": "lake", "natural": "water", "water": "lake", "waterway": "", "width": null, "depth": null, "area_km2": 0.004, "length_km": null}, "geometry": {"type": "Polygon", "coordinates": [[[-46.9005114, -21.869661], [-46.9005114, -21.869661]]]}}, {"type": "Feature", "id": "osm/547716464", "properties": {"osm_id": 547716464, "name": "", "water_type": "lake", "natural": "water", "water": "lake", "waterway": "", "width": null, "depth": null, "area_km2": 0.014, "length_km": null}, "geometry": {"type": "Polygon", "coordinates": [[[-46.8732695, -21.8547886], [-46.8732695, -21.8547886]]]}}, {"type": "Feature", "id": "osm/547716465", "properties": {"osm_id": 547716465, "name": "", "water_type": "lake", "natural": "water", "water": "lake", "waterway": "", "width": null, "depth": null, "area_km2": 0.003, "length_km": null}, "geometry": {"type": "Polygon", "coordinates": [[[-46.862585, -21.8537966], [-46.862585, -21.8537966]]]}}, {"type": "Feature", "id": "osm/547716466", "properties": {"osm_id": 547716466, "name": "", "water_type": "lake", "natural": "water", "water": "lake", "waterway": "", "width": null, "depth": null, "area_km2": 0.003, "length_km": null}, "geometry": {"type": "Polygon", "coordinates": [[[-46.8606538, -21.8511428], [-46.8606538, -21.8511428]]]}}, {"type": "Feature", "id": "osm/547716467", "properties": {"osm_id": 547716467, "name": "", "water_type": "lake", "natural": "water", "water": "lake", "waterway": "", "width": null, "depth": null, "area_km2": 0.013, "length_km": null}, "geometry": {"type": "Polygon", "coordinates": [[[-46.8626976, -21.8519046], [-46.8626976, -21.8519046]]]}}, {"type": "Feature", "id": "osm/547716469", "properties": {"osm_id": 547716469, "name": "", "water_type": "lake", "natural": "water", "water": "lake", "waterway": "", "width": null, "depth": null, "area_km2": 0.051, "length_km": null}, "geometry": {"type": "Polygon", "coordinates": [[[-46.9224572, -21.8820939], [-46.9224572, -21.8820939]]]}}, {"type": "Feature", "id": "osm/547716470", "properties": {"osm_id": 547716470, "name": "", "water_type": "lake", "natural": "water", "water": "lake", "waterway": "", "width": null, "depth": null, "area_km2": 0.031, "length_km": null}, "geometry": {"type": "Polygon", "coordinates": [[[-46.9424021, -21.864003], [-46.9424021, -21.864003]]]}}, {"type": "Feature", "id": "osm/547716472", "properties": {"osm_id": 547716472, "name": "", "water_type": "lake", "natural": "water", "water": "lake", "waterway": "", "width": null, "depth": null, "area_km2": 0.037, "length_km": null}, "geometry": {"type": "Polygon", "coordinates": [[[-46.9614458, -21.8653024], [-46.9614458, -21.8653024]]]}}, {"type": "Feature", "id": "osm/547716473", "properties": {"osm_id": 547716473, "name": "", "water_type": "lake", "natural": "water", "water": "lake", "waterway": "", "width": null, "depth": null, "area_km2": 0.096, "length_km": null}, "geometry": {"type": "Polygon", "coordinates": [[[-46.9466722, -21.8530398], [-46.9466722, -21.8530398]]]}}, {"type": "Feature", "id": "osm/547716474", "properties": {"osm_id": 547716474, "name": "", "water_type": "lake", "natural": "water", "water": "lake", "waterway": "", "width": null, "depth": null, "area_km2": 0.039, "length_km": null}, "geometry": {"type": "Polygon", "coordinates": [[[-46.9467795, -21.8511527], [-46.9467795, -21.8511527]]]}}, {"type": "Feature", "id": "osm/547716477", "properties": {"osm_id": 547716477, "name": "", "water_type": "lake", "natural": "water", "water": "lake", "waterway": "", "width": null, "depth": null, "area_km2": 0.015, "length_km": null}, "geometry": {"type": "Polygon", "coordinates": [[[-46.9677919, -21.9674945], [-46.9677919, -21.9674945]]]}}, {"type": "Feature", "id": "osm/547716478", "properties": {"osm_id": 547716478, "name": "", "water_type": "lake", "natural": "water", "water": "lake", "waterway": "", "width": null, "depth": null, "area_km2": 0.041, "length_km": null}, "geometry": {"type": "Polygon", "coordinates": [[[-46.9839603, -21.9100422], [-46.9839603, -21.9100422]]]}}, {"type": "Feature", "id": "osm/547716479", "properties": {"osm_id": 547716479, "name": "", "water_type": "lake", "natural": "water", "water": "lake", "waterway": "", "width": null, "depth": null, "area_km2": 0.098, "length_km": null}, "geometry": {"type": "Polygon", "coordinates": [[[-46.8951631, -21.8954291], [-46.8951631, -21.8954291]]]}}, {"type": "Feature", "id": "osm/547716480", "properties": {"osm_id": 547716480, "name": "", "water_type": "lake", "natural": "water", "water": "lake", "waterway": "", "width": null, "depth": null, "area_km2": 0.011, "length_km": null}, "geometry": {"type": "Polygon", "coordinates": [[[-46.8880498, -21.8822134], [-46.8880498, -21.8822134]]]}}, {"type": "Feature", "id": "osm/547716481", "properties": {"osm_id": 547716481, "name": "", "water_type": "lake", "natural": "water", "water": "lake", "waterway": "", "width": null, "depth": null, "area_km2": 0.004, "length_km": null}, "geometry": {"type": "Polygon", "coordinates": [[[-46.8898684, -21.8809067], [-46.8898684, -21.8809067]]]}}, {"type": "Feature", "id": "osm/547716483", "properties": {"osm_id": 547716483, "name": "", "water_type": "lake", "natural": "water", "water": "lake", "waterway": "", "width": null, "depth": null, "area_km2": 0.009, "length_km": null}, "geometry": {"type": "Polygon", "coordinates": [[[-46.8926552, -21.8807449], [-46.8926552, -21.8807449]]]}}, {"type": "Feature", "id": "osm/547716484", "properties": {"osm_id": 547716484, "name": "", "water_type": "lake", "natural": "water", "water": "lake", "waterway": "", "width": null, "depth": null, "area_km2": 0.004, "length_km": null}, "geometry": {"type": "Polygon", "coordinates": [[[-46.8931943, -21.8804686], [-46.8931943, -21.8804686]]]}}, {"type": "Feature", "id": "osm/547716485", "properties": {"osm_id": 547716485, "name": "", "water_type": "lake", "natural": "water", "water": "lake", "waterway": "", "width": null, "depth": null, "area_km2": 0.008, "length_km": null}, "geometry": {"type": "Polygon", "coordinates": [[[-46.8966275, -21.8725932], [-46.8966275, -21.8725932]]]}}, {"type": "Feature", "id": "osm/547716486", "properties": {"osm_id": 547716486, "name": "", "water_type": "lake", "natural": "water", "water": "lake", "waterway": "", "width": null, "depth": null, "area_km2": 0.005, "length_km": null}, "geometry": {"type": "Polygon", "coordinates": [[[-46.8880901, -21.8704301], [-46.8880901, -21.8704301]]]}}, {"type": "Feature", "id": "osm/547716487", "properties": {"osm_id": 547716487, "name": "", "water_type": "lake", "natural": "water", "water": "lake", "waterway": "", "width": null, "depth": null, "area_km2": 0.005, "length_km": null}, "geometry": {"type": "Polygon", "coordinates": [[[-46.8790497, -21.8751607], [-46.8790497, -21.8751607]]]}}, {"type": "Feature", "id": "osm/547716488", "properties": {"osm_id": 547716488, "name": "", "water_type": "lake", "natural": "water", "water": "lake", "waterway": "", "width": null, "depth": null, "area_km2": 0, "length_km": null}, "geometry": {"type": "Polygon", "coordinates": [[[-46.8693173, -21.8762323], [-46.8693173, -21.8762323]]]}}, {"type": "Feature", "id": "osm/547716489", "properties": {"osm_id": 547716489, "name": "", "water_type": "lake", "natural": "water", "water": "lake", "waterway": "", "width": null, "depth": null, "area_km2": 0.001, "length_km": null}, "geometry": {"type": "Polygon", "coordinates": [[[-46.8694299, -21.8765621], [-46.8694299, -21.8765621]]]}}, {"type": "Feature", "id": "osm/547716490", "properties": {"osm_id": 547716490, "name": "", "water_type": "lake", "natural": "water", "water": "lake", "waterway": "", "width": null, "depth": null, "area_km2": 0.001, "length_km": null}, "geometry": {"type": "Polygon", "coordinates": [[[-46.8696539, -21.8773125], [-46.8696539, -21.8773125]]]}}, {"type": "Feature", "id": "osm/547716491", "properties": {"osm_id": 547716491, "name": "", "water_type": "lake", "natural": "water", "water": "lake", "waterway": "", "width": null, "depth": null, "area_km2": 0.001, "length_km": null}, "geometry": {"type": "Polygon", "coordinates": [[[-46.8735713, -21.8766081], [-46.8735713, -21.8766081]]]}}, {"type": "Feature", "id": "osm/547716492", "properties": {"osm_id": 547716492, "name": "", "water_type": "lake", "natural": "water", "water": "lake", "waterway": "", "width": null, "depth": null, "area_km2": 0.004, "length_km": null}, "geometry": {"type": "Polygon", "coordinates": [[[-46.8742566, -21.8764301], [-46.8742566, -21.8764301]]]}}, {"type": "Feature", "id": "osm/547716493", "properties": {"osm_id": 547716493, "name": "", "water_type": "lake", "natural": "water", "water": "lake", "waterway": "", "width": null, "depth": null, "area_km2": 0.006, "length_km": null}, "geometry": {"type": "Polygon", "coordinates": [[[-46.8752772, -21.876287], [-46.8752772, -21.876287]]]}}, {"type": "Feature", "id": "osm/547716494", "properties": {"osm_id": 547716494, "name": "", "water_type": "lake", "natural": "water", "water": "lake", "waterway": "", "width": null, "depth": null, "area_km2": 0.005, "length_km": null}, "geometry": {"type": "Polygon", "coordinates": [[[-46.8639046, -21.8828281], [-46.8639046, -21.8828281]]]}}, {"type": "Feature", "id": "osm/547716495", "properties": {"osm_id": 547716495, "name": "", "water_type": "lake", "natural": "water", "water": "lake", "waterway": "", "width": null, "depth": null, "area_km2": 0.018, "length_km": null}, "geometry": {"type": "Polygon", "coordinates": [[[-46.8514645, -21.8791619], [-46.8514645, -21.8791619]]]}}, {"type": "Feature", "id": "osm/547716496", "properties": {"osm_id": 547716496, "name": "", "water_type": "lake", "natural": "water", "water": "lake", "waterway": "", "width": null, "depth": null, "area_km2": 0.009, "length_km": null}, "geometry": {"type": "Polygon", "coordinates": [[[-46.8479025, -21.8755851], [-46.8479025, -21.8755851]]]}}, {"type": "Feature", "id": "osm/547716497", "properties": {"osm_id": 547716497, "name": "", "water_type": "lake", "natural": "water", "water": "lake", "waterway": "", "width": null, "depth": null, "area_km2": 0.009, "length_km": null}, "geometry": {"type": "Polygon", "coordinates": [[[-46.8421626, -21.8530796], [-46.8421626, -21.8530796]]]}}, {"type": "Feature", "id": "osm/547716498", "properties": {"osm_id": 547716498, "name": "", "water_type": "lake", "natural": "water", "water": "lake", "waterway": "", "width": null, "depth": null, "area_km2": 0.025, "length_km": null}, "geometry": {"type": "Polygon", "coordinates": [[[-46.8421036, -21.8534182], [-46.8421036, -21.8534182]]]}}, {"type": "Feature", "id": "osm/547716499", "properties": {"osm_id": 547716499, "name": "", "water_type": "lake", "natural": "water", "water": "lake", "waterway": "", "width": null, "depth": null, "area_km2": 0.02, "length_km": null}, "geometry": {"type": "Polygon", "coordinates": [[[-46.8439651, -21.852639], [-46.8439651, -21.852639]]]}}, {"type": "Feature", "id": "osm/547716500", "properties": {"osm_id": 547716500, "name": "", "water_type": "lake", "natural": "water", "water": "lake", "waterway": "", "width": null, "depth": null, "area_km2": 0.001, "length_km": null}, "geometry": {"type": "Polygon", "coordinates": [[[-46.8392578, -21.8086606], [-46.8392578, -21.8086606]]]}}, {"type": "Feature", "id": "osm/547716501", "properties": {"osm_id": 547716501, "name": "", "water_type": "lake", "natural": "water", "water": "lake", "waterway": "", "width": null, "depth": null, "area_km2": 0.004, "length_km": null}, "geometry": {"type": "Polygon", "coordinates": [[[-46.8398854, -21.8098957], [-46.8398854, -21.8098957]]]}}, {"type": "Feature", "id": "osm/547716502", "properties": {"osm_id": 547716502, "name": "", "water_type": "lake", "natural": "water", "water": "lake", "waterway": "", "width": null, "depth": null, "area_km2": 0.001, "length_km": null}, "geometry": {"type": "Polygon", "coordinates": [[[-46.845042, -21.8002084], [-46.845042, -21.8002084]]]}}, {"type": "Feature", "id": "osm/547716503", "properties": {"osm_id": 547716503, "name": "", "water_type": "lake", "natural": "water", "water": "lake", "waterway": "", "width": null, "depth": null, "area_km2": 0.014, "length_km": null}, "geometry": {"type": "Polygon", "coordinates": [[[-46.8535432, -21.7875368], [-46.8535432, -21.7875368]]]}}, {"type": "Feature", "id": "osm/547716504", "properties": {"osm_id": 547716504, "name": "", "water_type": "lake", "natural": "water", "water": "lake", "waterway": "", "width": null, "depth": null, "area_km2": 0.02, "length_km": null}, "geometry": {"type": "Polygon", "coordinates": [[[-46.854203, -21.7839502], [-46.854203, -21.7839502]]]}}, {"type": "Feature", "id": "osm/547716505", "properties": {"osm_id": 547716505, "name": "", "water_type": "lake", "natural": "water", "water": "lake", "waterway": "", "width": null, "depth": null, "area_km2": 0.032, "length_km": null}, "geometry": {"type": "Polygon", "coordinates": [[[-46.853267, -21.7784458], [-46.853267, -21.7784458]]]}}, {"type": "Feature", "id": "osm/547716506", "properties": {"osm_id": 547716506, "name": "", "water_type": "lake", "natural": "water", "water": "lake", "waterway": "", "width": null, "depth": null, "area_km2": 0.004, "length_km": null}, "geometry": {"type": "Polygon", "coordinates": [[[-46.8646342, -21.8156331], [-46.8646342, -21.8156331]]]}}, {"type": "Feature", "id": "osm/547716507", "properties": {"osm_id": 547716507, "name": "", "water_type": "lake", "natural": "water", "water": "lake", "waterway": "", "width": null, "depth": null, "area_km2": 0.005, "length_km": null}, "geometry": {"type": "Polygon", "coordinates": [[[-46.8654174, -21.8162207], [-46.8654174, -21.8162207]]]}}, {"type": "Feature", "id": "osm/552715188", "properties": {"osm_id": 552715188, "name": "", "water_type": "pond", "natural": "water", "water": "pond", "waterway": "", "width": null, "depth": null, "area_km2": 0.011, "length_km": null}, "geometry": {"type": "Polygon", "coordinates": [[[-46.7349386, -22.2034978], [-46.7349386, -22.2034978]]]}}, {"type": "Feature", "id": "osm/552715193", "properties": {"osm_id": 552715193, "name": "", "water_type": "pond", "natural": "water", "water": "pond", "waterway": "", "width": null, "depth": null, "area_km2": 0.005, "length_km": null}, "geometry": {"type": "Polygon", "coordinates": [[[-46.7379427, -22.206001], [-46.7379427, -22.206001]]]}}, {"type": "Feature", "id": "osm/552715194", "properties": {"osm_id": 552715194, "name": "", "water_type": "pond", "natural": "water", "water": "pond", "waterway": "", "width": null, "depth": null, "area_km2": 0.03, "length_km": null}, "geometry": {"type": "Polygon", "coordinates": [[[-46.7418212, -22.2094626], [-46.7418212, -22.2094626]]]}}, {"type": "Feature", "id": "osm/553160408", "properties": {"osm_id": 553160408, "name": "", "water_type": "lake", "natural": "water", "water": "lake", "waterway": "", "width": null, "depth": null, "area_km2": 0.008, "length_km": null}, "geometry": {"type": "Polygon", "coordinates": [[[-46.7638689, -22.1918034], [-46.7638689, -22.1918034]]]}}, {"type": "Feature", "id": "osm/553160430", "properties": {"osm_id": 553160430, "name": "", "water_type": "pond", "natural": "water", "water": "pond", "waterway": "", "width": null, "depth": null, "area_km2": 0.004, "length_km": null}, "geometry": {"type": "Polygon", "coordinates": [[[-46.7400992, -22.1793678], [-46.7400992, -22.1793678]]]}}, {"type": "Feature", "id": "osm/553160431", "properties": {"osm_id": 553160431, "name": "", "water_type": "lake", "natural": "water", "water": "lake", "waterway": "", "width": null, "depth": null, "area_km2": 0.013, "length_km": null}, "geometry": {"type": "Polygon", "coordinates": [[[-46.7420679, -22.1792635], [-46.7420679, -22.1792635]]]}}, {"type": "Feature", "id": "osm/553160432", "properties": {"osm_id": 553160432, "name": "Lago Municipal Iria Motta e Silva", "water_type": "pond", "natural": "water", "water": "pond", "waterway": "", "width": null, "depth": null, "area_km2": 0.029, "length_km": null}, "geometry": {"type": "Polygon", "coordinates": [[[-46.7443438, -22.1801006], [-46.7443438, -22.1801006]]]}}, {"type": "Feature", "id": "osm/553384340", "properties": {"osm_id": 553384340, "name": "", "water_type": "pond", "natural": "water", "water": "pond", "waterway": "", "width": null, "depth": null, "area_km2": 0.007, "length_km": null}, "geometry": {"type": "Polygon", "coordinates": [[[-46.7784923, -22.1676292], [-46.7784923, -22.1676292]]]}}, {"type": "Feature", "id": "osm/553384341", "properties": {"osm_id": 553384341, "name": "", "water_type": "pond", "natural": "water", "water": "pond", "waterway": "", "width": null, "depth": null, "area_km2": 0.006, "length_km": null}, "geometry": {"type": "Polygon", "coordinates": [[[-46.7378783, -22.1712706], [-46.7378783, -22.1712706]]]}}, {"type": "Feature", "id": "osm/553384342", "properties": {"osm_id": 553384342, "name": "", "water_type": "pond", "natural": "water", "water": "pond", "waterway": "", "width": null, "depth": null, "area_km2": 0.014, "length_km": null}, "geometry": {"type": "Polygon", "coordinates": [[[-46.7336619, -22.1759601], [-46.7336619, -22.1759601]]]}}, {"type": "Feature", "id": "osm/553384343", "properties": {"osm_id": 553384343, "name": "", "water_type": "pond", "natural": "water", "water": "pond", "waterway": "", "width": null, "depth": null, "area_km2": 0.002, "length_km": null}, "geometry": {"type": "Polygon", "coordinates": [[[-46.7393187, -22.1851648], [-46.7393187, -22.1851648]]]}}, {"type": "Feature", "id": "osm/553384344", "properties": {"osm_id": 553384344, "name": "", "water_type": "pond", "natural": "water", "water": "pond", "waterway": "", "width": null, "depth": null, "area_km2": 0, "length_km": null}, "geometry": {"type": "Polygon", "coordinates": [[[-46.7255294, -22.1874348], [-46.7255294, -22.1874348]]]}}, {"type": "Feature", "id": "osm/553384345", "properties": {"osm_id": 553384345, "name": "", "water_type": "pond", "natural": "water", "water": "pond", "waterway": "", "width": null, "depth": null, "area_km2": 0, "length_km": null}, "geometry": {"type": "Polygon", "coordinates": [[[-46.7258701, -22.1872051], [-46.7258701, -22.1872051]]]}}, {"type": "Feature", "id": "osm/553384346", "properties": {"osm_id": 553384346, "name": "", "water_type": "pond", "natural": "water", "water": "pond", "waterway": "", "width": null, "depth": null, "area_km2": 0.001, "length_km": null}, "geometry": {"type": "Polygon", "coordinates": [[[-46.7267673, -22.1867617], [-46.7267673, -22.1867617]]]}}, {"type": "Feature", "id": "osm/553384347", "properties": {"osm_id": 553384347, "name": "", "water_type": "pond", "natural": "water", "water": "pond", "waterway": "", "width": null, "depth": null, "area_km2": 0.001, "length_km": null}, "geometry": {"type": "Polygon", "coordinates": [[[-46.726955, -22.1870138], [-46.726955, -22.1870138]]]}}, {"type": "Feature", "id": "osm/553384349", "properties": {"osm_id": 553384349, "name": "", "water_type": "pond", "natural": "water", "water": "pond", "waterway": "", "width": null, "depth": null, "area_km2": 0.001, "length_km": null}, "geometry": {"type": "Polygon", "coordinates": [[[-46.7333132, -22.1900152], [-46.7333132, -22.1900152]]]}}, {"type": "Feature", "id": "osm/553384350", "properties": {"osm_id": 553384350, "name": "", "water_type": "pond", "natural": "water", "water": "pond", "waterway": "", "width": null, "depth": null, "area_km2": 0, "length_km": null}, "geometry": {"type": "Polygon", "coordinates": [[[-46.7276913, -22.1961656], [-46.7276913, -22.1961656]]]}}, {"type": "Feature", "id": "osm/553384351", "properties": {"osm_id": 553384351, "name": "", "water_type": "pond", "natural": "water", "water": "pond", "waterway": "", "width": null, "depth": null, "area_km2": 0, "length_km": null}, "geometry": {"type": "Polygon", "coordinates": [[[-46.7279072, -22.1961495], [-46.7279032, -22.1962923], [-46.7277624, -22.1962749], [-46.7277704, -22.1961408], [-46.7279072, -22.1961495]]]}}, {"type": "Feature", "id": "osm/553384352", "properties": {"osm_id": 553384352, "name": "", "water_type": "pond", "natural": "water", "water": "pond", "waterway": "", "width": null, "depth": null, "area_km2": 0.001, "length_km": null}, "geometry": {"type": "Polygon", "coordinates": [[[-46.7292631, -22.1962736], [-46.7292631, -22.1962736]]]}}, {"type": "Feature", "id": "osm/553384353", "properties": {"osm_id": 553384353, "name": "", "water_type": "pond", "natural": "water", "water": "pond", "waterway": "", "width": null, "depth": null, "area_km2": 0.002, "length_km": null}, "geometry": {"type": "Polygon", "coordinates": [[[-46.7299604, -22.1964574], [-46.7299604, -22.1964574]]]}}, {"type": "Feature", "id": "osm/553384354", "properties": {"osm_id": 553384354, "name": "", "water_type": "pond", "natural": "water", "water": "pond", "waterway": "", "width": null, "depth": null, "area_km2": 0.004, "length_km": null}, "geometry": {"type": "Polygon", "coordinates": [[[-46.7315859, -22.1990675], [-46.7315859, -22.1990675]]]}}, {"type": "Feature", "id": "osm/553384355", "properties": {"osm_id": 553384355, "name": "", "water_type": "pond", "natural": "water", "water": "pond", "waterway": "", "width": null, "depth": null, "area_km2": 0.007, "length_km": null}, "geometry": {"type": "Polygon", "coordinates": [[[-46.7321894, -22.2023282], [-46.7321894, -22.2023282]]]}}, {"type": "Feature", "id": "osm/553384356", "properties": {"osm_id": 553384356, "name": "", "water_type": "pond", "natural": "water", "water": "pond", "waterway": "", "width": null, "depth": null, "area_km2": 0, "length_km": null}, "geometry": {"type": "Polygon", "coordinates": [[[-46.7393857, -22.2008481], [-46.7393857, -22.2008481]]]}}, {"type": "Feature", "id": "osm/553384357", "properties": {"osm_id": 553384357, "name": "", "water_type": "pond", "natural": "water", "water": "pond", "waterway": "", "width": null, "depth": null, "area_km2": 0.001, "length_km": null}, "geometry": {"type": "Polygon", "coordinates": [[[-46.7363562, -22.2009102], [-46.7363562, -22.2009102]]]}}, {"type": "Feature", "id": "osm/553384358", "properties": {"osm_id": 553384358, "name": "", "water_type": "pond", "natural": "water", "water": "pond", "waterway": "", "width": null, "depth": null, "area_km2": 0.007, "length_km": null}, "geometry": {"type": "Polygon", "coordinates": [[[-46.7738038, -22.2080025], [-46.7738038, -22.2080025]]]}}, {"type": "Feature", "id": "osm/553384359", "properties": {"osm_id": 553384359, "name": "", "water_type": "pond", "natural": "water", "water": "pond", "waterway": "", "width": null, "depth": null, "area_km2": 0.006, "length_km": null}, "geometry": {"type": "Polygon", "coordinates": [[[-46.7761374, -22.1809971], [-46.7761374, -22.1809971]]]}}, {"type": "Feature", "id": "osm/553384364", "properties": {"osm_id": 553384364, "name": "", "water_type": "pond", "natural": "water", "water": "pond", "waterway": "", "width": null, "depth": null, "area_km2": 0.003, "length_km": null}, "geometry": {"type": "Polygon", "coordinates": [[[-46.7648506, -22.1836497], [-46.7648506, -22.1836497]]]}}, {"type": "Feature", "id": "osm/553384365", "properties": {"osm_id": 553384365, "name": "", "water_type": "pond", "natural": "water", "water": "pond", "waterway": "", "width": null, "depth": null, "area_km2": 0.005, "length_km": null}, "geometry": {"type": "Polygon", "coordinates": [[[-46.7688096, -22.1827482], [-46.7688096, -22.1827482]]]}}, {"type": "Feature", "id": "osm/553384366", "properties": {"osm_id": 553384366, "name": "", "water_type": "pond", "natural": "water", "water": "pond", "waterway": "", "width": null, "depth": null, "area_km2": 0.002, "length_km": null}, "geometry": {"type": "Polygon", "coordinates": [[[-46.769228, -22.1821446], [-46.769228, -22.1821446]]]}}, {"type": "Feature", "id": "osm/553384367", "properties": {"osm_id": 553384367, "name": "", "water_type": "pond", "natural": "water", "water": "pond", "waterway": "", "width": null, "depth": null, "area_km2": 0.001, "length_km": null}, "geometry": {"type": "Polygon", "coordinates": [[[-46.7696276, -22.1820875], [-46.7696276, -22.1820875]]]}}, {"type": "Feature", "id": "osm/553384368", "properties": {"osm_id": 553384368, "name": "", "water_type": "pond", "natural": "water", "water": "pond", "waterway": "", "width": null, "depth": null, "area_km2": 0.005, "length_km": null}, "geometry": {"type": "Polygon", "coordinates": [[[-46.7699415, -22.1811064], [-46.7699415, -22.1811064]]]}}, {"type": "Feature", "id": "osm/553384369", "properties": {"osm_id": 553384369, "name": "", "water_type": "pond", "natural": "water", "water": "pond", "waterway": "", "width": null, "depth": null, "area_km2": 0.004, "length_km": null}, "geometry": {"type": "Polygon", "coordinates": [[[-46.7516488, -22.1677881], [-46.7516488, -22.1677881]]]}}, {"type": "Feature", "id": "osm/553384370", "properties": {"osm_id": 553384370, "name": "", "water_type": "pond", "natural": "water", "water": "pond", "waterway": "", "width": null, "depth": null, "area_km2": 0.001, "length_km": null}, "geometry": {"type": "Polygon", "coordinates": [[[-46.7473492, -22.1712433], [-46.7473492, -22.1712433]]]}}, {"type": "Feature", "id": "osm/553384371", "properties": {"osm_id": 553384371, "name": "", "water_type": "pond", "natural": "water", "water": "pond", "waterway": "", "width": null, "depth": null, "area_km2": 0, "length_km": null}, "geometry": {"type": "Polygon", "coordinates": [[[-46.7474699, -22.1721201], [-46.7474699, -22.1721201]]]}}, {"type": "Feature", "id": "osm/553384372", "properties": {"osm_id": 553384372, "name": "", "water_type": "pond", "natural": "water", "water": "pond", "waterway": "", "width": null, "depth": null, "area_km2": 0.001, "length_km": null}, "geometry": {"type": "Polygon", "coordinates": [[[-46.746853, -22.1720033], [-46.746853, -22.1720033]]]}}, {"type": "Feature", "id": "osm/553384373", "properties": {"osm_id": 553384373, "name": "", "water_type": "pond", "natural": "water", "water": "pond", "waterway": "", "width": null, "depth": null, "area_km2": 0.001, "length_km": null}, "geometry": {"type": "Polygon", "coordinates": [[[-46.7469737, -22.1718195], [-46.7469737, -22.1718195]]]}}, {"type": "Feature", "id": "osm/553384374", "properties": {"osm_id": 553384374, "name": "", "water_type": "pond", "natural": "water", "water": "pond", "waterway": "", "width": null, "depth": null, "area_km2": 0.001, "length_km": null}, "geometry": {"type": "Polygon", "coordinates": [[[-46.7474914, -22.1718841], [-46.7474914, -22.1718841]]]}}, {"type": "Feature", "id": "osm/553384375", "properties": {"osm_id": 553384375, "name": "", "water_type": "pond", "natural": "water", "water": "pond", "waterway": "", "width": null, "depth": null, "area_km2": 0.004, "length_km": null}, "geometry": {"type": "Polygon", "coordinates": [[[-46.7481351, -22.1711116], [-46.7481351, -22.1711116]]]}}, {"type": "Feature", "id": "osm/553384376", "properties": {"osm_id": 553384376, "name": "", "water_type": "pond", "natural": "water", "water": "pond", "waterway": "", "width": null, "depth": null, "area_km2": 0.005, "length_km": null}, "geometry": {"type": "Polygon", "coordinates": [[[-46.7482585, -22.1702373], [-46.7482585, -22.1702373]]]}}, {"type": "Feature", "id": "osm/553384377", "properties": {"osm_id": 553384377, "name": "", "water_type": "pond", "natural": "water", "water": "pond", "waterway": "", "width": null, "depth": null, "area_km2": 0.014, "length_km": null}, "geometry": {"type": "Polygon", "coordinates": [[[-46.7550176, -22.1702621], [-46.7550176, -22.1702621]]]}}, {"type": "Feature", "id": "osm/553384378", "properties": {"osm_id": 553384378, "name": "", "water_type": "pond", "natural": "water", "water": "pond", "waterway": "", "width": null, "depth": null, "area_km2": 0.025, "length_km": null}, "geometry": {"type": "Polygon", "coordinates": [[[-46.7594487, -22.1717177], [-46.7594487, -22.1717177]]]}}, {"type": "Feature", "id": "osm/553385070", "properties": {"osm_id": 553385070, "name": "", "water_type": "pond", "natural": "water", "water": "pond", "waterway": "", "width": null, "depth": null, "area_km2": 0.001, "length_km": null}, "geometry": {"type": "Polygon", "coordinates": [[[-46.7739943, -22.1482456], [-46.7739943, -22.1482456]]]}}, {"type": "Feature", "id": "osm/553385071", "properties": {"osm_id": 553385071, "name": "", "water_type": "pond", "natural": "water", "water": "pond", "waterway": "", "width": null, "depth": null, "area_km2": 0.01, "length_km": null}, "geometry": {"type": "Polygon", "coordinates": [[[-46.7705262, -22.1471798], [-46.7705262, -22.1471798]]]}}, {"type": "Feature", "id": "osm/553385072", "properties": {"osm_id": 553385072, "name": "", "water_type": "pond", "natural": "water", "water": "pond", "waterway": "", "width": null, "depth": null, "area_km2": 0.002, "length_km": null}, "geometry": {"type": "Polygon", "coordinates": [[[-46.7707622, -22.1476369], [-46.7707622, -22.1476369]]]}}, {"type": "Feature", "id": "osm/553385073", "properties": {"osm_id": 553385073, "name": "", "water_type": "pond", "natural": "water", "water": "pond", "waterway": "", "width": null, "depth": null, "area_km2": 0.001, "length_km": null}, "geometry": {"type": "Polygon", "coordinates": [[[-46.7709339, -22.1472295], [-46.7709339, -22.1472295]]]}}, {"type": "Feature", "id": "osm/553385074", "properties": {"osm_id": 553385074, "name": "", "water_type": "pond", "natural": "water", "water": "pond", "waterway": "", "width": null, "depth": null, "area_km2": 0.002, "length_km": null}, "geometry": {"type": "Polygon", "coordinates": [[[-46.7714649, -22.147622], [-46.7714649, -22.147622]]]}}, {"type": "Feature", "id": "osm/553385075", "properties": {"osm_id": 553385075, "name": "", "water_type": "pond", "natural": "water", "water": "pond", "waterway": "", "width": null, "depth": null, "area_km2": 0.002, "length_km": null}, "geometry": {"type": "Polygon", "coordinates": [[[-46.7717358, -22.1475028], [-46.7717358, -22.1475028]]]}}, {"type": "Feature", "id": "osm/553385076", "properties": {"osm_id": 553385076, "name": "", "water_type": "pond", "natural": "water", "water": "pond", "waterway": "", "width": null, "depth": null, "area_km2": 0.002, "length_km": null}, "geometry": {"type": "Polygon", "coordinates": [[[-46.7695928, -22.1494803], [-46.7695928, -22.1494803]]]}}, {"type": "Feature", "id": "osm/553385077", "properties": {"osm_id": 553385077, "name": "", "water_type": "pond", "natural": "water", "water": "pond", "waterway": "", "width": null, "depth": null, "area_km2": 0.002, "length_km": null}, "geometry": {"type": "Polygon", "coordinates": [[[-46.7702526, -22.1486306], [-46.7702526, -22.1486306]]]}}, {"type": "Feature", "id": "osm/553385078", "properties": {"osm_id": 553385078, "name": "", "water_type": "pond", "natural": "water", "water": "pond", "waterway": "", "width": null, "depth": null, "area_km2": 0.001, "length_km": null}, "geometry": {"type": "Polygon", "coordinates": [[[-46.7702311, -22.1487449], [-46.7702311, -22.1487449]]]}}, {"type": "Feature", "id": "osm/553385079", "properties": {"osm_id": 553385079, "name": "", "water_type": "pond", "natural": "water", "water": "pond", "waterway": "", "width": null, "depth": null, "area_km2": 0.004, "length_km": null}, "geometry": {"type": "Polygon", "coordinates": [[[-46.7694291, -22.1487375], [-46.7694291, -22.1487375]]]}}, {"type": "Feature", "id": "osm/553385080", "properties": {"osm_id": 553385080, "name": "", "water_type": "pond", "natural": "water", "water": "pond", "waterway": "", "width": null, "depth": null, "area_km2": 0.034, "length_km": null}, "geometry": {"type": "Polygon", "coordinates": [[[-46.7790395, -22.1581402], [-46.7790395, -22.1581402]]]}}, {"type": "Feature", "id": "osm/553385081", "properties": {"osm_id": 553385081, "name": "", "water_type": "pond", "natural": "water", "water": "pond", "waterway": "", "width": null, "depth": null, "area_km2": 0.064, "length_km": null}, "geometry": {"type": "Polygon", "coordinates": [[[-46.7790717, -22.1670678], [-46.7790717, -22.1670678]]]}}, {"type": "Feature", "id": "osm/553385082", "properties": {"osm_id": 553385082, "name": "", "water_type": "pond", "natural": "water", "water": "pond", "waterway": "", "width": null, "depth": null, "area_km2": 0.005, "length_km": null}, "geometry": {"type": "Polygon", "coordinates": [[[-46.794489, -22.1937033], [-46.794489, -22.1937033]]]}}, {"type": "Feature", "id": "osm/553385083", "properties": {"osm_id": 553385083, "name": "", "water_type": "pond", "natural": "water", "water": "pond", "waterway": "", "width": null, "depth": null, "area_km2": 0.004, "length_km": null}, "geometry": {"type": "Polygon", "coordinates": [[[-46.7949718, -22.1935244], [-46.7949718, -22.1935244]]]}}, {"type": "Feature", "id": "osm/553385084", "properties": {"osm_id": 553385084, "name": "", "water_type": "pond", "natural": "water", "water": "pond", "waterway": "", "width": null, "depth": null, "area_km2": 0.025, "length_km": null}, "geometry": {"type": "Polygon", "coordinates": [[[-46.7923486, -22.189213], [-46.7923486, -22.189213]]]}}, {"type": "Feature", "id": "osm/553385085", "properties": {"osm_id": 553385085, "name": "", "water_type": "pond", "natural": "water", "water": "pond", "waterway": "", "width": null, "depth": null, "area_km2": 0.019, "length_km": null}, "geometry": {"type": "Polygon", "coordinates": [[[-46.7916673, -22.1892577], [-46.7916673, -22.1892577]]]}}, {"type": "Feature", "id": "osm/555269386", "properties": {"osm_id": 555269386, "name": "", "water_type": "lake", "natural": "water", "water": "lake", "waterway": "", "width": null, "depth": null, "area_km2": 0.222, "length_km": null}, "geometry": {"type": "Polygon", "coordinates": [[[-46.9373918, -21.882527], [-46.9373918, -21.882527]]]}}, {"type": "Feature", "id": "osm/555269387", "properties": {"osm_id": 555269387, "name": "", "water_type": "lake", "natural": "water", "water": "lake", "waterway": "", "width": null, "depth": null, "area_km2": 0.048, "length_km": null}, "geometry": {"type": "Polygon", "coordinates": [[[-46.9255632, -21.8726156], [-46.9255632, -21.8726156]]]}}, {"type": "Feature", "id": "osm/555269390", "properties": {"osm_id": 555269390, "name": "", "water_type": "lake", "natural": "water", "water": "lake", "waterway": "", "width": null, "depth": null, "area_km2": 0, "length_km": null}, "geometry": {"type": "Polygon", "coordinates": [[[-46.8305942, -21.8588326], [-46.8305942, -21.8588326]]]}}, {"type": "Feature", "id": "osm/555269391", "properties": {"osm_id": 555269391, "name": "", "water_type": "lake", "natural": "water", "water": "lake", "waterway": "", "width": null, "depth": null, "area_km2": 0.001, "length_km": null}, "geometry": {"type": "Polygon", "coordinates": [[[-46.829921, -21.8582974], [-46.829921, -21.8582974]]]}}, {"type": "Feature", "id": "osm/555269392", "properties": {"osm_id": 555269392, "name": "", "water_type": "lake", "natural": "water", "water": "lake", "waterway": "", "width": null, "depth": null, "area_km2": 0.002, "length_km": null}, "geometry": {"type": "Polygon", "coordinates": [[[-46.8304253, -21.8589422], [-46.8304253, -21.8589422]]]}}, {"type": "Feature", "id": "osm/555269393", "properties": {"osm_id": 555269393, "name": "", "water_type": "lake", "natural": "water", "water": "lake", "waterway": "", "width": null, "depth": null, "area_km2": 0.001, "length_km": null}, "geometry": {"type": "Polygon", "coordinates": [[[-46.8035603, -21.8521784], [-46.8035603, -21.8521784]]]}}, {"type": "Feature", "id": "osm/555269394", "properties": {"osm_id": 555269394, "name": "", "water_type": "lake", "natural": "water", "water": "lake", "waterway": "", "width": null, "depth": null, "area_km2": 0.003, "length_km": null}, "geometry": {"type": "Polygon", "coordinates": [[[-46.8045741, -21.8541426], [-46.8045741, -21.8541426]]]}}, {"type": "Feature", "id": "osm/555269395", "properties": {"osm_id": 555269395, "name": "", "water_type": "lake", "natural": "water", "water": "lake", "waterway": "", "width": null, "depth": null, "area_km2": 0.002, "length_km": null}, "geometry": {"type": "Polygon", "coordinates": [[[-46.8089247, -21.8522481], [-46.8089247, -21.8522481]]]}}, {"type": "Feature", "id": "osm/555269396", "properties": {"osm_id": 555269396, "name": "", "water_type": "lake", "natural": "water", "water": "lake", "waterway": "", "width": null, "depth": null, "area_km2": 0.001, "length_km": null}, "geometry": {"type": "Polygon", "coordinates": [[[-46.8086457, -21.8534281], [-46.8086457, -21.8534281]]]}}, {"type": "Feature", "id": "osm/555269397", "properties": {"osm_id": 555269397, "name": "", "water_type": "lake", "natural": "water", "water": "lake", "waterway": "", "width": null, "depth": null, "area_km2": 0.006, "length_km": null}, "geometry": {"type": "Polygon", "coordinates": [[[-46.8095952, -21.8554944], [-46.8095952, -21.8554944]]]}}, {"type": "Feature", "id": "osm/555269398", "properties": {"osm_id": 555269398, "name": "", "water_type": "lake", "natural": "water", "water": "lake", "waterway": "", "width": null, "depth": null, "area_km2": 0.021, "length_km": null}, "geometry": {"type": "Polygon", "coordinates": [[[-46.8083507, -21.8551608], [-46.8083507, -21.8551608]]]}}, {"type": "Feature", "id": "osm/555269401", "properties": {"osm_id": 555269401, "name": "", "water_type": "lake", "natural": "water", "water": "lake", "waterway": "", "width": null, "depth": null, "area_km2": 0.001, "length_km": null}, "geometry": {"type": "Polygon", "coordinates": [[[-46.8140987, -21.840913], [-46.8140987, -21.840913]]]}}, {"type": "Feature", "id": "osm/555269402", "properties": {"osm_id": 555269402, "name": "", "water_type": "lake", "natural": "water", "water": "lake", "waterway": "", "width": null, "depth": null, "area_km2": 0, "length_km": null}, "geometry": {"type": "Polygon", "coordinates": [[[-46.8143374, -21.8407487], [-46.814214, -21.8408682], [-46.8141523, -21.8408085], [-46.814222, -21.8407288], [-46.8143374, -21.8407487]]]}}, {"type": "Feature", "id": "osm/555269403", "properties": {"osm_id": 555269403, "name": "", "water_type": "lake", "natural": "water", "water": "lake", "waterway": "", "width": null, "depth": null, "area_km2": 0, "length_km": null}, "geometry": {"type": "Polygon", "coordinates": [[[-46.8144393, -21.8407462], [-46.8145707, -21.8410325], [-46.8143213, -21.8409081], [-46.8143749, -21.8408159], [-46.8144393, -21.8407462]]]}}, {"type": "Feature", "id": "osm/555269404", "properties": {"osm_id": 555269404, "name": "", "water_type": "lake", "natural": "water", "water": "lake", "waterway": "", "width": null, "depth": null, "area_km2": 0.003, "length_km": null}, "geometry": {"type": "Polygon", "coordinates": [[[-46.8135756, -21.8403902], [-46.8135756, -21.8403902]]]}}, {"type": "Feature", "id": "osm/555269415", "properties": {"osm_id": 555269415, "name": "", "water_type": "lake", "natural": "water", "water": "lake", "waterway": "", "width": null, "depth": null, "area_km2": 0.001, "length_km": null}, "geometry": {"type": "Polygon", "coordinates": [[[-46.8051374, -21.8294999], [-46.8051374, -21.8294999]]]}}, {"type": "Feature", "id": "osm/555269418", "properties": {"osm_id": 555269418, "name": "", "water_type": "lake", "natural": "water", "water": "lake", "waterway": "", "width": null, "depth": null, "area_km2": 0, "length_km": null}, "geometry": {"type": "Polygon", "coordinates": [[[-46.8097937, -21.8250429], [-46.8097937, -21.8250429]]]}}, {"type": "Feature", "id": "osm/555269420", "properties": {"osm_id": 555269420, "name": "", "water_type": "lake", "natural": "water", "water": "lake", "waterway": "", "width": null, "depth": null, "area_km2": 0.004, "length_km": null}, "geometry": {"type": "Polygon", "coordinates": [[[-46.8122908, -21.8295746], [-46.8122908, -21.8295746]]]}}, {"type": "Feature", "id": "osm/555269422", "properties": {"osm_id": 555269422, "name": "", "water_type": "lake", "natural": "water", "water": "lake", "waterway": "", "width": null, "depth": null, "area_km2": 0.014, "length_km": null}, "geometry": {"type": "Polygon", "coordinates": [[[-46.8207371, -21.8523925], [-46.8207371, -21.8523925]]]}}, {"type": "Feature", "id": "osm/555269425", "properties": {"osm_id": 555269425, "name": "", "water_type": "lake", "natural": "water", "water": "lake", "waterway": "", "width": null, "depth": null, "area_km2": 0.023, "length_km": null}, "geometry": {"type": "Polygon", "coordinates": [[[-46.8179101, -21.8566594], [-46.8179101, -21.8566594]]]}}, {"type": "Feature", "id": "osm/555269427", "properties": {"osm_id": 555269427, "name": "", "water_type": "lake", "natural": "water", "water": "lake", "waterway": "", "width": null, "depth": null, "area_km2": 0.001, "length_km": null}, "geometry": {"type": "Polygon", "coordinates": [[[-46.82203, -21.8560171], [-46.82203, -21.8560171]]]}}, {"type": "Feature", "id": "osm/555269428", "properties": {"osm_id": 555269428, "name": "", "water_type": "lake", "natural": "water", "water": "lake", "waterway": "", "width": null, "depth": null, "area_km2": 0.013, "length_km": null}, "geometry": {"type": "Polygon", "coordinates": [[[-46.8220568, -21.8552852], [-46.8220568, -21.8552852]]]}}, {"type": "Feature", "id": "osm/555269429", "properties": {"osm_id": 555269429, "name": "", "water_type": "lake", "natural": "water", "water": "lake", "waterway": "", "width": null, "depth": null, "area_km2": 0.001, "length_km": null}, "geometry": {"type": "Polygon", "coordinates": [[[-46.8326649, -21.8373154], [-46.8326649, -21.8373154]]]}}, {"type": "Feature", "id": "osm/555269430", "properties": {"osm_id": 555269430, "name": "", "water_type": "lake", "natural": "water", "water": "lake", "waterway": "", "width": null, "depth": null, "area_km2": 0.002, "length_km": null}, "geometry": {"type": "Polygon", "coordinates": [[[-46.8331933, -21.8338945], [-46.8331933, -21.8338945]]]}}, {"type": "Feature", "id": "osm/555269431", "properties": {"osm_id": 555269431, "name": "", "water_type": "lake", "natural": "water", "water": "lake", "waterway": "", "width": null, "depth": null, "area_km2": 0.002, "length_km": null}, "geometry": {"type": "Polygon", "coordinates": [[[-46.8650043, -21.8135663], [-46.8650043, -21.8135663]]]}}, {"type": "Feature", "id": "osm/555269432", "properties": {"osm_id": 555269432, "name": "", "water_type": "lake", "natural": "water", "water": "lake", "waterway": "", "width": null, "depth": null, "area_km2": 0.002, "length_km": null}, "geometry": {"type": "Polygon", "coordinates": [[[-46.8707094, -21.8122514], [-46.8707094, -21.8122514]]]}}, {"type": "Feature", "id": "osm/555269437", "properties": {"osm_id": 555269437, "name": "", "water_type": "lake", "natural": "water", "water": "lake", "waterway": "", "width": null, "depth": null, "area_km2": 0.046, "length_km": null}, "geometry": {"type": "Polygon", "coordinates": [[[-46.91661, -21.7946249], [-46.91661, -21.7946249]]]}}, {"type": "Feature", "id": "osm/555269439", "properties": {"osm_id": 555269439, "name": "", "water_type": "lake", "natural": "water", "water": "lake", "waterway": "", "width": null, "depth": null, "area_km2": 0.021, "length_km": null}, "geometry": {"type": "Polygon", "coordinates": [[[-46.916492, -21.7944605], [-46.916492, -21.7944605]]]}}, {"type": "Feature", "id": "osm/555269445", "properties": {"osm_id": 555269445, "name": "", "water_type": "lake", "natural": "water", "water": "lake", "waterway": "", "width": null, "depth": null, "area_km2": 0.003, "length_km": null}, "geometry": {"type": "Polygon", "coordinates": [[[-46.9060582, -21.8062998], [-46.9060582, -21.8062998]]]}}, {"type": "Feature", "id": "osm/555269447", "properties": {"osm_id": 555269447, "name": "", "water_type": "lake", "natural": "water", "water": "lake", "waterway": "", "width": null, "depth": null, "area_km2": 0.017, "length_km": null}, "geometry": {"type": "Polygon", "coordinates": [[[-46.9722578, -21.83983], [-46.9722578, -21.83983]]]}}, {"type": "Feature", "id": "osm/555269448", "properties": {"osm_id": 555269448, "name": "", "water_type": "lake", "natural": "water", "water": "lake", "waterway": "", "width": null, "depth": null, "area_km2": 0.016, "length_km": null}, "geometry": {"type": "Polygon", "coordinates": [[[-46.9733146, -21.841767], [-46.9733146, -21.841767]]]}}, {"type": "Feature", "id": "osm/555269449", "properties": {"osm_id": 555269449, "name": "", "water_type": "lake", "natural": "water", "water": "lake", "waterway": "", "width": null, "depth": null, "area_km2": 0.015, "length_km": null}, "geometry": {"type": "Polygon", "coordinates": [[[-46.9750366, -21.8433952], [-46.9750366, -21.8433952]]]}}, {"type": "Feature", "id": "osm/555269450", "properties": {"osm_id": 555269450, "name": "", "water_type": "lake", "natural": "water", "water": "lake", "waterway": "", "width": null, "depth": null, "area_km2": 0.021, "length_km": null}, "geometry": {"type": "Polygon", "coordinates": [[[-46.9762516, -21.844879], [-46.9762516, -21.844879]]]}}, {"type": "Feature", "id": "osm/555269451", "properties": {"osm_id": 555269451, "name": "", "water_type": "lake", "natural": "water", "water": "lake", "waterway": "", "width": null, "depth": null, "area_km2": 0.004, "length_km": null}, "geometry": {"type": "Polygon", "coordinates": [[[-46.8682283, -21.8025992], [-46.8682283, -21.8025992]]]}}, {"type": "Feature", "id": "osm/555269452", "properties": {"osm_id": 555269452, "name": "", "water_type": "lake", "natural": "water", "water": "lake", "waterway": "", "width": null, "depth": null, "area_km2": 0.001, "length_km": null}, "geometry": {"type": "Polygon", "coordinates": [[[-46.8675336, -21.8046761], [-46.8675336, -21.8046761]]]}}, {"type": "Feature", "id": "osm/555269453", "properties": {"osm_id": 555269453, "name": "", "water_type": "lake", "natural": "water", "water": "lake", "waterway": "", "width": null, "depth": null, "area_km2": 0, "length_km": null}, "geometry": {"type": "Polygon", "coordinates": [[[-46.8754113, -21.8041507], [-46.8754113, -21.8041507]]]}}, {"type": "Feature", "id": "osm/555269454", "properties": {"osm_id": 555269454, "name": "", "water_type": "lake", "natural": "water", "water": "lake", "waterway": "", "width": null, "depth": null, "area_km2": 0.001, "length_km": null}, "geometry": {"type": "Polygon", "coordinates": [[[-46.8756178, -21.8041083], [-46.8756178, -21.8041083]]]}}, {"type": "Feature", "id": "osm/555269455", "properties": {"osm_id": 555269455, "name": "", "water_type": "lake", "natural": "water", "water": "lake", "waterway": "", "width": null, "depth": null, "area_km2": 0.001, "length_km": null}, "geometry": {"type": "Polygon", "coordinates": [[[-46.8755293, -21.8039938], [-46.8755293, -21.8039938]]]}}, {"type": "Feature", "id": "osm/555269456", "properties": {"osm_id": 555269456, "name": "", "water_type": "lake", "natural": "water", "water": "lake", "waterway": "", "width": null, "depth": null, "area_km2": 0.001, "length_km": null}, "geometry": {"type": "Polygon", "coordinates": [[[-46.8759209, -21.803802], [-46.8759209, -21.803802]]]}}, {"type": "Feature", "id": "osm/555269457", "properties": {"osm_id": 555269457, "name": "", "water_type": "lake", "natural": "water", "water": "lake", "waterway": "", "width": null, "depth": null, "area_km2": 0.001, "length_km": null}, "geometry": {"type": "Polygon", "coordinates": [[[-46.8765056, -21.8018695], [-46.8765056, -21.8018695]]]}}, {"type": "Feature", "id": "osm/555269458", "properties": {"osm_id": 555269458, "name": "", "water_type": "lake", "natural": "water", "water": "lake", "waterway": "", "width": null, "depth": null, "area_km2": 0.002, "length_km": null}, "geometry": {"type": "Polygon", "coordinates": [[[-46.8758618, -21.8008783], [-46.8758618, -21.8008783]]]}}, {"type": "Feature", "id": "osm/555269460", "properties": {"osm_id": 555269460, "name": "", "water_type": "lake", "natural": "water", "water": "lake", "waterway": "", "width": null, "depth": null, "area_km2": 0.004, "length_km": null}, "geometry": {"type": "Polygon", "coordinates": [[[-46.8215686, -21.7841545], [-46.8215686, -21.7841545]]]}}, {"type": "Feature", "id": "osm/555269461", "properties": {"osm_id": 555269461, "name": "", "water_type": "lake", "natural": "water", "water": "lake", "waterway": "", "width": null, "depth": null, "area_km2": 0.001, "length_km": null}, "geometry": {"type": "Polygon", "coordinates": [[[-46.8208122, -21.7827821], [-46.8208122, -21.7827821]]]}}, {"type": "Feature", "id": "osm/555269462", "properties": {"osm_id": 555269462, "name": "", "water_type": "lake", "natural": "water", "water": "lake", "waterway": "", "width": null, "depth": null, "area_km2": 0.001, "length_km": null}, "geometry": {"type": "Polygon", "coordinates": [[[-46.8201953, -21.781868], [-46.8201953, -21.781868]]]}}, {"type": "Feature", "id": "osm/555269463", "properties": {"osm_id": 555269463, "name": "", "water_type": "lake", "natural": "water", "water": "lake", "waterway": "", "width": null, "depth": null, "area_km2": 0.001, "length_km": null}, "geometry": {"type": "Polygon", "coordinates": [[[-46.8199727, -21.7813998], [-46.8199727, -21.7813998]]]}}, {"type": "Feature", "id": "osm/555269464", "properties": {"osm_id": 555269464, "name": "", "water_type": "lake", "natural": "water", "water": "lake", "waterway": "", "width": null, "depth": null, "area_km2": 0.003, "length_km": null}, "geometry": {"type": "Polygon", "coordinates": [[[-46.8193343, -21.7808668], [-46.8193343, -21.7808668]]]}}, {"type": "Feature", "id": "osm/555269465", "properties": {"osm_id": 555269465, "name": "", "water_type": "lake", "natural": "water", "water": "lake", "waterway": "", "width": null, "depth": null, "area_km2": 0.002, "length_km": null}, "geometry": {"type": "Polygon", "coordinates": [[[-46.8184277, -21.7803263], [-46.8184277, -21.7803263]]]}}, {"type": "Feature", "id": "osm/555269466", "properties": {"osm_id": 555269466, "name": "", "water_type": "lake", "natural": "water", "water": "lake", "waterway": "", "width": null, "depth": null, "area_km2": 0.002, "length_km": null}, "geometry": {"type": "Polygon", "coordinates": [[[-46.8339497, -21.7605809], [-46.8339497, -21.7605809]]]}}, {"type": "Feature", "id": "osm/555269467", "properties": {"osm_id": 555269467, "name": "", "water_type": "lake", "natural": "water", "water": "lake", "waterway": "", "width": null, "depth": null, "area_km2": 0, "length_km": null}, "geometry": {"type": "Polygon", "coordinates": [[[-46.8326032, -21.7613581], [-46.8326032, -21.7613581]]]}}, {"type": "Feature", "id": "osm/555269472", "properties": {"osm_id": 555269472, "name": "", "water_type": "lake", "natural": "water", "water": "lake", "waterway": "", "width": null, "depth": null, "area_km2": 0.003, "length_km": null}, "geometry": {"type": "Polygon", "coordinates": [[[-46.8343896, -21.7736335], [-46.8343896, -21.7736335]]]}}, {"type": "Feature", "id": "osm/555269473", "properties": {"osm_id": 555269473, "name": "", "water_type": "lake", "natural": "water", "water": "lake", "waterway": "", "width": null, "depth": null, "area_km2": 0.003, "length_km": null}, "geometry": {"type": "Polygon", "coordinates": [[[-46.8347973, -21.7749985], [-46.8347973, -21.7749985]]]}}, {"type": "Feature", "id": "osm/555269474", "properties": {"osm_id": 555269474, "name": "", "water_type": "lake", "natural": "water", "water": "lake", "waterway": "", "width": null, "depth": null, "area_km2": 0.003, "length_km": null}, "geometry": {"type": "Polygon", "coordinates": [[[-46.8358272, -21.7760795], [-46.8358272, -21.7760795]]]}}, {"type": "Feature", "id": "osm/555269478", "properties": {"osm_id": 555269478, "name": "", "water_type": "lake", "natural": "water", "water": "lake", "waterway": "", "width": null, "depth": null, "area_km2": 0.012, "length_km": null}, "geometry": {"type": "Polygon", "coordinates": [[[-46.8360204, -21.8166042], [-46.8360204, -21.8166042]]]}}, {"type": "Feature", "id": "osm/555269480", "properties": {"osm_id": 555269480, "name": "", "water_type": "lake", "natural": "water", "water": "lake", "waterway": "", "width": null, "depth": null, "area_km2": 0.01, "length_km": null}, "geometry": {"type": "Polygon", "coordinates": [[[-46.866678, -21.7919451], [-46.866678, -21.7919451]]]}}, {"type": "Feature", "id": "osm/555269481", "properties": {"osm_id": 555269481, "name": "", "water_type": "lake", "natural": "water", "water": "lake", "waterway": "", "width": null, "depth": null, "area_km2": 0.001, "length_km": null}, "geometry": {"type": "Polygon", "coordinates": [[[-46.8447912, -21.7995584], [-46.8447912, -21.7995584]]]}}, {"type": "Feature", "id": "osm/555269487", "properties": {"osm_id": 555269487, "name": "", "water_type": "lake", "natural": "water", "water": "lake", "waterway": "", "width": null, "depth": null, "area_km2": 0, "length_km": null}, "geometry": {"type": "Polygon", "coordinates": [[[-46.8861187, -21.8066733], [-46.8861187, -21.8066733]]]}}, {"type": "Feature", "id": "osm/555269488", "properties": {"osm_id": 555269488, "name": "", "water_type": "lake", "natural": "water", "water": "lake", "waterway": "", "width": null, "depth": null, "area_km2": 0, "length_km": null}, "geometry": {"type": "Polygon", "coordinates": [[[-46.8865317, -21.8073756], [-46.8865317, -21.8073756]]]}}, {"type": "Feature", "id": "osm/555269489", "properties": {"osm_id": 555269489, "name": "", "water_type": "lake", "natural": "water", "water": "lake", "waterway": "", "width": null, "depth": null, "area_km2": 0.002, "length_km": null}, "geometry": {"type": "Polygon", "coordinates": [[[-46.8873632, -21.8067132], [-46.8873632, -21.8067132]]]}}, {"type": "Feature", "id": "osm/555269491", "properties": {"osm_id": 555269491, "name": "", "water_type": "lake", "natural": "water", "water": "lake", "waterway": "", "width": null, "depth": null, "area_km2": 0.001, "length_km": null}, "geometry": {"type": "Polygon", "coordinates": [[[-46.8888545, -21.8061205], [-46.8888545, -21.8061205]]]}}, {"type": "Feature", "id": "osm/555269492", "properties": {"osm_id": 555269492, "name": "", "water_type": "lake", "natural": "water", "water": "lake", "waterway": "", "width": null, "depth": null, "area_km2": 0.004, "length_km": null}, "geometry": {"type": "Polygon", "coordinates": [[[-46.8900776, -21.8056573], [-46.8900776, -21.8056573]]]}}, {"type": "Feature", "id": "osm/555269496", "properties": {"osm_id": 555269496, "name": "", "water_type": "lake", "natural": "water", "water": "lake", "waterway": "", "width": null, "depth": null, "area_km2": 0.001, "length_km": null}, "geometry": {"type": "Polygon", "coordinates": [[[-46.8959007, -21.8149109], [-46.8959007, -21.8149109]]]}}, {"type": "Feature", "id": "osm/555269497", "properties": {"osm_id": 555269497, "name": "", "water_type": "lake", "natural": "water", "water": "lake", "waterway": "", "width": null, "depth": null, "area_km2": 0.002, "length_km": null}, "geometry": {"type": "Polygon", "coordinates": [[[-46.8976441, -21.8149209], [-46.8976441, -21.8149209]]]}}, {"type": "Feature", "id": "osm/555269500", "properties": {"osm_id": 555269500, "name": "", "water_type": "lake", "natural": "water", "water": "lake", "waterway": "", "width": null, "depth": null, "area_km2": 0.007, "length_km": null}, "geometry": {"type": "Polygon", "coordinates": [[[-46.8986982, -21.8036999], [-46.8986982, -21.8036999]]]}}, {"type": "Feature", "id": "osm/555269502", "properties": {"osm_id": 555269502, "name": "", "water_type": "lake", "natural": "water", "water": "lake", "waterway": "", "width": null, "depth": null, "area_km2": 0.009, "length_km": null}, "geometry": {"type": "Polygon", "coordinates": [[[-46.927017, -21.7745003], [-46.927017, -21.7745003]]]}}, {"type": "Feature", "id": "osm/555269503", "properties": {"osm_id": 555269503, "name": "", "water_type": "lake", "natural": "water", "water": "lake", "waterway": "", "width": null, "depth": null, "area_km2": 0.012, "length_km": null}, "geometry": {"type": "Polygon", "coordinates": [[[-46.9276983, -21.7753372], [-46.9276983, -21.7753372]]]}}, {"type": "Feature", "id": "osm/555269504", "properties": {"osm_id": 555269504, "name": "", "water_type": "lake", "natural": "water", "water": "lake", "waterway": "", "width": null, "depth": null, "area_km2": 0.001, "length_km": null}, "geometry": {"type": "Polygon", "coordinates": [[[-46.927768, -21.7769588], [-46.927768, -21.7769588]]]}}, {"type": "Feature", "id": "osm/555269505", "properties": {"osm_id": 555269505, "name": "", "water_type": "lake", "natural": "water", "water": "lake", "waterway": "", "width": null, "depth": null, "area_km2": 0.009, "length_km": null}, "geometry": {"type": "Polygon", "coordinates": [[[-46.9291842, -21.777031], [-46.9291842, -21.777031]]]}}, {"type": "Feature", "id": "osm/555269506", "properties": {"osm_id": 555269506, "name": "", "water_type": "lake", "natural": "water", "water": "lake", "waterway": "", "width": null, "depth": null, "area_km2": 0.029, "length_km": null}, "geometry": {"type": "Polygon", "coordinates": [[[-46.9309276, -21.777828], [-46.9309276, -21.777828]]]}}, {"type": "Feature", "id": "osm/555269507", "properties": {"osm_id": 555269507, "name": "", "water_type": "lake", "natural": "water", "water": "lake", "waterway": "", "width": null, "depth": null, "area_km2": 0.012, "length_km": null}, "geometry": {"type": "Polygon", "coordinates": [[[-46.9353399, -21.7777732], [-46.9353399, -21.7777732]]]}}, {"type": "Feature", "id": "osm/555269508", "properties": {"osm_id": 555269508, "name": "", "water_type": "lake", "natural": "water", "water": "lake", "waterway": "", "width": null, "depth": null, "area_km2": 0.016, "length_km": null}, "geometry": {"type": "Polygon", "coordinates": [[[-46.934275, -21.7885131], [-46.934275, -21.7885131]]]}}, {"type": "Feature", "id": "osm/555269509", "properties": {"osm_id": 555269509, "name": "", "water_type": "lake", "natural": "water", "water": "lake", "waterway": "", "width": null, "depth": null, "area_km2": 0.002, "length_km": null}, "geometry": {"type": "Polygon", "coordinates": [[[-46.9350475, -21.7878954], [-46.9350475, -21.7878954]]]}}, {"type": "Feature", "id": "osm/555269510", "properties": {"osm_id": 555269510, "name": "", "water_type": "lake", "natural": "water", "water": "lake", "waterway": "", "width": null, "depth": null, "area_km2": 0.006, "length_km": null}, "geometry": {"type": "Polygon", "coordinates": [[[-46.9348651, -21.7878008], [-46.9343501, -21.788279], [-46.9337654, -21.787736], [-46.9340873, -21.7873176], [-46.9348651, -21.7878008]]]}}, {"type": "Feature", "id": "osm/555269511", "properties": {"osm_id": 555269511, "name": "", "water_type": "lake", "natural": "water", "water": "lake", "waterway": "", "width": null, "depth": null, "area_km2": 0.002, "length_km": null}, "geometry": {"type": "Polygon", "coordinates": [[[-46.9354874, -21.7875517], [-46.9354874, -21.7875517]]]}}, {"type": "Feature", "id": "osm/555269512", "properties": {"osm_id": 555269512, "name": "", "water_type": "lake", "natural": "water", "water": "lake", "waterway": "", "width": null, "depth": null, "area_km2": 0.003, "length_km": null}, "geometry": {"type": "Polygon", "coordinates": [[[-46.9362116, -21.7873126], [-46.9362116, -21.7873126]]]}}, {"type": "Feature", "id": "osm/555269513", "properties": {"osm_id": 555269513, "name": "", "water_type": "lake", "natural": "water", "water": "lake", "waterway": "", "width": null, "depth": null, "area_km2": 0.013, "length_km": null}, "geometry": {"type": "Polygon", "coordinates": [[[-46.9360077, -21.7871383], [-46.9360077, -21.7871383]]]}}, {"type": "Feature", "id": "osm/555269514", "properties": {"osm_id": 555269514, "name": "", "water_type": "lake", "natural": "water", "water": "lake", "waterway": "", "width": null, "depth": null, "area_km2": 0.1, "length_km": null}, "geometry": {"type": "Polygon", "coordinates": [[[-46.9401866, -21.784538], [-46.9401866, -21.784538]]]}}, {"type": "Feature", "id": "osm/555269515", "properties": {"osm_id": 555269515, "name": "", "water_type": "lake", "natural": "water", "water": "lake", "waterway": "", "width": null, "depth": null, "area_km2": 0.008, "length_km": null}, "geometry": {"type": "Polygon", "coordinates": [[[-46.9727057, -21.8098658], [-46.9727057, -21.8098658]]]}}, {"type": "Feature", "id": "osm/555269517", "properties": {"osm_id": 555269517, "name": "", "water_type": "lake", "natural": "water", "water": "lake", "waterway": "", "width": null, "depth": null, "area_km2": 0.004, "length_km": null}, "geometry": {"type": "Polygon", "coordinates": [[[-46.9600913, -21.8015906], [-46.9600913, -21.8015906]]]}}, {"type": "Feature", "id": "osm/555269518", "properties": {"osm_id": 555269518, "name": "", "water_type": "lake", "natural": "water", "water": "lake", "waterway": "", "width": null, "depth": null, "area_km2": 0.014, "length_km": null}, "geometry": {"type": "Polygon", "coordinates": [[[-46.9586831, -21.7996531], [-46.9586831, -21.7996531]]]}}, {"type": "Feature", "id": "osm/555269519", "properties": {"osm_id": 555269519, "name": "", "water_type": "lake", "natural": "water", "water": "lake", "waterway": "", "width": null, "depth": null, "area_km2": 0.018, "length_km": null}, "geometry": {"type": "Polygon", "coordinates": [[[-46.9575352, -21.7981763], [-46.9575352, -21.7981763]]]}}, {"type": "Feature", "id": "osm/555269520", "properties": {"osm_id": 555269520, "name": "", "water_type": "lake", "natural": "water", "water": "lake", "waterway": "", "width": null, "depth": null, "area_km2": 0.003, "length_km": null}, "geometry": {"type": "Polygon", "coordinates": [[[-46.9350314, -21.8151898], [-46.9350314, -21.8151898]]]}}, {"type": "Feature", "id": "osm/555269521", "properties": {"osm_id": 555269521, "name": "", "water_type": "lake", "natural": "water", "water": "lake", "waterway": "", "width": null, "depth": null, "area_km2": 0.002, "length_km": null}, "geometry": {"type": "Polygon", "coordinates": [[[-46.9352084, -21.8154936], [-46.9352084, -21.8154936]]]}}, {"type": "Feature", "id": "osm/555269522", "properties": {"osm_id": 555269522, "name": "", "water_type": "lake", "natural": "water", "water": "lake", "waterway": "", "width": null, "depth": null, "area_km2": 0.007, "length_km": null}, "geometry": {"type": "Polygon", "coordinates": [[[-46.9353533, -21.8155733], [-46.9353533, -21.8155733]]]}}, {"type": "Feature", "id": "osm/555269540", "properties": {"osm_id": 555269540, "name": "", "water_type": "lake", "natural": "water", "water": "lake", "waterway": "", "width": null, "depth": null, "area_km2": 0.131, "length_km": null}, "geometry": {"type": "Polygon", "coordinates": [[[-46.9320059, -21.8745223], [-46.9320059, -21.8745223]]]}}, {"type": "Feature", "id": "osm/555269543", "properties": {"osm_id": 555269543, "name": "", "water_type": "lake", "natural": "water", "water": "lake", "waterway": "", "width": null, "depth": null, "area_km2": 0.001, "length_km": null}, "geometry": {"type": "Polygon", "coordinates": [[[-46.8794104, -21.8432533], [-46.8794104, -21.8432533]]]}}, {"type": "Feature", "id": "osm/555269545", "properties": {"osm_id": 555269545, "name": "", "water_type": "lake", "natural": "water", "water": "lake", "waterway": "", "width": null, "depth": null, "area_km2": 0.002, "length_km": null}, "geometry": {"type": "Polygon", "coordinates": [[[-46.8736732, -21.8433106], [-46.8736732, -21.8433106]]]}}, {"type": "Feature", "id": "osm/555269551", "properties": {"osm_id": 555269551, "name": "", "water_type": "lake", "natural": "water", "water": "lake", "waterway": "", "width": null, "depth": null, "area_km2": 0.005, "length_km": null}, "geometry": {"type": "Polygon", "coordinates": [[[-46.8706638, -21.8390159], [-46.8706638, -21.8390159]]]}}, {"type": "Feature", "id": "osm/555269552", "properties": {"osm_id": 555269552, "name": "", "water_type": "lake", "natural": "water", "water": "lake", "waterway": "", "width": null, "depth": null, "area_km2": 0.001, "length_km": null}, "geometry": {"type": "Polygon", "coordinates": [[[-46.8673968, -21.8479836], [-46.8673968, -21.8479836]]]}}, {"type": "Feature", "id": "osm/555269553", "properties": {"osm_id": 555269553, "name": "", "water_type": "lake", "natural": "water", "water": "lake", "waterway": "", "width": null, "depth": null, "area_km2": 0.002, "length_km": null}, "geometry": {"type": "Polygon", "coordinates": [[[-46.8629792, -21.8413326], [-46.8629792, -21.8413326]]]}}, {"type": "Feature", "id": "osm/555269554", "properties": {"osm_id": 555269554, "name": "", "water_type": "lake", "natural": "water", "water": "lake", "waterway": "", "width": null, "depth": null, "area_km2": 0.006, "length_km": null}, "geometry": {"type": "Polygon", "coordinates": [[[-46.862829, -21.8373303], [-46.862829, -21.8373303]]]}}, {"type": "Feature", "id": "osm/555269557", "properties": {"osm_id": 555269557, "name": "", "water_type": "lake", "natural": "water", "water": "lake", "waterway": "", "width": null, "depth": null, "area_km2": 0.004, "length_km": null}, "geometry": {"type": "Polygon", "coordinates": [[[-46.8570864, -21.9181046], [-46.8570864, -21.9181046]]]}}, {"type": "Feature", "id": "osm/555269558", "properties": {"osm_id": 555269558, "name": "", "water_type": "lake", "natural": "water", "water": "lake", "waterway": "", "width": null, "depth": null, "area_km2": 0.007, "length_km": null}, "geometry": {"type": "Polygon", "coordinates": [[[-46.8562603, -21.9163329], [-46.8562603, -21.9163329]]]}}, {"type": "Feature", "id": "osm/555269560", "properties": {"osm_id": 555269560, "name": "", "water_type": "lake", "natural": "water", "water": "lake", "waterway": "", "width": null, "depth": null, "area_km2": 0.001, "length_km": null}, "geometry": {"type": "Polygon", "coordinates": [[[-46.8668067, -21.8964147], [-46.8668067, -21.8964147]]]}}, {"type": "Feature", "id": "osm/555269561", "properties": {"osm_id": 555269561, "name": "", "water_type": "lake", "natural": "water", "water": "lake", "waterway": "", "width": null, "depth": null, "area_km2": 0.002, "length_km": null}, "geometry": {"type": "Polygon", "coordinates": [[[-46.8673646, -21.8955411], [-46.8673646, -21.8955411]]]}}, {"type": "Feature", "id": "osm/555269562", "properties": {"osm_id": 555269562, "name": "", "water_type": "lake", "natural": "water", "water": "lake", "waterway": "", "width": null, "depth": null, "area_km2": 0.018, "length_km": null}, "geometry": {"type": "Polygon", "coordinates": [[[-46.8777233, -21.8826216], [-46.8777233, -21.8826216]]]}}, {"type": "Feature", "id": "osm/555269563", "properties": {"osm_id": 555269563, "name": "", "water_type": "lake", "natural": "water", "water": "lake", "waterway": "", "width": null, "depth": null, "area_km2": 0.001, "length_km": null}, "geometry": {"type": "Polygon", "coordinates": [[[-46.8774229, -21.8830273], [-46.8774229, -21.8830273]]]}}, {"type": "Feature", "id": "osm/555269564", "properties": {"osm_id": 555269564, "name": "", "water_type": "lake", "natural": "water", "water": "lake", "waterway": "", "width": null, "depth": null, "area_km2": 0.001, "length_km": null}, "geometry": {"type": "Polygon", "coordinates": [[[-46.8759692, -21.8837665], [-46.8759692, -21.8837665]]]}}, {"type": "Feature", "id": "osm/555269565", "properties": {"osm_id": 555269565, "name": "", "water_type": "lake", "natural": "water", "water": "lake", "waterway": "", "width": null, "depth": null, "area_km2": 0.001, "length_km": null}, "geometry": {"type": "Polygon", "coordinates": [[[-46.876291, -21.8838113], [-46.876291, -21.8838113]]]}}, {"type": "Feature", "id": "osm/555269576", "properties": {"osm_id": 555269576, "name": "", "water_type": "lake", "natural": "water", "water": "lake", "waterway": "", "width": null, "depth": null, "area_km2": 0.059, "length_km": null}, "geometry": {"type": "Polygon", "coordinates": [[[-46.930579, -21.8579738], [-46.930579, -21.8579738]]]}}, {"type": "Feature", "id": "osm/555269577", "properties": {"osm_id": 555269577, "name": "", "water_type": "lake", "natural": "water", "water": "lake", "waterway": "", "width": null, "depth": null, "area_km2": 0.098, "length_km": null}, "geometry": {"type": "Polygon", "coordinates": [[[-46.9366408, -21.8589496], [-46.9366408, -21.8589496]]]}}, {"type": "Feature", "id": "osm/557145148", "properties": {"osm_id": 557145148, "name": "Lagoa Pedreira", "water_type": "pond", "natural": "water", "water": "pond", "waterway": "", "width": null, "depth": null, "area_km2": 0.003, "length_km": null}, "geometry": {"type": "Polygon", "coordinates": [[[-46.9877692, -22.0557369], [-46.9877692, -22.0557369]]]}}, {"type": "Feature", "id": "osm/557812340", "properties": {"osm_id": 557812340, "name": "Lago do Parque Ecologico", "water_type": "lake", "natural": "water", "water": "lake", "waterway": "", "width": null, "depth": null, "area_km2": 0.012, "length_km": null}, "geometry": {"type": "Polygon", "coordinates": [[[-46.3698323, -22.2861344], [-46.3698323, -22.2861344]]]}}, {"type": "Feature", "id": "osm/560380915", "properties": {"osm_id": 560380915, "name": "", "water_type": "lake", "natural": "water", "water": "lake", "waterway": "", "width": null, "depth": null, "area_km2": 0.005, "length_km": null}, "geometry": {"type": "Polygon", "coordinates": [[[-46.8251772, -22.3180619], [-46.8251772, -22.3180619]]]}}, {"type": "Feature", "id": "osm/560380916", "properties": {"osm_id": 560380916, "name": "", "water_type": "lake", "natural": "water", "water": "lake", "waterway": "", "width": null, "depth": null, "area_km2": 0.015, "length_km": null}, "geometry": {"type": "Polygon", "coordinates": [[[-46.8257591, -22.318233], [-46.8257591, -22.318233]]]}}, {"type": "Feature", "id": "osm/560380917", "properties": {"osm_id": 560380917, "name": "", "water_type": "lake", "natural": "water", "water": "lake", "waterway": "", "width": null, "depth": null, "area_km2": 0.019, "length_km": null}, "geometry": {"type": "Polygon", "coordinates": [[[-46.8332274, -22.3176078], [-46.8332274, -22.3176078]]]}}, {"type": "Feature", "id": "osm/568344311", "properties": {"osm_id": 568344311, "name": "", "water_type": "water", "natural": "water", "water": "", "waterway": "", "width": null, "depth": null, "area_km2": 0, "length_km": null}, "geometry": {"type": "Polygon", "coordinates": [[[-46.3306357, -22.3151449], [-46.3306357, -22.3151449]]]}}, {"type": "Feature", "id": "osm/568344312", "properties": {"osm_id": 568344312, "name": "", "water_type": "water", "natural": "water", "water": "", "waterway": "", "width": null, "depth": null, "area_km2": 0.002, "length_km": null}, "geometry": {"type": "Polygon", "coordinates": [[[-46.3243012, -22.3158], [-46.3243012, -22.3158]]]}}, {"type": "Feature", "id": "osm/571064395", "properties": {"osm_id": 571064395, "name": "", "water_type": "lake", "natural": "water", "water": "lake", "waterway": "", "width": null, "depth": null, "area_km2": 0.019, "length_km": null}, "geometry": {"type": "Polygon", "coordinates": [[[-46.771481, -21.6382718], [-46.771481, -21.6382718]]]}}, {"type": "Feature", "id": "osm/571064399", "properties": {"osm_id": 571064399, "name": "", "water_type": "lake", "natural": "water", "water": "lake", "waterway": "", "width": null, "depth": null, "area_km2": 0.001, "length_km": null}, "geometry": {"type": "Polygon", "coordinates": [[[-46.767671, -21.6289432], [-46.767671, -21.6289432]]]}}, {"type": "Feature", "id": "osm/571064401", "properties": {"osm_id": 571064401, "name": "", "water_type": "lake", "natural": "water", "water": "lake", "waterway": "", "width": null, "depth": null, "area_km2": 0.001, "length_km": null}, "geometry": {"type": "Polygon", "coordinates": [[[-46.7678118, -21.628366], [-46.7678118, -21.628366]]]}}, {"type": "Feature", "id": "osm/571064403", "properties": {"osm_id": 571064403, "name": "", "water_type": "lake", "natural": "water", "water": "lake", "waterway": "", "width": null, "depth": null, "area_km2": 0, "length_km": null}, "geometry": {"type": "Polygon", "coordinates": [[[-46.7584214, -21.6393501], [-46.7584214, -21.6393501]]]}}, {"type": "Feature", "id": "osm/571064404", "properties": {"osm_id": 571064404, "name": "", "water_type": "lake", "natural": "water", "water": "lake", "waterway": "", "width": null, "depth": null, "area_km2": 0.001, "length_km": null}, "geometry": {"type": "Polygon", "coordinates": [[[-46.7590302, -21.6404458], [-46.7590302, -21.6404458]]]}}, {"type": "Feature", "id": "osm/571064405", "properties": {"osm_id": 571064405, "name": "", "water_type": "lake", "natural": "water", "water": "lake", "waterway": "", "width": null, "depth": null, "area_km2": 0.003, "length_km": null}, "geometry": {"type": "Polygon", "coordinates": [[[-46.7586172, -21.6397377], [-46.7586172, -21.6397377]]]}}, {"type": "Feature", "id": "osm/571064406", "properties": {"osm_id": 571064406, "name": "", "water_type": "lake", "natural": "water", "water": "lake", "waterway": "", "width": null, "depth": null, "area_km2": 0, "length_km": null}, "geometry": {"type": "Polygon", "coordinates": [[[-46.7688029, -21.6419816], [-46.7688029, -21.6419816]]]}}, {"type": "Feature", "id": "osm/571064407", "properties": {"osm_id": 571064407, "name": "", "water_type": "lake", "natural": "water", "water": "lake", "waterway": "", "width": null, "depth": null, "area_km2": 0.019, "length_km": null}, "geometry": {"type": "Polygon", "coordinates": [[[-46.7696545, -21.638905], [-46.7696545, -21.638905]]]}}, {"type": "Feature", "id": "osm/571064408", "properties": {"osm_id": 571064408, "name": "", "water_type": "lake", "natural": "water", "water": "lake", "waterway": "", "width": null, "depth": null, "area_km2": 0.004, "length_km": null}, "geometry": {"type": "Polygon", "coordinates": [[[-46.7691046, -21.6345643], [-46.7691046, -21.6345643]]]}}, {"type": "Feature", "id": "osm/571064409", "properties": {"osm_id": 571064409, "name": "", "water_type": "lake", "natural": "water", "water": "lake", "waterway": "", "width": null, "depth": null, "area_km2": 0.004, "length_km": null}, "geometry": {"type": "Polygon", "coordinates": [[[-46.8030185, -21.6635381], [-46.8030185, -21.6635381]]]}}, {"type": "Feature", "id": "osm/571064410", "properties": {"osm_id": 571064410, "name": "", "water_type": "lake", "natural": "water", "water": "lake", "waterway": "", "width": null, "depth": null, "area_km2": 0.018, "length_km": null}, "geometry": {"type": "Polygon", "coordinates": [[[-46.7469442, -21.6940736], [-46.7469442, -21.6940736]]]}}, {"type": "Feature", "id": "osm/571064415", "properties": {"osm_id": 571064415, "name": "", "water_type": "lake", "natural": "water", "water": "lake", "waterway": "", "width": null, "depth": null, "area_km2": 0, "length_km": null}, "geometry": {"type": "Polygon", "coordinates": [[[-46.6265586, -21.6754256], [-46.6265586, -21.6754256]]]}}, {"type": "Feature", "id": "osm/571064416", "properties": {"osm_id": 571064416, "name": "", "water_type": "lake", "natural": "water", "water": "lake", "waterway": "", "width": null, "depth": null, "area_km2": 0.001, "length_km": null}, "geometry": {"type": "Polygon", "coordinates": [[[-46.7150527, -21.7031899], [-46.7150527, -21.7031899]]]}}, {"type": "Feature", "id": "osm/571064417", "properties": {"osm_id": 571064417, "name": "", "water_type": "lake", "natural": "water", "water": "lake", "waterway": "", "width": null, "depth": null, "area_km2": 0.005, "length_km": null}, "geometry": {"type": "Polygon", "coordinates": [[[-46.7315403, -21.6993371], [-46.7315403, -21.6993371]]]}}, {"type": "Feature", "id": "osm/571064418", "properties": {"osm_id": 571064418, "name": "", "water_type": "lake", "natural": "water", "water": "lake", "waterway": "", "width": null, "depth": null, "area_km2": 0.001, "length_km": null}, "geometry": {"type": "Polygon", "coordinates": [[[-46.7227185, -21.656532], [-46.7227185, -21.656532]]]}}, {"type": "Feature", "id": "osm/571064419", "properties": {"osm_id": 571064419, "name": "", "water_type": "lake", "natural": "water", "water": "lake", "waterway": "", "width": null, "depth": null, "area_km2": 0.001, "length_km": null}, "geometry": {"type": "Polygon", "coordinates": [[[-46.6932035, -21.6392765], [-46.6932035, -21.6392765]]]}}, {"type": "Feature", "id": "osm/571064421", "properties": {"osm_id": 571064421, "name": "", "water_type": "lake", "natural": "water", "water": "lake", "waterway": "", "width": null, "depth": null, "area_km2": 0.001, "length_km": null}, "geometry": {"type": "Polygon", "coordinates": [[[-46.6914868, -21.6264411], [-46.6914868, -21.6264411]]]}}, {"type": "Feature", "id": "osm/571064424", "properties": {"osm_id": 571064424, "name": "", "water_type": "lake", "natural": "water", "water": "lake", "waterway": "", "width": null, "depth": null, "area_km2": 0, "length_km": null}, "geometry": {"type": "Polygon", "coordinates": [[[-46.7008826, -21.622651], [-46.7008826, -21.622651]]]}}, {"type": "Feature", "id": "osm/571064425", "properties": {"osm_id": 571064425, "name": "", "water_type": "lake", "natural": "water", "water": "lake", "waterway": "", "width": null, "depth": null, "area_km2": 0.001, "length_km": null}, "geometry": {"type": "Polygon", "coordinates": [[[-46.7011106, -21.622297], [-46.7011106, -21.622297]]]}}, {"type": "Feature", "id": "osm/571064426", "properties": {"osm_id": 571064426, "name": "", "water_type": "lake", "natural": "water", "water": "lake", "waterway": "", "width": null, "depth": null, "area_km2": 0.001, "length_km": null}, "geometry": {"type": "Polygon", "coordinates": [[[-46.7001987, -21.6212422], [-46.7001987, -21.6212422]]]}}, {"type": "Feature", "id": "osm/571064427", "properties": {"osm_id": 571064427, "name": "", "water_type": "lake", "natural": "water", "water": "lake", "waterway": "", "width": null, "depth": null, "area_km2": 0, "length_km": null}, "geometry": {"type": "Polygon", "coordinates": [[[-46.6987717, -21.6194544], [-46.6987717, -21.6194544]]]}}, {"type": "Feature", "id": "osm/571064428", "properties": {"osm_id": 571064428, "name": "", "water_type": "lake", "natural": "water", "water": "lake", "waterway": "", "width": null, "depth": null, "area_km2": 0.003, "length_km": null}, "geometry": {"type": "Polygon", "coordinates": [[[-46.6991526, -21.6193372], [-46.6991526, -21.6193372]]]}}, {"type": "Feature", "id": "osm/571064429", "properties": {"osm_id": 571064429, "name": "", "water_type": "lake", "natural": "water", "water": "lake", "waterway": "", "width": null, "depth": null, "area_km2": 0.005, "length_km": null}, "geometry": {"type": "Polygon", "coordinates": [[[-46.6984713, -21.6180256], [-46.6984713, -21.6180256]]]}}, {"type": "Feature", "id": "osm/571064430", "properties": {"osm_id": 571064430, "name": "", "water_type": "lake", "natural": "water", "water": "lake", "waterway": "", "width": null, "depth": null, "area_km2": 0.001, "length_km": null}, "geometry": {"type": "Polygon", "coordinates": [[[-46.6971785, -21.6140084], [-46.6971785, -21.6140084]]]}}, {"type": "Feature", "id": "osm/571064431", "properties": {"osm_id": 571064431, "name": "", "water_type": "lake", "natural": "water", "water": "lake", "waterway": "", "width": null, "depth": null, "area_km2": 0.002, "length_km": null}, "geometry": {"type": "Polygon", "coordinates": [[[-46.697157, -21.61436], [-46.697157, -21.61436]]]}}, {"type": "Feature", "id": "osm/571064432", "properties": {"osm_id": 571064432, "name": "", "water_type": "lake", "natural": "water", "water": "lake", "waterway": "", "width": null, "depth": null, "area_km2": 0.002, "length_km": null}, "geometry": {"type": "Polygon", "coordinates": [[[-46.6962531, -21.6132304], [-46.6962531, -21.6132304]]]}}, {"type": "Feature", "id": "osm/571064433", "properties": {"osm_id": 571064433, "name": "", "water_type": "lake", "natural": "water", "water": "lake", "waterway": "", "width": null, "depth": null, "area_km2": 0.03, "length_km": null}, "geometry": {"type": "Polygon", "coordinates": [[[-46.693418, -21.6129536], [-46.693418, -21.6129536]]]}}, {"type": "Feature", "id": "osm/571146593", "properties": {"osm_id": 571146593, "name": "", "water_type": "lake", "natural": "water", "water": "lake", "waterway": "", "width": null, "depth": null, "area_km2": 0.001, "length_km": null}, "geometry": {"type": "Polygon", "coordinates": [[[-46.333585, -22.3124232], [-46.333585, -22.3124232]]]}}, {"type": "Feature", "id": "osm/571146594", "properties": {"osm_id": 571146594, "name": "", "water_type": "lake", "natural": "water", "water": "lake", "waterway": "", "width": null, "depth": null, "area_km2": 0.001, "length_km": null}, "geometry": {"type": "Polygon", "coordinates": [[[-46.3332068, -22.3132098], [-46.333188, -22.3133686], [-46.3327294, -22.3132867], [-46.3327615, -22.3131279], [-46.3332068, -22.3132098]]]}}, {"type": "Feature", "id": "osm/571146595", "properties": {"osm_id": 571146595, "name": "", "water_type": "lake", "natural": "water", "water": "lake", "waterway": "", "width": null, "depth": null, "area_km2": 0.001, "length_km": null}, "geometry": {"type": "Polygon", "coordinates": [[[-46.3326854, -22.3131473], [-46.3326854, -22.3131473]]]}}, {"type": "Feature", "id": "osm/571146599", "properties": {"osm_id": 571146599, "name": "", "water_type": "lake", "natural": "water", "water": "lake", "waterway": "", "width": null, "depth": null, "area_km2": 0.001, "length_km": null}, "geometry": {"type": "Polygon", "coordinates": [[[-46.3340796, -22.3112886], [-46.3339876, -22.31158], [-46.3338248, -22.3114949], [-46.333885, -22.3111478], [-46.3340796, -22.3112886]]]}}, {"type": "Feature", "id": "osm/571146600", "properties": {"osm_id": 571146600, "name": "", "water_type": "lake", "natural": "water", "water": "lake", "waterway": "", "width": null, "depth": null, "area_km2": 0.003, "length_km": null}, "geometry": {"type": "Polygon", "coordinates": [[[-46.3343168, -22.3109906], [-46.3343168, -22.3109906]]]}}, {"type": "Feature", "id": "osm/573690532", "properties": {"osm_id": 573690532, "name": "", "water_type": "lake", "natural": "water", "water": "lake", "waterway": "", "width": null, "depth": null, "area_km2": 0.001, "length_km": null}, "geometry": {"type": "Polygon", "coordinates": [[[-46.5962121, -22.208077], [-46.5962121, -22.208077]]]}}, {"type": "Feature", "id": "osm/573690535", "properties": {"osm_id": 573690535, "name": "", "water_type": "lake", "natural": "water", "water": "lake", "waterway": "", "width": null, "depth": null, "area_km2": 0.004, "length_km": null}, "geometry": {"type": "Polygon", "coordinates": [[[-46.5957963, -22.2093235], [-46.5957963, -22.2093235]]]}}, {"type": "Feature", "id": "osm/573690538", "properties": {"osm_id": 573690538, "name": "", "water_type": "water", "natural": "water", "water": "", "waterway": "", "width": null, "depth": null, "area_km2": 0.002, "length_km": null}, "geometry": {"type": "Polygon", "coordinates": [[[-46.603678, -22.2033128], [-46.603678, -22.2033128]]]}}, {"type": "Feature", "id": "osm/573690541", "properties": {"osm_id": 573690541, "name": "", "water_type": "water", "natural": "water", "water": "", "waterway": "", "width": null, "depth": null, "area_km2": 0.002, "length_km": null}, "geometry": {"type": "Polygon", "coordinates": [[[-46.5945625, -22.1880085], [-46.5945625, -22.1880085]]]}}, {"type": "Feature", "id": "osm/573690543", "properties": {"osm_id": 573690543, "name": "", "water_type": "lake", "natural": "water", "water": "lake", "waterway": "", "width": null, "depth": null, "area_km2": 0.001, "length_km": null}, "geometry": {"type": "Polygon", "coordinates": [[[-46.5829673, -22.2058296], [-46.5829673, -22.2058296]]]}}, {"type": "Feature", "id": "osm/573690544", "properties": {"osm_id": 573690544, "name": "", "water_type": "lake", "natural": "water", "water": "lake", "waterway": "", "width": null, "depth": null, "area_km2": 0, "length_km": null}, "geometry": {"type": "Polygon", "coordinates": [[[-46.5827782, -22.205025], [-46.5827782, -22.205025]]]}}, {"type": "Feature", "id": "osm/573690547", "properties": {"osm_id": 573690547, "name": "", "water_type": "lake", "natural": "water", "water": "lake", "waterway": "", "width": null, "depth": null, "area_km2": 0.001, "length_km": null}, "geometry": {"type": "Polygon", "coordinates": [[[-46.5925294, -22.2080397], [-46.5925294, -22.2080397]]]}}, {"type": "Feature", "id": "osm/573690548", "properties": {"osm_id": 573690548, "name": "", "water_type": "lake", "natural": "water", "water": "lake", "waterway": "", "width": null, "depth": null, "area_km2": 0.002, "length_km": null}, "geometry": {"type": "Polygon", "coordinates": [[[-46.5926206, -22.2081912], [-46.5926206, -22.2081912]]]}}, {"type": "Feature", "id": "osm/573690554", "properties": {"osm_id": 573690554, "name": "", "water_type": "lake", "natural": "water", "water": "lake", "waterway": "", "width": null, "depth": null, "area_km2": 0.004, "length_km": null}, "geometry": {"type": "Polygon", "coordinates": [[[-46.6543007, -22.1833368], [-46.6543007, -22.1833368]]]}}, {"type": "Feature", "id": "osm/573690558", "properties": {"osm_id": 573690558, "name": "", "water_type": "lake", "natural": "water", "water": "lake", "waterway": "", "width": null, "depth": null, "area_km2": 0.001, "length_km": null}, "geometry": {"type": "Polygon", "coordinates": [[[-46.6599038, -22.2037263], [-46.6599038, -22.2037263]]]}}, {"type": "Feature", "id": "osm/573690559", "properties": {"osm_id": 573690559, "name": "", "water_type": "lake", "natural": "water", "water": "lake", "waterway": "", "width": null, "depth": null, "area_km2": 0.001, "length_km": null}, "geometry": {"type": "Polygon", "coordinates": [[[-46.6608506, -22.2035276], [-46.6608506, -22.2035276]]]}}, {"type": "Feature", "id": "osm/573690561", "properties": {"osm_id": 573690561, "name": "", "water_type": "lake", "natural": "water", "water": "lake", "waterway": "", "width": null, "depth": null, "area_km2": 0, "length_km": null}, "geometry": {"type": "Polygon", "coordinates": [[[-46.6677681, -22.1996461], [-46.6677681, -22.1996461]]]}}, {"type": "Feature", "id": "osm/573690562", "properties": {"osm_id": 573690562, "name": "", "water_type": "lake", "natural": "water", "water": "lake", "waterway": "", "width": null, "depth": null, "area_km2": 0.002, "length_km": null}, "geometry": {"type": "Polygon", "coordinates": [[[-46.6678566, -22.1999143], [-46.6678566, -22.1999143]]]}}, {"type": "Feature", "id": "osm/573690563", "properties": {"osm_id": 573690563, "name": "", "water_type": "lake", "natural": "water", "water": "lake", "waterway": "", "width": null, "depth": null, "area_km2": 0.001, "length_km": null}, "geometry": {"type": "Polygon", "coordinates": [[[-46.6686398, -22.2002496], [-46.6686398, -22.2002496]]]}}, {"type": "Feature", "id": "osm/573690564", "properties": {"osm_id": 573690564, "name": "", "water_type": "water", "natural": "water", "water": "", "waterway": "", "width": null, "depth": null, "area_km2": 0, "length_km": null}, "geometry": {"type": "Polygon", "coordinates": [[[-46.6681141, -22.2002074], [-46.6681141, -22.2002074]]]}}, {"type": "Feature", "id": "osm/573690565", "properties": {"osm_id": 573690565, "name": "", "water_type": "lake", "natural": "water", "water": "lake", "waterway": "", "width": null, "depth": null, "area_km2": 0.001, "length_km": null}, "geometry": {"type": "Polygon", "coordinates": [[[-46.6684359, -22.2003837], [-46.6684359, -22.2003837]]]}}, {"type": "Feature", "id": "osm/573690566", "properties": {"osm_id": 573690566, "name": "", "water_type": "lake", "natural": "water", "water": "lake", "waterway": "", "width": null, "depth": null, "area_km2": 0.003, "length_km": null}, "geometry": {"type": "Polygon", "coordinates": [[[-46.6558242, -22.2001726], [-46.6558242, -22.2001726]]]}}, {"type": "Feature", "id": "osm/573690568", "properties": {"osm_id": 573690568, "name": "", "water_type": "lake", "natural": "water", "water": "lake", "waterway": "", "width": null, "depth": null, "area_km2": 0.001, "length_km": null}, "geometry": {"type": "Polygon", "coordinates": [[[-46.6543624, -22.2026783], [-46.6543624, -22.2026783]]]}}, {"type": "Feature", "id": "osm/573690569", "properties": {"osm_id": 573690569, "name": "", "water_type": "lake", "natural": "water", "water": "lake", "waterway": "", "width": null, "depth": null, "area_km2": 0.001, "length_km": null}, "geometry": {"type": "Polygon", "coordinates": [[[-46.6529408, -22.2025517], [-46.6529408, -22.2025517]]]}}, {"type": "Feature", "id": "osm/573690570", "properties": {"osm_id": 573690570, "name": "", "water_type": "lake", "natural": "water", "water": "lake", "waterway": "", "width": null, "depth": null, "area_km2": 0.006, "length_km": null}, "geometry": {"type": "Polygon", "coordinates": [[[-46.6541424, -22.2021245], [-46.6541424, -22.2021245]]]}}, {"type": "Feature", "id": "osm/573690572", "properties": {"osm_id": 573690572, "name": "", "water_type": "lake", "natural": "water", "water": "lake", "waterway": "", "width": null, "depth": null, "area_km2": 0.001, "length_km": null}, "geometry": {"type": "Polygon", "coordinates": [[[-46.6303164, -22.2008555], [-46.6303164, -22.2008555]]]}}, {"type": "Feature", "id": "osm/573690573", "properties": {"osm_id": 573690573, "name": "", "water_type": "lake", "natural": "water", "water": "lake", "waterway": "", "width": null, "depth": null, "area_km2": 0.001, "length_km": null}, "geometry": {"type": "Polygon", "coordinates": [[[-46.6291174, -22.202055], [-46.6291174, -22.202055]]]}}, {"type": "Feature", "id": "osm/573690575", "properties": {"osm_id": 573690575, "name": "", "water_type": "lake", "natural": "water", "water": "lake", "waterway": "", "width": null, "depth": null, "area_km2": 0, "length_km": null}, "geometry": {"type": "Polygon", "coordinates": [[[-46.6322368, -22.200786], [-46.6322368, -22.200786]]]}}, {"type": "Feature", "id": "osm/573690579", "properties": {"osm_id": 573690579, "name": "", "water_type": "water", "natural": "water", "water": "", "waterway": "", "width": null, "depth": null, "area_km2": 0.001, "length_km": null}, "geometry": {"type": "Polygon", "coordinates": [[[-46.587224, -22.188468], [-46.587224, -22.188468]]]}}, {"type": "Feature", "id": "osm/573690582", "properties": {"osm_id": 573690582, "name": "", "water_type": "lake", "natural": "water", "water": "lake", "waterway": "", "width": null, "depth": null, "area_km2": 0.002, "length_km": null}, "geometry": {"type": "Polygon", "coordinates": [[[-46.5521032, -22.1781359], [-46.5521032, -22.1781359]]]}}, {"type": "Feature", "id": "osm/573690586", "properties": {"osm_id": 573690586, "name": "", "water_type": "lake", "natural": "water", "water": "lake", "waterway": "", "width": null, "depth": null, "area_km2": 0, "length_km": null}, "geometry": {"type": "Polygon", "coordinates": [[[-46.5382335, -22.1868834], [-46.5382335, -22.1868834]]]}}, {"type": "Feature", "id": "osm/573690589", "properties": {"osm_id": 573690589, "name": "", "water_type": "lake", "natural": "water", "water": "lake", "waterway": "", "width": null, "depth": null, "area_km2": 0, "length_km": null}, "geometry": {"type": "Polygon", "coordinates": [[[-46.5483132, -22.1885052], [-46.5483132, -22.1885052]]]}}, {"type": "Feature", "id": "osm/573690590", "properties": {"osm_id": 573690590, "name": "", "water_type": "lake", "natural": "water", "water": "lake", "waterway": "", "width": null, "depth": null, "area_km2": 0, "length_km": null}, "geometry": {"type": "Polygon", "coordinates": [[[-46.5484071, -22.1886368], [-46.5484071, -22.1886368]]]}}, {"type": "Feature", "id": "osm/573690600", "properties": {"osm_id": 573690600, "name": "", "water_type": "lake", "natural": "water", "water": "lake", "waterway": "", "width": null, "depth": null, "area_km2": 0, "length_km": null}, "geometry": {"type": "Polygon", "coordinates": [[[-46.5627167, -22.1917761], [-46.5627167, -22.1917761]]]}}, {"type": "Feature", "id": "osm/573690601", "properties": {"osm_id": 573690601, "name": "", "water_type": "lake", "natural": "water", "water": "lake", "waterway": "", "width": null, "depth": null, "area_km2": 0, "length_km": null}, "geometry": {"type": "Polygon", "coordinates": [[[-46.5627703, -22.1916221], [-46.5627582, -22.1917016], [-46.5625866, -22.1916941], [-46.5626322, -22.191596], [-46.5627703, -22.1916221]]]}}, {"type": "Feature", "id": "osm/573690603", "properties": {"osm_id": 573690603, "name": "", "water_type": "lake", "natural": "water", "water": "lake", "waterway": "", "width": null, "depth": null, "area_km2": 0, "length_km": null}, "geometry": {"type": "Polygon", "coordinates": [[[-46.5690695, -22.1949996], [-46.5689743, -22.1950443], [-46.569048, -22.1952045], [-46.5691204, -22.1951536], [-46.5690695, -22.1949996]]]}}, {"type": "Feature", "id": "osm/573690605", "properties": {"osm_id": 573690605, "name": "", "water_type": "lake", "natural": "water", "water": "lake", "waterway": "", "width": null, "depth": null, "area_km2": 0, "length_km": null}, "geometry": {"type": "Polygon", "coordinates": [[[-46.5714875, -22.1957], [-46.5714875, -22.1957]]]}}, {"type": "Feature", "id": "osm/573690606", "properties": {"osm_id": 573690606, "name": "", "water_type": "lake", "natural": "water", "water": "lake", "waterway": "", "width": null, "depth": null, "area_km2": 0.001, "length_km": null}, "geometry": {"type": "Polygon", "coordinates": [[[-46.571171, -22.1953821], [-46.571171, -22.1953821]]]}}, {"type": "Feature", "id": "osm/573690607", "properties": {"osm_id": 573690607, "name": "", "water_type": "lake", "natural": "water", "water": "lake", "waterway": "", "width": null, "depth": null, "area_km2": 0.001, "length_km": null}, "geometry": {"type": "Polygon", "coordinates": [[[-46.5712327, -22.1948556], [-46.5712327, -22.1948556]]]}}, {"type": "Feature", "id": "osm/573690609", "properties": {"osm_id": 573690609, "name": "", "water_type": "lake", "natural": "water", "water": "lake", "waterway": "", "width": null, "depth": null, "area_km2": 0.001, "length_km": null}, "geometry": {"type": "Polygon", "coordinates": [[[-46.5790004, -22.1862563], [-46.5790004, -22.1862563]]]}}, {"type": "Feature", "id": "osm/573690611", "properties": {"osm_id": 573690611, "name": "", "water_type": "lake", "natural": "water", "water": "lake", "waterway": "", "width": null, "depth": null, "area_km2": 0.001, "length_km": null}, "geometry": {"type": "Polygon", "coordinates": [[[-46.5745667, -22.1872932], [-46.5745667, -22.1872932]]]}}, {"type": "Feature", "id": "osm/573690613", "properties": {"osm_id": 573690613, "name": "", "water_type": "lake", "natural": "water", "water": "lake", "waterway": "", "width": null, "depth": null, "area_km2": 0, "length_km": null}, "geometry": {"type": "Polygon", "coordinates": [[[-46.6196412, -22.1948854], [-46.6196412, -22.1948854]]]}}, {"type": "Feature", "id": "osm/573690616", "properties": {"osm_id": 573690616, "name": "", "water_type": "lake", "natural": "water", "water": "lake", "waterway": "", "width": null, "depth": null, "area_km2": 0.001, "length_km": null}, "geometry": {"type": "Polygon", "coordinates": [[[-46.6190967, -22.1938597], [-46.6190967, -22.1938597]]]}}, {"type": "Feature", "id": "osm/573690620", "properties": {"osm_id": 573690620, "name": "", "water_type": "lake", "natural": "water", "water": "lake", "waterway": "", "width": null, "depth": null, "area_km2": 0.001, "length_km": null}, "geometry": {"type": "Polygon", "coordinates": [[[-46.6210038, -22.1980692], [-46.6210038, -22.1980692]]]}}, {"type": "Feature", "id": "osm/573690622", "properties": {"osm_id": 573690622, "name": "", "water_type": "lake", "natural": "water", "water": "lake", "waterway": "", "width": null, "depth": null, "area_km2": 0.001, "length_km": null}, "geometry": {"type": "Polygon", "coordinates": [[[-46.6248152, -22.1963308], [-46.6248152, -22.1963308]]]}}, {"type": "Feature", "id": "osm/573690623", "properties": {"osm_id": 573690623, "name": "", "water_type": "lake", "natural": "water", "water": "lake", "waterway": "", "width": null, "depth": null, "area_km2": 0, "length_km": null}, "geometry": {"type": "Polygon", "coordinates": [[[-46.6245577, -22.1955112], [-46.6245577, -22.1955112]]]}}, {"type": "Feature", "id": "osm/573690624", "properties": {"osm_id": 573690624, "name": "", "water_type": "lake", "natural": "water", "water": "lake", "waterway": "", "width": null, "depth": null, "area_km2": 0, "length_km": null}, "geometry": {"type": "Polygon", "coordinates": [[[-46.6249841, -22.1953821], [-46.6249841, -22.1953821]]]}}, {"type": "Feature", "id": "osm/573690626", "properties": {"osm_id": 573690626, "name": "", "water_type": "lake", "natural": "water", "water": "lake", "waterway": "", "width": null, "depth": null, "area_km2": 0.002, "length_km": null}, "geometry": {"type": "Polygon", "coordinates": [[[-46.6250163, -22.1986701], [-46.6250163, -22.1986701]]]}}, {"type": "Feature", "id": "osm/573690627", "properties": {"osm_id": 573690627, "name": "", "water_type": "lake", "natural": "water", "water": "lake", "waterway": "", "width": null, "depth": null, "area_km2": 0.001, "length_km": null}, "geometry": {"type": "Polygon", "coordinates": [[[-46.6249573, -22.1982778], [-46.6249895, -22.1984615], [-46.6253114, -22.198387], [-46.6253221, -22.198238], [-46.6249573, -22.1982778]]]}}, {"type": "Feature", "id": "osm/573690628", "properties": {"osm_id": 573690628, "name": "", "water_type": "lake", "natural": "water", "water": "lake", "waterway": "", "width": null, "depth": null, "area_km2": 0.002, "length_km": null}, "geometry": {"type": "Polygon", "coordinates": [[[-46.6247857, -22.1982678], [-46.6247857, -22.1982678]]]}}, {"type": "Feature", "id": "osm/573690629", "properties": {"osm_id": 573690629, "name": "", "water_type": "lake", "natural": "water", "water": "lake", "waterway": "", "width": null, "depth": null, "area_km2": 0.005, "length_km": null}, "geometry": {"type": "Polygon", "coordinates": [[[-46.625483, -22.1977463], [-46.625483, -22.1977463]]]}}, {"type": "Feature", "id": "osm/573690630", "properties": {"osm_id": 573690630, "name": "", "water_type": "lake", "natural": "water", "water": "lake", "waterway": "", "width": null, "depth": null, "area_km2": 0.002, "length_km": null}, "geometry": {"type": "Polygon", "coordinates": [[[-46.6257244, -22.1979202], [-46.6257244, -22.1979202]]]}}, {"type": "Feature", "id": "osm/573690631", "properties": {"osm_id": 573690631, "name": "", "water_type": "lake", "natural": "water", "water": "lake", "waterway": "", "width": null, "depth": null, "area_km2": 0.002, "length_km": null}, "geometry": {"type": "Polygon", "coordinates": [[[-46.6251665, -22.1969417], [-46.6258639, -22.1977414], [-46.6256118, -22.1978059], [-46.6250807, -22.1969367], [-46.6251665, -22.1969417]]]}}, {"type": "Feature", "id": "osm/573690632", "properties": {"osm_id": 573690632, "name": "", "water_type": "lake", "natural": "water", "water": "lake", "waterway": "", "width": null, "depth": null, "area_km2": 0.002, "length_km": null}, "geometry": {"type": "Polygon", "coordinates": [[[-46.6249466, -22.1970063], [-46.6249466, -22.1970063]]]}}, {"type": "Feature", "id": "osm/573690634", "properties": {"osm_id": 573690634, "name": "", "water_type": "lake", "natural": "water", "water": "lake", "waterway": "", "width": null, "depth": null, "area_km2": 0.006, "length_km": null}, "geometry": {"type": "Polygon", "coordinates": [[[-46.6406912, -22.2122537], [-46.6406912, -22.2122537]]]}}, {"type": "Feature", "id": "osm/573690635", "properties": {"osm_id": 573690635, "name": "", "water_type": "lake", "natural": "water", "water": "lake", "waterway": "", "width": null, "depth": null, "area_km2": 0.001, "length_km": null}, "geometry": {"type": "Polygon", "coordinates": [[[-46.6407448, -22.2140465], [-46.6404766, -22.2140366], [-46.6405195, -22.2142352], [-46.6407609, -22.2142253], [-46.6407448, -22.2140465]]]}}, {"type": "Feature", "id": "osm/573690636", "properties": {"osm_id": 573690636, "name": "", "water_type": "lake", "natural": "water", "water": "lake", "waterway": "", "width": null, "depth": null, "area_km2": 0.001, "length_km": null}, "geometry": {"type": "Polygon", "coordinates": [[[-46.6589034, -22.2159188], [-46.6589034, -22.2159188]]]}}, {"type": "Feature", "id": "osm/573690640", "properties": {"osm_id": 573690640, "name": "", "water_type": "lake", "natural": "water", "water": "lake", "waterway": "", "width": null, "depth": null, "area_km2": 0.002, "length_km": null}, "geometry": {"type": "Polygon", "coordinates": [[[-46.6692218, -22.2009027], [-46.6692218, -22.2009027]]]}}, {"type": "Feature", "id": "osm/573690645", "properties": {"osm_id": 573690645, "name": "", "water_type": "lake", "natural": "water", "water": "lake", "waterway": "", "width": null, "depth": null, "area_km2": 0, "length_km": null}, "geometry": {"type": "Polygon", "coordinates": [[[-46.6480994, -22.193964], [-46.6480994, -22.193964]]]}}, {"type": "Feature", "id": "osm/573690648", "properties": {"osm_id": 573690648, "name": "", "water_type": "lake", "natural": "water", "water": "lake", "waterway": "", "width": null, "depth": null, "area_km2": 0.001, "length_km": null}, "geometry": {"type": "Polygon", "coordinates": [[[-46.6462165, -22.2028422], [-46.6462165, -22.2028422]]]}}, {"type": "Feature", "id": "osm/573690649", "properties": {"osm_id": 573690649, "name": "", "water_type": "lake", "natural": "water", "water": "lake", "waterway": "", "width": null, "depth": null, "area_km2": 0, "length_km": null}, "geometry": {"type": "Polygon", "coordinates": [[[-46.6388592, -22.1926726], [-46.6389155, -22.192762], [-46.6387761, -22.1928216], [-46.6387439, -22.1928067], [-46.6388592, -22.1926726]]]}}, {"type": "Feature", "id": "osm/573690651", "properties": {"osm_id": 573690651, "name": "", "water_type": "lake", "natural": "water", "water": "lake", "waterway": "", "width": null, "depth": null, "area_km2": 0.001, "length_km": null}, "geometry": {"type": "Polygon", "coordinates": [[[-46.6343129, -22.1939069], [-46.6343129, -22.1939069]]]}}, {"type": "Feature", "id": "osm/573690655", "properties": {"osm_id": 573690655, "name": "", "water_type": "lake", "natural": "water", "water": "lake", "waterway": "", "width": null, "depth": null, "area_km2": 0.002, "length_km": null}, "geometry": {"type": "Polygon", "coordinates": [[[-46.6296083, -22.1928589], [-46.6296083, -22.1928589]]]}}, {"type": "Feature", "id": "osm/573690656", "properties": {"osm_id": 573690656, "name": "", "water_type": "lake", "natural": "water", "water": "lake", "waterway": "", "width": null, "depth": null, "area_km2": 0, "length_km": null}, "geometry": {"type": "Polygon", "coordinates": [[[-46.6131006, -22.1890466], [-46.6131006, -22.1890466]]]}}, {"type": "Feature", "id": "osm/573690657", "properties": {"osm_id": 573690657, "name": "", "water_type": "lake", "natural": "water", "water": "lake", "waterway": "", "width": null, "depth": null, "area_km2": 0, "length_km": null}, "geometry": {"type": "Polygon", "coordinates": [[[-46.6130899, -22.1890901], [-46.6130899, -22.1890901]]]}}, {"type": "Feature", "id": "osm/573690658", "properties": {"osm_id": 573690658, "name": "", "water_type": "lake", "natural": "water", "water": "lake", "waterway": "", "width": null, "depth": null, "area_km2": 0.001, "length_km": null}, "geometry": {"type": "Polygon", "coordinates": [[[-46.6120049, -22.1910484], [-46.6120049, -22.1910484]]]}}, {"type": "Feature", "id": "osm/573690660", "properties": {"osm_id": 573690660, "name": "", "water_type": "lake", "natural": "water", "water": "lake", "waterway": "", "width": null, "depth": null, "area_km2": 0, "length_km": null}, "geometry": {"type": "Polygon", "coordinates": [[[-46.6002837, -22.1964773], [-46.6002837, -22.1964773]]]}}, {"type": "Feature", "id": "osm/573690661", "properties": {"osm_id": 573690661, "name": "", "water_type": "lake", "natural": "water", "water": "lake", "waterway": "", "width": null, "depth": null, "area_km2": 0, "length_km": null}, "geometry": {"type": "Polygon", "coordinates": [[[-46.6012841, -22.1963953], [-46.6012841, -22.1963953]]]}}, {"type": "Feature", "id": "osm/573690662", "properties": {"osm_id": 573690662, "name": "", "water_type": "lake", "natural": "water", "water": "lake", "waterway": "", "width": null, "depth": null, "area_km2": 0.001, "length_km": null}, "geometry": {"type": "Polygon", "coordinates": [[[-46.6017965, -22.1963283], [-46.6017965, -22.1963283]]]}}, {"type": "Feature", "id": "osm/573690670", "properties": {"osm_id": 573690670, "name": "", "water_type": "lake", "natural": "water", "water": "lake", "waterway": "", "width": null, "depth": null, "area_km2": 0.001, "length_km": null}, "geometry": {"type": "Polygon", "coordinates": [[[-46.6110635, -22.1966114], [-46.6110635, -22.1966114]]]}}, {"type": "Feature", "id": "osm/573690671", "properties": {"osm_id": 573690671, "name": "", "water_type": "lake", "natural": "water", "water": "lake", "waterway": "", "width": null, "depth": null, "area_km2": 0, "length_km": null}, "geometry": {"type": "Polygon", "coordinates": [[[-46.6123657, -22.1957956], [-46.6123657, -22.1957956]]]}}, {"type": "Feature", "id": "osm/574147955", "properties": {"osm_id": 574147955, "name": "", "water_type": "lake", "natural": "water", "water": "lake", "waterway": "", "width": null, "depth": null, "area_km2": 0.001, "length_km": null}, "geometry": {"type": "Polygon", "coordinates": [[[-46.6914305, -22.1402658], [-46.6914305, -22.1402658]]]}}, {"type": "Feature", "id": "osm/574147956", "properties": {"osm_id": 574147956, "name": "", "water_type": "lake", "natural": "water", "water": "lake", "waterway": "", "width": null, "depth": null, "area_km2": 0, "length_km": null}, "geometry": {"type": "Polygon", "coordinates": [[[-46.6991097, -22.1204312], [-46.6991097, -22.1204312]]]}}, {"type": "Feature", "id": "osm/574147958", "properties": {"osm_id": 574147958, "name": "", "water_type": "lake", "natural": "water", "water": "lake", "waterway": "", "width": null, "depth": null, "area_km2": 0, "length_km": null}, "geometry": {"type": "Polygon", "coordinates": [[[-46.698018, -22.1170841], [-46.698018, -22.1170841]]]}}, {"type": "Feature", "id": "osm/574147959", "properties": {"osm_id": 574147959, "name": "", "water_type": "lake", "natural": "water", "water": "lake", "waterway": "", "width": null, "depth": null, "area_km2": 0.001, "length_km": null}, "geometry": {"type": "Polygon", "coordinates": [[[-46.6975486, -22.1170021], [-46.6975486, -22.1170021]]]}}, {"type": "Feature", "id": "osm/574147960", "properties": {"osm_id": 574147960, "name": "", "water_type": "lake", "natural": "water", "water": "lake", "waterway": "", "width": null, "depth": null, "area_km2": 0.002, "length_km": null}, "geometry": {"type": "Polygon", "coordinates": [[[-46.6983452, -22.1161796], [-46.6983452, -22.1161796]]]}}, {"type": "Feature", "id": "osm/574147961", "properties": {"osm_id": 574147961, "name": "", "water_type": "lake", "natural": "water", "water": "lake", "waterway": "", "width": null, "depth": null, "area_km2": 0.001, "length_km": null}, "geometry": {"type": "Polygon", "coordinates": [[[-46.6986725, -22.1166518], [-46.6986725, -22.1166518]]]}}, {"type": "Feature", "id": "osm/574147962", "properties": {"osm_id": 574147962, "name": "", "water_type": "lake", "natural": "water", "water": "lake", "waterway": "", "width": null, "depth": null, "area_km2": 0.002, "length_km": null}, "geometry": {"type": "Polygon", "coordinates": [[[-46.698584, -22.1166691], [-46.698584, -22.1166691]]]}}, {"type": "Feature", "id": "osm/574147964", "properties": {"osm_id": 574147964, "name": "", "water_type": "lake", "natural": "water", "water": "lake", "waterway": "", "width": null, "depth": null, "area_km2": 0, "length_km": null}, "geometry": {"type": "Polygon", "coordinates": [[[-46.6973475, -22.1192484], [-46.6973475, -22.1192484]]]}}, {"type": "Feature", "id": "osm/574147965", "properties": {"osm_id": 574147965, "name": "", "water_type": "lake", "natural": "water", "water": "lake", "waterway": "", "width": null, "depth": null, "area_km2": 0.001, "length_km": null}, "geometry": {"type": "Polygon", "coordinates": [[[-46.6973072, -22.1191788], [-46.6973072, -22.1191788]]]}}, {"type": "Feature", "id": "osm/574147970", "properties": {"osm_id": 574147970, "name": "", "water_type": "lake", "natural": "water", "water": "lake", "waterway": "", "width": null, "depth": null, "area_km2": 0.014, "length_km": null}, "geometry": {"type": "Polygon", "coordinates": [[[-46.6728294, -22.1299724], [-46.6728294, -22.1299724]]]}}, {"type": "Feature", "id": "osm/574147971", "properties": {"osm_id": 574147971, "name": "", "water_type": "lake", "natural": "water", "water": "lake", "waterway": "", "width": null, "depth": null, "area_km2": 0.004, "length_km": null}, "geometry": {"type": "Polygon", "coordinates": [[[-46.6764879, -22.1336695], [-46.6764879, -22.1336695]]]}}, {"type": "Feature", "id": "osm/574147972", "properties": {"osm_id": 574147972, "name": "", "water_type": "lake", "natural": "water", "water": "lake", "waterway": "", "width": null, "depth": null, "area_km2": 0.012, "length_km": null}, "geometry": {"type": "Polygon", "coordinates": [[[-46.6744065, -22.1317414], [-46.6744065, -22.1317414]]]}}, {"type": "Feature", "id": "osm/574147973", "properties": {"osm_id": 574147973, "name": "", "water_type": "lake", "natural": "water", "water": "lake", "waterway": "", "width": null, "depth": null, "area_km2": 0.007, "length_km": null}, "geometry": {"type": "Polygon", "coordinates": [[[-46.6789878, -22.1363031], [-46.6789878, -22.1363031]]]}}, {"type": "Feature", "id": "osm/574147976", "properties": {"osm_id": 574147976, "name": "", "water_type": "lake", "natural": "water", "water": "lake", "waterway": "", "width": null, "depth": null, "area_km2": 0.001, "length_km": null}, "geometry": {"type": "Polygon", "coordinates": [[[-46.7505223, -22.1180333], [-46.7505223, -22.1180333]]]}}, {"type": "Feature", "id": "osm/574147977", "properties": {"osm_id": 574147977, "name": "", "water_type": "lake", "natural": "water", "water": "lake", "waterway": "", "width": null, "depth": null, "area_km2": 0.001, "length_km": null}, "geometry": {"type": "Polygon", "coordinates": [[[-46.7510077, -22.1181501], [-46.7510077, -22.1181501]]]}}, {"type": "Feature", "id": "osm/574147979", "properties": {"osm_id": 574147979, "name": "", "water_type": "lake", "natural": "water", "water": "lake", "waterway": "", "width": null, "depth": null, "area_km2": 0, "length_km": null}, "geometry": {"type": "Polygon", "coordinates": [[[-46.743464, -22.0986615], [-46.743464, -22.0986615]]]}}, {"type": "Feature", "id": "osm/574147980", "properties": {"osm_id": 574147980, "name": "", "water_type": "lake", "natural": "water", "water": "lake", "waterway": "", "width": null, "depth": null, "area_km2": 0, "length_km": null}, "geometry": {"type": "Polygon", "coordinates": [[[-46.7436598, -22.098541], [-46.7436598, -22.098541]]]}}, {"type": "Feature", "id": "osm/574147981", "properties": {"osm_id": 574147981, "name": "", "water_type": "lake", "natural": "water", "water": "lake", "waterway": "", "width": null, "depth": null, "area_km2": 0, "length_km": null}, "geometry": {"type": "Polygon", "coordinates": [[[-46.7444216, -22.0983807], [-46.7444175, -22.0984466], [-46.7443076, -22.0984515], [-46.7443116, -22.0983782], [-46.7444216, -22.0983807]]]}}, {"type": "Feature", "id": "osm/574147982", "properties": {"osm_id": 574147982, "name": "", "water_type": "lake", "natural": "water", "water": "lake", "waterway": "", "width": null, "depth": null, "area_km2": 0, "length_km": null}, "geometry": {"type": "Polygon", "coordinates": [[[-46.7446335, -22.0983633], [-46.7446335, -22.0983633]]]}}, {"type": "Feature", "id": "osm/574147983", "properties": {"osm_id": 574147983, "name": "", "water_type": "lake", "natural": "water", "water": "lake", "waterway": "", "width": null, "depth": null, "area_km2": 0, "length_km": null}, "geometry": {"type": "Polygon", "coordinates": [[[-46.7447917, -22.0983832], [-46.7447917, -22.0983832]]]}}, {"type": "Feature", "id": "osm/574147984", "properties": {"osm_id": 574147984, "name": "", "water_type": "lake", "natural": "water", "water": "lake", "waterway": "", "width": null, "depth": null, "area_km2": 0, "length_km": null}, "geometry": {"type": "Polygon", "coordinates": [[[-46.7448387, -22.0983782], [-46.7448387, -22.0983782]]]}}, {"type": "Feature", "id": "osm/574147985", "properties": {"osm_id": 574147985, "name": "", "water_type": "lake", "natural": "water", "water": "lake", "waterway": "", "width": null, "depth": null, "area_km2": 0.001, "length_km": null}, "geometry": {"type": "Polygon", "coordinates": [[[-46.7468959, -22.0981359], [-46.7468959, -22.0981359]]]}}, {"type": "Feature", "id": "osm/574147986", "properties": {"osm_id": 574147986, "name": "", "water_type": "lake", "natural": "water", "water": "lake", "waterway": "", "width": null, "depth": null, "area_km2": 0, "length_km": null}, "geometry": {"type": "Polygon", "coordinates": [[[-46.7472741, -22.0982515], [-46.7472741, -22.0982515]]]}}, {"type": "Feature", "id": "osm/574147987", "properties": {"osm_id": 574147987, "name": "", "water_type": "lake", "natural": "water", "water": "lake", "waterway": "", "width": null, "depth": null, "area_km2": 0, "length_km": null}, "geometry": {"type": "Polygon", "coordinates": [[[-46.7475946, -22.0982776], [-46.7475946, -22.0982776]]]}}, {"type": "Feature", "id": "osm/574147988", "properties": {"osm_id": 574147988, "name": "", "water_type": "lake", "natural": "water", "water": "lake", "waterway": "", "width": null, "depth": null, "area_km2": 0, "length_km": null}, "geometry": {"type": "Polygon", "coordinates": [[[-46.7481284, -22.0982415], [-46.7481284, -22.0982415]]]}}, {"type": "Feature", "id": "osm/574147989", "properties": {"osm_id": 574147989, "name": "", "water_type": "lake", "natural": "water", "water": "lake", "waterway": "", "width": null, "depth": null, "area_km2": 0, "length_km": null}, "geometry": {"type": "Polygon", "coordinates": [[[-46.7484114, -22.0981483], [-46.7484114, -22.0981483]]]}}, {"type": "Feature", "id": "osm/574147990", "properties": {"osm_id": 574147990, "name": "", "water_type": "lake", "natural": "water", "water": "lake", "waterway": "", "width": null, "depth": null, "area_km2": 0, "length_km": null}, "geometry": {"type": "Polygon", "coordinates": [[[-46.7487547, -22.0981334], [-46.7487547, -22.0981334]]]}}, {"type": "Feature", "id": "osm/574147991", "properties": {"osm_id": 574147991, "name": "", "water_type": "lake", "natural": "water", "water": "lake", "waterway": "", "width": null, "depth": null, "area_km2": 0.002, "length_km": null}, "geometry": {"type": "Polygon", "coordinates": [[[-46.7429772, -22.1036405], [-46.7429772, -22.1036405]]]}}, {"type": "Feature", "id": "osm/574147992", "properties": {"osm_id": 574147992, "name": "", "water_type": "lake", "natural": "water", "water": "lake", "waterway": "", "width": null, "depth": null, "area_km2": 0.001, "length_km": null}, "geometry": {"type": "Polygon", "coordinates": [[[-46.7420599, -22.1025967], [-46.7420599, -22.1025967]]]}}, {"type": "Feature", "id": "osm/574147993", "properties": {"osm_id": 574147993, "name": "", "water_type": "lake", "natural": "water", "water": "lake", "waterway": "", "width": null, "depth": null, "area_km2": 0.001, "length_km": null}, "geometry": {"type": "Polygon", "coordinates": [[[-46.7417568, -22.1021494], [-46.7417568, -22.1021494]]]}}, {"type": "Feature", "id": "osm/574147994", "properties": {"osm_id": 574147994, "name": "", "water_type": "lake", "natural": "water", "water": "lake", "waterway": "", "width": null, "depth": null, "area_km2": 0.001, "length_km": null}, "geometry": {"type": "Polygon", "coordinates": [[[-46.7416763, -22.1021022], [-46.7416763, -22.1021022]]]}}, {"type": "Feature", "id": "osm/574147995", "properties": {"osm_id": 574147995, "name": "", "water_type": "lake", "natural": "water", "water": "lake", "waterway": "", "width": null, "depth": null, "area_km2": 0.001, "length_km": null}, "geometry": {"type": "Polygon", "coordinates": [[[-46.7383182, -22.0976513], [-46.7383182, -22.0976513]]]}}, {"type": "Feature", "id": "osm/574147996", "properties": {"osm_id": 574147996, "name": "", "water_type": "lake", "natural": "water", "water": "lake", "waterway": "", "width": null, "depth": null, "area_km2": 0, "length_km": null}, "geometry": {"type": "Polygon", "coordinates": [[[-46.7391953, -22.0956656], [-46.7391953, -22.0956656]]]}}, {"type": "Feature", "id": "osm/574147997", "properties": {"osm_id": 574147997, "name": "", "water_type": "lake", "natural": "water", "water": "lake", "waterway": "", "width": null, "depth": null, "area_km2": 0.003, "length_km": null}, "geometry": {"type": "Polygon", "coordinates": [[[-46.7341018, -22.0917936], [-46.7341018, -22.0917936]]]}}, {"type": "Feature", "id": "osm/574147998", "properties": {"osm_id": 574147998, "name": "", "water_type": "lake", "natural": "water", "water": "lake", "waterway": "", "width": null, "depth": null, "area_km2": 0.001, "length_km": null}, "geometry": {"type": "Polygon", "coordinates": [[[-46.6998553, -22.0961875], [-46.6998553, -22.0961875]]]}}, {"type": "Feature", "id": "osm/574147999", "properties": {"osm_id": 574147999, "name": "", "water_type": "lake", "natural": "water", "water": "lake", "waterway": "", "width": null, "depth": null, "area_km2": 0.002, "length_km": null}, "geometry": {"type": "Polygon", "coordinates": [[[-46.6997749, -22.0964708], [-46.6997749, -22.0964708]]]}}, {"type": "Feature", "id": "osm/574148000", "properties": {"osm_id": 574148000, "name": "", "water_type": "lake", "natural": "water", "water": "lake", "waterway": "", "width": null, "depth": null, "area_km2": 0.001, "length_km": null}, "geometry": {"type": "Polygon", "coordinates": [[[-46.6872449, -22.0997625], [-46.6872449, -22.0997625]]]}}, {"type": "Feature", "id": "osm/574148001", "properties": {"osm_id": 574148001, "name": "", "water_type": "lake", "natural": "water", "water": "lake", "waterway": "", "width": null, "depth": null, "area_km2": 0.001, "length_km": null}, "geometry": {"type": "Polygon", "coordinates": [[[-46.6875641, -22.0998867], [-46.6875641, -22.0998867]]]}}, {"type": "Feature", "id": "osm/574148002", "properties": {"osm_id": 574148002, "name": "", "water_type": "lake", "natural": "water", "water": "lake", "waterway": "", "width": null, "depth": null, "area_km2": 0.001, "length_km": null}, "geometry": {"type": "Polygon", "coordinates": [[[-46.6878042, -22.1010485], [-46.6878042, -22.1010485]]]}}, {"type": "Feature", "id": "osm/574148003", "properties": {"osm_id": 574148003, "name": "", "water_type": "lake", "natural": "water", "water": "lake", "waterway": "", "width": null, "depth": null, "area_km2": 0.001, "length_km": null}, "geometry": {"type": "Polygon", "coordinates": [[[-46.6881663, -22.1010386], [-46.6881663, -22.1010386]]]}}, {"type": "Feature", "id": "osm/574148004", "properties": {"osm_id": 574148004, "name": "", "water_type": "lake", "natural": "water", "water": "lake", "waterway": "", "width": null, "depth": null, "area_km2": 0, "length_km": null}, "geometry": {"type": "Polygon", "coordinates": [[[-46.6890568, -22.1010336], [-46.6889495, -22.1010137], [-46.6889924, -22.100882], [-46.6890916, -22.1009218], [-46.6890568, -22.1010336]]]}}, {"type": "Feature", "id": "osm/574148005", "properties": {"osm_id": 574148005, "name": "", "water_type": "lake", "natural": "water", "water": "lake", "waterway": "", "width": null, "depth": null, "area_km2": 0, "length_km": null}, "geometry": {"type": "Polygon", "coordinates": [[[-46.6888316, -22.1009807], [-46.6886952, -22.1009875], [-46.6886838, -22.1007933], [-46.6888202, -22.1007864], [-46.6888316, -22.1009807]]]}}, {"type": "Feature", "id": "osm/574148006", "properties": {"osm_id": 574148006, "name": "", "water_type": "lake", "natural": "water", "water": "lake", "waterway": "", "width": null, "depth": null, "area_km2": 0.001, "length_km": null}, "geometry": {"type": "Polygon", "coordinates": [[[-46.6885954, -22.100969], [-46.6885471, -22.1007205], [-46.6882414, -22.1008149], [-46.6882736, -22.1010038], [-46.6885954, -22.100969]]]}}, {"type": "Feature", "id": "osm/574148007", "properties": {"osm_id": 574148007, "name": "", "water_type": "lake", "natural": "water", "water": "lake", "waterway": "", "width": null, "depth": null, "area_km2": 0.003, "length_km": null}, "geometry": {"type": "Polygon", "coordinates": [[[-46.6883326, -22.1010982], [-46.6883326, -22.1010982]]]}}, {"type": "Feature", "id": "osm/574148009", "properties": {"osm_id": 574148009, "name": "", "water_type": "lake", "natural": "water", "water": "lake", "waterway": "", "width": null, "depth": null, "area_km2": 0, "length_km": null}, "geometry": {"type": "Polygon", "coordinates": [[[-46.6553468, -22.1021954], [-46.6553468, -22.1021954]]]}}, {"type": "Feature", "id": "osm/574148012", "properties": {"osm_id": 574148012, "name": "", "water_type": "lake", "natural": "water", "water": "lake", "waterway": "", "width": null, "depth": null, "area_km2": 0, "length_km": null}, "geometry": {"type": "Polygon", "coordinates": [[[-46.6553414, -22.1017518], [-46.6553414, -22.1017518]]]}}, {"type": "Feature", "id": "osm/574148014", "properties": {"osm_id": 574148014, "name": "", "water_type": "lake", "natural": "water", "water": "lake", "waterway": "", "width": null, "depth": null, "area_km2": 0, "length_km": null}, "geometry": {"type": "Polygon", "coordinates": [[[-46.6554245, -22.1014039], [-46.6554245, -22.1014039]]]}}, {"type": "Feature", "id": "osm/574148019", "properties": {"osm_id": 574148019, "name": "", "water_type": "lake", "natural": "water", "water": "lake", "waterway": "", "width": null, "depth": null, "area_km2": 0.025, "length_km": null}, "geometry": {"type": "Polygon", "coordinates": [[[-46.6495478, -22.1098158], [-46.6495478, -22.1098158]]]}}, {"type": "Feature", "id": "osm/574148024", "properties": {"osm_id": 574148024, "name": "", "water_type": "lake", "natural": "water", "water": "lake", "waterway": "", "width": null, "depth": null, "area_km2": 0.002, "length_km": null}, "geometry": {"type": "Polygon", "coordinates": [[[-46.6353911, -22.1181824], [-46.6353911, -22.1181824]]]}}, {"type": "Feature", "id": "osm/574148027", "properties": {"osm_id": 574148027, "name": "", "water_type": "lake", "natural": "water", "water": "lake", "waterway": "", "width": null, "depth": null, "area_km2": 0.001, "length_km": null}, "geometry": {"type": "Polygon", "coordinates": [[[-46.6354743, -22.118744], [-46.6354743, -22.118744]]]}}, {"type": "Feature", "id": "osm/574148030", "properties": {"osm_id": 574148030, "name": "", "water_type": "lake", "natural": "water", "water": "lake", "waterway": "", "width": null, "depth": null, "area_km2": 0.002, "length_km": null}, "geometry": {"type": "Polygon", "coordinates": [[[-46.6282672, -22.1098506], [-46.6282672, -22.1098506]]]}}, {"type": "Feature", "id": "osm/574148031", "properties": {"osm_id": 574148031, "name": "", "water_type": "lake", "natural": "water", "water": "lake", "waterway": "", "width": null, "depth": null, "area_km2": 0.001, "length_km": null}, "geometry": {"type": "Polygon", "coordinates": [[[-46.6323857, -22.1092219], [-46.6323857, -22.1092219]]]}}, {"type": "Feature", "id": "osm/574148032", "properties": {"osm_id": 574148032, "name": "", "water_type": "lake", "natural": "water", "water": "lake", "waterway": "", "width": null, "depth": null, "area_km2": 0.001, "length_km": null}, "geometry": {"type": "Polygon", "coordinates": [[[-46.6348735, -22.108782], [-46.6348735, -22.108782]]]}}, {"type": "Feature", "id": "osm/574148033", "properties": {"osm_id": 574148033, "name": "", "water_type": "lake", "natural": "water", "water": "lake", "waterway": "", "width": null, "depth": null, "area_km2": 0.002, "length_km": null}, "geometry": {"type": "Polygon", "coordinates": [[[-46.634683, -22.1087273], [-46.634683, -22.1087273]]]}}, {"type": "Feature", "id": "osm/574148034", "properties": {"osm_id": 574148034, "name": "", "water_type": "lake", "natural": "water", "water": "lake", "waterway": "", "width": null, "depth": null, "area_km2": 0.001, "length_km": null}, "geometry": {"type": "Polygon", "coordinates": [[[-46.6342887, -22.1092318], [-46.6342887, -22.1092318]]]}}, {"type": "Feature", "id": "osm/574148035", "properties": {"osm_id": 574148035, "name": "", "water_type": "lake", "natural": "water", "water": "lake", "waterway": "", "width": null, "depth": null, "area_km2": 0.001, "length_km": null}, "geometry": {"type": "Polygon", "coordinates": [[[-46.6342539, -22.1091697], [-46.6341037, -22.1088914], [-46.6338891, -22.1089336], [-46.6340151, -22.1092765], [-46.6342539, -22.1091697]]]}}, {"type": "Feature", "id": "osm/574148036", "properties": {"osm_id": 574148036, "name": "", "water_type": "lake", "natural": "water", "water": "lake", "waterway": "", "width": null, "depth": null, "area_km2": 0.001, "length_km": null}, "geometry": {"type": "Polygon", "coordinates": [[[-46.6177931, -22.127766], [-46.6177931, -22.127766]]]}}, {"type": "Feature", "id": "osm/574148037", "properties": {"osm_id": 574148037, "name": "", "water_type": "lake", "natural": "water", "water": "lake", "waterway": "", "width": null, "depth": null, "area_km2": 0.003, "length_km": null}, "geometry": {"type": "Polygon", "coordinates": [[[-46.6170555, -22.1294755], [-46.6170555, -22.1294755]]]}}, {"type": "Feature", "id": "osm/574148038", "properties": {"osm_id": 574148038, "name": "", "water_type": "lake", "natural": "water", "water": "lake", "waterway": "", "width": null, "depth": null, "area_km2": 0.005, "length_km": null}, "geometry": {"type": "Polygon", "coordinates": [[[-46.6165835, -22.1314284], [-46.6165835, -22.1314284]]]}}, {"type": "Feature", "id": "osm/574148039", "properties": {"osm_id": 574148039, "name": "", "water_type": "lake", "natural": "water", "water": "lake", "waterway": "", "width": null, "depth": null, "area_km2": 0, "length_km": null}, "geometry": {"type": "Polygon", "coordinates": [[[-46.6282189, -22.1486257], [-46.6282189, -22.1486257]]]}}, {"type": "Feature", "id": "osm/574148040", "properties": {"osm_id": 574148040, "name": "", "water_type": "lake", "natural": "water", "water": "lake", "waterway": "", "width": null, "depth": null, "area_km2": 0, "length_km": null}, "geometry": {"type": "Polygon", "coordinates": [[[-46.6278997, -22.1487176], [-46.6278997, -22.1487176]]]}}, {"type": "Feature", "id": "osm/574148041", "properties": {"osm_id": 574148041, "name": "", "water_type": "lake", "natural": "water", "water": "lake", "waterway": "", "width": null, "depth": null, "area_km2": 0.001, "length_km": null}, "geometry": {"type": "Polygon", "coordinates": [[[-46.6292837, -22.1463401], [-46.6292837, -22.1463401]]]}}, {"type": "Feature", "id": "osm/574148042", "properties": {"osm_id": 574148042, "name": "", "water_type": "lake", "natural": "water", "water": "lake", "waterway": "", "width": null, "depth": null, "area_km2": 0, "length_km": null}, "geometry": {"type": "Polygon", "coordinates": [[[-46.6349486, -22.1433787], [-46.6349486, -22.1433787]]]}}, {"type": "Feature", "id": "osm/574148043", "properties": {"osm_id": 574148043, "name": "", "water_type": "lake", "natural": "water", "water": "lake", "waterway": "", "width": null, "depth": null, "area_km2": 0.002, "length_km": null}, "geometry": {"type": "Polygon", "coordinates": [[[-46.6348144, -22.1433812], [-46.6348144, -22.1433812]]]}}, {"type": "Feature", "id": "osm/574148044", "properties": {"osm_id": 574148044, "name": "", "water_type": "lake", "natural": "water", "water": "lake", "waterway": "", "width": null, "depth": null, "area_km2": 0.001, "length_km": null}, "geometry": {"type": "Polygon", "coordinates": [[[-46.6590777, -22.141595], [-46.6590777, -22.141595]]]}}, {"type": "Feature", "id": "osm/574148045", "properties": {"osm_id": 574148045, "name": "", "water_type": "lake", "natural": "water", "water": "lake", "waterway": "", "width": null, "depth": null, "area_km2": 0.001, "length_km": null}, "geometry": {"type": "Polygon", "coordinates": [[[-46.6593862, -22.1418831], [-46.6593862, -22.1418831]]]}}, {"type": "Feature", "id": "osm/574148046", "properties": {"osm_id": 574148046, "name": "", "water_type": "lake", "natural": "water", "water": "lake", "waterway": "", "width": null, "depth": null, "area_km2": 0.005, "length_km": null}, "geometry": {"type": "Polygon", "coordinates": [[[-46.6608506, -22.1425788], [-46.6608506, -22.1425788]]]}}, {"type": "Feature", "id": "osm/574148047", "properties": {"osm_id": 574148047, "name": "", "water_type": "lake", "natural": "water", "water": "lake", "waterway": "", "width": null, "depth": null, "area_km2": 0.014, "length_km": null}, "geometry": {"type": "Polygon", "coordinates": [[[-46.6565806, -22.1357813], [-46.6565806, -22.1357813]]]}}, {"type": "Feature", "id": "osm/574148048", "properties": {"osm_id": 574148048, "name": "", "water_type": "lake", "natural": "water", "water": "lake", "waterway": "", "width": null, "depth": null, "area_km2": 0.001, "length_km": null}, "geometry": {"type": "Polygon", "coordinates": [[[-46.6574094, -22.1355751], [-46.6574094, -22.1355751]]]}}, {"type": "Feature", "id": "osm/574148049", "properties": {"osm_id": 574148049, "name": "", "water_type": "lake", "natural": "water", "water": "lake", "waterway": "", "width": null, "depth": null, "area_km2": 0.003, "length_km": null}, "geometry": {"type": "Polygon", "coordinates": [[[-46.658273, -22.1355204], [-46.658273, -22.1355204]]]}}, {"type": "Feature", "id": "osm/574148050", "properties": {"osm_id": 574148050, "name": "", "water_type": "lake", "natural": "water", "water": "lake", "waterway": "", "width": null, "depth": null, "area_km2": 0.001, "length_km": null}, "geometry": {"type": "Polygon", "coordinates": [[[-46.6612047, -22.1332719], [-46.6612047, -22.1332719]]]}}, {"type": "Feature", "id": "osm/574148051", "properties": {"osm_id": 574148051, "name": "", "water_type": "lake", "natural": "water", "water": "lake", "waterway": "", "width": null, "depth": null, "area_km2": 0, "length_km": null}, "geometry": {"type": "Polygon", "coordinates": [[[-46.6616124, -22.1328222], [-46.6616124, -22.1328222]]]}}, {"type": "Feature", "id": "osm/574148052", "properties": {"osm_id": 574148052, "name": "", "water_type": "lake", "natural": "water", "water": "lake", "waterway": "", "width": null, "depth": null, "area_km2": 0, "length_km": null}, "geometry": {"type": "Polygon", "coordinates": [[[-46.6616392, -22.132785], [-46.6616392, -22.132785]]]}}, {"type": "Feature", "id": "osm/574148053", "properties": {"osm_id": 574148053, "name": "", "water_type": "lake", "natural": "water", "water": "lake", "waterway": "", "width": null, "depth": null, "area_km2": 0.002, "length_km": null}, "geometry": {"type": "Polygon", "coordinates": [[[-46.6694391, -22.1243546], [-46.6694391, -22.1243546]]]}}, {"type": "Feature", "id": "osm/574148054", "properties": {"osm_id": 574148054, "name": "", "water_type": "lake", "natural": "water", "water": "lake", "waterway": "", "width": null, "depth": null, "area_km2": 0.005, "length_km": null}, "geometry": {"type": "Polygon", "coordinates": [[[-46.6704583, -22.1271101], [-46.6704583, -22.1271101]]]}}, {"type": "Feature", "id": "osm/574148055", "properties": {"osm_id": 574148055, "name": "", "water_type": "lake", "natural": "water", "water": "lake", "waterway": "", "width": null, "depth": null, "area_km2": 0.003, "length_km": null}, "geometry": {"type": "Polygon", "coordinates": [[[-46.6692714, -22.1235769], [-46.6692714, -22.1235769]]]}}, {"type": "Feature", "id": "osm/574148056", "properties": {"osm_id": 574148056, "name": "", "water_type": "lake", "natural": "water", "water": "lake", "waterway": "", "width": null, "depth": null, "area_km2": 0.057, "length_km": null}, "geometry": {"type": "Polygon", "coordinates": [[[-46.7114425, -22.1275573], [-46.7114425, -22.1275573]]]}}, {"type": "Feature", "id": "osm/574148057", "properties": {"osm_id": 574148057, "name": "", "water_type": "lake", "natural": "water", "water": "lake", "waterway": "", "width": null, "depth": null, "area_km2": 0.003, "length_km": null}, "geometry": {"type": "Polygon", "coordinates": [[[-46.715793, -22.1096368], [-46.715793, -22.1096368]]]}}, {"type": "Feature", "id": "osm/574148058", "properties": {"osm_id": 574148058, "name": "", "water_type": "lake", "natural": "water", "water": "lake", "waterway": "", "width": null, "depth": null, "area_km2": 0.001, "length_km": null}, "geometry": {"type": "Polygon", "coordinates": [[[-46.6498885, -22.1416372], [-46.6498885, -22.1416372]]]}}, {"type": "Feature", "id": "osm/574148059", "properties": {"osm_id": 574148059, "name": "", "water_type": "lake", "natural": "water", "water": "lake", "waterway": "", "width": null, "depth": null, "area_km2": 0.001, "length_km": null}, "geometry": {"type": "Polygon", "coordinates": [[[-46.6502506, -22.1425477], [-46.6502506, -22.1425477]]]}}, {"type": "Feature", "id": "osm/574148060", "properties": {"osm_id": 574148060, "name": "", "water_type": "lake", "natural": "water", "water": "lake", "waterway": "", "width": null, "depth": null, "area_km2": 0.004, "length_km": null}, "geometry": {"type": "Polygon", "coordinates": [[[-46.6472545, -22.1485685], [-46.6472545, -22.1485685]]]}}, {"type": "Feature", "id": "osm/574148061", "properties": {"osm_id": 574148061, "name": "", "water_type": "lake", "natural": "water", "water": "lake", "waterway": "", "width": null, "depth": null, "area_km2": 0.002, "length_km": null}, "geometry": {"type": "Polygon", "coordinates": [[[-46.7235392, -22.0961155], [-46.7235392, -22.0961155]]]}}, {"type": "Feature", "id": "osm/574148062", "properties": {"osm_id": 574148062, "name": "", "water_type": "lake", "natural": "water", "water": "lake", "waterway": "", "width": null, "depth": null, "area_km2": 0.008, "length_km": null}, "geometry": {"type": "Polygon", "coordinates": [[[-46.6914788, -22.0970797], [-46.6914788, -22.0970797]]]}}, {"type": "Feature", "id": "osm/574148063", "properties": {"osm_id": 574148063, "name": "", "water_type": "lake", "natural": "water", "water": "lake", "waterway": "", "width": null, "depth": null, "area_km2": 0.004, "length_km": null}, "geometry": {"type": "Polygon", "coordinates": [[[-46.6853607, -22.0988417], [-46.6853607, -22.0988417]]]}}, {"type": "Feature", "id": "osm/574148066", "properties": {"osm_id": 574148066, "name": "", "water_type": "lake", "natural": "water", "water": "lake", "waterway": "", "width": null, "depth": null, "area_km2": 0.004, "length_km": null}, "geometry": {"type": "Polygon", "coordinates": [[[-46.6564679, -22.0943236], [-46.6564679, -22.0943236]]]}}, {"type": "Feature", "id": "osm/574148069", "properties": {"osm_id": 574148069, "name": "", "water_type": "lake", "natural": "water", "water": "lake", "waterway": "", "width": null, "depth": null, "area_km2": 0.01, "length_km": null}, "geometry": {"type": "Polygon", "coordinates": [[[-46.6592252, -22.0947958], [-46.6592252, -22.0947958]]]}}, {"type": "Feature", "id": "osm/574148073", "properties": {"osm_id": 574148073, "name": "", "water_type": "lake", "natural": "water", "water": "lake", "waterway": "", "width": null, "depth": null, "area_km2": 0.004, "length_km": null}, "geometry": {"type": "Polygon", "coordinates": [[[-46.6394895, -22.1158939], [-46.6394895, -22.1158939]]]}}, {"type": "Feature", "id": "osm/574148076", "properties": {"osm_id": 574148076, "name": "", "water_type": "lake", "natural": "water", "water": "lake", "waterway": "", "width": null, "depth": null, "area_km2": 0.002, "length_km": null}, "geometry": {"type": "Polygon", "coordinates": [[[-46.6465652, -22.11571], [-46.6465652, -22.11571]]]}}, {"type": "Feature", "id": "osm/574148081", "properties": {"osm_id": 574148081, "name": "", "water_type": "lake", "natural": "water", "water": "lake", "waterway": "", "width": null, "depth": null, "area_km2": 0.028, "length_km": null}, "geometry": {"type": "Polygon", "coordinates": [[[-46.6465652, -22.117668], [-46.6465652, -22.117668]]]}}, {"type": "Feature", "id": "osm/574148087", "properties": {"osm_id": 574148087, "name": "", "water_type": "lake", "natural": "water", "water": "lake", "waterway": "", "width": null, "depth": null, "area_km2": 0.017, "length_km": null}, "geometry": {"type": "Polygon", "coordinates": [[[-46.645723, -22.1249236], [-46.645723, -22.1249236]]]}}, {"type": "Feature", "id": "osm/574148091", "properties": {"osm_id": 574148091, "name": "", "water_type": "lake", "natural": "water", "water": "lake", "waterway": "", "width": null, "depth": null, "area_km2": 0, "length_km": null}, "geometry": {"type": "Polygon", "coordinates": [[[-46.6228598, -22.1500814], [-46.6228598, -22.1500814]]]}}, {"type": "Feature", "id": "osm/574148093", "properties": {"osm_id": 574148093, "name": "", "water_type": "lake", "natural": "water", "water": "lake", "waterway": "", "width": null, "depth": null, "area_km2": 0, "length_km": null}, "geometry": {"type": "Polygon", "coordinates": [[[-46.6234861, -22.1508776], [-46.6234861, -22.1508776]]]}}, {"type": "Feature", "id": "osm/574148096", "properties": {"osm_id": 574148096, "name": "", "water_type": "lake", "natural": "water", "water": "lake", "waterway": "", "width": null, "depth": null, "area_km2": 0.002, "length_km": null}, "geometry": {"type": "Polygon", "coordinates": [[[-46.6245818, -22.1513174], [-46.6245818, -22.1513174]]]}}, {"type": "Feature", "id": "osm/574148097", "properties": {"osm_id": 574148097, "name": "", "water_type": "lake", "natural": "water", "water": "lake", "waterway": "", "width": null, "depth": null, "area_km2": 0.003, "length_km": null}, "geometry": {"type": "Polygon", "coordinates": [[[-46.6254294, -22.1489623], [-46.6254294, -22.1489623]]]}}, {"type": "Feature", "id": "osm/574148098", "properties": {"osm_id": 574148098, "name": "", "water_type": "lake", "natural": "water", "water": "lake", "waterway": "", "width": null, "depth": null, "area_km2": 0.001, "length_km": null}, "geometry": {"type": "Polygon", "coordinates": [[[-46.6256265, -22.1493039], [-46.6256265, -22.1493039]]]}}, {"type": "Feature", "id": "osm/574148099", "properties": {"osm_id": 574148099, "name": "", "water_type": "lake", "natural": "water", "water": "lake", "waterway": "", "width": null, "depth": null, "area_km2": 0, "length_km": null}, "geometry": {"type": "Polygon", "coordinates": [[[-46.6259632, -22.1492778], [-46.6259632, -22.1492778]]]}}, {"type": "Feature", "id": "osm/574148100", "properties": {"osm_id": 574148100, "name": "", "water_type": "lake", "natural": "water", "water": "lake", "waterway": "", "width": null, "depth": null, "area_km2": 0.002, "length_km": null}, "geometry": {"type": "Polygon", "coordinates": [[[-46.6264996, -22.1492592], [-46.6264996, -22.1492592]]]}}, {"type": "Feature", "id": "osm/574148102", "properties": {"osm_id": 574148102, "name": "", "water_type": "lake", "natural": "water", "water": "lake", "waterway": "", "width": null, "depth": null, "area_km2": 0.008, "length_km": null}, "geometry": {"type": "Polygon", "coordinates": [[[-46.6271433, -22.150223], [-46.6271433, -22.150223]]]}}, {"type": "Feature", "id": "osm/574148103", "properties": {"osm_id": 574148103, "name": "", "water_type": "lake", "natural": "water", "water": "lake", "waterway": "", "width": null, "depth": null, "area_km2": 0.001, "length_km": null}, "geometry": {"type": "Polygon", "coordinates": [[[-46.6295157, -22.1501721], [-46.6295157, -22.1501721]]]}}, {"type": "Feature", "id": "osm/574148104", "properties": {"osm_id": 574148104, "name": "", "water_type": "lake", "natural": "water", "water": "lake", "waterway": "", "width": null, "depth": null, "area_km2": 0.001, "length_km": null}, "geometry": {"type": "Polygon", "coordinates": [[[-46.6296029, -22.1510764], [-46.6296029, -22.1510764]]]}}, {"type": "Feature", "id": "osm/574148105", "properties": {"osm_id": 574148105, "name": "", "water_type": "lake", "natural": "water", "water": "lake", "waterway": "", "width": null, "depth": null, "area_km2": 0.001, "length_km": null}, "geometry": {"type": "Polygon", "coordinates": [[[-46.6296324, -22.1509807], [-46.6296324, -22.1509807]]]}}, {"type": "Feature", "id": "osm/574148106", "properties": {"osm_id": 574148106, "name": "", "water_type": "lake", "natural": "water", "water": "lake", "waterway": "", "width": null, "depth": null, "area_km2": 0.003, "length_km": null}, "geometry": {"type": "Polygon", "coordinates": [[[-46.6301072, -22.1506305], [-46.6301072, -22.1506305]]]}}, {"type": "Feature", "id": "osm/574148107", "properties": {"osm_id": 574148107, "name": "", "water_type": "lake", "natural": "water", "water": "lake", "waterway": "", "width": null, "depth": null, "area_km2": 0.001, "length_km": null}, "geometry": {"type": "Polygon", "coordinates": [[[-46.6685566, -22.1571477], [-46.6685566, -22.1571477]]]}}, {"type": "Feature", "id": "osm/574148108", "properties": {"osm_id": 574148108, "name": "", "water_type": "lake", "natural": "water", "water": "lake", "waterway": "", "width": null, "depth": null, "area_km2": 0.002, "length_km": null}, "geometry": {"type": "Polygon", "coordinates": [[[-46.6676393, -22.157934], [-46.6676393, -22.157934]]]}}, {"type": "Feature", "id": "osm/574148109", "properties": {"osm_id": 574148109, "name": "", "water_type": "lake", "natural": "water", "water": "lake", "waterway": "", "width": null, "depth": null, "area_km2": 0.002, "length_km": null}, "geometry": {"type": "Polygon", "coordinates": [[[-46.6473189, -22.1465985], [-46.6473189, -22.1465985]]]}}, {"type": "Feature", "id": "osm/574148110", "properties": {"osm_id": 574148110, "name": "", "water_type": "lake", "natural": "water", "water": "lake", "waterway": "", "width": null, "depth": null, "area_km2": 0.006, "length_km": null}, "geometry": {"type": "Polygon", "coordinates": [[[-46.6480565, -22.1466954], [-46.6480565, -22.1466954]]]}}, {"type": "Feature", "id": "osm/574148111", "properties": {"osm_id": 574148111, "name": "", "water_type": "lake", "natural": "water", "water": "lake", "waterway": "", "width": null, "depth": null, "area_km2": 0.001, "length_km": null}, "geometry": {"type": "Polygon", "coordinates": [[[-46.6770968, -22.1521732], [-46.6770968, -22.1521732]]]}}, {"type": "Feature", "id": "osm/574148112", "properties": {"osm_id": 574148112, "name": "", "water_type": "lake", "natural": "water", "water": "lake", "waterway": "", "width": null, "depth": null, "area_km2": 0.004, "length_km": null}, "geometry": {"type": "Polygon", "coordinates": [[[-46.6793203, -22.160346], [-46.6793203, -22.160346]]]}}, {"type": "Feature", "id": "osm/574148114", "properties": {"osm_id": 574148114, "name": "", "water_type": "lake", "natural": "water", "water": "lake", "waterway": "", "width": null, "depth": null, "area_km2": 0.003, "length_km": null}, "geometry": {"type": "Polygon", "coordinates": [[[-46.696111, -22.1419626], [-46.696111, -22.1419626]]]}}, {"type": "Feature", "id": "osm/574148115", "properties": {"osm_id": 574148115, "name": "", "water_type": "lake", "natural": "water", "water": "lake", "waterway": "", "width": null, "depth": null, "area_km2": 0.002, "length_km": null}, "geometry": {"type": "Polygon", "coordinates": [[[-46.6936916, -22.1409589], [-46.6936916, -22.1409589]]]}}, {"type": "Feature", "id": "osm/574148116", "properties": {"osm_id": 574148116, "name": "", "water_type": "lake", "natural": "water", "water": "lake", "waterway": "", "width": null, "depth": null, "area_km2": 0.003, "length_km": null}, "geometry": {"type": "Polygon", "coordinates": [[[-46.6937506, -22.1417192], [-46.6937506, -22.1417192]]]}}, {"type": "Feature", "id": "osm/574148117", "properties": {"osm_id": 574148117, "name": "", "water_type": "lake", "natural": "water", "water": "lake", "waterway": "", "width": null, "depth": null, "area_km2": 0.005, "length_km": null}, "geometry": {"type": "Polygon", "coordinates": [[[-46.6934878, -22.1428421], [-46.6934878, -22.1428421]]]}}, {"type": "Feature", "id": "osm/574148118", "properties": {"osm_id": 574148118, "name": "", "water_type": "lake", "natural": "water", "water": "lake", "waterway": "", "width": null, "depth": null, "area_km2": 0.006, "length_km": null}, "geometry": {"type": "Polygon", "coordinates": [[[-46.6920903, -22.1472717], [-46.6920903, -22.1472717]]]}}, {"type": "Feature", "id": "osm/574148120", "properties": {"osm_id": 574148120, "name": "", "water_type": "lake", "natural": "water", "water": "lake", "waterway": "", "width": null, "depth": null, "area_km2": 0.001, "length_km": null}, "geometry": {"type": "Polygon", "coordinates": [[[-46.6897997, -22.1511298], [-46.6897997, -22.1511298]]]}}, {"type": "Feature", "id": "osm/574148121", "properties": {"osm_id": 574148121, "name": "", "water_type": "lake", "natural": "water", "water": "lake", "waterway": "", "width": null, "depth": null, "area_km2": 0.041, "length_km": null}, "geometry": {"type": "Polygon", "coordinates": [[[-46.6922861, -22.1491175], [-46.6922861, -22.1491175]]]}}, {"type": "Feature", "id": "osm/574148122", "properties": {"osm_id": 574148122, "name": "", "water_type": "lake", "natural": "water", "water": "lake", "waterway": "", "width": null, "depth": null, "area_km2": 0.001, "length_km": null}, "geometry": {"type": "Polygon", "coordinates": [[[-46.7000391, -22.1534252], [-46.7000391, -22.1534252]]]}}, {"type": "Feature", "id": "osm/574148123", "properties": {"osm_id": 574148123, "name": "", "water_type": "lake", "natural": "water", "water": "lake", "waterway": "", "width": null, "depth": null, "area_km2": 0.001, "length_km": null}, "geometry": {"type": "Polygon", "coordinates": [[[-46.7028353, -22.1537084], [-46.7028353, -22.1537084]]]}}, {"type": "Feature", "id": "osm/574148125", "properties": {"osm_id": 574148125, "name": "", "water_type": "lake", "natural": "water", "water": "lake", "waterway": "", "width": null, "depth": null, "area_km2": 0.002, "length_km": null}, "geometry": {"type": "Polygon", "coordinates": [[[-46.7008129, -22.1526005], [-46.7008129, -22.1526005]]]}}, {"type": "Feature", "id": "osm/574148126", "properties": {"osm_id": 574148126, "name": "", "water_type": "lake", "natural": "water", "water": "lake", "waterway": "", "width": null, "depth": null, "area_km2": 0.001, "length_km": null}, "geometry": {"type": "Polygon", "coordinates": [[[-46.7013788, -22.1519074], [-46.7013788, -22.1519074]]]}}, {"type": "Feature", "id": "osm/574148127", "properties": {"osm_id": 574148127, "name": "", "water_type": "lake", "natural": "water", "water": "lake", "waterway": "", "width": null, "depth": null, "area_km2": 0.003, "length_km": null}, "geometry": {"type": "Polygon", "coordinates": [[[-46.7020494, -22.1512192], [-46.7020494, -22.1512192]]]}}, {"type": "Feature", "id": "osm/574148128", "properties": {"osm_id": 574148128, "name": "", "water_type": "lake", "natural": "water", "water": "lake", "waterway": "", "width": null, "depth": null, "area_km2": 0.003, "length_km": null}, "geometry": {"type": "Polygon", "coordinates": [[[-46.7017477, -22.1514018], [-46.7017477, -22.1514018]]]}}, {"type": "Feature", "id": "osm/574148129", "properties": {"osm_id": 574148129, "name": "", "water_type": "lake", "natural": "water", "water": "lake", "waterway": "", "width": null, "depth": null, "area_km2": 0.003, "length_km": null}, "geometry": {"type": "Polygon", "coordinates": [[[-46.7018187, -22.1512987], [-46.7018187, -22.1512987]]]}}, {"type": "Feature", "id": "osm/574148131", "properties": {"osm_id": 574148131, "name": "", "water_type": "lake", "natural": "water", "water": "lake", "waterway": "", "width": null, "depth": null, "area_km2": 0.004, "length_km": null}, "geometry": {"type": "Polygon", "coordinates": [[[-46.7075962, -22.1468842], [-46.7075962, -22.1468842]]]}}, {"type": "Feature", "id": "osm/574148132", "properties": {"osm_id": 574148132, "name": "", "water_type": "lake", "natural": "water", "water": "lake", "waterway": "", "width": null, "depth": null, "area_km2": 0.002, "length_km": null}, "geometry": {"type": "Polygon", "coordinates": [[[-46.7073092, -22.1467575], [-46.7073092, -22.1467575]]]}}, {"type": "Feature", "id": "osm/574148133", "properties": {"osm_id": 574148133, "name": "", "water_type": "lake", "natural": "water", "water": "lake", "waterway": "", "width": null, "depth": null, "area_km2": 0.002, "length_km": null}, "geometry": {"type": "Polygon", "coordinates": [[[-46.7079073, -22.1464966], [-46.7079073, -22.1464966]]]}}, {"type": "Feature", "id": "osm/574148134", "properties": {"osm_id": 574148134, "name": "", "water_type": "lake", "natural": "water", "water": "lake", "waterway": "", "width": null, "depth": null, "area_km2": 0.001, "length_km": null}, "geometry": {"type": "Polygon", "coordinates": [[[-46.7082855, -22.1461165], [-46.7082855, -22.1461165]]]}}, {"type": "Feature", "id": "osm/574148135", "properties": {"osm_id": 574148135, "name": "", "water_type": "lake", "natural": "water", "water": "lake", "waterway": "", "width": null, "depth": null, "area_km2": 0.001, "length_km": null}, "geometry": {"type": "Polygon", "coordinates": [[[-46.713717, -22.14992], [-46.713717, -22.14992]]]}}, {"type": "Feature", "id": "osm/574148136", "properties": {"osm_id": 574148136, "name": "", "water_type": "lake", "natural": "water", "water": "lake", "waterway": "", "width": null, "depth": null, "area_km2": 0.001, "length_km": null}, "geometry": {"type": "Polygon", "coordinates": [[[-46.7141783, -22.1498206], [-46.7141783, -22.1498206]]]}}, {"type": "Feature", "id": "osm/574148137", "properties": {"osm_id": 574148137, "name": "", "water_type": "lake", "natural": "water", "water": "lake", "waterway": "", "width": null, "depth": null, "area_km2": 0.003, "length_km": null}, "geometry": {"type": "Polygon", "coordinates": [[[-46.7116812, -22.1476791], [-46.7116812, -22.1476791]]]}}, {"type": "Feature", "id": "osm/574148138", "properties": {"osm_id": 574148138, "name": "", "water_type": "lake", "natural": "water", "water": "lake", "waterway": "", "width": null, "depth": null, "area_km2": 0.007, "length_km": null}, "geometry": {"type": "Polygon", "coordinates": [[[-46.7095381, -22.1457886], [-46.7095381, -22.1457886]]]}}, {"type": "Feature", "id": "osm/574148139", "properties": {"osm_id": 574148139, "name": "", "water_type": "lake", "natural": "water", "water": "lake", "waterway": "", "width": null, "depth": null, "area_km2": 0.002, "length_km": null}, "geometry": {"type": "Polygon", "coordinates": [[[-46.7175043, -22.1441787], [-46.7175043, -22.1441787]]]}}, {"type": "Feature", "id": "osm/574148141", "properties": {"osm_id": 574148141, "name": "", "water_type": "lake", "natural": "water", "water": "lake", "waterway": "", "width": null, "depth": null, "area_km2": 0.013, "length_km": null}, "geometry": {"type": "Polygon", "coordinates": [[[-46.7195669, -22.1421341], [-46.7195669, -22.1421341]]]}}, {"type": "Feature", "id": "osm/574148144", "properties": {"osm_id": 574148144, "name": "", "water_type": "lake", "natural": "water", "water": "lake", "waterway": "", "width": null, "depth": null, "area_km2": 0.021, "length_km": null}, "geometry": {"type": "Polygon", "coordinates": [[[-46.7268705, -22.1458184], [-46.7268705, -22.1458184]]]}}, {"type": "Feature", "id": "osm/574148146", "properties": {"osm_id": 574148146, "name": "", "water_type": "lake", "natural": "water", "water": "lake", "waterway": "", "width": null, "depth": null, "area_km2": 0.014, "length_km": null}, "geometry": {"type": "Polygon", "coordinates": [[[-46.7264146, -22.1439651], [-46.7264146, -22.1439651]]]}}, {"type": "Feature", "id": "osm/574148149", "properties": {"osm_id": 574148149, "name": "", "water_type": "lake", "natural": "water", "water": "lake", "waterway": "", "width": null, "depth": null, "area_km2": 0.004, "length_km": null}, "geometry": {"type": "Polygon", "coordinates": [[[-46.7240489, -22.1409788], [-46.7240489, -22.1409788]]]}}, {"type": "Feature", "id": "osm/574148153", "properties": {"osm_id": 574148153, "name": "", "water_type": "lake", "natural": "water", "water": "lake", "waterway": "", "width": null, "depth": null, "area_km2": 0.001, "length_km": null}, "geometry": {"type": "Polygon", "coordinates": [[[-46.7231557, -22.1417366], [-46.7231557, -22.1417366]]]}}, {"type": "Feature", "id": "osm/574148156", "properties": {"osm_id": 574148156, "name": "", "water_type": "lake", "natural": "water", "water": "lake", "waterway": "", "width": null, "depth": null, "area_km2": 0.003, "length_km": null}, "geometry": {"type": "Polygon", "coordinates": [[[-46.7233998, -22.1414583], [-46.7233998, -22.1414583]]]}}, {"type": "Feature", "id": "osm/574148159", "properties": {"osm_id": 574148159, "name": "", "water_type": "lake", "natural": "water", "water": "lake", "waterway": "", "width": null, "depth": null, "area_km2": 0.006, "length_km": null}, "geometry": {"type": "Polygon", "coordinates": [[[-46.7235285, -22.1401937], [-46.7235285, -22.1401937]]]}}, {"type": "Feature", "id": "osm/574148162", "properties": {"osm_id": 574148162, "name": "", "water_type": "lake", "natural": "water", "water": "lake", "waterway": "", "width": null, "depth": null, "area_km2": 0.015, "length_km": null}, "geometry": {"type": "Polygon", "coordinates": [[[-46.720959, -22.1344819], [-46.720959, -22.1344819]]]}}, {"type": "Feature", "id": "osm/574148166", "properties": {"osm_id": 574148166, "name": "", "water_type": "lake", "natural": "water", "water": "lake", "waterway": "", "width": null, "depth": null, "area_km2": 0.003, "length_km": null}, "geometry": {"type": "Polygon", "coordinates": [[[-46.717802, -22.1330732], [-46.717802, -22.1330732]]]}}, {"type": "Feature", "id": "osm/574148168", "properties": {"osm_id": 574148168, "name": "", "water_type": "lake", "natural": "water", "water": "lake", "waterway": "", "width": null, "depth": null, "area_km2": 0.001, "length_km": null}, "geometry": {"type": "Polygon", "coordinates": [[[-46.7179978, -22.1315253], [-46.7179978, -22.1315253]]]}}, {"type": "Feature", "id": "osm/574148171", "properties": {"osm_id": 574148171, "name": "", "water_type": "lake", "natural": "water", "water": "lake", "waterway": "", "width": null, "depth": null, "area_km2": 0.003, "length_km": null}, "geometry": {"type": "Polygon", "coordinates": [[[-46.7181158, -22.13197], [-46.7181158, -22.13197]]]}}, {"type": "Feature", "id": "osm/574148174", "properties": {"osm_id": 574148174, "name": "", "water_type": "lake", "natural": "water", "water": "lake", "waterway": "", "width": null, "depth": null, "area_km2": 0.005, "length_km": null}, "geometry": {"type": "Polygon", "coordinates": [[[-46.720444, -22.1325613], [-46.720444, -22.1325613]]]}}, {"type": "Feature", "id": "osm/574148177", "properties": {"osm_id": 574148177, "name": "", "water_type": "lake", "natural": "water", "water": "lake", "waterway": "", "width": null, "depth": null, "area_km2": 0.001, "length_km": null}, "geometry": {"type": "Polygon", "coordinates": [[[-46.7182043, -22.1306035], [-46.7182043, -22.1306035]]]}}, {"type": "Feature", "id": "osm/574148179", "properties": {"osm_id": 574148179, "name": "", "water_type": "lake", "natural": "water", "water": "lake", "waterway": "", "width": null, "depth": null, "area_km2": 0.003, "length_km": null}, "geometry": {"type": "Polygon", "coordinates": [[[-46.7192128, -22.1305762], [-46.7192128, -22.1305762]]]}}, {"type": "Feature", "id": "osm/574148183", "properties": {"osm_id": 574148183, "name": "", "water_type": "lake", "natural": "water", "water": "lake", "waterway": "", "width": null, "depth": null, "area_km2": 0.019, "length_km": null}, "geometry": {"type": "Polygon", "coordinates": [[[-46.71965, -22.1306383], [-46.71965, -22.1306383]]]}}, {"type": "Feature", "id": "osm/574148187", "properties": {"osm_id": 574148187, "name": "", "water_type": "lake", "natural": "water", "water": "lake", "waterway": "", "width": null, "depth": null, "area_km2": 0.002, "length_km": null}, "geometry": {"type": "Polygon", "coordinates": [[[-46.724588, -22.1184259], [-46.724588, -22.1184259]]]}}, {"type": "Feature", "id": "osm/574148188", "properties": {"osm_id": 574148188, "name": "", "water_type": "lake", "natural": "water", "water": "lake", "waterway": "", "width": null, "depth": null, "area_km2": 0.003, "length_km": null}, "geometry": {"type": "Polygon", "coordinates": [[[-46.7246068, -22.1179464], [-46.7246068, -22.1179464]]]}}, {"type": "Feature", "id": "osm/574148189", "properties": {"osm_id": 574148189, "name": "", "water_type": "lake", "natural": "water", "water": "lake", "waterway": "", "width": null, "depth": null, "area_km2": 0.003, "length_km": null}, "geometry": {"type": "Polygon", "coordinates": [[[-46.7224757, -22.1163374], [-46.7224757, -22.1163374]]]}}, {"type": "Feature", "id": "osm/574148190", "properties": {"osm_id": 574148190, "name": "", "water_type": "lake", "natural": "water", "water": "lake", "waterway": "", "width": null, "depth": null, "area_km2": 0.001, "length_km": null}, "geometry": {"type": "Polygon", "coordinates": [[[-46.7228271, -22.1162107], [-46.7228271, -22.1162107]]]}}, {"type": "Feature", "id": "osm/574148191", "properties": {"osm_id": 574148191, "name": "", "water_type": "lake", "natural": "water", "water": "lake", "waterway": "", "width": null, "depth": null, "area_km2": 0.001, "length_km": null}, "geometry": {"type": "Polygon", "coordinates": [[[-46.7224744, -22.1160852], [-46.7224744, -22.1160852]]]}}, {"type": "Feature", "id": "osm/574148195", "properties": {"osm_id": 574148195, "name": "", "water_type": "lake", "natural": "water", "water": "lake", "waterway": "", "width": null, "depth": null, "area_km2": 0.002, "length_km": null}, "geometry": {"type": "Polygon", "coordinates": [[[-46.7317843, -22.1174742], [-46.7317843, -22.1174742]]]}}, {"type": "Feature", "id": "osm/574148196", "properties": {"osm_id": 574148196, "name": "", "water_type": "lake", "natural": "water", "water": "lake", "waterway": "", "width": null, "depth": null, "area_km2": 0.004, "length_km": null}, "geometry": {"type": "Polygon", "coordinates": [[[-46.7325354, -22.1176258], [-46.7325354, -22.1176258]]]}}, {"type": "Feature", "id": "osm/574148198", "properties": {"osm_id": 574148198, "name": "", "water_type": "lake", "natural": "water", "water": "lake", "waterway": "", "width": null, "depth": null, "area_km2": 0.001, "length_km": null}, "geometry": {"type": "Polygon", "coordinates": [[[-46.7360142, -22.1201901], [-46.7360142, -22.1201901]]]}}, {"type": "Feature", "id": "osm/574148199", "properties": {"osm_id": 574148199, "name": "", "water_type": "lake", "natural": "water", "water": "lake", "waterway": "", "width": null, "depth": null, "area_km2": 0.002, "length_km": null}, "geometry": {"type": "Polygon", "coordinates": [[[-46.7352524, -22.1198447], [-46.7352524, -22.1198447]]]}}, {"type": "Feature", "id": "osm/574148211", "properties": {"osm_id": 574148211, "name": "", "water_type": "lake", "natural": "water", "water": "lake", "waterway": "", "width": null, "depth": null, "area_km2": 0.003, "length_km": null}, "geometry": {"type": "Polygon", "coordinates": [[[-46.7409709, -22.1171338], [-46.7409709, -22.1171338]]]}}, {"type": "Feature", "id": "osm/574148212", "properties": {"osm_id": 574148212, "name": "", "water_type": "lake", "natural": "water", "water": "lake", "waterway": "", "width": null, "depth": null, "area_km2": 0.003, "length_km": null}, "geometry": {"type": "Polygon", "coordinates": [[[-46.7411929, -22.1154317], [-46.7411929, -22.1154317]]]}}, {"type": "Feature", "id": "osm/574148213", "properties": {"osm_id": 574148213, "name": "", "water_type": "lake", "natural": "water", "water": "lake", "waterway": "", "width": null, "depth": null, "area_km2": 0.004, "length_km": null}, "geometry": {"type": "Polygon", "coordinates": [[[-46.7413813, -22.114152], [-46.7413813, -22.114152]]]}}, {"type": "Feature", "id": "osm/574148214", "properties": {"osm_id": 574148214, "name": "", "water_type": "lake", "natural": "water", "water": "lake", "waterway": "", "width": null, "depth": null, "area_km2": 0.002, "length_km": null}, "geometry": {"type": "Polygon", "coordinates": [[[-46.7417112, -22.1137097], [-46.7417112, -22.1137097]]]}}, {"type": "Feature", "id": "osm/574148215", "properties": {"osm_id": 574148215, "name": "", "water_type": "lake", "natural": "water", "water": "lake", "waterway": "", "width": null, "depth": null, "area_km2": 0.002, "length_km": null}, "geometry": {"type": "Polygon", "coordinates": [[[-46.7410889, -22.1131978], [-46.7410889, -22.1131978]]]}}, {"type": "Feature", "id": "osm/574148216", "properties": {"osm_id": 574148216, "name": "", "water_type": "lake", "natural": "water", "water": "lake", "waterway": "", "width": null, "depth": null, "area_km2": 0.001, "length_km": null}, "geometry": {"type": "Polygon", "coordinates": [[[-46.7415717, -22.1128747], [-46.7415717, -22.1128747]]]}}, {"type": "Feature", "id": "osm/574148217", "properties": {"osm_id": 574148217, "name": "", "water_type": "lake", "natural": "water", "water": "lake", "waterway": "", "width": null, "depth": null, "area_km2": 0.001, "length_km": null}, "geometry": {"type": "Polygon", "coordinates": [[[-46.7423818, -22.1128375], [-46.7423818, -22.1128375]]]}}, {"type": "Feature", "id": "osm/574148218", "properties": {"osm_id": 574148218, "name": "", "water_type": "lake", "natural": "water", "water": "lake", "waterway": "", "width": null, "depth": null, "area_km2": 0.002, "length_km": null}, "geometry": {"type": "Polygon", "coordinates": [[[-46.7420626, -22.1129766], [-46.7420626, -22.1129766]]]}}, {"type": "Feature", "id": "osm/574148219", "properties": {"osm_id": 574148219, "name": "", "water_type": "lake", "natural": "water", "water": "lake", "waterway": "", "width": null, "depth": null, "area_km2": 0.008, "length_km": null}, "geometry": {"type": "Polygon", "coordinates": [[[-46.7429987, -22.1111216], [-46.7429987, -22.1111216]]]}}, {"type": "Feature", "id": "osm/574148220", "properties": {"osm_id": 574148220, "name": "", "water_type": "lake", "natural": "water", "water": "lake", "waterway": "", "width": null, "depth": null, "area_km2": 0, "length_km": null}, "geometry": {"type": "Polygon", "coordinates": [[[-46.7431261, -22.1109477], [-46.7431261, -22.1109477]]]}}, {"type": "Feature", "id": "osm/574148221", "properties": {"osm_id": 574148221, "name": "", "water_type": "lake", "natural": "water", "water": "lake", "waterway": "", "width": null, "depth": null, "area_km2": 0, "length_km": null}, "geometry": {"type": "Polygon", "coordinates": [[[-46.7432494, -22.1107253], [-46.7432494, -22.1107253]]]}}, {"type": "Feature", "id": "osm/574148222", "properties": {"osm_id": 574148222, "name": "", "water_type": "lake", "natural": "water", "water": "lake", "waterway": "", "width": null, "depth": null, "area_km2": 0.002, "length_km": null}, "geometry": {"type": "Polygon", "coordinates": [[[-46.7437658, -22.1107377], [-46.7437658, -22.1107377]]]}}, {"type": "Feature", "id": "osm/574148223", "properties": {"osm_id": 574148223, "name": "", "water_type": "lake", "natural": "water", "water": "lake", "waterway": "", "width": null, "depth": null, "area_km2": 0.006, "length_km": null}, "geometry": {"type": "Polygon", "coordinates": [[[-46.7450666, -22.1100767], [-46.7450666, -22.1100767]]]}}, {"type": "Feature", "id": "osm/574148224", "properties": {"osm_id": 574148224, "name": "", "water_type": "lake", "natural": "water", "water": "lake", "waterway": "", "width": null, "depth": null, "area_km2": 0.003, "length_km": null}, "geometry": {"type": "Polygon", "coordinates": [[[-46.7430925, -22.1113838], [-46.7430925, -22.1113838]]]}}, {"type": "Feature", "id": "osm/574148225", "properties": {"osm_id": 574148225, "name": "", "water_type": "lake", "natural": "water", "water": "lake", "waterway": "", "width": null, "depth": null, "area_km2": 0.006, "length_km": null}, "geometry": {"type": "Polygon", "coordinates": [[[-46.7442057, -22.111754], [-46.7442057, -22.111754]]]}}, {"type": "Feature", "id": "osm/574148226", "properties": {"osm_id": 574148226, "name": "", "water_type": "lake", "natural": "water", "water": "lake", "waterway": "", "width": null, "depth": null, "area_km2": 0.002, "length_km": null}, "geometry": {"type": "Polygon", "coordinates": [[[-46.7441386, -22.112502], [-46.7441386, -22.112502]]]}}, {"type": "Feature", "id": "osm/574148227", "properties": {"osm_id": 574148227, "name": "", "water_type": "lake", "natural": "water", "water": "lake", "waterway": "", "width": null, "depth": null, "area_km2": 0.006, "length_km": null}, "geometry": {"type": "Polygon", "coordinates": [[[-46.7453, -22.1128772], [-46.7453, -22.1128772]]]}}, {"type": "Feature", "id": "osm/574148228", "properties": {"osm_id": 574148228, "name": "", "water_type": "lake", "natural": "water", "water": "lake", "waterway": "", "width": null, "depth": null, "area_km2": 0.007, "length_km": null}, "geometry": {"type": "Polygon", "coordinates": [[[-46.7456192, -22.1129692], [-46.7456192, -22.1129692]]]}}, {"type": "Feature", "id": "osm/574148229", "properties": {"osm_id": 574148229, "name": "", "water_type": "lake", "natural": "water", "water": "lake", "waterway": "", "width": null, "depth": null, "area_km2": 0, "length_km": null}, "geometry": {"type": "Polygon", "coordinates": [[[-46.7498517, -22.1116149], [-46.7498517, -22.1116149]]]}}, {"type": "Feature", "id": "osm/574148230", "properties": {"osm_id": 574148230, "name": "", "water_type": "lake", "natural": "water", "water": "lake", "waterway": "", "width": null, "depth": null, "area_km2": 0.001, "length_km": null}, "geometry": {"type": "Polygon", "coordinates": [[[-46.7501682, -22.1117043], [-46.7501682, -22.1117043]]]}}, {"type": "Feature", "id": "osm/574148231", "properties": {"osm_id": 574148231, "name": "", "water_type": "lake", "natural": "water", "water": "lake", "waterway": "", "width": null, "depth": null, "area_km2": 0.003, "length_km": null}, "geometry": {"type": "Polygon", "coordinates": [[[-46.7494011, -22.1114633], [-46.7494011, -22.1114633]]]}}, {"type": "Feature", "id": "osm/574148232", "properties": {"osm_id": 574148232, "name": "", "water_type": "lake", "natural": "water", "water": "lake", "waterway": "", "width": null, "depth": null, "area_km2": 0.004, "length_km": null}, "geometry": {"type": "Polygon", "coordinates": [[[-46.7500582, -22.111923], [-46.7500582, -22.111923]]]}}, {"type": "Feature", "id": "osm/574148238", "properties": {"osm_id": 574148238, "name": "", "water_type": "lake", "natural": "water", "water": "lake", "waterway": "", "width": null, "depth": null, "area_km2": 0.002, "length_km": null}, "geometry": {"type": "Polygon", "coordinates": [[[-46.7487037, -22.1041648], [-46.7487037, -22.1041648]]]}}, {"type": "Feature", "id": "osm/574148239", "properties": {"osm_id": 574148239, "name": "", "water_type": "lake", "natural": "water", "water": "lake", "waterway": "", "width": null, "depth": null, "area_km2": 0.004, "length_km": null}, "geometry": {"type": "Polygon", "coordinates": [[[-46.7480359, -22.1038517], [-46.7480359, -22.1038517]]]}}, {"type": "Feature", "id": "osm/574148240", "properties": {"osm_id": 574148240, "name": "", "water_type": "lake", "natural": "water", "water": "lake", "waterway": "", "width": null, "depth": null, "area_km2": 0.005, "length_km": null}, "geometry": {"type": "Polygon", "coordinates": [[[-46.7475209, -22.1028403], [-46.7475209, -22.1028403]]]}}, {"type": "Feature", "id": "osm/574148241", "properties": {"osm_id": 574148241, "name": "", "water_type": "lake", "natural": "water", "water": "lake", "waterway": "", "width": null, "depth": null, "area_km2": 0.005, "length_km": null}, "geometry": {"type": "Polygon", "coordinates": [[[-46.7476979, -22.1017294], [-46.7476979, -22.1017294]]]}}, {"type": "Feature", "id": "osm/574148242", "properties": {"osm_id": 574148242, "name": "", "water_type": "lake", "natural": "water", "water": "lake", "waterway": "", "width": null, "depth": null, "area_km2": 0.003, "length_km": null}, "geometry": {"type": "Polygon", "coordinates": [[[-46.747309, -22.1010162], [-46.747309, -22.1010162]]]}}, {"type": "Feature", "id": "osm/574148243", "properties": {"osm_id": 574148243, "name": "", "water_type": "lake", "natural": "water", "water": "lake", "waterway": "", "width": null, "depth": null, "area_km2": 0.007, "length_km": null}, "geometry": {"type": "Polygon", "coordinates": [[[-46.7474914, -22.1000545], [-46.7474914, -22.1000545]]]}}, {"type": "Feature", "id": "osm/574148244", "properties": {"osm_id": 574148244, "name": "", "water_type": "lake", "natural": "water", "water": "lake", "waterway": "", "width": null, "depth": null, "area_km2": 0.002, "length_km": null}, "geometry": {"type": "Polygon", "coordinates": [[[-46.7498061, -22.0985037], [-46.7498061, -22.0985037]]]}}, {"type": "Feature", "id": "osm/574148245", "properties": {"osm_id": 574148245, "name": "", "water_type": "lake", "natural": "water", "water": "lake", "waterway": "", "width": null, "depth": null, "area_km2": 0.004, "length_km": null}, "geometry": {"type": "Polygon", "coordinates": [[[-46.7488271, -22.098372], [-46.7488271, -22.098372]]]}}, {"type": "Feature", "id": "osm/574148246", "properties": {"osm_id": 574148246, "name": "", "water_type": "lake", "natural": "water", "water": "lake", "waterway": "", "width": null, "depth": null, "area_km2": 0, "length_km": null}, "geometry": {"type": "Polygon", "coordinates": [[[-46.7351975, -22.0944727], [-46.7351975, -22.0944727]]]}}, {"type": "Feature", "id": "osm/574148247", "properties": {"osm_id": 574148247, "name": "", "water_type": "lake", "natural": "water", "water": "lake", "waterway": "", "width": null, "depth": null, "area_km2": 0.006, "length_km": null}, "geometry": {"type": "Polygon", "coordinates": [[[-46.7372614, -22.0960633], [-46.7372614, -22.0960633]]]}}, {"type": "Feature", "id": "osm/574148249", "properties": {"osm_id": 574148249, "name": "", "water_type": "lake", "natural": "water", "water": "lake", "waterway": "", "width": null, "depth": null, "area_km2": 0.001, "length_km": null}, "geometry": {"type": "Polygon", "coordinates": [[[-46.7343244, -22.0934836], [-46.7343244, -22.0934836]]]}}, {"type": "Feature", "id": "osm/574148251", "properties": {"osm_id": 574148251, "name": "", "water_type": "lake", "natural": "water", "water": "lake", "waterway": "", "width": null, "depth": null, "area_km2": 0.001, "length_km": null}, "geometry": {"type": "Polygon", "coordinates": [[[-46.7340508, -22.093327], [-46.7340508, -22.093327]]]}}, {"type": "Feature", "id": "osm/574148253", "properties": {"osm_id": 574148253, "name": "", "water_type": "lake", "natural": "water", "water": "lake", "waterway": "", "width": null, "depth": null, "area_km2": 0.003, "length_km": null}, "geometry": {"type": "Polygon", "coordinates": [[[-46.730336, -22.09114], [-46.730336, -22.09114]]]}}, {"type": "Feature", "id": "osm/574148255", "properties": {"osm_id": 574148255, "name": "", "water_type": "lake", "natural": "water", "water": "lake", "waterway": "", "width": null, "depth": null, "area_km2": 0.003, "length_km": null}, "geometry": {"type": "Polygon", "coordinates": [[[-46.7024088, -22.1049128], [-46.7024088, -22.1049128]]]}}, {"type": "Feature", "id": "osm/574148258", "properties": {"osm_id": 574148258, "name": "", "water_type": "lake", "natural": "water", "water": "lake", "waterway": "", "width": null, "depth": null, "area_km2": 0.002, "length_km": null}, "geometry": {"type": "Polygon", "coordinates": [[[-46.6792318, -22.103556], [-46.6792318, -22.103556]]]}}, {"type": "Feature", "id": "osm/574148259", "properties": {"osm_id": 574148259, "name": "", "water_type": "lake", "natural": "water", "water": "lake", "waterway": "", "width": null, "depth": null, "area_km2": 0.001, "length_km": null}, "geometry": {"type": "Polygon", "coordinates": [[[-46.6788214, -22.102885], [-46.6788214, -22.102885]]]}}, {"type": "Feature", "id": "osm/574148262", "properties": {"osm_id": 574148262, "name": "", "water_type": "lake", "natural": "water", "water": "lake", "waterway": "", "width": null, "depth": null, "area_km2": 0.006, "length_km": null}, "geometry": {"type": "Polygon", "coordinates": [[[-46.6908243, -22.1049029], [-46.6908243, -22.1049029]]]}}, {"type": "Feature", "id": "osm/574148263", "properties": {"osm_id": 574148263, "name": "", "water_type": "lake", "natural": "water", "water": "lake", "waterway": "", "width": null, "depth": null, "area_km2": 0.001, "length_km": null}, "geometry": {"type": "Polygon", "coordinates": [[[-46.6918758, -22.1038269], [-46.6918758, -22.1038269]]]}}, {"type": "Feature", "id": "osm/574148264", "properties": {"osm_id": 574148264, "name": "", "water_type": "lake", "natural": "water", "water": "lake", "waterway": "", "width": null, "depth": null, "area_km2": 0.002, "length_km": null}, "geometry": {"type": "Polygon", "coordinates": [[[-46.6918489, -22.1019705], [-46.6918489, -22.1019705]]]}}, {"type": "Feature", "id": "osm/574148266", "properties": {"osm_id": 574148266, "name": "", "water_type": "lake", "natural": "water", "water": "lake", "waterway": "", "width": null, "depth": null, "area_km2": 0.016, "length_km": null}, "geometry": {"type": "Polygon", "coordinates": [[[-46.6927904, -22.1021469], [-46.6927904, -22.1021469]]]}}, {"type": "Feature", "id": "osm/596662232", "properties": {"osm_id": 596662232, "name": "", "water_type": "water", "natural": "water", "water": "", "waterway": "", "width": null, "depth": null, "area_km2": 0.001, "length_km": null}, "geometry": {"type": "Polygon", "coordinates": [[[-46.6887537, -22.1137482], [-46.6887537, -22.1137482]]]}}, {"type": "Feature", "id": "osm/596662234", "properties": {"osm_id": 596662234, "name": "", "water_type": "water", "natural": "water", "water": "", "waterway": "", "width": null, "depth": null, "area_km2": 0, "length_km": null}, "geometry": {"type": "Polygon", "coordinates": [[[-46.6702518, -22.1026912], [-46.6702518, -22.1026912]]]}}, {"type": "Feature", "id": "osm/596662235", "properties": {"osm_id": 596662235, "name": "", "water_type": "water", "natural": "water", "water": "", "waterway": "", "width": null, "depth": null, "area_km2": 0.003, "length_km": null}, "geometry": {"type": "Polygon", "coordinates": [[[-46.6757691, -22.0937346], [-46.6757691, -22.0937346]]]}}, {"type": "Feature", "id": "osm/596662236", "properties": {"osm_id": 596662236, "name": "", "water_type": "water", "natural": "water", "water": "", "waterway": "", "width": null, "depth": null, "area_km2": 0.002, "length_km": null}, "geometry": {"type": "Polygon", "coordinates": [[[-46.6750851, -22.0946691], [-46.6750851, -22.0946691]]]}}, {"type": "Feature", "id": "osm/596662238", "properties": {"osm_id": 596662238, "name": "", "water_type": "water", "natural": "water", "water": "", "waterway": "", "width": null, "depth": null, "area_km2": 0.001, "length_km": null}, "geometry": {"type": "Polygon", "coordinates": [[[-46.6872516, -22.0952506], [-46.6872516, -22.0952506]]]}}, {"type": "Feature", "id": "osm/596662239", "properties": {"osm_id": 596662239, "name": "", "water_type": "water", "natural": "water", "water": "", "waterway": "", "width": null, "depth": null, "area_km2": 0.005, "length_km": null}, "geometry": {"type": "Polygon", "coordinates": [[[-46.7081165, -22.0951139], [-46.7081165, -22.0951139]]]}}, {"type": "Feature", "id": "osm/596662240", "properties": {"osm_id": 596662240, "name": "", "water_type": "water", "natural": "water", "water": "", "waterway": "", "width": null, "depth": null, "area_km2": 0.008, "length_km": null}, "geometry": {"type": "Polygon", "coordinates": [[[-46.7177913, -22.0905584], [-46.7177913, -22.0905584]]]}}, {"type": "Feature", "id": "osm/596662241", "properties": {"osm_id": 596662241, "name": "", "water_type": "water", "natural": "water", "water": "", "waterway": "", "width": null, "depth": null, "area_km2": 0.002, "length_km": null}, "geometry": {"type": "Polygon", "coordinates": [[[-46.7187193, -22.0884782], [-46.7187193, -22.0884782]]]}}, {"type": "Feature", "id": "osm/596662242", "properties": {"osm_id": 596662242, "name": "", "water_type": "water", "natural": "water", "water": "", "waterway": "", "width": null, "depth": null, "area_km2": 0.001, "length_km": null}, "geometry": {"type": "Polygon", "coordinates": [[[-46.726656, -22.0870491], [-46.726656, -22.0870491]]]}}, {"type": "Feature", "id": "osm/596662243", "properties": {"osm_id": 596662243, "name": "", "water_type": "water", "natural": "water", "water": "", "waterway": "", "width": null, "depth": null, "area_km2": 0.001, "length_km": null}, "geometry": {"type": "Polygon", "coordinates": [[[-46.7387876, -22.0897159], [-46.7387876, -22.0897159]]]}}, {"type": "Feature", "id": "osm/596662245", "properties": {"osm_id": 596662245, "name": "", "water_type": "water", "natural": "water", "water": "", "waterway": "", "width": null, "depth": null, "area_km2": 0.002, "length_km": null}, "geometry": {"type": "Polygon", "coordinates": [[[-46.7520243, -22.0997438], [-46.7520243, -22.0997438]]]}}, {"type": "Feature", "id": "osm/596662247", "properties": {"osm_id": 596662247, "name": "", "water_type": "water", "natural": "water", "water": "", "waterway": "", "width": null, "depth": null, "area_km2": 0, "length_km": null}, "geometry": {"type": "Polygon", "coordinates": [[[-46.7456701, -22.1229457], [-46.7456701, -22.1229457]]]}}, {"type": "Feature", "id": "osm/596662248", "properties": {"osm_id": 596662248, "name": "", "water_type": "water", "natural": "water", "water": "", "waterway": "", "width": null, "depth": null, "area_km2": 0.001, "length_km": null}, "geometry": {"type": "Polygon", "coordinates": [[[-46.7461127, -22.1227917], [-46.7461127, -22.1227917]]]}}, {"type": "Feature", "id": "osm/596662249", "properties": {"osm_id": 596662249, "name": "", "water_type": "water", "natural": "water", "water": "", "waterway": "", "width": null, "depth": null, "area_km2": 0.004, "length_km": null}, "geometry": {"type": "Polygon", "coordinates": [[[-46.746338, -22.1223419], [-46.746338, -22.1223419]]]}}, {"type": "Feature", "id": "osm/596662252", "properties": {"osm_id": 596662252, "name": "", "water_type": "water", "natural": "water", "water": "", "waterway": "", "width": null, "depth": null, "area_km2": 0.001, "length_km": null}, "geometry": {"type": "Polygon", "coordinates": [[[-46.7475383, -22.1261287], [-46.7475383, -22.1261287]]]}}, {"type": "Feature", "id": "osm/596662253", "properties": {"osm_id": 596662253, "name": "", "water_type": "water", "natural": "water", "water": "", "waterway": "", "width": null, "depth": null, "area_km2": 0.001, "length_km": null}, "geometry": {"type": "Polygon", "coordinates": [[[-46.7474297, -22.1261858], [-46.7474297, -22.1261858]]]}}, {"type": "Feature", "id": "osm/596662257", "properties": {"osm_id": 596662257, "name": "", "water_type": "water", "natural": "water", "water": "", "waterway": "", "width": null, "depth": null, "area_km2": 0.002, "length_km": null}, "geometry": {"type": "Polygon", "coordinates": [[[-46.714645, -22.1554424], [-46.714645, -22.1554424]]]}}, {"type": "Feature", "id": "osm/596662258", "properties": {"osm_id": 596662258, "name": "", "water_type": "water", "natural": "water", "water": "", "waterway": "", "width": null, "depth": null, "area_km2": 0.007, "length_km": null}, "geometry": {"type": "Polygon", "coordinates": [[[-46.7144144, -22.1562323], [-46.7144144, -22.1562323]]]}}, {"type": "Feature", "id": "osm/596662276", "properties": {"osm_id": 596662276, "name": "", "water_type": "water", "natural": "water", "water": "", "waterway": "", "width": null, "depth": null, "area_km2": 0.001, "length_km": null}, "geometry": {"type": "Polygon", "coordinates": [[[-46.7213479, -22.1313514], [-46.7213479, -22.1313514]]]}}, {"type": "Feature", "id": "osm/596662277", "properties": {"osm_id": 596662277, "name": "", "water_type": "water", "natural": "water", "water": "", "waterway": "", "width": null, "depth": null, "area_km2": 0.001, "length_km": null}, "geometry": {"type": "Polygon", "coordinates": [[[-46.7214686, -22.1310805], [-46.7214686, -22.1310805]]]}}, {"type": "Feature", "id": "osm/596662279", "properties": {"osm_id": 596662279, "name": "", "water_type": "water", "natural": "water", "water": "", "waterway": "", "width": null, "depth": null, "area_km2": 0.002, "length_km": null}, "geometry": {"type": "Polygon", "coordinates": [[[-46.7215169, -22.1311451], [-46.7215169, -22.1311451]]]}}, {"type": "Feature", "id": "osm/596662280", "properties": {"osm_id": 596662280, "name": "", "water_type": "water", "natural": "water", "water": "", "waterway": "", "width": null, "depth": null, "area_km2": 0.001, "length_km": null}, "geometry": {"type": "Polygon", "coordinates": [[[-46.7228633, -22.1330434], [-46.7228633, -22.1330434]]]}}, {"type": "Feature", "id": "osm/596662282", "properties": {"osm_id": 596662282, "name": "", "water_type": "water", "natural": "water", "water": "", "waterway": "", "width": null, "depth": null, "area_km2": 0.002, "length_km": null}, "geometry": {"type": "Polygon", "coordinates": [[[-46.7227453, -22.1331427], [-46.7227453, -22.1331427]]]}}, {"type": "Feature", "id": "osm/596662289", "properties": {"osm_id": 596662289, "name": "", "water_type": "water", "natural": "water", "water": "", "waterway": "", "width": null, "depth": null, "area_km2": 0.001, "length_km": null}, "geometry": {"type": "Polygon", "coordinates": [[[-46.7256689, -22.1252466], [-46.7256689, -22.1252466]]]}}, {"type": "Feature", "id": "osm/596662290", "properties": {"osm_id": 596662290, "name": "", "water_type": "water", "natural": "water", "water": "", "waterway": "", "width": null, "depth": null, "area_km2": 0.002, "length_km": null}, "geometry": {"type": "Polygon", "coordinates": [[[-46.725964, -22.1249037], [-46.725964, -22.1249037]]]}}, {"type": "Feature", "id": "osm/596662294", "properties": {"osm_id": 596662294, "name": "", "water_type": "water", "natural": "water", "water": "", "waterway": "", "width": null, "depth": null, "area_km2": 0.001, "length_km": null}, "geometry": {"type": "Polygon", "coordinates": [[[-46.7294481, -22.1246552], [-46.7294481, -22.1246552]]]}}, {"type": "Feature", "id": "osm/596662296", "properties": {"osm_id": 596662296, "name": "", "water_type": "water", "natural": "water", "water": "", "waterway": "", "width": null, "depth": null, "area_km2": 0.002, "length_km": null}, "geometry": {"type": "Polygon", "coordinates": [[[-46.7301857, -22.1248118], [-46.7301857, -22.1248118]]]}}, {"type": "Feature", "id": "osm/596915921", "properties": {"osm_id": 596915921, "name": "", "water_type": "water", "natural": "water", "water": "", "waterway": "", "width": null, "depth": null, "area_km2": 0.001, "length_km": null}, "geometry": {"type": "Polygon", "coordinates": [[[-46.6951749, -22.117437], [-46.6951749, -22.117437]]]}}, {"type": "Feature", "id": "osm/596915923", "properties": {"osm_id": 596915923, "name": "", "water_type": "water", "natural": "water", "water": "", "waterway": "", "width": null, "depth": null, "area_km2": 0.004, "length_km": null}, "geometry": {"type": "Polygon", "coordinates": [[[-46.6811925, -22.1168158], [-46.6811925, -22.1168158]]]}}, {"type": "Feature", "id": "osm/603487179", "properties": {"osm_id": 603487179, "name": "", "water_type": "water", "natural": "water", "water": "", "waterway": "", "width": null, "depth": null, "area_km2": 0.053, "length_km": null}, "geometry": {"type": "Polygon", "coordinates": [[[-46.9114231, -21.8306441], [-46.9114231, -21.8306441]]]}}, {"type": "Feature", "id": "osm/603487183", "properties": {"osm_id": 603487183, "name": "", "water_type": "water", "natural": "water", "water": "", "waterway": "", "width": null, "depth": null, "area_km2": 0.002, "length_km": null}, "geometry": {"type": "Polygon", "coordinates": [[[-46.887551, -21.8466641], [-46.887551, -21.8466641]]]}}, {"type": "Feature", "id": "osm/607796851", "properties": {"osm_id": 607796851, "name": "", "water_type": "lake", "natural": "water", "water": "lake", "waterway": "", "width": null, "depth": null, "area_km2": 0.003, "length_km": null}, "geometry": {"type": "Polygon", "coordinates": [[[-46.8620861, -21.7877808], [-46.8620861, -21.7877808]]]}}, {"type": "Feature", "id": "osm/607796854", "properties": {"osm_id": 607796854, "name": "", "water_type": "lake", "natural": "water", "water": "lake", "waterway": "", "width": null, "depth": null, "area_km2": 0.001, "length_km": null}, "geometry": {"type": "Polygon", "coordinates": [[[-46.8334991, -21.8405259], [-46.8334991, -21.8405259]]]}}, {"type": "Feature", "id": "osm/607796861", "properties": {"osm_id": 607796861, "name": "", "water_type": "lake", "natural": "water", "water": "lake", "waterway": "", "width": null, "depth": null, "area_km2": 0.003, "length_km": null}, "geometry": {"type": "Polygon", "coordinates": [[[-46.8448851, -21.8471321], [-46.8448851, -21.8471321]]]}}, {"type": "Feature", "id": "osm/607796863", "properties": {"osm_id": 607796863, "name": "", "water_type": "lake", "natural": "water", "water": "lake", "waterway": "", "width": null, "depth": null, "area_km2": 0.002, "length_km": null}, "geometry": {"type": "Polygon", "coordinates": [[[-46.8434232, -21.8509436], [-46.8434232, -21.8509436]]]}}, {"type": "Feature", "id": "osm/607796869", "properties": {"osm_id": 607796869, "name": "", "water_type": "lake", "natural": "water", "water": "lake", "waterway": "", "width": null, "depth": null, "area_km2": 0.002, "length_km": null}, "geometry": {"type": "Polygon", "coordinates": [[[-46.8473554, -21.8496316], [-46.8473554, -21.8496316]]]}}, {"type": "Feature", "id": "osm/607796871", "properties": {"osm_id": 607796871, "name": "", "water_type": "lake", "natural": "water", "water": "lake", "waterway": "", "width": null, "depth": null, "area_km2": 0.001, "length_km": null}, "geometry": {"type": "Polygon", "coordinates": [[[-46.8546724, -21.8513394], [-46.8546724, -21.8513394]]]}}, {"type": "Feature", "id": "osm/607796873", "properties": {"osm_id": 607796873, "name": "", "water_type": "lake", "natural": "water", "water": "lake", "waterway": "", "width": null, "depth": null, "area_km2": 0.002, "length_km": null}, "geometry": {"type": "Polygon", "coordinates": [[[-46.8590981, -21.85417], [-46.8590981, -21.85417]]]}}, {"type": "Feature", "id": "osm/607796876", "properties": {"osm_id": 607796876, "name": "", "water_type": "lake", "natural": "water", "water": "lake", "waterway": "", "width": null, "depth": null, "area_km2": 0, "length_km": null}, "geometry": {"type": "Polygon", "coordinates": [[[-46.8701407, -21.9105971], [-46.8701407, -21.9105971]]]}}, {"type": "Feature", "id": "osm/607796877", "properties": {"osm_id": 607796877, "name": "", "water_type": "lake", "natural": "water", "water": "lake", "waterway": "", "width": null, "depth": null, "area_km2": 0, "length_km": null}, "geometry": {"type": "Polygon", "coordinates": [[[-46.8704022, -21.9107129], [-46.8704022, -21.9107129]]]}}, {"type": "Feature", "id": "osm/607796882", "properties": {"osm_id": 607796882, "name": "", "water_type": "lake", "natural": "water", "water": "lake", "waterway": "", "width": null, "depth": null, "area_km2": 0.002, "length_km": null}, "geometry": {"type": "Polygon", "coordinates": [[[-46.8562388, -21.9133593], [-46.8562388, -21.9133593]]]}}, {"type": "Feature", "id": "osm/607796883", "properties": {"osm_id": 607796883, "name": "", "water_type": "lake", "natural": "water", "water": "lake", "waterway": "", "width": null, "depth": null, "area_km2": 0.002, "length_km": null}, "geometry": {"type": "Polygon", "coordinates": [[[-46.8563408, -21.9132921], [-46.8563408, -21.9132921]]]}}, {"type": "Feature", "id": "osm/607796899", "properties": {"osm_id": 607796899, "name": "", "water_type": "lake", "natural": "water", "water": "lake", "waterway": "", "width": null, "depth": null, "area_km2": 0.001, "length_km": null}, "geometry": {"type": "Polygon", "coordinates": [[[-46.8691349, -21.8912256], [-46.8691349, -21.8912256]]]}}, {"type": "Feature", "id": "osm/607796904", "properties": {"osm_id": 607796904, "name": "", "water_type": "lake", "natural": "water", "water": "lake", "waterway": "", "width": null, "depth": null, "area_km2": 0, "length_km": null}, "geometry": {"type": "Polygon", "coordinates": [[[-46.8243232, -21.7556796], [-46.8243232, -21.7556796]]]}}, {"type": "Feature", "id": "osm/607796906", "properties": {"osm_id": 607796906, "name": "", "water_type": "lake", "natural": "water", "water": "lake", "waterway": "", "width": null, "depth": null, "area_km2": 0.001, "length_km": null}, "geometry": {"type": "Polygon", "coordinates": [[[-46.8431977, -21.7691796], [-46.8431977, -21.7691796]]]}}, {"type": "Feature", "id": "osm/607796909", "properties": {"osm_id": 607796909, "name": "", "water_type": "lake", "natural": "water", "water": "lake", "waterway": "", "width": null, "depth": null, "area_km2": 0.002, "length_km": null}, "geometry": {"type": "Polygon", "coordinates": [[[-46.8560457, -21.7853126], [-46.8560457, -21.7853126]]]}}, {"type": "Feature", "id": "osm/607796910", "properties": {"osm_id": 607796910, "name": "", "water_type": "lake", "natural": "water", "water": "lake", "waterway": "", "width": null, "depth": null, "area_km2": 0.001, "length_km": null}, "geometry": {"type": "Polygon", "coordinates": [[[-46.8524382, -21.7739299], [-46.8524382, -21.7739299]]]}}, {"type": "Feature", "id": "osm/607796913", "properties": {"osm_id": 607796913, "name": "", "water_type": "lake", "natural": "water", "water": "lake", "waterway": "", "width": null, "depth": null, "area_km2": 0.001, "length_km": null}, "geometry": {"type": "Polygon", "coordinates": [[[-46.8552652, -21.7880698], [-46.8552652, -21.7880698]]]}}, {"type": "Feature", "id": "osm/607796914", "properties": {"osm_id": 607796914, "name": "", "water_type": "lake", "natural": "water", "water": "lake", "waterway": "", "width": null, "depth": null, "area_km2": 0.002, "length_km": null}, "geometry": {"type": "Polygon", "coordinates": [[[-46.8619359, -21.7919899], [-46.8619359, -21.7919899]]]}}, {"type": "Feature", "id": "osm/607796929", "properties": {"osm_id": 607796929, "name": "", "water_type": "lake", "natural": "water", "water": "lake", "waterway": "", "width": null, "depth": null, "area_km2": 0.006, "length_km": null}, "geometry": {"type": "Polygon", "coordinates": [[[-46.9104785, -21.8806403], [-46.9104785, -21.8806403]]]}}, {"type": "Feature", "id": "osm/607796930", "properties": {"osm_id": 607796930, "name": "", "water_type": "lake", "natural": "water", "water": "lake", "waterway": "", "width": null, "depth": null, "area_km2": 0.004, "length_km": null}, "geometry": {"type": "Polygon", "coordinates": [[[-46.9118571, -21.8664126], [-46.9118571, -21.8664126]]]}}, {"type": "Feature", "id": "osm/607796931", "properties": {"osm_id": 607796931, "name": "", "water_type": "lake", "natural": "water", "water": "lake", "waterway": "", "width": null, "depth": null, "area_km2": 0.004, "length_km": null}, "geometry": {"type": "Polygon", "coordinates": [[[-46.8970299, -21.8863301], [-46.8970299, -21.8863301]]]}}, {"type": "Feature", "id": "osm/607796934", "properties": {"osm_id": 607796934, "name": "", "water_type": "lake", "natural": "water", "water": "lake", "waterway": "", "width": null, "depth": null, "area_km2": 0.001, "length_km": null}, "geometry": {"type": "Polygon", "coordinates": [[[-46.8113789, -21.8435135], [-46.8113789, -21.8435135]]]}}, {"type": "Feature", "id": "osm/607796935", "properties": {"osm_id": 607796935, "name": "", "water_type": "lake", "natural": "water", "water": "lake", "waterway": "", "width": null, "depth": null, "area_km2": 0.001, "length_km": null}, "geometry": {"type": "Polygon", "coordinates": [[[-46.8088093, -21.8447197], [-46.8088093, -21.8447197]]]}}, {"type": "Feature", "id": "osm/607796936", "properties": {"osm_id": 607796936, "name": "", "water_type": "lake", "natural": "water", "water": "lake", "waterway": "", "width": null, "depth": null, "area_km2": 0.007, "length_km": null}, "geometry": {"type": "Polygon", "coordinates": [[[-46.8571186, -21.8609212], [-46.8571186, -21.8609212]]]}}, {"type": "Feature", "id": "osm/607796940", "properties": {"osm_id": 607796940, "name": "", "water_type": "lake", "natural": "water", "water": "lake", "waterway": "", "width": null, "depth": null, "area_km2": 0, "length_km": null}, "geometry": {"type": "Polygon", "coordinates": [[[-46.8588808, -21.9002], [-46.8588808, -21.9002]]]}}, {"type": "Feature", "id": "osm/607796943", "properties": {"osm_id": 607796943, "name": "", "water_type": "lake", "natural": "water", "water": "lake", "waterway": "", "width": null, "depth": null, "area_km2": 0.015, "length_km": null}, "geometry": {"type": "Polygon", "coordinates": [[[-46.8586528, -21.9004613], [-46.8586528, -21.9004613]]]}}, {"type": "Feature", "id": "osm/607796946", "properties": {"osm_id": 607796946, "name": "", "water_type": "lake", "natural": "water", "water": "lake", "waterway": "", "width": null, "depth": null, "area_km2": 0.001, "length_km": null}, "geometry": {"type": "Polygon", "coordinates": [[[-46.8658572, -21.8905188], [-46.8658572, -21.8905188]]]}}, {"type": "Feature", "id": "osm/607796949", "properties": {"osm_id": 607796949, "name": "", "water_type": "lake", "natural": "water", "water": "lake", "waterway": "", "width": null, "depth": null, "area_km2": 0.004, "length_km": null}, "geometry": {"type": "Polygon", "coordinates": [[[-46.865935, -21.8891537], [-46.865935, -21.8891537]]]}}, {"type": "Feature", "id": "osm/607796962", "properties": {"osm_id": 607796962, "name": "", "water_type": "lake", "natural": "water", "water": "lake", "waterway": "", "width": null, "depth": null, "area_km2": 0.01, "length_km": null}, "geometry": {"type": "Polygon", "coordinates": [[[-46.8785602, -21.8781364], [-46.8785602, -21.8781364]]]}}, {"type": "Feature", "id": "osm/607796965", "properties": {"osm_id": 607796965, "name": "", "water_type": "lake", "natural": "water", "water": "lake", "waterway": "", "width": null, "depth": null, "area_km2": 0.001, "length_km": null}, "geometry": {"type": "Polygon", "coordinates": [[[-46.8909359, -21.8813895], [-46.8909359, -21.8813895]]]}}, {"type": "Feature", "id": "osm/607796972", "properties": {"osm_id": 607796972, "name": "", "water_type": "lake", "natural": "water", "water": "lake", "waterway": "", "width": null, "depth": null, "area_km2": 0.003, "length_km": null}, "geometry": {"type": "Polygon", "coordinates": [[[-46.8815213, -21.8890952], [-46.8815213, -21.8890952]]]}}, {"type": "Feature", "id": "osm/607796974", "properties": {"osm_id": 607796974, "name": "", "water_type": "lake", "natural": "water", "water": "lake", "waterway": "", "width": null, "depth": null, "area_km2": 0, "length_km": null}, "geometry": {"type": "Polygon", "coordinates": [[[-46.8819049, -21.8898866], [-46.8819049, -21.8898866]]]}}, {"type": "Feature", "id": "osm/607796975", "properties": {"osm_id": 607796975, "name": "", "water_type": "lake", "natural": "water", "water": "lake", "waterway": "", "width": null, "depth": null, "area_km2": 0.001, "length_km": null}, "geometry": {"type": "Polygon", "coordinates": [[[-46.8818861, -21.8902425], [-46.8818861, -21.8902425]]]}}, {"type": "Feature", "id": "osm/607796977", "properties": {"osm_id": 607796977, "name": "", "water_type": "lake", "natural": "water", "water": "lake", "waterway": "", "width": null, "depth": null, "area_km2": 0.001, "length_km": null}, "geometry": {"type": "Polygon", "coordinates": [[[-46.8818459, -21.8902002], [-46.8818459, -21.8902002]]]}}, {"type": "Feature", "id": "osm/607796979", "properties": {"osm_id": 607796979, "name": "", "water_type": "lake", "natural": "water", "water": "lake", "waterway": "", "width": null, "depth": null, "area_km2": 0.009, "length_km": null}, "geometry": {"type": "Polygon", "coordinates": [[[-46.8817279, -21.8895656], [-46.8817279, -21.8895656]]]}}, {"type": "Feature", "id": "osm/607796982", "properties": {"osm_id": 607796982, "name": "", "water_type": "lake", "natural": "water", "water": "lake", "waterway": "", "width": null, "depth": null, "area_km2": 0.003, "length_km": null}, "geometry": {"type": "Polygon", "coordinates": [[[-46.8802527, -21.889573], [-46.8802527, -21.889573]]]}}, {"type": "Feature", "id": "osm/607796985", "properties": {"osm_id": 607796985, "name": "", "water_type": "lake", "natural": "water", "water": "lake", "waterway": "", "width": null, "depth": null, "area_km2": 0.003, "length_km": null}, "geometry": {"type": "Polygon", "coordinates": [[[-46.8755963, -21.8902575], [-46.8755963, -21.8902575]]]}}, {"type": "Feature", "id": "osm/607796987", "properties": {"osm_id": 607796987, "name": "", "water_type": "lake", "natural": "water", "water": "lake", "waterway": "", "width": null, "depth": null, "area_km2": 0.003, "length_km": null}, "geometry": {"type": "Polygon", "coordinates": [[[-46.8845362, -21.8980074], [-46.8845362, -21.8980074]]]}}, {"type": "Feature", "id": "osm/607796989", "properties": {"osm_id": 607796989, "name": "", "water_type": "lake", "natural": "water", "water": "lake", "waterway": "", "width": null, "depth": null, "area_km2": 0.005, "length_km": null}, "geometry": {"type": "Polygon", "coordinates": [[[-46.8854159, -21.8983907], [-46.8854159, -21.8983907]]]}}, {"type": "Feature", "id": "osm/607796991", "properties": {"osm_id": 607796991, "name": "", "water_type": "lake", "natural": "water", "water": "lake", "waterway": "", "width": null, "depth": null, "area_km2": 0.008, "length_km": null}, "geometry": {"type": "Polygon", "coordinates": [[[-46.8866497, -21.8990178], [-46.8866497, -21.8990178]]]}}, {"type": "Feature", "id": "osm/607796993", "properties": {"osm_id": 607796993, "name": "", "water_type": "lake", "natural": "water", "water": "lake", "waterway": "", "width": null, "depth": null, "area_km2": 0.002, "length_km": null}, "geometry": {"type": "Polygon", "coordinates": [[[-46.8761998, -21.903312], [-46.8761998, -21.903312]]]}}, {"type": "Feature", "id": "osm/607796996", "properties": {"osm_id": 607796996, "name": "", "water_type": "lake", "natural": "water", "water": "lake", "waterway": "", "width": null, "depth": null, "area_km2": 0.009, "length_km": null}, "geometry": {"type": "Polygon", "coordinates": [[[-46.9628406, -21.9612608], [-46.9628406, -21.9612608]]]}}, {"type": "Feature", "id": "osm/607796997", "properties": {"osm_id": 607796997, "name": "", "water_type": "lake", "natural": "water", "water": "lake", "waterway": "", "width": null, "depth": null, "area_km2": 0.005, "length_km": null}, "geometry": {"type": "Polygon", "coordinates": [[[-46.9779843, -21.9447771], [-46.9779843, -21.9447771]]]}}, {"type": "Feature", "id": "osm/607796998", "properties": {"osm_id": 607796998, "name": "", "water_type": "lake", "natural": "water", "water": "lake", "waterway": "", "width": null, "depth": null, "area_km2": 0.004, "length_km": null}, "geometry": {"type": "Polygon", "coordinates": [[[-46.9788319, -21.9460484], [-46.9788319, -21.9460484]]]}}, {"type": "Feature", "id": "osm/607796999", "properties": {"osm_id": 607796999, "name": "", "water_type": "lake", "natural": "water", "water": "lake", "waterway": "", "width": null, "depth": null, "area_km2": 0.008, "length_km": null}, "geometry": {"type": "Polygon", "coordinates": [[[-46.9658473, -21.8315142], [-46.9658473, -21.8315142]]]}}, {"type": "Feature", "id": "osm/607797000", "properties": {"osm_id": 607797000, "name": "", "water_type": "lake", "natural": "water", "water": "lake", "waterway": "", "width": null, "depth": null, "area_km2": 0.012, "length_km": null}, "geometry": {"type": "Polygon", "coordinates": [[[-46.9679287, -21.8314021], [-46.9679287, -21.8314021]]]}}, {"type": "Feature", "id": "osm/607797009", "properties": {"osm_id": 607797009, "name": "", "water_type": "lake", "natural": "water", "water": "lake", "waterway": "", "width": null, "depth": null, "area_km2": 0.002, "length_km": null}, "geometry": {"type": "Polygon", "coordinates": [[[-46.9526482, -21.8225953], [-46.9526482, -21.8225953]]]}}, {"type": "Feature", "id": "osm/607797010", "properties": {"osm_id": 607797010, "name": "", "water_type": "lake", "natural": "water", "water": "lake", "waterway": "", "width": null, "depth": null, "area_km2": 0.001, "length_km": null}, "geometry": {"type": "Polygon", "coordinates": [[[-46.9424504, -21.8209955], [-46.9422559, -21.8208548], [-46.9425255, -21.8205248], [-46.9426864, -21.8206444], [-46.9424504, -21.8209955]]]}}, {"type": "Feature", "id": "osm/607797011", "properties": {"osm_id": 607797011, "name": "", "water_type": "lake", "natural": "water", "water": "lake", "waterway": "", "width": null, "depth": null, "area_km2": 0.001, "length_km": null}, "geometry": {"type": "Polygon", "coordinates": [[[-46.9422144, -21.8208174], [-46.9422144, -21.8208174]]]}}, {"type": "Feature", "id": "osm/607797012", "properties": {"osm_id": 607797012, "name": "", "water_type": "lake", "natural": "water", "water": "lake", "waterway": "", "width": null, "depth": null, "area_km2": 0.001, "length_km": null}, "geometry": {"type": "Polygon", "coordinates": [[[-46.9398567, -21.8251749], [-46.9398567, -21.8251749]]]}}, {"type": "Feature", "id": "osm/607797013", "properties": {"osm_id": 607797013, "name": "", "water_type": "lake", "natural": "water", "water": "lake", "waterway": "", "width": null, "depth": null, "area_km2": 0.004, "length_km": null}, "geometry": {"type": "Polygon", "coordinates": [[[-46.9410691, -21.8260987], [-46.9410691, -21.8260987]]]}}, {"type": "Feature", "id": "osm/607797020", "properties": {"osm_id": 607797020, "name": "", "water_type": "lake", "natural": "water", "water": "lake", "waterway": "", "width": null, "depth": null, "area_km2": 0.006, "length_km": null}, "geometry": {"type": "Polygon", "coordinates": [[[-46.9239432, -21.8254139], [-46.9239432, -21.8254139]]]}}, {"type": "Feature", "id": "osm/607797021", "properties": {"osm_id": 607797021, "name": "", "water_type": "lake", "natural": "water", "water": "lake", "waterway": "", "width": null, "depth": null, "area_km2": 0.005, "length_km": null}, "geometry": {"type": "Polygon", "coordinates": [[[-46.9229373, -21.8257999], [-46.9229373, -21.8257999]]]}}, {"type": "Feature", "id": "osm/607797022", "properties": {"osm_id": 607797022, "name": "", "water_type": "lake", "natural": "water", "water": "lake", "waterway": "", "width": null, "depth": null, "area_km2": 0.005, "length_km": null}, "geometry": {"type": "Polygon", "coordinates": [[[-46.9231546, -21.8264647], [-46.9231546, -21.8264647]]]}}, {"type": "Feature", "id": "osm/607797023", "properties": {"osm_id": 607797023, "name": "", "water_type": "lake", "natural": "water", "water": "lake", "waterway": "", "width": null, "depth": null, "area_km2": 0.006, "length_km": null}, "geometry": {"type": "Polygon", "coordinates": [[[-46.9240826, -21.8261111], [-46.9240826, -21.8261111]]]}}, {"type": "Feature", "id": "osm/607797028", "properties": {"osm_id": 607797028, "name": "", "water_type": "lake", "natural": "water", "water": "lake", "waterway": "", "width": null, "depth": null, "area_km2": 0.001, "length_km": null}, "geometry": {"type": "Polygon", "coordinates": [[[-46.8667893, -21.8080131], [-46.8667893, -21.8080131]]]}}, {"type": "Feature", "id": "osm/607797033", "properties": {"osm_id": 607797033, "name": "", "water_type": "lake", "natural": "water", "water": "lake", "waterway": "", "width": null, "depth": null, "area_km2": 0.002, "length_km": null}, "geometry": {"type": "Polygon", "coordinates": [[[-46.8753335, -21.8149807], [-46.8753335, -21.8149807]]]}}, {"type": "Feature", "id": "osm/607797035", "properties": {"osm_id": 607797035, "name": "", "water_type": "lake", "natural": "water", "water": "lake", "waterway": "", "width": null, "depth": null, "area_km2": 0, "length_km": null}, "geometry": {"type": "Polygon", "coordinates": [[[-46.876924, -21.8168507], [-46.876924, -21.8168507]]]}}, {"type": "Feature", "id": "osm/607797036", "properties": {"osm_id": 607797036, "name": "", "water_type": "lake", "natural": "water", "water": "lake", "waterway": "", "width": null, "depth": null, "area_km2": 0, "length_km": null}, "geometry": {"type": "Polygon", "coordinates": [[[-46.8774685, -21.8173413], [-46.8774685, -21.8173413]]]}}, {"type": "Feature", "id": "osm/607797037", "properties": {"osm_id": 607797037, "name": "", "water_type": "lake", "natural": "water", "water": "lake", "waterway": "", "width": null, "depth": null, "area_km2": 0.001, "length_km": null}, "geometry": {"type": "Polygon", "coordinates": [[[-46.8778172, -21.8176899], [-46.8778172, -21.8176899]]]}}, {"type": "Feature", "id": "osm/607797038", "properties": {"osm_id": 607797038, "name": "", "water_type": "lake", "natural": "water", "water": "lake", "waterway": "", "width": null, "depth": null, "area_km2": 0.002, "length_km": null}, "geometry": {"type": "Polygon", "coordinates": [[[-46.8768516, -21.8199135], [-46.8768516, -21.8199135]]]}}, {"type": "Feature", "id": "osm/607797039", "properties": {"osm_id": 607797039, "name": "", "water_type": "lake", "natural": "water", "water": "lake", "waterway": "", "width": null, "depth": null, "area_km2": 0.002, "length_km": null}, "geometry": {"type": "Polygon", "coordinates": [[[-46.8775302, -21.8219056], [-46.8775302, -21.8219056]]]}}, {"type": "Feature", "id": "osm/607797046", "properties": {"osm_id": 607797046, "name": "", "water_type": "lake", "natural": "water", "water": "lake", "waterway": "", "width": null, "depth": null, "area_km2": 0.004, "length_km": null}, "geometry": {"type": "Polygon", "coordinates": [[[-46.8906778, -21.8425829], [-46.8906778, -21.8425829]]]}}, {"type": "Feature", "id": "osm/607797047", "properties": {"osm_id": 607797047, "name": "", "water_type": "lake", "natural": "water", "water": "lake", "waterway": "", "width": null, "depth": null, "area_km2": 0.001, "length_km": null}, "geometry": {"type": "Polygon", "coordinates": [[[-46.8851611, -21.8347871], [-46.8851611, -21.8347871]]]}}, {"type": "Feature", "id": "osm/607797050", "properties": {"osm_id": 607797050, "name": "", "water_type": "lake", "natural": "water", "water": "lake", "waterway": "", "width": null, "depth": null, "area_km2": 0.001, "length_km": null}, "geometry": {"type": "Polygon", "coordinates": [[[-46.8872318, -21.8362311], [-46.8872318, -21.8362311]]]}}, {"type": "Feature", "id": "osm/607797052", "properties": {"osm_id": 607797052, "name": "", "water_type": "lake", "natural": "water", "water": "lake", "waterway": "", "width": null, "depth": null, "area_km2": 0.001, "length_km": null}, "geometry": {"type": "Polygon", "coordinates": [[[-46.8880753, -21.8365181], [-46.8880753, -21.8365181]]]}}, {"type": "Feature", "id": "osm/607797055", "properties": {"osm_id": 607797055, "name": "", "water_type": "lake", "natural": "water", "water": "lake", "waterway": "", "width": null, "depth": null, "area_km2": 0.001, "length_km": null}, "geometry": {"type": "Polygon", "coordinates": [[[-46.8887807, -21.836698], [-46.8887807, -21.836698]]]}}, {"type": "Feature", "id": "osm/607797057", "properties": {"osm_id": 607797057, "name": "", "water_type": "lake", "natural": "water", "water": "lake", "waterway": "", "width": null, "depth": null, "area_km2": 0, "length_km": null}, "geometry": {"type": "Polygon", "coordinates": [[[-46.8902445, -21.8362132], [-46.8901118, -21.8362337], [-46.8900669, -21.8359642], [-46.890203, -21.8359461], [-46.8902445, -21.8362132]]]}}, {"type": "Feature", "id": "osm/607797059", "properties": {"osm_id": 607797059, "name": "", "water_type": "lake", "natural": "water", "water": "lake", "waterway": "", "width": null, "depth": null, "area_km2": 0.003, "length_km": null}, "geometry": {"type": "Polygon", "coordinates": [[[-46.8900485, -21.83643], [-46.8900485, -21.83643]]]}}, {"type": "Feature", "id": "osm/608725465", "properties": {"osm_id": 608725465, "name": "", "water_type": "water", "natural": "water", "water": "", "waterway": "", "width": null, "depth": null, "area_km2": 0.001, "length_km": null}, "geometry": {"type": "Polygon", "coordinates": [[[-46.852752, -21.8457006], [-46.852752, -21.8457006]]]}}, {"type": "Feature", "id": "osm/608725466", "properties": {"osm_id": 608725466, "name": "", "water_type": "water", "natural": "water", "water": "", "waterway": "", "width": null, "depth": null, "area_km2": 0.001, "length_km": null}, "geometry": {"type": "Polygon", "coordinates": [[[-46.8538517, -21.8453073], [-46.8538517, -21.8453073]]]}}, {"type": "Feature", "id": "osm/608725467", "properties": {"osm_id": 608725467, "name": "", "water_type": "water", "natural": "water", "water": "", "waterway": "", "width": null, "depth": null, "area_km2": 0.006, "length_km": null}, "geometry": {"type": "Polygon", "coordinates": [[[-46.8566197, -21.844762], [-46.8566197, -21.844762]]]}}, {"type": "Feature", "id": "osm/608725469", "properties": {"osm_id": 608725469, "name": "", "water_type": "water", "natural": "water", "water": "", "waterway": "", "width": null, "depth": null, "area_km2": 0.001, "length_km": null}, "geometry": {"type": "Polygon", "coordinates": [[[-46.8986888, -21.8157078], [-46.8986888, -21.8157078]]]}}, {"type": "Feature", "id": "osm/608725479", "properties": {"osm_id": 608725479, "name": "", "water_type": "water", "natural": "water", "water": "", "waterway": "", "width": null, "depth": null, "area_km2": 0.004, "length_km": null}, "geometry": {"type": "Polygon", "coordinates": [[[-46.8306747, -21.8499304], [-46.8306747, -21.8499304]]]}}, {"type": "Feature", "id": "osm/608725481", "properties": {"osm_id": 608725481, "name": "", "water_type": "water", "natural": "water", "water": "", "waterway": "", "width": null, "depth": null, "area_km2": 0.001, "length_km": null}, "geometry": {"type": "Polygon", "coordinates": [[[-46.8107097, -21.8393931], [-46.8107097, -21.8393931]]]}}, {"type": "Feature", "id": "osm/608725482", "properties": {"osm_id": 608725482, "name": "", "water_type": "water", "natural": "water", "water": "", "waterway": "", "width": null, "depth": null, "area_km2": 0.001, "length_km": null}, "geometry": {"type": "Polygon", "coordinates": [[[-46.8108183, -21.8458326], [-46.8108183, -21.8458326]]]}}, {"type": "Feature", "id": "osm/608725483", "properties": {"osm_id": 608725483, "name": "", "water_type": "water", "natural": "water", "water": "", "waterway": "", "width": null, "depth": null, "area_km2": 0, "length_km": null}, "geometry": {"type": "Polygon", "coordinates": [[[-46.8055759, -21.846277], [-46.8055759, -21.846277]]]}}, {"type": "Feature", "id": "osm/608725484", "properties": {"osm_id": 608725484, "name": "", "water_type": "water", "natural": "water", "water": "", "waterway": "", "width": null, "depth": null, "area_km2": 0, "length_km": null}, "geometry": {"type": "Polygon", "coordinates": [[[-46.8159628, -21.8488076], [-46.8159628, -21.8488076]]]}}, {"type": "Feature", "id": "osm/608725485", "properties": {"osm_id": 608725485, "name": "", "water_type": "water", "natural": "water", "water": "", "waterway": "", "width": null, "depth": null, "area_km2": 0, "length_km": null}, "geometry": {"type": "Polygon", "coordinates": [[[-46.816408, -21.8493404], [-46.8162578, -21.8492308], [-46.8162578, -21.8491014], [-46.8163812, -21.8491711], [-46.816408, -21.8493404]]]}}, {"type": "Feature", "id": "osm/608725486", "properties": {"osm_id": 608725486, "name": "", "water_type": "water", "natural": "water", "water": "", "waterway": "", "width": null, "depth": null, "area_km2": 0.001, "length_km": null}, "geometry": {"type": "Polygon", "coordinates": [[[-46.8141228, -21.8483894], [-46.8141228, -21.8483894]]]}}, {"type": "Feature", "id": "osm/608725487", "properties": {"osm_id": 608725487, "name": "", "water_type": "water", "natural": "water", "water": "", "waterway": "", "width": null, "depth": null, "area_km2": 0.002, "length_km": null}, "geometry": {"type": "Polygon", "coordinates": [[[-46.8154424, -21.8477421], [-46.8154424, -21.8477421]]]}}, {"type": "Feature", "id": "osm/608725489", "properties": {"osm_id": 608725489, "name": "", "water_type": "water", "natural": "water", "water": "", "waterway": "", "width": null, "depth": null, "area_km2": 0.002, "length_km": null}, "geometry": {"type": "Polygon", "coordinates": [[[-46.8141764, -21.8559674], [-46.8141764, -21.8559674]]]}}, {"type": "Feature", "id": "osm/608725497", "properties": {"osm_id": 608725497, "name": "", "water_type": "water", "natural": "water", "water": "", "waterway": "", "width": null, "depth": null, "area_km2": 0.004, "length_km": null}, "geometry": {"type": "Polygon", "coordinates": [[[-46.8362832, -21.8398001], [-46.8362832, -21.8398001]]]}}, {"type": "Feature", "id": "osm/608725498", "properties": {"osm_id": 608725498, "name": "", "water_type": "water", "natural": "water", "water": "", "waterway": "", "width": null, "depth": null, "area_km2": 0.004, "length_km": null}, "geometry": {"type": "Polygon", "coordinates": [[[-46.8358326, -21.8399047], [-46.8358326, -21.8399047]]]}}, {"type": "Feature", "id": "osm/608725499", "properties": {"osm_id": 608725499, "name": "", "water_type": "water", "natural": "water", "water": "", "waterway": "", "width": null, "depth": null, "area_km2": 0.004, "length_km": null}, "geometry": {"type": "Polygon", "coordinates": [[[-46.8353337, -21.8394367], [-46.8353337, -21.8394367]]]}}, {"type": "Feature", "id": "osm/608725503", "properties": {"osm_id": 608725503, "name": "", "water_type": "water", "natural": "water", "water": "", "waterway": "", "width": null, "depth": null, "area_km2": 0.001, "length_km": null}, "geometry": {"type": "Polygon", "coordinates": [[[-46.843434, -21.7996194], [-46.843434, -21.7996194]]]}}, {"type": "Feature", "id": "osm/608725504", "properties": {"osm_id": 608725504, "name": "", "water_type": "water", "natural": "water", "water": "", "waterway": "", "width": null, "depth": null, "area_km2": 0.003, "length_km": null}, "geometry": {"type": "Polygon", "coordinates": [[[-46.8513143, -21.8059462], [-46.8513143, -21.8059462]]]}}, {"type": "Feature", "id": "osm/608725522", "properties": {"osm_id": 608725522, "name": "", "water_type": "water", "natural": "water", "water": "", "waterway": "", "width": null, "depth": null, "area_km2": 0, "length_km": null}, "geometry": {"type": "Polygon", "coordinates": [[[-46.8806362, -21.8200505], [-46.8806362, -21.8200505]]]}}, {"type": "Feature", "id": "osm/608725523", "properties": {"osm_id": 608725523, "name": "", "water_type": "water", "natural": "water", "water": "", "waterway": "", "width": null, "depth": null, "area_km2": 0.001, "length_km": null}, "geometry": {"type": "Polygon", "coordinates": [[[-46.8810761, -21.8205236], [-46.8810761, -21.8205236]]]}}, {"type": "Feature", "id": "osm/608725524", "properties": {"osm_id": 608725524, "name": "", "water_type": "water", "natural": "water", "water": "", "waterway": "", "width": null, "depth": null, "area_km2": 0.001, "length_km": null}, "geometry": {"type": "Polygon", "coordinates": [[[-46.8751109, -21.8185415], [-46.8751109, -21.8185415]]]}}, {"type": "Feature", "id": "osm/608725532", "properties": {"osm_id": 608725532, "name": "", "water_type": "water", "natural": "water", "water": "", "waterway": "", "width": null, "depth": null, "area_km2": 0.002, "length_km": null}, "geometry": {"type": "Polygon", "coordinates": [[[-46.8476558, -21.7843836], [-46.8476558, -21.7843836]]]}}, {"type": "Feature", "id": "osm/608725534", "properties": {"osm_id": 608725534, "name": "", "water_type": "water", "natural": "water", "water": "", "waterway": "", "width": null, "depth": null, "area_km2": 0.001, "length_km": null}, "geometry": {"type": "Polygon", "coordinates": [[[-46.8525749, -21.7776338], [-46.8525749, -21.7776338]]]}}, {"type": "Feature", "id": "osm/608725540", "properties": {"osm_id": 608725540, "name": "", "water_type": "water", "natural": "water", "water": "", "waterway": "", "width": null, "depth": null, "area_km2": 0, "length_km": null}, "geometry": {"type": "Polygon", "coordinates": [[[-46.9389555, -21.9471903], [-46.9389555, -21.9471903]]]}}, {"type": "Feature", "id": "osm/608725541", "properties": {"osm_id": 608725541, "name": "", "water_type": "water", "natural": "water", "water": "", "waterway": "", "width": null, "depth": null, "area_km2": 0.001, "length_km": null}, "geometry": {"type": "Polygon", "coordinates": [[[-46.9800845, -21.9476232], [-46.9800845, -21.9476232]]]}}, {"type": "Feature", "id": "osm/608725544", "properties": {"osm_id": 608725544, "name": "", "water_type": "water", "natural": "water", "water": "", "waterway": "", "width": null, "depth": null, "area_km2": 0.002, "length_km": null}, "geometry": {"type": "Polygon", "coordinates": [[[-46.9843733, -21.9025231], [-46.9843733, -21.9025231]]]}}, {"type": "Feature", "id": "osm/608725547", "properties": {"osm_id": 608725547, "name": "", "water_type": "water", "natural": "water", "water": "", "waterway": "", "width": null, "depth": null, "area_km2": 0.005, "length_km": null}, "geometry": {"type": "Polygon", "coordinates": [[[-46.9715577, -21.8864321], [-46.9715577, -21.8864321]]]}}, {"type": "Feature", "id": "osm/608725564", "properties": {"osm_id": 608725564, "name": "", "water_type": "water", "natural": "water", "water": "", "waterway": "", "width": null, "depth": null, "area_km2": 0.001, "length_km": null}, "geometry": {"type": "Polygon", "coordinates": [[[-46.9148532, -21.8716249], [-46.9148532, -21.8716249]]]}}, {"type": "Feature", "id": "osm/608725567", "properties": {"osm_id": 608725567, "name": "", "water_type": "water", "natural": "water", "water": "", "waterway": "", "width": null, "depth": null, "area_km2": 0, "length_km": null}, "geometry": {"type": "Polygon", "coordinates": [[[-46.9378799, -21.8693996], [-46.9378799, -21.8693996]]]}}, {"type": "Feature", "id": "osm/608725578", "properties": {"osm_id": 608725578, "name": "", "water_type": "water", "natural": "water", "water": "", "waterway": "", "width": null, "depth": null, "area_km2": 0.007, "length_km": null}, "geometry": {"type": "Polygon", "coordinates": [[[-46.9721586, -21.9389554], [-46.9721586, -21.9389554]]]}}, {"type": "Feature", "id": "osm/608725580", "properties": {"osm_id": 608725580, "name": "", "water_type": "water", "natural": "water", "water": "", "waterway": "", "width": null, "depth": null, "area_km2": 0.015, "length_km": null}, "geometry": {"type": "Polygon", "coordinates": [[[-46.9753128, -21.9405327], [-46.9753128, -21.9405327]]]}}, {"type": "Feature", "id": "osm/608725587", "properties": {"osm_id": 608725587, "name": "", "water_type": "water", "natural": "water", "water": "", "waterway": "", "width": null, "depth": null, "area_km2": 0.002, "length_km": null}, "geometry": {"type": "Polygon", "coordinates": [[[-46.9466266, -21.9608677], [-46.9466266, -21.9608677]]]}}, {"type": "Feature", "id": "osm/608725590", "properties": {"osm_id": 608725590, "name": "", "water_type": "water", "natural": "water", "water": "", "waterway": "", "width": null, "depth": null, "area_km2": 0.001, "length_km": null}, "geometry": {"type": "Polygon", "coordinates": [[[-46.9186968, -21.9489119], [-46.9186968, -21.9489119]]]}}, {"type": "Feature", "id": "osm/608725591", "properties": {"osm_id": 608725591, "name": "", "water_type": "water", "natural": "water", "water": "", "waterway": "", "width": null, "depth": null, "area_km2": 0.001, "length_km": null}, "geometry": {"type": "Polygon", "coordinates": [[[-46.9189543, -21.9492253], [-46.9185841, -21.9493099], [-46.9184661, -21.9490512], [-46.9187933, -21.9489567], [-46.9189543, -21.9492253]]]}}, {"type": "Feature", "id": "osm/608725592", "properties": {"osm_id": 608725592, "name": "", "water_type": "water", "natural": "water", "water": "", "waterway": "", "width": null, "depth": null, "area_km2": 0.003, "length_km": null}, "geometry": {"type": "Polygon", "coordinates": [[[-46.9189167, -21.9501309], [-46.9189167, -21.9501309]]]}}, {"type": "Feature", "id": "osm/608725593", "properties": {"osm_id": 608725593, "name": "", "water_type": "water", "natural": "water", "water": "", "waterway": "", "width": null, "depth": null, "area_km2": 0.001, "length_km": null}, "geometry": {"type": "Polygon", "coordinates": [[[-46.9466561, -21.9431152], [-46.9466561, -21.9431152]]]}}, {"type": "Feature", "id": "osm/608725594", "properties": {"osm_id": 608725594, "name": "", "water_type": "water", "natural": "water", "water": "", "waterway": "", "width": null, "depth": null, "area_km2": 0, "length_km": null}, "geometry": {"type": "Polygon", "coordinates": [[[-46.9456288, -21.943048], [-46.9456288, -21.943048]]]}}, {"type": "Feature", "id": "osm/608725596", "properties": {"osm_id": 608725596, "name": "", "water_type": "water", "natural": "water", "water": "", "waterway": "", "width": null, "depth": null, "area_km2": 0.007, "length_km": null}, "geometry": {"type": "Polygon", "coordinates": [[[-46.9278646, -21.9438765], [-46.9278646, -21.9438765]]]}}, {"type": "Feature", "id": "osm/608725604", "properties": {"osm_id": 608725604, "name": "", "water_type": "water", "natural": "water", "water": "", "waterway": "", "width": null, "depth": null, "area_km2": 0.003, "length_km": null}, "geometry": {"type": "Polygon", "coordinates": [[[-46.9386739, -21.9354896], [-46.9386739, -21.9354896]]]}}, {"type": "Feature", "id": "osm/608725607", "properties": {"osm_id": 608725607, "name": "", "water_type": "water", "natural": "water", "water": "", "waterway": "", "width": null, "depth": null, "area_km2": 0.001, "length_km": null}, "geometry": {"type": "Polygon", "coordinates": [[[-46.9519937, -21.9602334], [-46.9519937, -21.9602334]]]}}, {"type": "Feature", "id": "osm/608725608", "properties": {"osm_id": 608725608, "name": "", "water_type": "water", "natural": "water", "water": "", "waterway": "", "width": null, "depth": null, "area_km2": 0.001, "length_km": null}, "geometry": {"type": "Polygon", "coordinates": [[[-46.9520259, -21.9603826], [-46.9520259, -21.9603826]]]}}, {"type": "Feature", "id": "osm/608725609", "properties": {"osm_id": 608725609, "name": "", "water_type": "water", "natural": "water", "water": "", "waterway": "", "width": null, "depth": null, "area_km2": 0.001, "length_km": null}, "geometry": {"type": "Polygon", "coordinates": [[[-46.9520581, -21.9604772], [-46.9520581, -21.9604772]]]}}, {"type": "Feature", "id": "osm/608725613", "properties": {"osm_id": 608725613, "name": "", "water_type": "water", "natural": "water", "water": "", "waterway": "", "width": null, "depth": null, "area_km2": 0.001, "length_km": null}, "geometry": {"type": "Polygon", "coordinates": [[[-46.982021, -21.9669224], [-46.982021, -21.9669224]]]}}, {"type": "Feature", "id": "osm/608725614", "properties": {"osm_id": 608725614, "name": "", "water_type": "water", "natural": "water", "water": "", "waterway": "", "width": null, "depth": null, "area_km2": 0.023, "length_km": null}, "geometry": {"type": "Polygon", "coordinates": [[[-46.9828713, -21.9574149], [-46.9828713, -21.9574149]]]}}, {"type": "Feature", "id": "osm/608725615", "properties": {"osm_id": 608725615, "name": "", "water_type": "water", "natural": "water", "water": "", "waterway": "", "width": null, "depth": null, "area_km2": 0.001, "length_km": null}, "geometry": {"type": "Polygon", "coordinates": [[[-46.9441992, -21.8636918], [-46.9441992, -21.8636918]]]}}, {"type": "Feature", "id": "osm/608725616", "properties": {"osm_id": 608725616, "name": "", "water_type": "water", "natural": "water", "water": "", "waterway": "", "width": null, "depth": null, "area_km2": 0.001, "length_km": null}, "geometry": {"type": "Polygon", "coordinates": [[[-46.9447812, -21.8627359], [-46.9447812, -21.8627359]]]}}, {"type": "Feature", "id": "osm/608725662", "properties": {"osm_id": 608725662, "name": "", "water_type": "water", "natural": "water", "water": "", "waterway": "", "width": null, "depth": null, "area_km2": 0.001, "length_km": null}, "geometry": {"type": "Polygon", "coordinates": [[[-46.8985427, -21.813626], [-46.8985427, -21.813626]]]}}, {"type": "Feature", "id": "osm/608725667", "properties": {"osm_id": 608725667, "name": "", "water_type": "water", "natural": "water", "water": "", "waterway": "", "width": null, "depth": null, "area_km2": 0, "length_km": null}, "geometry": {"type": "Polygon", "coordinates": [[[-46.8842357, -21.8071614], [-46.8842357, -21.8071614]]]}}, {"type": "Feature", "id": "osm/608725673", "properties": {"osm_id": 608725673, "name": "", "water_type": "water", "natural": "water", "water": "", "waterway": "", "width": null, "depth": null, "area_km2": 0.001, "length_km": null}, "geometry": {"type": "Polygon", "coordinates": [[[-46.8827718, -21.8387869], [-46.8826511, -21.838752], [-46.882812, -21.8382665], [-46.8829542, -21.8383113], [-46.8827718, -21.8387869]]]}}, {"type": "Feature", "id": "osm/608725684", "properties": {"osm_id": 608725684, "name": "", "water_type": "water", "natural": "water", "water": "", "waterway": "", "width": null, "depth": null, "area_km2": 0, "length_km": null}, "geometry": {"type": "Polygon", "coordinates": [[[-46.8784395, -21.8587953], [-46.8784395, -21.8587953]]]}}, {"type": "Feature", "id": "osm/608725685", "properties": {"osm_id": 608725685, "name": "", "water_type": "water", "natural": "water", "water": "", "waterway": "", "width": null, "depth": null, "area_km2": 0.001, "length_km": null}, "geometry": {"type": "Polygon", "coordinates": [[[-46.8780908, -21.8584966], [-46.8780908, -21.8584966]]]}}, {"type": "Feature", "id": "osm/608725686", "properties": {"osm_id": 608725686, "name": "", "water_type": "water", "natural": "water", "water": "", "waterway": "", "width": null, "depth": null, "area_km2": 0.001, "length_km": null}, "geometry": {"type": "Polygon", "coordinates": [[[-46.8780935, -21.8586907], [-46.8780935, -21.8586907]]]}}, {"type": "Feature", "id": "osm/608725687", "properties": {"osm_id": 608725687, "name": "", "water_type": "water", "natural": "water", "water": "", "waterway": "", "width": null, "depth": null, "area_km2": 0.001, "length_km": null}, "geometry": {"type": "Polygon", "coordinates": [[[-46.8628505, -21.8664599], [-46.8628505, -21.8664599]]]}}, {"type": "Feature", "id": "osm/608725688", "properties": {"osm_id": 608725688, "name": "", "water_type": "water", "natural": "water", "water": "", "waterway": "", "width": null, "depth": null, "area_km2": 0.002, "length_km": null}, "geometry": {"type": "Polygon", "coordinates": [[[-46.8617535, -21.8749404], [-46.8617535, -21.8749404]]]}}, {"type": "Feature", "id": "osm/608725691", "properties": {"osm_id": 608725691, "name": "", "water_type": "water", "natural": "water", "water": "", "waterway": "", "width": null, "depth": null, "area_km2": 0.001, "length_km": null}, "geometry": {"type": "Polygon", "coordinates": [[[-46.8692958, -21.8804562], [-46.8692958, -21.8804562]]]}}, {"type": "Feature", "id": "osm/608725706", "properties": {"osm_id": 608725706, "name": "", "water_type": "water", "natural": "water", "water": "", "waterway": "", "width": null, "depth": null, "area_km2": 0.001, "length_km": null}, "geometry": {"type": "Polygon", "coordinates": [[[-46.9082361, -21.8757867], [-46.9082361, -21.8757867]]]}}, {"type": "Feature", "id": "osm/608725724", "properties": {"osm_id": 608725724, "name": "", "water_type": "water", "natural": "water", "water": "", "waterway": "", "width": null, "depth": null, "area_km2": 0.002, "length_km": null}, "geometry": {"type": "Polygon", "coordinates": [[[-46.9774184, -21.8946228], [-46.9774184, -21.8946228]]]}}, {"type": "Feature", "id": "osm/608725730", "properties": {"osm_id": 608725730, "name": "", "water_type": "water", "natural": "water", "water": "", "waterway": "", "width": null, "depth": null, "area_km2": 0.003, "length_km": null}, "geometry": {"type": "Polygon", "coordinates": [[[-46.9842955, -21.9192791], [-46.9842955, -21.9192791]]]}}, {"type": "Feature", "id": "osm/608725731", "properties": {"osm_id": 608725731, "name": "", "water_type": "water", "natural": "water", "water": "", "waterway": "", "width": null, "depth": null, "area_km2": 0.002, "length_km": null}, "geometry": {"type": "Polygon", "coordinates": [[[-46.9787648, -21.9324367], [-46.9787648, -21.9324367]]]}}, {"type": "Feature", "id": "osm/608725732", "properties": {"osm_id": 608725732, "name": "", "water_type": "water", "natural": "water", "water": "", "waterway": "", "width": null, "depth": null, "area_km2": 0.001, "length_km": null}, "geometry": {"type": "Polygon", "coordinates": [[[-46.9519132, -21.9232231], [-46.9516826, -21.9231733], [-46.9517577, -21.9228598], [-46.9519803, -21.9228996], [-46.9519132, -21.9232231]]]}}, {"type": "Feature", "id": "osm/608725733", "properties": {"osm_id": 608725733, "name": "", "water_type": "water", "natural": "water", "water": "", "waterway": "", "width": null, "depth": null, "area_km2": 0.003, "length_km": null}, "geometry": {"type": "Polygon", "coordinates": [[[-46.9514492, -21.9231857], [-46.9511166, -21.9231434], [-46.951232, -21.9224592], [-46.9515646, -21.9225189], [-46.9514492, -21.9231857]]]}}, {"type": "Feature", "id": "osm/608725734", "properties": {"osm_id": 608725734, "name": "", "water_type": "water", "natural": "water", "water": "", "waterway": "", "width": null, "depth": null, "area_km2": 0.007, "length_km": null}, "geometry": {"type": "Polygon", "coordinates": [[[-46.9482198, -21.9432346], [-46.9482198, -21.9432346]]]}}, {"type": "Feature", "id": "osm/608725735", "properties": {"osm_id": 608725735, "name": "", "water_type": "water", "natural": "water", "water": "", "waterway": "", "width": null, "depth": null, "area_km2": 0.009, "length_km": null}, "geometry": {"type": "Polygon", "coordinates": [[[-46.9485444, -21.946648], [-46.9485444, -21.946648]]]}}, {"type": "Feature", "id": "osm/608725736", "properties": {"osm_id": 608725736, "name": "", "water_type": "water", "natural": "water", "water": "", "waterway": "", "width": null, "depth": null, "area_km2": 0.004, "length_km": null}, "geometry": {"type": "Polygon", "coordinates": [[[-46.95665, -21.9356762], [-46.95665, -21.9356762]]]}}, {"type": "Feature", "id": "osm/611677696", "properties": {"osm_id": 611677696, "name": "", "water_type": "water", "natural": "water", "water": "", "waterway": "", "width": null, "depth": null, "area_km2": 0.001, "length_km": null}, "geometry": {"type": "Polygon", "coordinates": [[[-46.5990418, -22.2033389], [-46.5990418, -22.2033389]]]}}, {"type": "Feature", "id": "osm/611677697", "properties": {"osm_id": 611677697, "name": "", "water_type": "water", "natural": "water", "water": "", "waterway": "", "width": null, "depth": null, "area_km2": 0.001, "length_km": null}, "geometry": {"type": "Polygon", "coordinates": [[[-46.5963489, -22.2047246], [-46.5963489, -22.2047246]]]}}, {"type": "Feature", "id": "osm/611677702", "properties": {"osm_id": 611677702, "name": "", "water_type": "water", "natural": "water", "water": "", "waterway": "", "width": null, "depth": null, "area_km2": 0.001, "length_km": null}, "geometry": {"type": "Polygon", "coordinates": [[[-46.5575454, -22.1739805], [-46.5575454, -22.1739805]]]}}, {"type": "Feature", "id": "osm/611677708", "properties": {"osm_id": 611677708, "name": "", "water_type": "water", "natural": "water", "water": "", "waterway": "", "width": null, "depth": null, "area_km2": 0, "length_km": null}, "geometry": {"type": "Polygon", "coordinates": [[[-46.546838, -22.1896775], [-46.546838, -22.1896775]]]}}, {"type": "Feature", "id": "osm/611677716", "properties": {"osm_id": 611677716, "name": "", "water_type": "water", "natural": "water", "water": "", "waterway": "", "width": null, "depth": null, "area_km2": 0.002, "length_km": null}, "geometry": {"type": "Polygon", "coordinates": [[[-46.619153, -22.1983026], [-46.619153, -22.1983026]]]}}, {"type": "Feature", "id": "osm/611677717", "properties": {"osm_id": 611677717, "name": "", "water_type": "water", "natural": "water", "water": "", "waterway": "", "width": null, "depth": null, "area_km2": 0, "length_km": null}, "geometry": {"type": "Polygon", "coordinates": [[[-46.6038644, -22.1974011], [-46.6038644, -22.1974011]]]}}, {"type": "Feature", "id": "osm/611677730", "properties": {"osm_id": 611677730, "name": "", "water_type": "water", "natural": "water", "water": "", "waterway": "", "width": null, "depth": null, "area_km2": 0.001, "length_km": null}, "geometry": {"type": "Polygon", "coordinates": [[[-46.6626343, -22.1985882], [-46.6626343, -22.1985882]]]}}, {"type": "Feature", "id": "osm/611677732", "properties": {"osm_id": 611677732, "name": "", "water_type": "water", "natural": "water", "water": "", "waterway": "", "width": null, "depth": null, "area_km2": 0, "length_km": null}, "geometry": {"type": "Polygon", "coordinates": [[[-46.6565645, -22.1944135], [-46.6565645, -22.1944135]]]}}, {"type": "Feature", "id": "osm/611677733", "properties": {"osm_id": 611677733, "name": "", "water_type": "water", "natural": "water", "water": "", "waterway": "", "width": null, "depth": null, "area_km2": 0.001, "length_km": null}, "geometry": {"type": "Polygon", "coordinates": [[[-46.6570956, -22.1945824], [-46.6570956, -22.1945824]]]}}, {"type": "Feature", "id": "osm/611677734", "properties": {"osm_id": 611677734, "name": "", "water_type": "water", "natural": "water", "water": "", "waterway": "", "width": null, "depth": null, "area_km2": 0.001, "length_km": null}, "geometry": {"type": "Polygon", "coordinates": [[[-46.6570151, -22.1947587], [-46.6570151, -22.1947587]]]}}, {"type": "Feature", "id": "osm/611677735", "properties": {"osm_id": 611677735, "name": "", "water_type": "water", "natural": "water", "water": "", "waterway": "", "width": null, "depth": null, "area_km2": 0.001, "length_km": null}, "geometry": {"type": "Polygon", "coordinates": [[[-46.65786, -22.1950717], [-46.65786, -22.1950717]]]}}, {"type": "Feature", "id": "osm/611677737", "properties": {"osm_id": 611677737, "name": "", "water_type": "water", "natural": "water", "water": "", "waterway": "", "width": null, "depth": null, "area_km2": 0, "length_km": null}, "geometry": {"type": "Polygon", "coordinates": [[[-46.6608828, -22.2076151], [-46.6608828, -22.2076151]]]}}, {"type": "Feature", "id": "osm/611677742", "properties": {"osm_id": 611677742, "name": "", "water_type": "water", "natural": "water", "water": "", "waterway": "", "width": null, "depth": null, "area_km2": 0.003, "length_km": null}, "geometry": {"type": "Polygon", "coordinates": [[[-46.6473538, -22.2201052], [-46.6473538, -22.2201052]]]}}, {"type": "Feature", "id": "osm/611677763", "properties": {"osm_id": 611677763, "name": "", "water_type": "water", "natural": "water", "water": "", "waterway": "", "width": null, "depth": null, "area_km2": 0.001, "length_km": null}, "geometry": {"type": "Polygon", "coordinates": [[[-46.6151458, -22.2159188], [-46.6151458, -22.2159188]]]}}, {"type": "Feature", "id": "osm/611677764", "properties": {"osm_id": 611677764, "name": "", "water_type": "water", "natural": "water", "water": "", "waterway": "", "width": null, "depth": null, "area_km2": 0.003, "length_km": null}, "geometry": {"type": "Polygon", "coordinates": [[[-46.6146952, -22.2168524], [-46.6146952, -22.2168524]]]}}, {"type": "Feature", "id": "osm/617693359", "properties": {"osm_id": 617693359, "name": "", "water_type": "pond", "natural": "water", "water": "pond", "waterway": "", "width": null, "depth": null, "area_km2": 0.003, "length_km": null}, "geometry": {"type": "Polygon", "coordinates": [[[-46.5831363, -22.0826201], [-46.5831363, -22.0826201]]]}}, {"type": "Feature", "id": "osm/617693360", "properties": {"osm_id": 617693360, "name": "", "water_type": "pond", "natural": "water", "water": "pond", "waterway": "", "width": null, "depth": null, "area_km2": 0.001, "length_km": null}, "geometry": {"type": "Polygon", "coordinates": [[[-46.582498, -22.0828811], [-46.582498, -22.0828811]]]}}, {"type": "Feature", "id": "osm/617693361", "properties": {"osm_id": 617693361, "name": "", "water_type": "pond", "natural": "water", "water": "pond", "waterway": "", "width": null, "depth": null, "area_km2": 0.003, "length_km": null}, "geometry": {"type": "Polygon", "coordinates": [[[-46.5821975, -22.0827991], [-46.5821975, -22.0827991]]]}}, {"type": "Feature", "id": "osm/617733187", "properties": {"osm_id": 617733187, "name": "", "water_type": "reservoir", "natural": "water", "water": "reservoir", "waterway": "", "width": null, "depth": null, "area_km2": 0.003, "length_km": null}, "geometry": {"type": "Polygon", "coordinates": [[[-46.5920761, -22.0787626], [-46.5920761, -22.0787626]]]}}, {"type": "Feature", "id": "osm/617733188", "properties": {"osm_id": 617733188, "name": "", "water_type": "reservoir", "natural": "water", "water": "reservoir", "waterway": "", "width": null, "depth": null, "area_km2": 0.002, "length_km": null}, "geometry": {"type": "Polygon", "coordinates": [[[-46.5926796, -22.0788024], [-46.5926796, -22.0788024]]]}}, {"type": "Feature", "id": "osm/617733189", "properties": {"osm_id": 617733189, "name": "", "water_type": "pond", "natural": "water", "water": "pond", "waterway": "", "width": null, "depth": null, "area_km2": 0.003, "length_km": null}, "geometry": {"type": "Polygon", "coordinates": [[[-46.5921164, -22.0783128], [-46.5921164, -22.0783128]]]}}, {"type": "Feature", "id": "osm/617733202", "properties": {"osm_id": 617733202, "name": "", "water_type": "pond", "natural": "water", "water": "pond", "waterway": "", "width": null, "depth": null, "area_km2": 0.006, "length_km": null}, "geometry": {"type": "Polygon", "coordinates": [[[-46.5935326, -22.0810021], [-46.5935326, -22.0810021]]]}}, {"type": "Feature", "id": "osm/617733203", "properties": {"osm_id": 617733203, "name": "", "water_type": "pond", "natural": "water", "water": "pond", "waterway": "", "width": null, "depth": null, "area_km2": 0.003, "length_km": null}, "geometry": {"type": "Polygon", "coordinates": [[[-46.5930551, -22.0812904], [-46.5930551, -22.0812904]]]}}, {"type": "Feature", "id": "osm/617733204", "properties": {"osm_id": 617733204, "name": "", "water_type": "pond", "natural": "water", "water": "pond", "waterway": "", "width": null, "depth": null, "area_km2": 0.002, "length_km": null}, "geometry": {"type": "Polygon", "coordinates": [[[-46.5929559, -22.0824088], [-46.5929559, -22.0824088]]]}}, {"type": "Feature", "id": "osm/617736696", "properties": {"osm_id": 617736696, "name": "", "water_type": "reservoir", "natural": "water", "water": "reservoir", "waterway": "", "width": null, "depth": null, "area_km2": 0.023, "length_km": null}, "geometry": {"type": "Polygon", "coordinates": [[[-46.5835118, -21.9852838], [-46.5835118, -21.9852838]]]}}, {"type": "Feature", "id": "osm/625367591", "properties": {"osm_id": 625367591, "name": "", "water_type": "water", "natural": "water", "water": "", "waterway": "", "width": null, "depth": null, "area_km2": 0, "length_km": null}, "geometry": {"type": "Polygon", "coordinates": [[[-46.3643662, -22.2833832], [-46.3642991, -22.2833435], [-46.3641516, -22.2834478], [-46.3642428, -22.2835173], [-46.3643662, -22.2833832]]]}}, {"type": "Feature", "id": "osm/625367592", "properties": {"osm_id": 625367592, "name": "", "water_type": "water", "natural": "water", "water": "", "waterway": "", "width": null, "depth": null, "area_km2": 0, "length_km": null}, "geometry": {"type": "Polygon", "coordinates": [[[-46.3640282, -22.2839044], [-46.3640282, -22.2839044]]]}}, {"type": "Feature", "id": "osm/625367593", "properties": {"osm_id": 625367593, "name": "", "water_type": "water", "natural": "water", "water": "", "waterway": "", "width": null, "depth": null, "area_km2": 0, "length_km": null}, "geometry": {"type": "Polygon", "coordinates": [[[-46.3642562, -22.2838052], [-46.3642562, -22.2838052]]]}}, {"type": "Feature", "id": "osm/625462584", "properties": {"osm_id": 625462584, "name": "", "water_type": "water", "natural": "water", "water": "", "waterway": "", "width": null, "depth": null, "area_km2": 0.002, "length_km": null}, "geometry": {"type": "Polygon", "coordinates": [[[-46.3475346, -22.2746758], [-46.3475346, -22.2746758]]]}}, {"type": "Feature", "id": "osm/625462585", "properties": {"osm_id": 625462585, "name": "", "water_type": "water", "natural": "water", "water": "", "waterway": "", "width": null, "depth": null, "area_km2": 0.002, "length_km": null}, "geometry": {"type": "Polygon", "coordinates": [[[-46.3468318, -22.2737624], [-46.3468318, -22.2737624]]]}}, {"type": "Feature", "id": "osm/625666560", "properties": {"osm_id": 625666560, "name": "", "water_type": "water", "natural": "water", "water": "", "waterway": "", "width": null, "depth": null, "area_km2": 0, "length_km": null}, "geometry": {"type": "Polygon", "coordinates": [[[-46.3787735, -22.2781799], [-46.3787735, -22.2781799]]]}}, {"type": "Feature", "id": "osm/625666561", "properties": {"osm_id": 625666561, "name": "", "water_type": "water", "natural": "water", "water": "", "waterway": "", "width": null, "depth": null, "area_km2": 0.001, "length_km": null}, "geometry": {"type": "Polygon", "coordinates": [[[-46.3786394, -22.2783561], [-46.3786394, -22.2783561]]]}}, {"type": "Feature", "id": "osm/625674452", "properties": {"osm_id": 625674452, "name": "", "water_type": "water", "natural": "water", "water": "", "waterway": "", "width": null, "depth": null, "area_km2": 0.005, "length_km": null}, "geometry": {"type": "Polygon", "coordinates": [[[-46.3867209, -22.2840701], [-46.3867209, -22.2840701]]]}}, {"type": "Feature", "id": "osm/625674454", "properties": {"osm_id": 625674454, "name": "", "water_type": "water", "natural": "water", "water": "", "waterway": "", "width": null, "depth": null, "area_km2": 0.001, "length_km": null}, "geometry": {"type": "Polygon", "coordinates": [[[-46.3869194, -22.2831221], [-46.3869194, -22.2831221]]]}}, {"type": "Feature", "id": "osm/625674455", "properties": {"osm_id": 625674455, "name": "", "water_type": "water", "natural": "water", "water": "", "waterway": "", "width": null, "depth": null, "area_km2": 0.001, "length_km": null}, "geometry": {"type": "Polygon", "coordinates": [[[-46.3885341, -22.2836482], [-46.3885341, -22.2836482]]]}}, {"type": "Feature", "id": "osm/625685150", "properties": {"osm_id": 625685150, "name": "", "water_type": "water", "natural": "water", "water": "", "waterway": "", "width": null, "depth": null, "area_km2": 0.005, "length_km": null}, "geometry": {"type": "Polygon", "coordinates": [[[-46.338383, -22.3548537], [-46.338383, -22.3548537]]]}}, {"type": "Feature", "id": "osm/625760879", "properties": {"osm_id": 625760879, "name": "", "water_type": "water", "natural": "water", "water": "", "waterway": "", "width": null, "depth": null, "area_km2": 0.017, "length_km": null}, "geometry": {"type": "Polygon", "coordinates": [[[-46.3562598, -22.26916], [-46.3562598, -22.26916]]]}}, {"type": "Feature", "id": "osm/625760880", "properties": {"osm_id": 625760880, "name": "", "water_type": "water", "natural": "water", "water": "", "waterway": "", "width": null, "depth": null, "area_km2": 0.001, "length_km": null}, "geometry": {"type": "Polygon", "coordinates": [[[-46.3532986, -22.2708131], [-46.3532986, -22.2708131]]]}}, {"type": "Feature", "id": "osm/625760881", "properties": {"osm_id": 625760881, "name": "", "water_type": "water", "natural": "water", "water": "", "waterway": "", "width": null, "depth": null, "area_km2": 0.002, "length_km": null}, "geometry": {"type": "Polygon", "coordinates": [[[-46.3528749, -22.2649998], [-46.3528749, -22.2649998]]]}}, {"type": "Feature", "id": "osm/625760882", "properties": {"osm_id": 625760882, "name": "", "water_type": "water", "natural": "water", "water": "", "waterway": "", "width": null, "depth": null, "area_km2": 0.001, "length_km": null}, "geometry": {"type": "Polygon", "coordinates": [[[-46.3531538, -22.2660175], [-46.3531538, -22.2660175]]]}}, {"type": "Feature", "id": "osm/625760884", "properties": {"osm_id": 625760884, "name": "", "water_type": "water", "natural": "water", "water": "", "waterway": "", "width": null, "depth": null, "area_km2": 0.001, "length_km": null}, "geometry": {"type": "Polygon", "coordinates": [[[-46.3524296, -22.263992], [-46.3524296, -22.263992]]]}}, {"type": "Feature", "id": "osm/625760885", "properties": {"osm_id": 625760885, "name": "", "water_type": "water", "natural": "water", "water": "", "waterway": "", "width": null, "depth": null, "area_km2": 0.002, "length_km": null}, "geometry": {"type": "Polygon", "coordinates": [[[-46.3526603, -22.2650197], [-46.3526603, -22.2650197]]]}}, {"type": "Feature", "id": "osm/625760886", "properties": {"osm_id": 625760886, "name": "", "water_type": "water", "natural": "water", "water": "", "waterway": "", "width": null, "depth": null, "area_km2": 0.001, "length_km": null}, "geometry": {"type": "Polygon", "coordinates": [[[-46.3589118, -22.2746679], [-46.3589118, -22.2746679]]]}}, {"type": "Feature", "id": "osm/625760887", "properties": {"osm_id": 625760887, "name": "", "water_type": "water", "natural": "water", "water": "", "waterway": "", "width": null, "depth": null, "area_km2": 0.001, "length_km": null}, "geometry": {"type": "Polygon", "coordinates": [[[-46.3582504, -22.274176], [-46.3582504, -22.274176]]]}}, {"type": "Feature", "id": "osm/625778680", "properties": {"osm_id": 625778680, "name": "", "water_type": "water", "natural": "water", "water": "", "waterway": "", "width": null, "depth": null, "area_km2": 0.004, "length_km": null}, "geometry": {"type": "Polygon", "coordinates": [[[-46.3983019, -22.3031142], [-46.3983019, -22.3031142]]]}}, {"type": "Feature", "id": "osm/625778681", "properties": {"osm_id": 625778681, "name": "", "water_type": "water", "natural": "water", "water": "", "waterway": "", "width": null, "depth": null, "area_km2": 0.002, "length_km": null}, "geometry": {"type": "Polygon", "coordinates": [[[-46.3983019, -22.3036551], [-46.3983019, -22.3036551]]]}}, {"type": "Feature", "id": "osm/625778682", "properties": {"osm_id": 625778682, "name": "", "water_type": "water", "natural": "water", "water": "", "waterway": "", "width": null, "depth": null, "area_km2": 0.001, "length_km": null}, "geometry": {"type": "Polygon", "coordinates": [[[-46.3974758, -22.3039033], [-46.3971861, -22.304082], [-46.3972558, -22.304345], [-46.3975509, -22.3041068], [-46.3974758, -22.3039033]]]}}, {"type": "Feature", "id": "osm/625778683", "properties": {"osm_id": 625778683, "name": "", "water_type": "water", "natural": "water", "water": "", "waterway": "", "width": null, "depth": null, "area_km2": 0.005, "length_km": null}, "geometry": {"type": "Polygon", "coordinates": [[[-46.3975455, -22.3049158], [-46.3975455, -22.3049158]]]}}, {"type": "Feature", "id": "osm/625786648", "properties": {"osm_id": 625786648, "name": "", "water_type": "water", "natural": "water", "water": "", "waterway": "", "width": null, "depth": null, "area_km2": 0.001, "length_km": null}, "geometry": {"type": "Polygon", "coordinates": [[[-46.3894495, -22.2782285], [-46.3894495, -22.2782285]]]}}, {"type": "Feature", "id": "osm/625786649", "properties": {"osm_id": 625786649, "name": "", "water_type": "water", "natural": "water", "water": "", "waterway": "", "width": null, "depth": null, "area_km2": 0, "length_km": null}, "geometry": {"type": "Polygon", "coordinates": [[[-46.3902595, -22.2782012], [-46.3902595, -22.2782012]]]}}, {"type": "Feature", "id": "osm/625786650", "properties": {"osm_id": 625786650, "name": "", "water_type": "water", "natural": "water", "water": "", "waterway": "", "width": null, "depth": null, "area_km2": 0.001, "length_km": null}, "geometry": {"type": "Polygon", "coordinates": [[[-46.3892296, -22.2783128], [-46.3892296, -22.2783128]]]}}, {"type": "Feature", "id": "osm/625786651", "properties": {"osm_id": 625786651, "name": "", "water_type": "water", "natural": "water", "water": "", "waterway": "", "width": null, "depth": null, "area_km2": 0, "length_km": null}, "geometry": {"type": "Polygon", "coordinates": [[[-46.3885671, -22.2777891], [-46.3885671, -22.2777891]]]}}, {"type": "Feature", "id": "osm/625788294", "properties": {"osm_id": 625788294, "name": "", "water_type": "water", "natural": "water", "water": "", "waterway": "", "width": null, "depth": null, "area_km2": 0.004, "length_km": null}, "geometry": {"type": "Polygon", "coordinates": [[[-46.4092292, -22.2807511], [-46.4092292, -22.2807511]]]}}, {"type": "Feature", "id": "osm/625788297", "properties": {"osm_id": 625788297, "name": "", "water_type": "water", "natural": "water", "water": "", "waterway": "", "width": null, "depth": null, "area_km2": 0.001, "length_km": null}, "geometry": {"type": "Polygon", "coordinates": [[[-46.4083816, -22.2805426], [-46.4083816, -22.2805426]]]}}, {"type": "Feature", "id": "osm/637713265", "properties": {"osm_id": 637713265, "name": "", "water_type": "water", "natural": "water", "water": "wastewater", "waterway": "", "width": null, "depth": null, "area_km2": 0.11, "length_km": null}, "geometry": {"type": "Polygon", "coordinates": [[[-46.5797514, -21.856983], [-46.5797514, -21.856983]]]}}, {"type": "Feature", "id": "osm/661230706", "properties": {"osm_id": 661230706, "name": "", "water_type": "lake", "natural": "water", "water": "lake", "waterway": "", "width": null, "depth": null, "area_km2": 0.002, "length_km": null}, "geometry": {"type": "Polygon", "coordinates": [[[-46.6880005, -21.8620662], [-46.6880005, -21.8620662]]]}}, {"type": "Feature", "id": "osm/661248628", "properties": {"osm_id": 661248628, "name": "", "water_type": "lake", "natural": "water", "water": "lake", "waterway": "", "width": null, "depth": null, "area_km2": 0.009, "length_km": null}, "geometry": {"type": "Polygon", "coordinates": [[[-46.6615624, -21.814602], [-46.6615624, -21.814602]]]}}, {"type": "Feature", "id": "osm/661248629", "properties": {"osm_id": 661248629, "name": "", "water_type": "lake", "natural": "water", "water": "lake", "waterway": "", "width": null, "depth": null, "area_km2": 0.009, "length_km": null}, "geometry": {"type": "Polygon", "coordinates": [[[-46.6583997, -21.8108607], [-46.6583997, -21.8108607]]]}}, {"type": "Feature", "id": "osm/661248633", "properties": {"osm_id": 661248633, "name": "", "water_type": "lake", "natural": "water", "water": "lake", "waterway": "", "width": null, "depth": null, "area_km2": 0.004, "length_km": null}, "geometry": {"type": "Polygon", "coordinates": [[[-46.6680737, -21.8205615], [-46.6680737, -21.8205615]]]}}, {"type": "Feature", "id": "osm/661248634", "properties": {"osm_id": 661248634, "name": "", "water_type": "lake", "natural": "water", "water": "lake", "waterway": "", "width": null, "depth": null, "area_km2": 0.001, "length_km": null}, "geometry": {"type": "Polygon", "coordinates": [[[-46.6828253, -21.8424745], [-46.6828253, -21.8424745]]]}}, {"type": "Feature", "id": "osm/661439709", "properties": {"osm_id": 661439709, "name": "", "water_type": "lake", "natural": "water", "water": "lake", "waterway": "", "width": null, "depth": null, "area_km2": 0.005, "length_km": null}, "geometry": {"type": "Polygon", "coordinates": [[[-46.6448894, -21.8003851], [-46.6448894, -21.8003851]]]}}, {"type": "Feature", "id": "osm/661502148", "properties": {"osm_id": 661502148, "name": "", "water_type": "lake", "natural": "water", "water": "lake", "waterway": "", "width": null, "depth": null, "area_km2": 0.108, "length_km": null}, "geometry": {"type": "Polygon", "coordinates": [[[-46.6490906, -21.8549467], [-46.6490906, -21.8549467]]]}}, {"type": "Feature", "id": "osm/661502149", "properties": {"osm_id": 661502149, "name": "", "water_type": "lake", "natural": "water", "water": "lake", "waterway": "", "width": null, "depth": null, "area_km2": 0.021, "length_km": null}, "geometry": {"type": "Polygon", "coordinates": [[[-46.6482125, -21.8629383], [-46.6482125, -21.8629383]]]}}, {"type": "Feature", "id": "osm/661845475", "properties": {"osm_id": 661845475, "name": "", "water_type": "reservoir", "natural": "water", "water": "reservoir", "waterway": "", "width": null, "depth": null, "area_km2": 0.744, "length_km": null}, "geometry": {"type": "Polygon", "coordinates": [[[-46.7825852, -21.6399262], [-46.7825852, -21.6399262]]]}}, {"type": "Feature", "id": "osm/661845476", "properties": {"osm_id": 661845476, "name": "", "water_type": "water", "natural": "water", "water": "", "waterway": "", "width": null, "depth": null, "area_km2": 0.017, "length_km": null}, "geometry": {"type": "Polygon", "coordinates": [[[-46.7912128, -21.6336377], [-46.7912128, -21.6336377]]]}}, {"type": "Feature", "id": "osm/664233417", "properties": {"osm_id": 664233417, "name": "", "water_type": "water", "natural": "water", "water": "", "waterway": "", "width": null, "depth": null, "area_km2": 0.018, "length_km": null}, "geometry": {"type": "Polygon", "coordinates": [[[-46.6425819, -21.5623318], [-46.6425819, -21.5623318]]]}}, {"type": "Feature", "id": "osm/664309563", "properties": {"osm_id": 664309563, "name": "", "water_type": "water", "natural": "water", "water": "", "waterway": "", "width": null, "depth": null, "area_km2": 0.007, "length_km": null}, "geometry": {"type": "Polygon", "coordinates": [[[-46.6058791, -21.7633977], [-46.6058791, -21.7633977]]]}}, {"type": "Feature", "id": "osm/669869768", "properties": {"osm_id": 669869768, "name": "", "water_type": "water", "natural": "water", "water": "", "waterway": "", "width": null, "depth": null, "area_km2": 0.005, "length_km": null}, "geometry": {"type": "Polygon", "coordinates": [[[-46.7432902, -21.9714783], [-46.7432902, -21.9714783]]]}}, {"type": "Feature", "id": "osm/670136183", "properties": {"osm_id": 670136183, "name": "", "water_type": "water", "natural": "water", "water": "", "waterway": "", "width": null, "depth": null, "area_km2": 0.004, "length_km": null}, "geometry": {"type": "Polygon", "coordinates": [[[-46.7600053, -21.9539291], [-46.7600053, -21.9539291]]]}}, {"type": "Feature", "id": "osm/671003187", "properties": {"osm_id": 671003187, "name": "", "water_type": "water", "natural": "water", "water": "", "waterway": "", "width": null, "depth": null, "area_km2": 0.002, "length_km": null}, "geometry": {"type": "Polygon", "coordinates": [[[-46.7982348, -21.9470581], [-46.7982348, -21.9470581]]]}}, {"type": "Feature", "id": "osm/671003189", "properties": {"osm_id": 671003189, "name": "", "water_type": "water", "natural": "water", "water": "", "waterway": "", "width": null, "depth": null, "area_km2": 0.001, "length_km": null}, "geometry": {"type": "Polygon", "coordinates": [[[-46.799483, -21.9465872], [-46.799483, -21.9465872]]]}}, {"type": "Feature", "id": "osm/671003190", "properties": {"osm_id": 671003190, "name": "", "water_type": "water", "natural": "water", "water": "", "waterway": "", "width": null, "depth": null, "area_km2": 0, "length_km": null}, "geometry": {"type": "Polygon", "coordinates": [[[-46.799026, -21.946493], [-46.799026, -21.946493]]]}}, {"type": "Feature", "id": "osm/671009539", "properties": {"osm_id": 671009539, "name": "", "water_type": "water", "natural": "water", "water": "", "waterway": "", "width": null, "depth": null, "area_km2": 0.001, "length_km": null}, "geometry": {"type": "Polygon", "coordinates": [[[-46.8115824, -21.9809548], [-46.8114898, -21.9811633], [-46.8110797, -21.9810039], [-46.81119, -21.9807953], [-46.8115824, -21.9809548]]]}}, {"type": "Feature", "id": "osm/671009540", "properties": {"osm_id": 671009540, "name": "", "water_type": "water", "natural": "water", "water": "", "waterway": "", "width": null, "depth": null, "area_km2": 0.001, "length_km": null}, "geometry": {"type": "Polygon", "coordinates": [[[-46.8107661, -21.9809116], [-46.8107661, -21.9809116]]]}}, {"type": "Feature", "id": "osm/671171265", "properties": {"osm_id": 671171265, "name": "", "water_type": "water", "natural": "water", "water": "", "waterway": "", "width": null, "depth": null, "area_km2": 0.009, "length_km": null}, "geometry": {"type": "Polygon", "coordinates": [[[-46.9053155, -21.818006], [-46.9053155, -21.818006]]]}}, {"type": "Feature", "id": "osm/671171266", "properties": {"osm_id": 671171266, "name": "", "water_type": "water", "natural": "water", "water": "", "waterway": "", "width": null, "depth": null, "area_km2": 0.001, "length_km": null}, "geometry": {"type": "Polygon", "coordinates": [[[-46.9086266, -21.8189178], [-46.9086266, -21.8189178]]]}}, {"type": "Feature", "id": "osm/671172633", "properties": {"osm_id": 671172633, "name": "", "water_type": "water", "natural": "water", "water": "", "waterway": "", "width": null, "depth": null, "area_km2": 0.01, "length_km": null}, "geometry": {"type": "Polygon", "coordinates": [[[-46.912513, -21.8322267], [-46.912513, -21.8322267]]]}}, {"type": "Feature", "id": "osm/671938653", "properties": {"osm_id": 671938653, "name": "", "water_type": "water", "natural": "water", "water": "", "waterway": "", "width": null, "depth": null, "area_km2": 0.001, "length_km": null}, "geometry": {"type": "Polygon", "coordinates": [[[-46.8909254, -21.8562], [-46.8909254, -21.8562]]]}}, {"type": "Feature", "id": "osm/671938654", "properties": {"osm_id": 671938654, "name": "", "water_type": "water", "natural": "water", "water": "", "waterway": "", "width": null, "depth": null, "area_km2": 0.001, "length_km": null}, "geometry": {"type": "Polygon", "coordinates": [[[-46.8911011, -21.8564486], [-46.8911011, -21.8564486]]]}}, {"type": "Feature", "id": "osm/680789227", "properties": {"osm_id": 680789227, "name": "Lago Paranoá", "water_type": "pond", "natural": "water", "water": "pond", "waterway": "", "width": null, "depth": null, "area_km2": 0.006, "length_km": null}, "geometry": {"type": "Polygon", "coordinates": [[[-46.8247333, -21.7120125], [-46.8247333, -21.7120125]]]}}, {"type": "Feature", "id": "osm/681279570", "properties": {"osm_id": 681279570, "name": "Lagoa Lago e Ducca", "water_type": "pond", "natural": "water", "water": "pond", "waterway": "", "width": null, "depth": null, "area_km2": 0.001, "length_km": null}, "geometry": {"type": "Polygon", "coordinates": [[[-46.2541483, -21.7123927], [-46.2541483, -21.7123927]]]}}, {"type": "Feature", "id": "osm/682002715", "properties": {"osm_id": 682002715, "name": "", "water_type": "lake", "natural": "water", "water": "lake", "waterway": "", "width": null, "depth": null, "area_km2": 0, "length_km": null}, "geometry": {"type": "Polygon", "coordinates": [[[-46.5024689, -22.0980589], [-46.5024689, -22.0980589]]]}}, {"type": "Feature", "id": "osm/682717275", "properties": {"osm_id": 682717275, "name": "Lago Parque Ecológico", "water_type": "lake", "natural": "water", "water": "lake", "waterway": "", "width": null, "depth": null, "area_km2": 0.003, "length_km": null}, "geometry": {"type": "Polygon", "coordinates": [[[-46.5709521, -21.8393359], [-46.5709521, -21.8393359]]]}}, {"type": "Feature", "id": "osm/682790708", "properties": {"osm_id": 682790708, "name": "Lago UNIFEOB", "water_type": "lake", "natural": "water", "water": "lake", "waterway": "", "width": null, "depth": null, "area_km2": 0.009, "length_km": null}, "geometry": {"type": "Polygon", "coordinates": [[[-46.7758572, -21.9669976], [-46.7758572, -21.9669976]]]}}, {"type": "Feature", "id": "osm/684632750", "properties": {"osm_id": 684632750, "name": "", "water_type": "pond", "natural": "water", "water": "pond", "waterway": "", "width": null, "depth": null, "area_km2": 0.002, "length_km": null}, "geometry": {"type": "Polygon", "coordinates": [[[-46.882842, -21.8210741], [-46.882842, -21.8210741]]]}}, {"type": "Feature", "id": "osm/686768623", "properties": {"osm_id": 686768623, "name": "Rio Pardo", "water_type": "water", "natural": "water", "water": "river", "waterway": "", "width": null, "depth": null, "area_km2": 0.056, "length_km": null}, "geometry": {"type": "Polygon", "coordinates": [[[-46.897727, -21.5968008], [-46.897727, -21.5968008]]]}}, {"type": "Feature", "id": "osm/687695012", "properties": {"osm_id": 687695012, "name": "Rio Jaguari Mirim", "water_type": "water", "natural": "water", "water": "", "waterway": "", "width": null, "depth": null, "area_km2": 0.021, "length_km": null}, "geometry": {"type": "Polygon", "coordinates": [[[-46.8089123, -21.9731742], [-46.8089123, -21.9731742]]]}}, {"type": "Feature", "id": "osm/690970571", "properties": {"osm_id": 690970571, "name": "", "water_type": "water", "natural": "water", "water": "", "waterway": "", "width": null, "depth": null, "area_km2": 0.062, "length_km": null}, "geometry": {"type": "Polygon", "coordinates": [[[-46.528821, -21.9836891], [-46.528821, -21.9836891]]]}}, {"type": "Feature", "id": "osm/702562066", "properties": {"osm_id": 702562066, "name": "", "water_type": "lake", "natural": "water", "water": "lake", "waterway": "", "width": null, "depth": null, "area_km2": 0.004, "length_km": null}, "geometry": {"type": "Polygon", "coordinates": [[[-46.5905327, -22.1192854], [-46.5905327, -22.1192854]]]}}, {"type": "Feature", "id": "osm/711890659", "properties": {"osm_id": 711890659, "name": "", "water_type": "lake", "natural": "water", "water": "lake", "waterway": "", "width": null, "depth": null, "area_km2": 0.004, "length_km": null}, "geometry": {"type": "Polygon", "coordinates": [[[-46.5918859, -22.1006803], [-46.5918859, -22.1006803]]]}}, {"type": "Feature", "id": "osm/718156827", "properties": {"osm_id": 718156827, "name": "", "water_type": "lake", "natural": "water", "water": "lake", "waterway": "", "width": null, "depth": null, "area_km2": 0.026, "length_km": null}, "geometry": {"type": "Polygon", "coordinates": [[[-46.8481697, -22.2826999], [-46.8481697, -22.2826999]]]}}, {"type": "Feature", "id": "osm/718156828", "properties": {"osm_id": 718156828, "name": "", "water_type": "lake", "natural": "water", "water": "lake", "waterway": "", "width": null, "depth": null, "area_km2": 0.017, "length_km": null}, "geometry": {"type": "Polygon", "coordinates": [[[-46.8491508, -22.2805086], [-46.8491508, -22.2805086]]]}}, {"type": "Feature", "id": "osm/718156829", "properties": {"osm_id": 718156829, "name": "", "water_type": "lake", "natural": "water", "water": "lake", "waterway": "", "width": null, "depth": null, "area_km2": 0.016, "length_km": null}, "geometry": {"type": "Polygon", "coordinates": [[[-46.8512481, -22.2786554], [-46.8512481, -22.2786554]]]}}, {"type": "Feature", "id": "osm/718156830", "properties": {"osm_id": 718156830, "name": "", "water_type": "lake", "natural": "water", "water": "lake", "waterway": "", "width": null, "depth": null, "area_km2": 0.049, "length_km": null}, "geometry": {"type": "Polygon", "coordinates": [[[-46.8532343, -22.2767945], [-46.8532343, -22.2767945]]]}}, {"type": "Feature", "id": "osm/718156831", "properties": {"osm_id": 718156831, "name": "", "water_type": "lake", "natural": "water", "water": "lake", "waterway": "", "width": null, "depth": null, "area_km2": 0.012, "length_km": null}, "geometry": {"type": "Polygon", "coordinates": [[[-46.8506426, -22.2761513], [-46.8506426, -22.2761513]]]}}, {"type": "Feature", "id": "osm/718163247", "properties": {"osm_id": 718163247, "name": "", "water_type": "lake", "natural": "water", "water": "lake", "waterway": "", "width": null, "depth": null, "area_km2": 0.174, "length_km": null}, "geometry": {"type": "Polygon", "coordinates": [[[-46.8626838, -22.2792089], [-46.8626838, -22.2792089]]]}}, {"type": "Feature", "id": "osm/718163248", "properties": {"osm_id": 718163248, "name": "", "water_type": "lake", "natural": "water", "water": "lake", "waterway": "", "width": null, "depth": null, "area_km2": 0.059, "length_km": null}, "geometry": {"type": "Polygon", "coordinates": [[[-46.8588637, -22.2777751], [-46.8588637, -22.2777751]]]}}, {"type": "Feature", "id": "osm/718201814", "properties": {"osm_id": 718201814, "name": "", "water_type": "lake", "natural": "water", "water": "lake", "waterway": "", "width": null, "depth": null, "area_km2": 0.021, "length_km": null}, "geometry": {"type": "Polygon", "coordinates": [[[-46.8762829, -22.2929432], [-46.8762829, -22.2929432]]]}}, {"type": "Feature", "id": "osm/718205048", "properties": {"osm_id": 718205048, "name": "", "water_type": "lake", "natural": "water", "water": "lake", "waterway": "", "width": null, "depth": null, "area_km2": 0.006, "length_km": null}, "geometry": {"type": "Polygon", "coordinates": [[[-46.8695751, -22.2939607], [-46.8695751, -22.2939607]]]}}, {"type": "Feature", "id": "osm/718207534", "properties": {"osm_id": 718207534, "name": "", "water_type": "lake", "natural": "water", "water": "lake", "waterway": "", "width": null, "depth": null, "area_km2": 0, "length_km": null}, "geometry": {"type": "Polygon", "coordinates": [[[-46.8575902, -22.3044648], [-46.8575902, -22.3044648]]]}}, {"type": "Feature", "id": "osm/718207535", "properties": {"osm_id": 718207535, "name": "", "water_type": "lake", "natural": "water", "water": "lake", "waterway": "", "width": null, "depth": null, "area_km2": 0.002, "length_km": null}, "geometry": {"type": "Polygon", "coordinates": [[[-46.8535187, -22.3058022], [-46.8535187, -22.3058022]]]}}, {"type": "Feature", "id": "osm/718207546", "properties": {"osm_id": 718207546, "name": "", "water_type": "lake", "natural": "water", "water": "lake", "waterway": "", "width": null, "depth": null, "area_km2": 0.028, "length_km": null}, "geometry": {"type": "Polygon", "coordinates": [[[-46.8782594, -22.2816909], [-46.8782594, -22.2816909]]]}}, {"type": "Feature", "id": "osm/726571497", "properties": {"osm_id": 726571497, "name": "", "water_type": "water", "natural": "water", "water": "", "waterway": "", "width": null, "depth": null, "area_km2": 0.001, "length_km": null}, "geometry": {"type": "Polygon", "coordinates": [[[-46.8969739, -21.5874818], [-46.8969739, -21.5874818]]]}}, {"type": "Feature", "id": "osm/726571503", "properties": {"osm_id": 726571503, "name": "", "water_type": "water", "natural": "water", "water": "", "waterway": "", "width": null, "depth": null, "area_km2": 0, "length_km": null}, "geometry": {"type": "Polygon", "coordinates": [[[-46.899893, -21.6093614], [-46.899893, -21.6093614]]]}}, {"type": "Feature", "id": "osm/726571505", "properties": {"osm_id": 726571505, "name": "", "water_type": "pond", "natural": "water", "water": "pond", "waterway": "", "width": null, "depth": null, "area_km2": 0.002, "length_km": null}, "geometry": {"type": "Polygon", "coordinates": [[[-46.9028139, -21.6117653], [-46.9028139, -21.6117653]]]}}, {"type": "Feature", "id": "osm/726571506", "properties": {"osm_id": 726571506, "name": "", "water_type": "pond", "natural": "water", "water": "pond", "waterway": "", "width": null, "depth": null, "area_km2": 0.002, "length_km": null}, "geometry": {"type": "Polygon", "coordinates": [[[-46.9045881, -21.6137503], [-46.9045881, -21.6137503]]]}}, {"type": "Feature", "id": "osm/726571507", "properties": {"osm_id": 726571507, "name": "", "water_type": "pond", "natural": "water", "water": "pond", "waterway": "", "width": null, "depth": null, "area_km2": 0.001, "length_km": null}, "geometry": {"type": "Polygon", "coordinates": [[[-46.9046631, -21.6137903], [-46.9046631, -21.6137903]]]}}, {"type": "Feature", "id": "osm/726571508", "properties": {"osm_id": 726571508, "name": "", "water_type": "pond", "natural": "water", "water": "pond", "waterway": "", "width": null, "depth": null, "area_km2": 0, "length_km": null}, "geometry": {"type": "Polygon", "coordinates": [[[-46.9048953, -21.6144534], [-46.9048953, -21.6144534]]]}}, {"type": "Feature", "id": "osm/726571509", "properties": {"osm_id": 726571509, "name": "", "water_type": "pond", "natural": "water", "water": "pond", "waterway": "", "width": null, "depth": null, "area_km2": 0, "length_km": null}, "geometry": {"type": "Polygon", "coordinates": [[[-46.9049098, -21.6140546], [-46.9049098, -21.6140546]]]}}, {"type": "Feature", "id": "osm/726571510", "properties": {"osm_id": 726571510, "name": "", "water_type": "pond", "natural": "water", "water": "pond", "waterway": "", "width": null, "depth": null, "area_km2": 0, "length_km": null}, "geometry": {"type": "Polygon", "coordinates": [[[-46.9049902, -21.6141221], [-46.9049902, -21.6141221]]]}}, {"type": "Feature", "id": "osm/727297386", "properties": {"osm_id": 727297386, "name": "", "water_type": "water", "natural": "water", "water": "", "waterway": "", "width": null, "depth": null, "area_km2": 0.012, "length_km": null}, "geometry": {"type": "Polygon", "coordinates": [[[-46.8250623, -21.7218036], [-46.8250623, -21.7218036]]]}}, {"type": "Feature", "id": "osm/727339401", "properties": {"osm_id": 727339401, "name": "", "water_type": "water", "natural": "water", "water": "", "waterway": "", "width": null, "depth": null, "area_km2": 0.001, "length_km": null}, "geometry": {"type": "Polygon", "coordinates": [[[-46.8321637, -21.7232616], [-46.8321637, -21.7232616]]]}}, {"type": "Feature", "id": "osm/727339405", "properties": {"osm_id": 727339405, "name": "", "water_type": "water", "natural": "water", "water": "", "waterway": "", "width": null, "depth": null, "area_km2": 0, "length_km": null}, "geometry": {"type": "Polygon", "coordinates": [[[-46.8353071, -21.7193445], [-46.8353071, -21.7193445]]]}}, {"type": "Feature", "id": "osm/727625919", "properties": {"osm_id": 727625919, "name": "", "water_type": "water", "natural": "water", "water": "", "waterway": "", "width": null, "depth": null, "area_km2": 0, "length_km": null}, "geometry": {"type": "Polygon", "coordinates": [[[-46.8696473, -21.5970589], [-46.8696473, -21.5970589]]]}}, {"type": "Feature", "id": "osm/727625920", "properties": {"osm_id": 727625920, "name": "", "water_type": "water", "natural": "water", "water": "", "waterway": "", "width": null, "depth": null, "area_km2": 0.001, "length_km": null}, "geometry": {"type": "Polygon", "coordinates": [[[-46.8698912, -21.597078], [-46.8697208, -21.5970479], [-46.8696267, -21.5973102], [-46.8698089, -21.5973403], [-46.8698912, -21.597078]]]}}, {"type": "Feature", "id": "osm/727625922", "properties": {"osm_id": 727625922, "name": "", "water_type": "water", "natural": "water", "water": "", "waterway": "", "width": null, "depth": null, "area_km2": 0.004, "length_km": null}, "geometry": {"type": "Polygon", "coordinates": [[[-46.8696943, -21.5993127], [-46.8696943, -21.5993127]]]}}, {"type": "Feature", "id": "osm/727818393", "properties": {"osm_id": 727818393, "name": "", "water_type": "water", "natural": "water", "water": "", "waterway": "", "width": null, "depth": null, "area_km2": 0.001, "length_km": null}, "geometry": {"type": "Polygon", "coordinates": [[[-46.8929376, -21.6185852], [-46.8929376, -21.6185852]]]}}, {"type": "Feature", "id": "osm/727818394", "properties": {"osm_id": 727818394, "name": "", "water_type": "water", "natural": "water", "water": "", "waterway": "", "width": null, "depth": null, "area_km2": 0.001, "length_km": null}, "geometry": {"type": "Polygon", "coordinates": [[[-46.8933266, -21.6185154], [-46.8933266, -21.6185154]]]}}, {"type": "Feature", "id": "osm/729129121", "properties": {"osm_id": 729129121, "name": "", "water_type": "water", "natural": "water", "water": "", "waterway": "", "width": null, "depth": null, "area_km2": 0.001, "length_km": null}, "geometry": {"type": "Polygon", "coordinates": [[[-46.8969247, -21.5884758], [-46.8969247, -21.5884758]]]}}, {"type": "Feature", "id": "osm/729205495", "properties": {"osm_id": 729205495, "name": "", "water_type": "water", "natural": "water", "water": "", "waterway": "", "width": null, "depth": null, "area_km2": 0, "length_km": null}, "geometry": {"type": "Polygon", "coordinates": [[[-46.9047774, -21.5960016], [-46.9047774, -21.5960016]]]}}, {"type": "Feature", "id": "osm/732004537", "properties": {"osm_id": 732004537, "name": "", "water_type": "water", "natural": "water", "water": "", "waterway": "", "width": null, "depth": null, "area_km2": 0.001, "length_km": null}, "geometry": {"type": "Polygon", "coordinates": [[[-46.7112843, -21.6538572], [-46.7112843, -21.6538572]]]}}, {"type": "Feature", "id": "osm/732004538", "properties": {"osm_id": 732004538, "name": "", "water_type": "water", "natural": "water", "water": "", "waterway": "", "width": null, "depth": null, "area_km2": 0, "length_km": null}, "geometry": {"type": "Polygon", "coordinates": [[[-46.7109806, -21.6541242], [-46.7109806, -21.6541242]]]}}, {"type": "Feature", "id": "osm/732004539", "properties": {"osm_id": 732004539, "name": "", "water_type": "water", "natural": "water", "water": "", "waterway": "", "width": null, "depth": null, "area_km2": 0.001, "length_km": null}, "geometry": {"type": "Polygon", "coordinates": [[[-46.7160174, -21.6577782], [-46.7160174, -21.6577782]]]}}, {"type": "Feature", "id": "osm/732108983", "properties": {"osm_id": 732108983, "name": "", "water_type": "water", "natural": "water", "water": "", "waterway": "", "width": null, "depth": null, "area_km2": 0.007, "length_km": null}, "geometry": {"type": "Polygon", "coordinates": [[[-46.6294046, -21.7645446], [-46.6294046, -21.7645446]]]}}, {"type": "Feature", "id": "osm/732108993", "properties": {"osm_id": 732108993, "name": "", "water_type": "water", "natural": "water", "water": "", "waterway": "", "width": null, "depth": null, "area_km2": 0.001, "length_km": null}, "geometry": {"type": "Polygon", "coordinates": [[[-46.6314873, -21.7694024], [-46.6314873, -21.7694024]]]}}, {"type": "Feature", "id": "osm/732193854", "properties": {"osm_id": 732193854, "name": "", "water_type": "water", "natural": "water", "water": "", "waterway": "", "width": null, "depth": null, "area_km2": 0.003, "length_km": null}, "geometry": {"type": "Polygon", "coordinates": [[[-46.3116949, -22.1278797], [-46.3116949, -22.1278797]]]}}, {"type": "Feature", "id": "osm/732193856", "properties": {"osm_id": 732193856, "name": "", "water_type": "water", "natural": "water", "water": "", "waterway": "", "width": null, "depth": null, "area_km2": 0.003, "length_km": null}, "geometry": {"type": "Polygon", "coordinates": [[[-46.2964031, -22.1271618], [-46.2964031, -22.1271618]]]}}, {"type": "Feature", "id": "osm/732800265", "properties": {"osm_id": 732800265, "name": "", "water_type": "water", "natural": "water", "water": "", "waterway": "", "width": null, "depth": null, "area_km2": 0.001, "length_km": null}, "geometry": {"type": "Polygon", "coordinates": [[[-46.5187693, -21.8031131], [-46.5187693, -21.8031131]]]}}, {"type": "Feature", "id": "osm/732801996", "properties": {"osm_id": 732801996, "name": "", "water_type": "pond", "natural": "water", "water": "pond", "waterway": "", "width": null, "depth": null, "area_km2": 0.003, "length_km": null}, "geometry": {"type": "Polygon", "coordinates": [[[-46.5547122, -21.8379982], [-46.5547122, -21.8379982]]]}}, {"type": "Feature", "id": "osm/732801997", "properties": {"osm_id": 732801997, "name": "", "water_type": "pond", "natural": "water", "water": "pond", "waterway": "", "width": null, "depth": null, "area_km2": 0.004, "length_km": null}, "geometry": {"type": "Polygon", "coordinates": [[[-46.5551937, -21.8392467], [-46.5551937, -21.8392467]]]}}, {"type": "Feature", "id": "osm/733127629", "properties": {"osm_id": 733127629, "name": "", "water_type": "water", "natural": "water", "water": "", "waterway": "", "width": null, "depth": null, "area_km2": 0.001, "length_km": null}, "geometry": {"type": "Polygon", "coordinates": [[[-46.8317452, -21.7091666], [-46.8317452, -21.7091666]]]}}, {"type": "Feature", "id": "osm/734011288", "properties": {"osm_id": 734011288, "name": "", "water_type": "water", "natural": "water", "water": "", "waterway": "", "width": null, "depth": null, "area_km2": 0.002, "length_km": null}, "geometry": {"type": "Polygon", "coordinates": [[[-46.4460815, -21.8250828], [-46.4460815, -21.8250828]]]}}, {"type": "Feature", "id": "osm/734011290", "properties": {"osm_id": 734011290, "name": "", "water_type": "water", "natural": "water", "water": "", "waterway": "", "width": null, "depth": null, "area_km2": 0.001, "length_km": null}, "geometry": {"type": "Polygon", "coordinates": [[[-46.4671415, -21.8247779], [-46.4671415, -21.8247779]]]}}, {"type": "Feature", "id": "osm/734015303", "properties": {"osm_id": 734015303, "name": "", "water_type": "water", "natural": "water", "water": "", "waterway": "", "width": null, "depth": null, "area_km2": 0.003, "length_km": null}, "geometry": {"type": "Polygon", "coordinates": [[[-46.4655193, -21.8213967], [-46.4655193, -21.8213967]]]}}, {"type": "Feature", "id": "osm/734015304", "properties": {"osm_id": 734015304, "name": "", "water_type": "water", "natural": "water", "water": "", "waterway": "", "width": null, "depth": null, "area_km2": 0.001, "length_km": null}, "geometry": {"type": "Polygon", "coordinates": [[[-46.4668524, -21.8185138], [-46.4668524, -21.8185138]]]}}, {"type": "Feature", "id": "osm/734015305", "properties": {"osm_id": 734015305, "name": "", "water_type": "water", "natural": "water", "water": "", "waterway": "", "width": null, "depth": null, "area_km2": 0.01, "length_km": null}, "geometry": {"type": "Polygon", "coordinates": [[[-46.4747508, -21.8145044], [-46.4747508, -21.8145044]]]}}, {"type": "Feature", "id": "osm/734015306", "properties": {"osm_id": 734015306, "name": "", "water_type": "water", "natural": "water", "water": "", "waterway": "", "width": null, "depth": null, "area_km2": 0.003, "length_km": null}, "geometry": {"type": "Polygon", "coordinates": [[[-46.4736674, -21.8144812], [-46.4736674, -21.8144812]]]}}, {"type": "Feature", "id": "osm/734015309", "properties": {"osm_id": 734015309, "name": "", "water_type": "water", "natural": "water", "water": "", "waterway": "", "width": null, "depth": null, "area_km2": 0.003, "length_km": null}, "geometry": {"type": "Polygon", "coordinates": [[[-46.4738222, -21.807023], [-46.4738222, -21.807023]]]}}, {"type": "Feature", "id": "osm/734015310", "properties": {"osm_id": 734015310, "name": "", "water_type": "water", "natural": "water", "water": "", "waterway": "", "width": null, "depth": null, "area_km2": 0.005, "length_km": null}, "geometry": {"type": "Polygon", "coordinates": [[[-46.4722245, -21.8071482], [-46.4722245, -21.8071482]]]}}, {"type": "Feature", "id": "osm/734015311", "properties": {"osm_id": 734015311, "name": "", "water_type": "water", "natural": "water", "water": "", "waterway": "", "width": null, "depth": null, "area_km2": 0.002, "length_km": null}, "geometry": {"type": "Polygon", "coordinates": [[[-46.4715106, -21.8067449], [-46.4715106, -21.8067449]]]}}, {"type": "Feature", "id": "osm/734015312", "properties": {"osm_id": 734015312, "name": "", "water_type": "water", "natural": "water", "water": "", "waterway": "", "width": null, "depth": null, "area_km2": 0.001, "length_km": null}, "geometry": {"type": "Polygon", "coordinates": [[[-46.4738422, -21.8069442], [-46.4738422, -21.8069442]]]}}, {"type": "Feature", "id": "osm/734015313", "properties": {"osm_id": 734015313, "name": "", "water_type": "water", "natural": "water", "water": "", "waterway": "", "width": null, "depth": null, "area_km2": 0.003, "length_km": null}, "geometry": {"type": "Polygon", "coordinates": [[[-46.4740875, -21.8165087], [-46.4740875, -21.8165087]]]}}, {"type": "Feature", "id": "osm/734015314", "properties": {"osm_id": 734015314, "name": "", "water_type": "water", "natural": "water", "water": "", "waterway": "", "width": null, "depth": null, "area_km2": 0.004, "length_km": null}, "geometry": {"type": "Polygon", "coordinates": [[[-46.4777174, -21.8137498], [-46.4777174, -21.8137498]]]}}, {"type": "Feature", "id": "osm/734015317", "properties": {"osm_id": 734015317, "name": "", "water_type": "water", "natural": "water", "water": "", "waterway": "", "width": null, "depth": null, "area_km2": 0.001, "length_km": null}, "geometry": {"type": "Polygon", "coordinates": [[[-46.4798002, -21.8135452], [-46.4798002, -21.8135452]]]}}, {"type": "Feature", "id": "osm/734015318", "properties": {"osm_id": 734015318, "name": "", "water_type": "water", "natural": "water", "water": "", "waterway": "", "width": null, "depth": null, "area_km2": 0.001, "length_km": null}, "geometry": {"type": "Polygon", "coordinates": [[[-46.4793461, -21.8136148], [-46.4793461, -21.8136148]]]}}, {"type": "Feature", "id": "osm/734015319", "properties": {"osm_id": 734015319, "name": "", "water_type": "water", "natural": "water", "water": "", "waterway": "", "width": null, "depth": null, "area_km2": 0, "length_km": null}, "geometry": {"type": "Polygon", "coordinates": [[[-46.4801089, -21.8136885], [-46.4801089, -21.8136885]]]}}, {"type": "Feature", "id": "osm/734015321", "properties": {"osm_id": 734015321, "name": "", "water_type": "water", "natural": "water", "water": "", "waterway": "", "width": null, "depth": null, "area_km2": 0, "length_km": null}, "geometry": {"type": "Polygon", "coordinates": [[[-46.4812381, -21.8139244], [-46.4812381, -21.8139244]]]}}, {"type": "Feature", "id": "osm/734015322", "properties": {"osm_id": 734015322, "name": "", "water_type": "water", "natural": "water", "water": "", "waterway": "", "width": null, "depth": null, "area_km2": 0, "length_km": null}, "geometry": {"type": "Polygon", "coordinates": [[[-46.4813791, -21.8137967], [-46.4813654, -21.8139308], [-46.4812794, -21.8139339], [-46.4812863, -21.8137871], [-46.4813791, -21.8137967]]]}}, {"type": "Feature", "id": "osm/734015323", "properties": {"osm_id": 734015323, "name": "", "water_type": "water", "natural": "water", "water": "", "waterway": "", "width": null, "depth": null, "area_km2": 0, "length_km": null}, "geometry": {"type": "Polygon", "coordinates": [[[-46.4807395, -21.816105], [-46.4807395, -21.816105]]]}}, {"type": "Feature", "id": "osm/734015324", "properties": {"osm_id": 734015324, "name": "", "water_type": "water", "natural": "water", "water": "", "waterway": "", "width": null, "depth": null, "area_km2": 0, "length_km": null}, "geometry": {"type": "Polygon", "coordinates": [[[-46.480712, -21.8164274], [-46.480712, -21.8164274]]]}}, {"type": "Feature", "id": "osm/734015325", "properties": {"osm_id": 734015325, "name": "", "water_type": "water", "natural": "water", "water": "", "waterway": "", "width": null, "depth": null, "area_km2": 0, "length_km": null}, "geometry": {"type": "Polygon", "coordinates": [[[-46.4806466, -21.8154856], [-46.4806466, -21.8154856]]]}}, {"type": "Feature", "id": "osm/734015326", "properties": {"osm_id": 734015326, "name": "", "water_type": "water", "natural": "water", "water": "", "waterway": "", "width": null, "depth": null, "area_km2": 0, "length_km": null}, "geometry": {"type": "Polygon", "coordinates": [[[-46.4807739, -21.8173533], [-46.4807739, -21.8173533]]]}}, {"type": "Feature", "id": "osm/734015327", "properties": {"osm_id": 734015327, "name": "", "water_type": "water", "natural": "water", "water": "", "waterway": "", "width": null, "depth": null, "area_km2": 0, "length_km": null}, "geometry": {"type": "Polygon", "coordinates": [[[-46.4808667, -21.8177652], [-46.4808667, -21.8177652]]]}}, {"type": "Feature", "id": "osm/734015328", "properties": {"osm_id": 734015328, "name": "", "water_type": "water", "natural": "water", "water": "", "waterway": "", "width": null, "depth": null, "area_km2": 0, "length_km": null}, "geometry": {"type": "Polygon", "coordinates": [[[-46.4806019, -21.8177013], [-46.4806019, -21.8177013]]]}}, {"type": "Feature", "id": "osm/734015329", "properties": {"osm_id": 734015329, "name": "", "water_type": "water", "natural": "water", "water": "", "waterway": "", "width": null, "depth": null, "area_km2": 0.001, "length_km": null}, "geometry": {"type": "Polygon", "coordinates": [[[-46.4819775, -21.8196839], [-46.4819775, -21.8196839]]]}}, {"type": "Feature", "id": "osm/734015330", "properties": {"osm_id": 734015330, "name": "", "water_type": "water", "natural": "water", "water": "", "waterway": "", "width": null, "depth": null, "area_km2": 0, "length_km": null}, "geometry": {"type": "Polygon", "coordinates": [[[-46.4800379, -21.8181674], [-46.4800379, -21.8181674]]]}}, {"type": "Feature", "id": "osm/734015331", "properties": {"osm_id": 734015331, "name": "", "water_type": "water", "natural": "water", "water": "", "waterway": "", "width": null, "depth": null, "area_km2": 0.003, "length_km": null}, "geometry": {"type": "Polygon", "coordinates": [[[-46.4889965, -21.8169638], [-46.4889965, -21.8169638]]]}}, {"type": "Feature", "id": "osm/734015332", "properties": {"osm_id": 734015332, "name": "", "water_type": "water", "natural": "water", "water": "", "waterway": "", "width": null, "depth": null, "area_km2": 0.003, "length_km": null}, "geometry": {"type": "Polygon", "coordinates": [[[-46.4892028, -21.8182377], [-46.4892028, -21.8182377]]]}}, {"type": "Feature", "id": "osm/734015333", "properties": {"osm_id": 734015333, "name": "", "water_type": "water", "natural": "water", "water": "", "waterway": "", "width": null, "depth": null, "area_km2": 0.002, "length_km": null}, "geometry": {"type": "Polygon", "coordinates": [[[-46.4886801, -21.8160635], [-46.4886801, -21.8160635]]]}}, {"type": "Feature", "id": "osm/734015334", "properties": {"osm_id": 734015334, "name": "", "water_type": "water", "natural": "water", "water": "", "waterway": "", "width": null, "depth": null, "area_km2": 0, "length_km": null}, "geometry": {"type": "Polygon", "coordinates": [[[-46.4882708, -21.816354], [-46.4882708, -21.816354]]]}}, {"type": "Feature", "id": "osm/734031856", "properties": {"osm_id": 734031856, "name": "", "water_type": "water", "natural": "water", "water": "", "waterway": "", "width": null, "depth": null, "area_km2": 0.003, "length_km": null}, "geometry": {"type": "Polygon", "coordinates": [[[-46.6264913, -21.7847347], [-46.6264913, -21.7847347]]]}}, {"type": "Feature", "id": "osm/734031857", "properties": {"osm_id": 734031857, "name": "", "water_type": "water", "natural": "water", "water": "", "waterway": "", "width": null, "depth": null, "area_km2": 0.003, "length_km": null}, "geometry": {"type": "Polygon", "coordinates": [[[-46.6270165, -21.784705], [-46.6270165, -21.784705]]]}}, {"type": "Feature", "id": "osm/734031858", "properties": {"osm_id": 734031858, "name": "", "water_type": "water", "natural": "water", "water": "", "waterway": "", "width": null, "depth": null, "area_km2": 0.001, "length_km": null}, "geometry": {"type": "Polygon", "coordinates": [[[-46.6268822, -21.785729], [-46.6268822, -21.785729]]]}}, {"type": "Feature", "id": "osm/734296174", "properties": {"osm_id": 734296174, "name": "", "water_type": "water", "natural": "water", "water": "", "waterway": "", "width": null, "depth": null, "area_km2": 0.002, "length_km": null}, "geometry": {"type": "Polygon", "coordinates": [[[-46.4922779, -21.8073367], [-46.4922779, -21.8073367]]]}}, {"type": "Feature", "id": "osm/734296175", "properties": {"osm_id": 734296175, "name": "", "water_type": "water", "natural": "water", "water": "", "waterway": "", "width": null, "depth": null, "area_km2": 0.001, "length_km": null}, "geometry": {"type": "Polygon", "coordinates": [[[-46.4930267, -21.807249], [-46.4930267, -21.807249]]]}}, {"type": "Feature", "id": "osm/734296177", "properties": {"osm_id": 734296177, "name": "", "water_type": "water", "natural": "water", "water": "", "waterway": "", "width": null, "depth": null, "area_km2": 0.001, "length_km": null}, "geometry": {"type": "Polygon", "coordinates": [[[-46.4923559, -21.8081464], [-46.4923559, -21.8081464]]]}}, {"type": "Feature", "id": "osm/734296178", "properties": {"osm_id": 734296178, "name": "", "water_type": "water", "natural": "water", "water": "", "waterway": "", "width": null, "depth": null, "area_km2": 0.001, "length_km": null}, "geometry": {"type": "Polygon", "coordinates": [[[-46.4919118, -21.80702], [-46.4919118, -21.80702]]]}}, {"type": "Feature", "id": "osm/734296179", "properties": {"osm_id": 734296179, "name": "", "water_type": "water", "natural": "water", "water": "", "waterway": "", "width": null, "depth": null, "area_km2": 0, "length_km": null}, "geometry": {"type": "Polygon", "coordinates": [[[-46.4923109, -21.808042], [-46.4923109, -21.808042]]]}}, {"type": "Feature", "id": "osm/738075306", "properties": {"osm_id": 738075306, "name": "", "water_type": "water", "natural": "water", "water": "", "waterway": "", "width": null, "depth": null, "area_km2": 0.001, "length_km": null}, "geometry": {"type": "Polygon", "coordinates": [[[-46.533698, -21.8010888], [-46.533698, -21.8010888]]]}}, {"type": "Feature", "id": "osm/738075307", "properties": {"osm_id": 738075307, "name": "", "water_type": "water", "natural": "water", "water": "", "waterway": "", "width": null, "depth": null, "area_km2": 0, "length_km": null}, "geometry": {"type": "Polygon", "coordinates": [[[-46.5336317, -21.8007758], [-46.5336317, -21.8007758]]]}}, {"type": "Feature", "id": "osm/738075308", "properties": {"osm_id": 738075308, "name": "", "water_type": "water", "natural": "water", "water": "", "waterway": "", "width": null, "depth": null, "area_km2": 0, "length_km": null}, "geometry": {"type": "Polygon", "coordinates": [[[-46.53343, -21.8006982], [-46.53343, -21.8006982]]]}}, {"type": "Feature", "id": "osm/738077978", "properties": {"osm_id": 738077978, "name": "", "water_type": "water", "natural": "water", "water": "", "waterway": "", "width": null, "depth": null, "area_km2": 0.001, "length_km": null}, "geometry": {"type": "Polygon", "coordinates": [[[-46.5734964, -21.8098299], [-46.5734964, -21.8098299]]]}}, {"type": "Feature", "id": "osm/741777307", "properties": {"osm_id": 741777307, "name": "", "water_type": "lake", "natural": "water", "water": "lake", "waterway": "", "width": null, "depth": null, "area_km2": 0, "length_km": null}, "geometry": {"type": "Polygon", "coordinates": [[[-46.9842892, -22.0519156], [-46.9842892, -22.0519156]]]}}, {"type": "Feature", "id": "osm/741777320", "properties": {"osm_id": 741777320, "name": "", "water_type": "lake", "natural": "water", "water": "lake", "waterway": "", "width": null, "depth": null, "area_km2": 0, "length_km": null}, "geometry": {"type": "Polygon", "coordinates": [[[-46.9840871, -22.0532209], [-46.9840871, -22.0532209]]]}}, {"type": "Feature", "id": "osm/741777321", "properties": {"osm_id": 741777321, "name": "", "water_type": "lake", "natural": "water", "water": "lake", "waterway": "", "width": null, "depth": null, "area_km2": 0, "length_km": null}, "geometry": {"type": "Polygon", "coordinates": [[[-46.9843089, -22.052682], [-46.9842645, -22.052827], [-46.9841571, -22.052814], [-46.9842318, -22.0526669], [-46.9843089, -22.052682]]]}}, {"type": "Feature", "id": "osm/741777322", "properties": {"osm_id": 741777322, "name": "", "water_type": "lake", "natural": "water", "water": "lake", "waterway": "", "width": null, "depth": null, "area_km2": 0, "length_km": null}, "geometry": {"type": "Polygon", "coordinates": [[[-46.9842902, -22.0525045], [-46.9842902, -22.0525045]]]}}, {"type": "Feature", "id": "osm/741777323", "properties": {"osm_id": 741777323, "name": "", "water_type": "lake", "natural": "water", "water": "lake", "waterway": "", "width": null, "depth": null, "area_km2": 0, "length_km": null}, "geometry": {"type": "Polygon", "coordinates": [[[-46.9842902, -22.0522427], [-46.9842902, -22.0522427]]]}}, {"type": "Feature", "id": "osm/741777324", "properties": {"osm_id": 741777324, "name": "", "water_type": "lake", "natural": "water", "water": "lake", "waterway": "", "width": null, "depth": null, "area_km2": 0, "length_km": null}, "geometry": {"type": "Polygon", "coordinates": [[[-46.9842388, -22.0530304], [-46.9842388, -22.0530304]]]}}, {"type": "Feature", "id": "osm/741777335", "properties": {"osm_id": 741777335, "name": "", "water_type": "lake", "natural": "water", "water": "lake", "waterway": "", "width": null, "depth": null, "area_km2": 0, "length_km": null}, "geometry": {"type": "Polygon", "coordinates": [[[-46.9840716, -22.0540264], [-46.9840716, -22.0540264]]]}}, {"type": "Feature", "id": "osm/741777340", "properties": {"osm_id": 741777340, "name": "", "water_type": "lake", "natural": "water", "water": "lake", "waterway": "", "width": null, "depth": null, "area_km2": 0.001, "length_km": null}, "geometry": {"type": "Polygon", "coordinates": [[[-46.9841493, -22.0549407], [-46.9841493, -22.0549407]]]}}, {"type": "Feature", "id": "osm/741777341", "properties": {"osm_id": 741777341, "name": "", "water_type": "lake", "natural": "water", "water": "lake", "waterway": "", "width": null, "depth": null, "area_km2": 0.001, "length_km": null}, "geometry": {"type": "Polygon", "coordinates": [[[-46.9839768, -22.0550525], [-46.9839768, -22.0550525]]]}}, {"type": "Feature", "id": "osm/744648586", "properties": {"osm_id": 744648586, "name": "", "water_type": "lake", "natural": "water", "water": "lake", "waterway": "", "width": null, "depth": null, "area_km2": 0.001, "length_km": null}, "geometry": {"type": "Polygon", "coordinates": [[[-46.4056787, -22.2455349], [-46.4056787, -22.2455349]]]}}, {"type": "Feature", "id": "osm/751885249", "properties": {"osm_id": 751885249, "name": "", "water_type": "pond", "natural": "water", "water": "pond", "waterway": "", "width": null, "depth": null, "area_km2": 0.004, "length_km": null}, "geometry": {"type": "Polygon", "coordinates": [[[-46.563111, -21.7976979], [-46.563111, -21.7976979]]]}}, {"type": "Feature", "id": "osm/751923497", "properties": {"osm_id": 751923497, "name": "", "water_type": "pond", "natural": "water", "water": "pond", "waterway": "", "width": null, "depth": null, "area_km2": 0.006, "length_km": null}, "geometry": {"type": "Polygon", "coordinates": [[[-46.5223201, -21.8269377], [-46.5223201, -21.8269377]]]}}, {"type": "Feature", "id": "osm/751923498", "properties": {"osm_id": 751923498, "name": "", "water_type": "lake", "natural": "water", "water": "lake", "waterway": "", "width": null, "depth": null, "area_km2": 0.031, "length_km": null}, "geometry": {"type": "Polygon", "coordinates": [[[-46.5233072, -21.8355028], [-46.5233072, -21.8355028]]]}}, {"type": "Feature", "id": "osm/751923499", "properties": {"osm_id": 751923499, "name": "", "water_type": "lake", "natural": "water", "water": "lake", "waterway": "", "width": null, "depth": null, "area_km2": 0.013, "length_km": null}, "geometry": {"type": "Polygon", "coordinates": [[[-46.5171596, -21.8340786], [-46.5171596, -21.8340786]]]}}, {"type": "Feature", "id": "osm/751923500", "properties": {"osm_id": 751923500, "name": "", "water_type": "pond", "natural": "water", "water": "pond", "waterway": "", "width": null, "depth": null, "area_km2": 0.005, "length_km": null}, "geometry": {"type": "Polygon", "coordinates": [[[-46.515797, -21.8351044], [-46.515797, -21.8351044]]]}}, {"type": "Feature", "id": "osm/751933691", "properties": {"osm_id": 751933691, "name": "", "water_type": "pond", "natural": "water", "water": "pond", "waterway": "", "width": null, "depth": null, "area_km2": 0.002, "length_km": null}, "geometry": {"type": "Polygon", "coordinates": [[[-46.5138125, -21.8072306], [-46.5138125, -21.8072306]]]}}, {"type": "Feature", "id": "osm/751933696", "properties": {"osm_id": 751933696, "name": "", "water_type": "pond", "natural": "water", "water": "pond", "waterway": "", "width": null, "depth": null, "area_km2": 0.003, "length_km": null}, "geometry": {"type": "Polygon", "coordinates": [[[-46.4923007, -21.8050794], [-46.4923007, -21.8050794]]]}}, {"type": "Feature", "id": "osm/751933701", "properties": {"osm_id": 751933701, "name": "", "water_type": "pond", "natural": "water", "water": "pond", "waterway": "", "width": null, "depth": null, "area_km2": 0.002, "length_km": null}, "geometry": {"type": "Polygon", "coordinates": [[[-46.4791397, -21.8087457], [-46.4791397, -21.8087457]]]}}, {"type": "Feature", "id": "osm/751942484", "properties": {"osm_id": 751942484, "name": "", "water_type": "lake", "natural": "water", "water": "lake", "waterway": "", "width": null, "depth": null, "area_km2": 0.002, "length_km": null}, "geometry": {"type": "Polygon", "coordinates": [[[-46.5696593, -21.838658], [-46.5696593, -21.838658]]]}}, {"type": "Feature", "id": "osm/754576671", "properties": {"osm_id": 754576671, "name": "", "water_type": "pond", "natural": "water", "water": "pond", "waterway": "", "width": null, "depth": null, "area_km2": 0, "length_km": null}, "geometry": {"type": "Polygon", "coordinates": [[[-46.5892532, -21.7869999], [-46.5892532, -21.7869999]]]}}, {"type": "Feature", "id": "osm/760272255", "properties": {"osm_id": 760272255, "name": "", "water_type": "water", "natural": "water", "water": "", "waterway": "", "width": null, "depth": null, "area_km2": 0, "length_km": null}, "geometry": {"type": "Polygon", "coordinates": [[[-46.3899959, -21.6506631], [-46.3899959, -21.6506631]]]}}, {"type": "Feature", "id": "osm/760272257", "properties": {"osm_id": 760272257, "name": "", "water_type": "pond", "natural": "water", "water": "pond", "waterway": "", "width": null, "depth": null, "area_km2": 0.005, "length_km": null}, "geometry": {"type": "Polygon", "coordinates": [[[-46.397625, -21.6591683], [-46.397625, -21.6591683]]]}}, {"type": "Feature", "id": "osm/760272258", "properties": {"osm_id": 760272258, "name": "", "water_type": "water", "natural": "water", "water": "", "waterway": "", "width": null, "depth": null, "area_km2": 0, "length_km": null}, "geometry": {"type": "Polygon", "coordinates": [[[-46.3977715, -21.6606926], [-46.3977454, -21.6608242], [-46.3974565, -21.6607745], [-46.3974827, -21.660643], [-46.3977715, -21.6606926]]]}}, {"type": "Feature", "id": "osm/760272259", "properties": {"osm_id": 760272259, "name": "", "water_type": "water", "natural": "water", "water": "", "waterway": "", "width": null, "depth": null, "area_km2": 0, "length_km": null}, "geometry": {"type": "Polygon", "coordinates": [[[-46.3979196, -21.6607242], [-46.3978666, -21.6607152], [-46.3978501, -21.6607984], [-46.3979032, -21.6608075], [-46.3979196, -21.6607242]]]}}, {"type": "Feature", "id": "osm/760395837", "properties": {"osm_id": 760395837, "name": "", "water_type": "water", "natural": "water", "water": "", "waterway": "", "width": null, "depth": null, "area_km2": 0, "length_km": null}, "geometry": {"type": "Polygon", "coordinates": [[[-46.3976244, -21.6482373], [-46.3976256, -21.6482514], [-46.3975917, -21.6482579], [-46.3975929, -21.6482373], [-46.3976244, -21.6482373]]]}}, {"type": "Feature", "id": "osm/760395841", "properties": {"osm_id": 760395841, "name": "", "water_type": "water", "natural": "water", "water": "", "waterway": "", "width": null, "depth": null, "area_km2": 0, "length_km": null}, "geometry": {"type": "Polygon", "coordinates": [[[-46.3960706, -21.6418949], [-46.3960706, -21.6419493], [-46.3960151, -21.6419579], [-46.3960244, -21.6418863], [-46.3960706, -21.6418949]]]}}, {"type": "Feature", "id": "osm/784896738", "properties": {"osm_id": 784896738, "name": "", "water_type": "water", "natural": "water", "water": "", "waterway": "", "width": null, "depth": null, "area_km2": 0.001, "length_km": null}, "geometry": {"type": "Polygon", "coordinates": [[[-46.8909197, -21.8593812], [-46.8909197, -21.8593812]]]}}, {"type": "Feature", "id": "osm/787846031", "properties": {"osm_id": 787846031, "name": "", "water_type": "water", "natural": "water", "water": "", "waterway": "", "width": null, "depth": null, "area_km2": 0.007, "length_km": null}, "geometry": {"type": "Polygon", "coordinates": [[[-46.6862188, -22.2927296], [-46.6862188, -22.2927296]]]}}, {"type": "Feature", "id": "osm/787846032", "properties": {"osm_id": 787846032, "name": "", "water_type": "water", "natural": "water", "water": "", "waterway": "", "width": null, "depth": null, "area_km2": 0.006, "length_km": null}, "geometry": {"type": "Polygon", "coordinates": [[[-46.6789602, -22.2898695], [-46.6789602, -22.2898695]]]}}, {"type": "Feature", "id": "osm/787846033", "properties": {"osm_id": 787846033, "name": "", "water_type": "water", "natural": "water", "water": "", "waterway": "", "width": null, "depth": null, "area_km2": 0.001, "length_km": null}, "geometry": {"type": "Polygon", "coordinates": [[[-46.6775047, -22.2891891], [-46.6775047, -22.2891891]]]}}, {"type": "Feature", "id": "osm/787846034", "properties": {"osm_id": 787846034, "name": "", "water_type": "water", "natural": "water", "water": "", "waterway": "", "width": null, "depth": null, "area_km2": 0.021, "length_km": null}, "geometry": {"type": "Polygon", "coordinates": [[[-46.6494645, -22.2649523], [-46.6494645, -22.2649523]]]}}, {"type": "Feature", "id": "osm/787921436", "properties": {"osm_id": 787921436, "name": "", "water_type": "water", "natural": "water", "water": "", "waterway": "", "width": null, "depth": null, "area_km2": 0.003, "length_km": null}, "geometry": {"type": "Polygon", "coordinates": [[[-46.7221418, -22.2631476], [-46.7221418, -22.2631476]]]}}, {"type": "Feature", "id": "osm/787921439", "properties": {"osm_id": 787921439, "name": "", "water_type": "water", "natural": "water", "water": "river", "waterway": "", "width": null, "depth": null, "area_km2": 0.062, "length_km": null}, "geometry": {"type": "Polygon", "coordinates": [[[-46.7191222, -22.259893], [-46.7191222, -22.259893]]]}}, {"type": "Feature", "id": "osm/787922860", "properties": {"osm_id": 787922860, "name": "", "water_type": "water", "natural": "water", "water": "river", "waterway": "", "width": null, "depth": null, "area_km2": 0.008, "length_km": null}, "geometry": {"type": "Polygon", "coordinates": [[[-46.7339867, -22.2675001], [-46.7339867, -22.2675001]]]}}, {"type": "Feature", "id": "osm/787955082", "properties": {"osm_id": 787955082, "name": "", "water_type": "water", "natural": "water", "water": "river", "waterway": "", "width": null, "depth": null, "area_km2": 0.024, "length_km": null}, "geometry": {"type": "Polygon", "coordinates": [[[-46.7622658, -22.2760993], [-46.7622658, -22.2760993]]]}}, {"type": "Feature", "id": "osm/788079163", "properties": {"osm_id": 788079163, "name": "", "water_type": "lake", "natural": "water", "water": "lake", "waterway": "", "width": null, "depth": null, "area_km2": 0.016, "length_km": null}, "geometry": {"type": "Polygon", "coordinates": [[[-46.6879255, -22.2670063], [-46.6879255, -22.2670063]]]}}, {"type": "Feature", "id": "osm/788079404", "properties": {"osm_id": 788079404, "name": "", "water_type": "water", "natural": "water", "water": "river", "waterway": "", "width": null, "depth": null, "area_km2": 0.009, "length_km": null}, "geometry": {"type": "Polygon", "coordinates": [[[-46.6754537, -22.2584035], [-46.6754537, -22.2584035]]]}}, {"type": "Feature", "id": "osm/788079405", "properties": {"osm_id": 788079405, "name": "", "water_type": "water", "natural": "water", "water": "river", "waterway": "", "width": null, "depth": null, "area_km2": 0.033, "length_km": null}, "geometry": {"type": "Polygon", "coordinates": [[[-46.674962, -22.2590205], [-46.674962, -22.2590205]]]}}, {"type": "Feature", "id": "osm/788079406", "properties": {"osm_id": 788079406, "name": "", "water_type": "water", "natural": "water", "water": "river", "waterway": "", "width": null, "depth": null, "area_km2": 0.007, "length_km": null}, "geometry": {"type": "Polygon", "coordinates": [[[-46.6663758, -22.2603171], [-46.6663758, -22.2603171]]]}}, {"type": "Feature", "id": "osm/788362955", "properties": {"osm_id": 788362955, "name": "", "water_type": "water", "natural": "water", "water": "", "waterway": "", "width": null, "depth": null, "area_km2": 0.004, "length_km": null}, "geometry": {"type": "Polygon", "coordinates": [[[-46.7380878, -22.270675], [-46.7380878, -22.270675]]]}}, {"type": "Feature", "id": "osm/808805314", "properties": {"osm_id": 808805314, "name": "", "water_type": "pond", "natural": "water", "water": "pond", "waterway": "", "width": null, "depth": null, "area_km2": 0, "length_km": null}, "geometry": {"type": "Polygon", "coordinates": [[[-46.4475675, -22.0572315], [-46.4475675, -22.0572315]]]}}, {"type": "Feature", "id": "osm/822328761", "properties": {"osm_id": 822328761, "name": "", "water_type": "lake", "natural": "water", "water": "lake", "waterway": "", "width": null, "depth": null, "area_km2": 0.002, "length_km": null}, "geometry": {"type": "Polygon", "coordinates": [[[-46.6035359, -21.7771472], [-46.6035359, -21.7771472]]]}}, {"type": "Feature", "id": "osm/823817718", "properties": {"osm_id": 823817718, "name": "", "water_type": "water", "natural": "water", "water": "", "waterway": "", "width": null, "depth": null, "area_km2": 0, "length_km": null}, "geometry": {"type": "Polygon", "coordinates": [[[-46.9730339, -21.7298755], [-46.9729329, -21.7298298], [-46.9728168, -21.7300512], [-46.9729178, -21.7300969], [-46.9730339, -21.7298755]]]}}, {"type": "Feature", "id": "osm/823817720", "properties": {"osm_id": 823817720, "name": "", "water_type": "water", "natural": "water", "water": "", "waterway": "", "width": null, "depth": null, "area_km2": 0, "length_km": null}, "geometry": {"type": "Polygon", "coordinates": [[[-46.9708987, -21.7278851], [-46.9710203, -21.728269], [-46.9707468, -21.7280206], [-46.9708987, -21.7278851]]]}}, {"type": "Feature", "id": "osm/824221762", "properties": {"osm_id": 824221762, "name": "", "water_type": "water", "natural": "water", "water": "", "waterway": "", "width": null, "depth": null, "area_km2": 0.001, "length_km": null}, "geometry": {"type": "Polygon", "coordinates": [[[-46.5528261, -21.8110774], [-46.5528261, -21.8110774]]]}}, {"type": "Feature", "id": "osm/824227268", "properties": {"osm_id": 824227268, "name": "", "water_type": "pond", "natural": "water", "water": "pond", "waterway": "", "width": null, "depth": null, "area_km2": 0, "length_km": null}, "geometry": {"type": "Polygon", "coordinates": [[[-46.5702046, -21.7860518], [-46.5702046, -21.7860518]]]}}, {"type": "Feature", "id": "osm/827371659", "properties": {"osm_id": 827371659, "name": "", "water_type": "pond", "natural": "water", "water": "pond", "waterway": "", "width": null, "depth": null, "area_km2": 0.002, "length_km": null}, "geometry": {"type": "Polygon", "coordinates": [[[-46.5562703, -21.8115448], [-46.5562703, -21.8115448]]]}}, {"type": "Feature", "id": "osm/832592578", "properties": {"osm_id": 832592578, "name": "Reservatório de água do Recanto Japonês", "water_type": "reservoir", "natural": "water", "water": "reservoir", "waterway": "", "width": null, "depth": null, "area_km2": 0, "length_km": null}, "geometry": {"type": "Polygon", "coordinates": [[[-46.5570696, -21.7758056], [-46.557075, -21.7756093], [-46.5570149, -21.7756073], [-46.5569205, -21.7757727], [-46.5570696, -21.7758056]]]}}, {"type": "Feature", "id": "osm/832592579", "properties": {"osm_id": 832592579, "name": "Lago de Carpas", "water_type": "lake", "natural": "water", "water": "lake", "waterway": "", "width": null, "depth": null, "area_km2": 0, "length_km": null}, "geometry": {"type": "Polygon", "coordinates": [[[-46.5566064, -21.7756251], [-46.5566064, -21.7756251]]]}}, {"type": "Feature", "id": "osm/834743014", "properties": {"osm_id": 834743014, "name": "Lagoa do Jardim Zoológico Municipal", "water_type": "pond", "natural": "water", "water": "pond", "waterway": "", "width": null, "depth": null, "area_km2": 0, "length_km": null}, "geometry": {"type": "Polygon", "coordinates": [[[-46.5518608, -21.8134262], [-46.5518608, -21.8134262]]]}}, {"type": "Feature", "id": "osm/834756723", "properties": {"osm_id": 834756723, "name": "", "water_type": "pond", "natural": "water", "water": "pond", "waterway": "", "width": null, "depth": null, "area_km2": 0.002, "length_km": null}, "geometry": {"type": "Polygon", "coordinates": [[[-46.5530274, -21.8284325], [-46.5530274, -21.8284325]]]}}, {"type": "Feature", "id": "osm/834756724", "properties": {"osm_id": 834756724, "name": "", "water_type": "pond", "natural": "water", "water": "pond", "waterway": "", "width": null, "depth": null, "area_km2": 0.001, "length_km": null}, "geometry": {"type": "Polygon", "coordinates": [[[-46.5518644, -21.8293859], [-46.5518644, -21.8293859]]]}}, {"type": "Feature", "id": "osm/834766659", "properties": {"osm_id": 834766659, "name": "", "water_type": "lake", "natural": "water", "water": "lake", "waterway": "", "width": null, "depth": null, "area_km2": 0.003, "length_km": null}, "geometry": {"type": "Polygon", "coordinates": [[[-46.5710718, -21.840122], [-46.5710718, -21.840122]]]}}, {"type": "Feature", "id": "osm/837213924", "properties": {"osm_id": 837213924, "name": "", "water_type": "pond", "natural": "water", "water": "pond", "waterway": "", "width": null, "depth": null, "area_km2": 0.002, "length_km": null}, "geometry": {"type": "Polygon", "coordinates": [[[-46.6272472, -21.78262], [-46.6272472, -21.78262]]]}}, {"type": "Feature", "id": "osm/837213925", "properties": {"osm_id": 837213925, "name": "", "water_type": "pond", "natural": "water", "water": "pond", "waterway": "", "width": null, "depth": null, "area_km2": 0.002, "length_km": null}, "geometry": {"type": "Polygon", "coordinates": [[[-46.6266593, -21.7825044], [-46.6266593, -21.7825044]]]}}, {"type": "Feature", "id": "osm/837213926", "properties": {"osm_id": 837213926, "name": "", "water_type": "pond", "natural": "water", "water": "pond", "waterway": "", "width": null, "depth": null, "area_km2": 0.001, "length_km": null}, "geometry": {"type": "Polygon", "coordinates": [[[-46.6235364, -21.7818505], [-46.6235364, -21.7818505]]]}}, {"type": "Feature", "id": "osm/837213927", "properties": {"osm_id": 837213927, "name": "", "water_type": "pond", "natural": "water", "water": "pond", "waterway": "", "width": null, "depth": null, "area_km2": 0, "length_km": null}, "geometry": {"type": "Polygon", "coordinates": [[[-46.6235021, -21.7817198], [-46.6235021, -21.7817198]]]}}, {"type": "Feature", "id": "osm/837217253", "properties": {"osm_id": 837217253, "name": "", "water_type": "pond", "natural": "water", "water": "pond", "waterway": "", "width": null, "depth": null, "area_km2": 0.002, "length_km": null}, "geometry": {"type": "Polygon", "coordinates": [[[-46.6096425, -21.7769823], [-46.6096425, -21.7769823]]]}}, {"type": "Feature", "id": "osm/837217254", "properties": {"osm_id": 837217254, "name": "", "water_type": "pond", "natural": "water", "water": "pond", "waterway": "", "width": null, "depth": null, "area_km2": 0.004, "length_km": null}, "geometry": {"type": "Polygon", "coordinates": [[[-46.6100656, -21.7772711], [-46.6100656, -21.7772711]]]}}, {"type": "Feature", "id": "osm/838806951", "properties": {"osm_id": 838806951, "name": "", "water_type": "water", "natural": "water", "water": "river", "waterway": "", "width": null, "depth": null, "area_km2": 0, "length_km": null}, "geometry": {"type": "Polygon", "coordinates": [[[-46.6043259, -21.7594575], [-46.6043259, -21.7594575]]]}}, {"type": "Feature", "id": "osm/864218215", "properties": {"osm_id": 864218215, "name": "", "water_type": "lake", "natural": "water", "water": "lake", "waterway": "", "width": null, "depth": null, "area_km2": 0.007, "length_km": null}, "geometry": {"type": "Polygon", "coordinates": [[[-46.6531447, -21.8319424], [-46.6531447, -21.8319424]]]}}, {"type": "Feature", "id": "osm/864218216", "properties": {"osm_id": 864218216, "name": "", "water_type": "water", "natural": "water", "water": "wastewater", "waterway": "", "width": null, "depth": null, "area_km2": 0, "length_km": null}, "geometry": {"type": "Polygon", "coordinates": [[[-46.6400821, -21.8259845], [-46.6399103, -21.8260238], [-46.6399658, -21.8262328], [-46.6401376, -21.8261935], [-46.6400821, -21.8259845]]]}}, {"type": "Feature", "id": "osm/864218217", "properties": {"osm_id": 864218217, "name": "", "water_type": "water", "natural": "water", "water": "wastewater", "waterway": "", "width": null, "depth": null, "area_km2": 0, "length_km": null}, "geometry": {"type": "Polygon", "coordinates": [[[-46.6400865, -21.8272875], [-46.6399496, -21.8273164], [-46.6400178, -21.8275952], [-46.6401546, -21.8275663], [-46.6400865, -21.8272875]]]}}, {"type": "Feature", "id": "osm/864218218", "properties": {"osm_id": 864218218, "name": "", "water_type": "water", "natural": "water", "water": "wastewater", "waterway": "", "width": null, "depth": null, "area_km2": 0, "length_km": null}, "geometry": {"type": "Polygon", "coordinates": [[[-46.6396932, -21.8273681], [-46.6395671, -21.8273964], [-46.6396238, -21.8276142], [-46.6397499, -21.8275859], [-46.6396932, -21.8273681]]]}}, {"type": "Feature", "id": "osm/864218219", "properties": {"osm_id": 864218219, "name": "", "water_type": "water", "natural": "water", "water": "wastewater", "waterway": "", "width": null, "depth": null, "area_km2": 0.001, "length_km": null}, "geometry": {"type": "Polygon", "coordinates": [[[-46.6395506, -21.8276468], [-46.6393347, -21.8277003], [-46.6394433, -21.8280776], [-46.6396592, -21.828024], [-46.6395506, -21.8276468]]]}}, {"type": "Feature", "id": "osm/864218220", "properties": {"osm_id": 864218220, "name": "", "water_type": "water", "natural": "water", "water": "wastewater", "waterway": "", "width": null, "depth": null, "area_km2": 0.001, "length_km": null}, "geometry": {"type": "Polygon", "coordinates": [[[-46.6399807, -21.8277954], [-46.6396882, -21.8278603], [-46.6397658, -21.828162], [-46.6400584, -21.8280971], [-46.6399807, -21.8277954]]]}}, {"type": "Feature", "id": "osm/864218221", "properties": {"osm_id": 864218221, "name": "", "water_type": "water", "natural": "water", "water": "wastewater", "waterway": "", "width": null, "depth": null, "area_km2": 0, "length_km": null}, "geometry": {"type": "Polygon", "coordinates": [[[-46.6400631, -21.8281237], [-46.6397732, -21.8281872], [-46.6398011, -21.8282968], [-46.6400937, -21.8282328], [-46.6400631, -21.8281237]]]}}, {"type": "Feature", "id": "osm/864218222", "properties": {"osm_id": 864218222, "name": "", "water_type": "water", "natural": "water", "water": "wastewater", "waterway": "", "width": null, "depth": null, "area_km2": 0, "length_km": null}, "geometry": {"type": "Polygon", "coordinates": [[[-46.6402105, -21.827972], [-46.6401242, -21.8279893], [-46.6401888, -21.8282677], [-46.6402751, -21.8282504], [-46.6402105, -21.827972]]]}}, {"type": "Feature", "id": "osm/864218223", "properties": {"osm_id": 864218223, "name": "", "water_type": "water", "natural": "water", "water": "wastewater", "waterway": "", "width": null, "depth": null, "area_km2": 0, "length_km": null}, "geometry": {"type": "Polygon", "coordinates": [[[-46.64065, -21.8280932], [-46.6405268, -21.828124], [-46.6405915, -21.828347], [-46.6407147, -21.8283162], [-46.64065, -21.8280932]]]}}, {"type": "Feature", "id": "osm/864218224", "properties": {"osm_id": 864218224, "name": "", "water_type": "water", "natural": "water", "water": "wastewater", "waterway": "", "width": null, "depth": null, "area_km2": 0.002, "length_km": null}, "geometry": {"type": "Polygon", "coordinates": [[[-46.6401044, -21.8282768], [-46.6402211, -21.8287162], [-46.639922, -21.8287846], [-46.6398053, -21.8283452], [-46.6401044, -21.8282768]]]}}, {"type": "Feature", "id": "osm/864218225", "properties": {"osm_id": 864218225, "name": "", "water_type": "water", "natural": "water", "water": "wastewater", "waterway": "", "width": null, "depth": null, "area_km2": 0.001, "length_km": null}, "geometry": {"type": "Polygon", "coordinates": [[[-46.640782, -21.8289642], [-46.6408429, -21.8291859], [-46.6403831, -21.8292949], [-46.6403221, -21.8290731], [-46.640782, -21.8289642]]]}}, {"type": "Feature", "id": "osm/864218226", "properties": {"osm_id": 864218226, "name": "", "water_type": "water", "natural": "water", "water": "wastewater", "waterway": "", "width": null, "depth": null, "area_km2": 0, "length_km": null}, "geometry": {"type": "Polygon", "coordinates": [[[-46.645125, -21.8172968], [-46.6450212, -21.81747], [-46.644839, -21.8173758], [-46.6449428, -21.8172026], [-46.645125, -21.8172968]]]}}, {"type": "Feature", "id": "osm/864218227", "properties": {"osm_id": 864218227, "name": "", "water_type": "water", "natural": "water", "water": "wastewater", "waterway": "", "width": null, "depth": null, "area_km2": 0.001, "length_km": null}, "geometry": {"type": "Polygon", "coordinates": [[[-46.6455458, -21.8175433], [-46.6453914, -21.8177828], [-46.6452349, -21.8176958], [-46.6453894, -21.8174563], [-46.6455458, -21.8175433]]]}}, {"type": "Feature", "id": "osm/864218228", "properties": {"osm_id": 864218228, "name": "", "water_type": "water", "natural": "water", "water": "wastewater", "waterway": "", "width": null, "depth": null, "area_km2": 0.001, "length_km": null}, "geometry": {"type": "Polygon", "coordinates": [[[-46.6458684, -21.8178169], [-46.6457156, -21.8180909], [-46.6455212, -21.8179974], [-46.645674, -21.8177234], [-46.6458684, -21.8178169]]]}}, {"type": "Feature", "id": "osm/864218229", "properties": {"osm_id": 864218229, "name": "", "water_type": "water", "natural": "water", "water": "wastewater", "waterway": "", "width": null, "depth": null, "area_km2": 0.002, "length_km": null}, "geometry": {"type": "Polygon", "coordinates": [[[-46.6471731, -21.8172939], [-46.6469178, -21.817697], [-46.6466493, -21.8175505], [-46.6469046, -21.8171474], [-46.6471731, -21.8172939]]]}}, {"type": "Feature", "id": "osm/887716433", "properties": {"osm_id": 887716433, "name": "", "water_type": "water", "natural": "water", "water": "", "waterway": "", "width": null, "depth": null, "area_km2": 0.035, "length_km": null}, "geometry": {"type": "Polygon", "coordinates": [[[-46.1701294, -21.6561693], [-46.1701294, -21.6561693]]]}}, {"type": "Feature", "id": "osm/888017442", "properties": {"osm_id": 888017442, "name": "", "water_type": "water", "natural": "water", "water": "", "waterway": "", "width": null, "depth": null, "area_km2": 0.003, "length_km": null}, "geometry": {"type": "Polygon", "coordinates": [[[-46.6120123, -21.8725115], [-46.6120123, -21.8725115]]]}}, {"type": "Feature", "id": "osm/888017445", "properties": {"osm_id": 888017445, "name": "", "water_type": "water", "natural": "water", "water": "", "waterway": "", "width": null, "depth": null, "area_km2": 0.01, "length_km": null}, "geometry": {"type": "Polygon", "coordinates": [[[-46.6077701, -21.9104756], [-46.6077701, -21.9104756]]]}}, {"type": "Feature", "id": "osm/895696781", "properties": {"osm_id": 895696781, "name": "", "water_type": "lake", "natural": "water", "water": "lake", "waterway": "", "width": null, "depth": null, "area_km2": 0.561, "length_km": null}, "geometry": {"type": "Polygon", "coordinates": [[[-46.5292665, -21.9634137], [-46.5292665, -21.9634137]]]}}, {"type": "Feature", "id": "osm/926835315", "properties": {"osm_id": 926835315, "name": "", "water_type": "water", "natural": "water", "water": "", "waterway": "", "width": null, "depth": null, "area_km2": 0.001, "length_km": null}, "geometry": {"type": "Polygon", "coordinates": [[[-46.3893226, -21.9152953], [-46.3893226, -21.9152953]]]}}, {"type": "Feature", "id": "osm/943389910", "properties": {"osm_id": 943389910, "name": "", "water_type": "water", "natural": "water", "water": "", "waterway": "", "width": null, "depth": null, "area_km2": 0.004, "length_km": null}, "geometry": {"type": "Polygon", "coordinates": [[[-46.5846897, -21.4786714], [-46.5846897, -21.4786714]]]}}, {"type": "Feature", "id": "osm/943415470", "properties": {"osm_id": 943415470, "name": "", "water_type": "reservoir", "natural": "water", "water": "reservoir", "waterway": "", "width": null, "depth": null, "area_km2": 0.024, "length_km": null}, "geometry": {"type": "Polygon", "coordinates": [[[-46.6721591, -21.5080743], [-46.6721591, -21.5080743]]]}}, {"type": "Feature", "id": "osm/943415471", "properties": {"osm_id": 943415471, "name": "", "water_type": "reservoir", "natural": "water", "water": "reservoir", "waterway": "", "width": null, "depth": null, "area_km2": 0.001, "length_km": null}, "geometry": {"type": "Polygon", "coordinates": [[[-46.6674505, -21.5214916], [-46.6674505, -21.5214916]]]}}, {"type": "Feature", "id": "osm/943415472", "properties": {"osm_id": 943415472, "name": "", "water_type": "water", "natural": "water", "water": "", "waterway": "", "width": null, "depth": null, "area_km2": 0.001, "length_km": null}, "geometry": {"type": "Polygon", "coordinates": [[[-46.6742291, -21.530482], [-46.6742291, -21.530482]]]}}, {"type": "Feature", "id": "osm/943646510", "properties": {"osm_id": 943646510, "name": "", "water_type": "water", "natural": "water", "water": "", "waterway": "", "width": null, "depth": null, "area_km2": 0.001, "length_km": null}, "geometry": {"type": "Polygon", "coordinates": [[[-46.6312033, -21.5270104], [-46.6312033, -21.5270104]]]}}, {"type": "Feature", "id": "osm/943646511", "properties": {"osm_id": 943646511, "name": "", "water_type": "water", "natural": "water", "water": "", "waterway": "", "width": null, "depth": null, "area_km2": 0.001, "length_km": null}, "geometry": {"type": "Polygon", "coordinates": [[[-46.631122, -21.5266112], [-46.631122, -21.5266112]]]}}, {"type": "Feature", "id": "osm/943654826", "properties": {"osm_id": 943654826, "name": "", "water_type": "water", "natural": "water", "water": "", "waterway": "", "width": null, "depth": null, "area_km2": 0.005, "length_km": null}, "geometry": {"type": "Polygon", "coordinates": [[[-46.5210652, -21.53907], [-46.5210652, -21.53907]]]}}, {"type": "Feature", "id": "osm/943654829", "properties": {"osm_id": 943654829, "name": "", "water_type": "water", "natural": "water", "water": "", "waterway": "", "width": null, "depth": null, "area_km2": 0.002, "length_km": null}, "geometry": {"type": "Polygon", "coordinates": [[[-46.5191808, -21.5321127], [-46.5191808, -21.5321127]]]}}, {"type": "Feature", "id": "osm/943672780", "properties": {"osm_id": 943672780, "name": "", "water_type": "water", "natural": "water", "water": "", "waterway": "", "width": null, "depth": null, "area_km2": 0.002, "length_km": null}, "geometry": {"type": "Polygon", "coordinates": [[[-46.7626734, -21.4740529], [-46.7626734, -21.4740529]]]}}, {"type": "Feature", "id": "osm/946469112", "properties": {"osm_id": 946469112, "name": "", "water_type": "water", "natural": "water", "water": "", "waterway": "", "width": null, "depth": null, "area_km2": 0, "length_km": null}, "geometry": {"type": "Polygon", "coordinates": [[[-46.3958707, -22.2800968], [-46.3958707, -22.2800968]]]}}, {"type": "Feature", "id": "osm/946469113", "properties": {"osm_id": 946469113, "name": "", "water_type": "water", "natural": "water", "water": "", "waterway": "", "width": null, "depth": null, "area_km2": 0.001, "length_km": null}, "geometry": {"type": "Polygon", "coordinates": [[[-46.3958621, -22.2806631], [-46.3958621, -22.2806631]]]}}, {"type": "Feature", "id": "osm/946469114", "properties": {"osm_id": 946469114, "name": "", "water_type": "water", "natural": "water", "water": "", "waterway": "", "width": null, "depth": null, "area_km2": 0.001, "length_km": null}, "geometry": {"type": "Polygon", "coordinates": [[[-46.3955879, -22.2811225], [-46.3955879, -22.2811225]]]}}, {"type": "Feature", "id": "osm/947748327", "properties": {"osm_id": 947748327, "name": "", "water_type": "lake", "natural": "water", "water": "lake", "waterway": "", "width": null, "depth": null, "area_km2": 0.006, "length_km": null}, "geometry": {"type": "Polygon", "coordinates": [[[-46.4833942, -22.2790195], [-46.4833942, -22.2790195]]]}}, {"type": "Feature", "id": "osm/947748329", "properties": {"osm_id": 947748329, "name": "", "water_type": "lake", "natural": "water", "water": "lake", "waterway": "", "width": null, "depth": null, "area_km2": 0.008, "length_km": null}, "geometry": {"type": "Polygon", "coordinates": [[[-46.4842197, -22.2821549], [-46.4842197, -22.2821549]]]}}, {"type": "Feature", "id": "osm/957368138", "properties": {"osm_id": 957368138, "name": "", "water_type": "pond", "natural": "water", "water": "pond", "waterway": "", "width": null, "depth": null, "area_km2": 0, "length_km": null}, "geometry": {"type": "Polygon", "coordinates": [[[-46.6125313, -22.2861766], [-46.6125313, -22.2861766]]]}}, {"type": "Feature", "id": "osm/957368435", "properties": {"osm_id": 957368435, "name": "", "water_type": "pond", "natural": "water", "water": "pond", "waterway": "", "width": null, "depth": null, "area_km2": 0, "length_km": null}, "geometry": {"type": "Polygon", "coordinates": [[[-46.6114857, -22.2858748], [-46.6114857, -22.2858748]]]}}, {"type": "Feature", "id": "osm/968311459", "properties": {"osm_id": 968311459, "name": "", "water_type": "lake", "natural": "water", "water": "lake", "waterway": "", "width": null, "depth": null, "area_km2": 0.019, "length_km": null}, "geometry": {"type": "Polygon", "coordinates": [[[-46.9907437, -22.1560962], [-46.9907437, -22.1560962]]]}}, {"type": "Feature", "id": "osm/970505961", "properties": {"osm_id": 970505961, "name": "", "water_type": "water", "natural": "water", "water": "", "waterway": "", "width": null, "depth": null, "area_km2": 0, "length_km": null}, "geometry": {"type": "Polygon", "coordinates": [[[-46.4066386, -21.635946], [-46.4066565, -21.6359692], [-46.4066086, -21.6360018], [-46.4065908, -21.6359798], [-46.4066386, -21.635946]]]}}, {"type": "Feature", "id": "osm/970505962", "properties": {"osm_id": 970505962, "name": "", "water_type": "water", "natural": "water", "water": "", "waterway": "", "width": null, "depth": null, "area_km2": 0, "length_km": null}, "geometry": {"type": "Polygon", "coordinates": [[[-46.4064971, -21.6356867], [-46.4064971, -21.6356867]]]}}, {"type": "Feature", "id": "osm/974860380", "properties": {"osm_id": 974860380, "name": "", "water_type": "water", "natural": "water", "water": "", "waterway": "", "width": null, "depth": null, "area_km2": 0.003, "length_km": null}, "geometry": {"type": "Polygon", "coordinates": [[[-46.6900818, -21.7766566], [-46.6900818, -21.7766566]]]}}, {"type": "Feature", "id": "osm/974860383", "properties": {"osm_id": 974860383, "name": "", "water_type": "water", "natural": "water", "water": "", "waterway": "", "width": null, "depth": null, "area_km2": 0.011, "length_km": null}, "geometry": {"type": "Polygon", "coordinates": [[[-46.7050264, -21.7712149], [-46.7050264, -21.7712149]]]}}, {"type": "Feature", "id": "osm/975118840", "properties": {"osm_id": 975118840, "name": "", "water_type": "water", "natural": "water", "water": "", "waterway": "", "width": null, "depth": null, "area_km2": 0.007, "length_km": null}, "geometry": {"type": "Polygon", "coordinates": [[[-46.6732447, -21.8144483], [-46.6732447, -21.8144483]]]}}, {"type": "Feature", "id": "osm/975118841", "properties": {"osm_id": 975118841, "name": "", "water_type": "water", "natural": "water", "water": "", "waterway": "", "width": null, "depth": null, "area_km2": 0.004, "length_km": null}, "geometry": {"type": "Polygon", "coordinates": [[[-46.6760607, -21.8113003], [-46.6760607, -21.8113003]]]}}, {"type": "Feature", "id": "osm/975118842", "properties": {"osm_id": 975118842, "name": "", "water_type": "water", "natural": "water", "water": "", "waterway": "", "width": null, "depth": null, "area_km2": 0.001, "length_km": null}, "geometry": {"type": "Polygon", "coordinates": [[[-46.6768936, -21.8166425], [-46.6768936, -21.8166425]]]}}, {"type": "Feature", "id": "osm/1002147402", "properties": {"osm_id": 1002147402, "name": "", "water_type": "water", "natural": "water", "water": "", "waterway": "", "width": null, "depth": null, "area_km2": 0, "length_km": null}, "geometry": {"type": "Polygon", "coordinates": [[[-46.697494, -21.8938962], [-46.697494, -21.8938962]]]}}, {"type": "Feature", "id": "osm/1037902231", "properties": {"osm_id": 1037902231, "name": "", "water_type": "water", "natural": "water", "water": "", "waterway": "", "width": null, "depth": null, "area_km2": 0.021, "length_km": null}, "geometry": {"type": "Polygon", "coordinates": [[[-46.9635353, -22.1961097], [-46.9635353, -22.1961097]]]}}, {"type": "Feature", "id": "osm/1052528260", "properties": {"osm_id": 1052528260, "name": "Rio Pardo", "water_type": "water", "natural": "water", "water": "river", "waterway": "", "width": null, "depth": null, "area_km2": 0.074, "length_km": null}, "geometry": {"type": "Polygon", "coordinates": [[[-46.8988793, -21.5979163], [-46.8988793, -21.5979163]]]}}, {"type": "Feature", "id": "osm/1054947524", "properties": {"osm_id": 1054947524, "name": "", "water_type": "pond", "natural": "water", "water": "pond", "waterway": "", "width": null, "depth": null, "area_km2": 0.002, "length_km": null}, "geometry": {"type": "Polygon", "coordinates": [[[-46.3282389, -22.3101602], [-46.3282389, -22.3101602]]]}}, {"type": "Feature", "id": "osm/1054947525", "properties": {"osm_id": 1054947525, "name": "", "water_type": "pond", "natural": "water", "water": "pond", "waterway": "", "width": null, "depth": null, "area_km2": 0.004, "length_km": null}, "geometry": {"type": "Polygon", "coordinates": [[[-46.3283372, -22.3100425], [-46.3283372, -22.3100425]]]}}, {"type": "Feature", "id": "osm/1054947526", "properties": {"osm_id": 1054947526, "name": "", "water_type": "pond", "natural": "water", "water": "pond", "waterway": "", "width": null, "depth": null, "area_km2": 0.001, "length_km": null}, "geometry": {"type": "Polygon", "coordinates": [[[-46.3283854, -22.3094281], [-46.3283854, -22.3094281]]]}}, {"type": "Feature", "id": "osm/1054947527", "properties": {"osm_id": 1054947527, "name": "", "water_type": "pond", "natural": "water", "water": "pond", "waterway": "", "width": null, "depth": null, "area_km2": 0.002, "length_km": null}, "geometry": {"type": "Polygon", "coordinates": [[[-46.3284261, -22.3089685], [-46.3284261, -22.3089685]]]}}, {"type": "Feature", "id": "osm/1054947528", "properties": {"osm_id": 1054947528, "name": "", "water_type": "pond", "natural": "water", "water": "pond", "waterway": "", "width": null, "depth": null, "area_km2": 0.009, "length_km": null}, "geometry": {"type": "Polygon", "coordinates": [[[-46.3290123, -22.3088339], [-46.3290123, -22.3088339]]]}}, {"type": "Feature", "id": "osm/1073636119", "properties": {"osm_id": 1073636119, "name": "", "water_type": "reservoir", "natural": "water", "water": "reservoir", "waterway": "", "width": null, "depth": null, "area_km2": 0.004, "length_km": null}, "geometry": {"type": "Polygon", "coordinates": [[[-46.3833915, -21.7239963], [-46.3833915, -21.7239963]]]}}, {"type": "Feature", "id": "osm/1085091535", "properties": {"osm_id": 1085091535, "name": "", "water_type": "water", "natural": "water", "water": "", "waterway": "", "width": null, "depth": null, "area_km2": 0, "length_km": null}, "geometry": {"type": "Polygon", "coordinates": [[[-46.3861969, -21.6442989], [-46.3861616, -21.6442825], [-46.3861274, -21.6443596], [-46.3861637, -21.644375], [-46.3861969, -21.6442989]]]}}, {"type": "Feature", "id": "osm/1085091541", "properties": {"osm_id": 1085091541, "name": "", "water_type": "water", "natural": "water", "water": "", "waterway": "", "width": null, "depth": null, "area_km2": 0, "length_km": null}, "geometry": {"type": "Polygon", "coordinates": [[[-46.3878409, -21.643318], [-46.3878565, -21.643371], [-46.3877746, -21.6433942], [-46.387757, -21.643347], [-46.3878409, -21.643318]]]}}, {"type": "Feature", "id": "osm/1088879732", "properties": {"osm_id": 1088879732, "name": "", "water_type": "lake", "natural": "water", "water": "lake", "waterway": "", "width": null, "depth": null, "area_km2": 0.004, "length_km": null}, "geometry": {"type": "Polygon", "coordinates": [[[-46.7066636, -21.9376243], [-46.7066636, -21.9376243]]]}}, {"type": "Feature", "id": "osm/1105581497", "properties": {"osm_id": 1105581497, "name": "", "water_type": "lake", "natural": "water", "water": "lake", "waterway": "", "width": null, "depth": null, "area_km2": 0.003, "length_km": null}, "geometry": {"type": "Polygon", "coordinates": [[[-46.9860028, -22.0504722], [-46.9860028, -22.0504722]]]}}, {"type": "Feature", "id": "osm/1105581498", "properties": {"osm_id": 1105581498, "name": "", "water_type": "lake", "natural": "water", "water": "lake", "waterway": "", "width": null, "depth": null, "area_km2": 0.001, "length_km": null}, "geometry": {"type": "Polygon", "coordinates": [[[-46.9860092, -22.0516132], [-46.9860092, -22.0516132]]]}}, {"type": "Feature", "id": "osm/1110427034", "properties": {"osm_id": 1110427034, "name": "", "water_type": "pond", "natural": "water", "water": "pond", "waterway": "", "width": null, "depth": null, "area_km2": 0.008, "length_km": null}, "geometry": {"type": "Polygon", "coordinates": [[[-46.5318782, -22.4023861], [-46.5318782, -22.4023861]]]}}, {"type": "Feature", "id": "osm/1110427037", "properties": {"osm_id": 1110427037, "name": "", "water_type": "pond", "natural": "water", "water": "pond", "waterway": "", "width": null, "depth": null, "area_km2": 0.021, "length_km": null}, "geometry": {"type": "Polygon", "coordinates": [[[-46.5227372, -22.4061131], [-46.5227372, -22.4061131]]]}}, {"type": "Feature", "id": "osm/1110627092", "properties": {"osm_id": 1110627092, "name": "", "water_type": "pond", "natural": "water", "water": "pond", "waterway": "", "width": null, "depth": null, "area_km2": 0.018, "length_km": null}, "geometry": {"type": "Polygon", "coordinates": [[[-46.5108521, -22.4048747], [-46.5108521, -22.4048747]]]}}, {"type": "Feature", "id": "osm/1110627093", "properties": {"osm_id": 1110627093, "name": "", "water_type": "pond", "natural": "water", "water": "pond", "waterway": "", "width": null, "depth": null, "area_km2": 0.013, "length_km": null}, "geometry": {"type": "Polygon", "coordinates": [[[-46.5118311, -22.4051636], [-46.5118311, -22.4051636]]]}}, {"type": "Feature", "id": "osm/1110913567", "properties": {"osm_id": 1110913567, "name": "", "water_type": "pond", "natural": "water", "water": "pond", "waterway": "", "width": null, "depth": null, "area_km2": 0.001, "length_km": null}, "geometry": {"type": "Polygon", "coordinates": [[[-46.5839029, -22.4054214], [-46.5839029, -22.4054214]]]}}, {"type": "Feature", "id": "osm/1111195042", "properties": {"osm_id": 1111195042, "name": "", "water_type": "pond", "natural": "water", "water": "pond", "waterway": "", "width": null, "depth": null, "area_km2": 0.001, "length_km": null}, "geometry": {"type": "Polygon", "coordinates": [[[-46.5611513, -22.4046795], [-46.5611513, -22.4046795]]]}}, {"type": "Feature", "id": "osm/1111195055", "properties": {"osm_id": 1111195055, "name": "", "water_type": "pond", "natural": "water", "water": "pond", "waterway": "", "width": null, "depth": null, "area_km2": 0.003, "length_km": null}, "geometry": {"type": "Polygon", "coordinates": [[[-46.5583484, -22.4079701], [-46.5583484, -22.4079701]]]}}, {"type": "Feature", "id": "osm/1111195056", "properties": {"osm_id": 1111195056, "name": "", "water_type": "pond", "natural": "water", "water": "pond", "waterway": "", "width": null, "depth": null, "area_km2": 0.005, "length_km": null}, "geometry": {"type": "Polygon", "coordinates": [[[-46.5584879, -22.4072274], [-46.5584879, -22.4072274]]]}}, {"type": "Feature", "id": "osm/1111197671", "properties": {"osm_id": 1111197671, "name": "", "water_type": "pond", "natural": "water", "water": "pond", "waterway": "", "width": null, "depth": null, "area_km2": 0.002, "length_km": null}, "geometry": {"type": "Polygon", "coordinates": [[[-46.5530726, -22.4047587], [-46.5530726, -22.4047587]]]}}, {"type": "Feature", "id": "osm/1111202759", "properties": {"osm_id": 1111202759, "name": "", "water_type": "pond", "natural": "water", "water": "pond", "waterway": "", "width": null, "depth": null, "area_km2": 0.008, "length_km": null}, "geometry": {"type": "Polygon", "coordinates": [[[-46.6011901, -22.3878458], [-46.6011901, -22.3878458]]]}}, {"type": "Feature", "id": "osm/1111202760", "properties": {"osm_id": 1111202760, "name": "", "water_type": "pond", "natural": "water", "water": "pond", "waterway": "", "width": null, "depth": null, "area_km2": 0.001, "length_km": null}, "geometry": {"type": "Polygon", "coordinates": [[[-46.5879668, -22.3906829], [-46.5879668, -22.3906829]]]}}, {"type": "Feature", "id": "osm/1111202761", "properties": {"osm_id": 1111202761, "name": "", "water_type": "pond", "natural": "water", "water": "pond", "waterway": "", "width": null, "depth": null, "area_km2": 0, "length_km": null}, "geometry": {"type": "Polygon", "coordinates": [[[-46.5882927, -22.3879425], [-46.5882927, -22.3879425]]]}}, {"type": "Feature", "id": "osm/1111208180", "properties": {"osm_id": 1111208180, "name": "", "water_type": "pond", "natural": "water", "water": "pond", "waterway": "", "width": null, "depth": null, "area_km2": 0.004, "length_km": null}, "geometry": {"type": "Polygon", "coordinates": [[[-46.5602539, -22.3773366], [-46.5602539, -22.3773366]]]}}, {"type": "Feature", "id": "osm/1111208181", "properties": {"osm_id": 1111208181, "name": "", "water_type": "pond", "natural": "water", "water": "pond", "waterway": "", "width": null, "depth": null, "area_km2": 0.002, "length_km": null}, "geometry": {"type": "Polygon", "coordinates": [[[-46.5606012, -22.3779356], [-46.5606012, -22.3779356]]]}}, {"type": "Feature", "id": "osm/1111208182", "properties": {"osm_id": 1111208182, "name": "", "water_type": "pond", "natural": "water", "water": "pond", "waterway": "", "width": null, "depth": null, "area_km2": 0.001, "length_km": null}, "geometry": {"type": "Polygon", "coordinates": [[[-46.5608332, -22.378325], [-46.5608332, -22.378325]]]}}, {"type": "Feature", "id": "osm/1111208183", "properties": {"osm_id": 1111208183, "name": "", "water_type": "pond", "natural": "water", "water": "pond", "waterway": "", "width": null, "depth": null, "area_km2": 0.003, "length_km": null}, "geometry": {"type": "Polygon", "coordinates": [[[-46.5608815, -22.378108], [-46.5608815, -22.378108]]]}}, {"type": "Feature", "id": "osm/1111208184", "properties": {"osm_id": 1111208184, "name": "", "water_type": "pond", "natural": "water", "water": "pond", "waterway": "", "width": null, "depth": null, "area_km2": 0.001, "length_km": null}, "geometry": {"type": "Polygon", "coordinates": [[[-46.5609646, -22.378666], [-46.5609646, -22.378666]]]}}, {"type": "Feature", "id": "osm/1111645694", "properties": {"osm_id": 1111645694, "name": "", "water_type": "pond", "natural": "water", "water": "pond", "waterway": "", "width": null, "depth": null, "area_km2": 0.001, "length_km": null}, "geometry": {"type": "Polygon", "coordinates": [[[-46.5791859, -22.3967636], [-46.5791859, -22.3967636]]]}}, {"type": "Feature", "id": "osm/1111897930", "properties": {"osm_id": 1111897930, "name": "", "water_type": "pond", "natural": "water", "water": "pond", "waterway": "", "width": null, "depth": null, "area_km2": 0.002, "length_km": null}, "geometry": {"type": "Polygon", "coordinates": [[[-46.5869875, -22.3892538], [-46.5869875, -22.3892538]]]}}, {"type": "Feature", "id": "osm/1111897931", "properties": {"osm_id": 1111897931, "name": "", "water_type": "pond", "natural": "water", "water": "pond", "waterway": "", "width": null, "depth": null, "area_km2": 0.002, "length_km": null}, "geometry": {"type": "Polygon", "coordinates": [[[-46.5869647, -22.3898862], [-46.5869647, -22.3898862]]]}}, {"type": "Feature", "id": "osm/1111897935", "properties": {"osm_id": 1111897935, "name": "", "water_type": "pond", "natural": "water", "water": "pond", "waterway": "", "width": null, "depth": null, "area_km2": 0.002, "length_km": null}, "geometry": {"type": "Polygon", "coordinates": [[[-46.5896375, -22.3901925], [-46.5896375, -22.3901925]]]}}, {"type": "Feature", "id": "osm/1111897936", "properties": {"osm_id": 1111897936, "name": "", "water_type": "pond", "natural": "water", "water": "pond", "waterway": "", "width": null, "depth": null, "area_km2": 0.001, "length_km": null}, "geometry": {"type": "Polygon", "coordinates": [[[-46.5885378, -22.389291], [-46.5885378, -22.389291]]]}}, {"type": "Feature", "id": "osm/1111897937", "properties": {"osm_id": 1111897937, "name": "", "water_type": "pond", "natural": "water", "water": "pond", "waterway": "", "width": null, "depth": null, "area_km2": 0, "length_km": null}, "geometry": {"type": "Polygon", "coordinates": [[[-46.5882978, -22.3882456], [-46.5882978, -22.3882456]]]}}, {"type": "Feature", "id": "osm/1112159380", "properties": {"osm_id": 1112159380, "name": "", "water_type": "pond", "natural": "water", "water": "pond", "waterway": "", "width": null, "depth": null, "area_km2": 0.001, "length_km": null}, "geometry": {"type": "Polygon", "coordinates": [[[-46.5894096, -22.3901404], [-46.5894096, -22.3901404]]]}}, {"type": "Feature", "id": "osm/1112159381", "properties": {"osm_id": 1112159381, "name": "", "water_type": "pond", "natural": "water", "water": "pond", "waterway": "", "width": null, "depth": null, "area_km2": 0.001, "length_km": null}, "geometry": {"type": "Polygon", "coordinates": [[[-46.5888168, -22.3897014], [-46.5888168, -22.3897014]]]}}, {"type": "Feature", "id": "osm/1112161283", "properties": {"osm_id": 1112161283, "name": "", "water_type": "pond", "natural": "water", "water": "pond", "waterway": "", "width": null, "depth": null, "area_km2": 0, "length_km": null}, "geometry": {"type": "Polygon", "coordinates": [[[-46.5865166, -22.3901821], [-46.5865166, -22.3901821]]]}}, {"type": "Feature", "id": "osm/1112403262", "properties": {"osm_id": 1112403262, "name": "", "water_type": "pond", "natural": "water", "water": "pond", "waterway": "", "width": null, "depth": null, "area_km2": 0.004, "length_km": null}, "geometry": {"type": "Polygon", "coordinates": [[[-46.5431897, -22.391063], [-46.5431897, -22.391063]]]}}, {"type": "Feature", "id": "osm/1112403263", "properties": {"osm_id": 1112403263, "name": "", "water_type": "pond", "natural": "water", "water": "pond", "waterway": "", "width": null, "depth": null, "area_km2": 0.002, "length_km": null}, "geometry": {"type": "Polygon", "coordinates": [[[-46.5427552, -22.3911981], [-46.5427552, -22.3911981]]]}}, {"type": "Feature", "id": "osm/1112528763", "properties": {"osm_id": 1112528763, "name": "", "water_type": "pond", "natural": "water", "water": "pond", "waterway": "", "width": null, "depth": null, "area_km2": 0.003, "length_km": null}, "geometry": {"type": "Polygon", "coordinates": [[[-46.5361955, -22.3836283], [-46.5361955, -22.3836283]]]}}, {"type": "Feature", "id": "osm/1112574371", "properties": {"osm_id": 1112574371, "name": "", "water_type": "pond", "natural": "water", "water": "pond", "waterway": "", "width": null, "depth": null, "area_km2": 0.026, "length_km": null}, "geometry": {"type": "Polygon", "coordinates": [[[-46.5042746, -22.4017166], [-46.5042746, -22.4017166]]]}}, {"type": "Feature", "id": "osm/1112574372", "properties": {"osm_id": 1112574372, "name": "", "water_type": "pond", "natural": "water", "water": "pond", "waterway": "", "width": null, "depth": null, "area_km2": 0.001, "length_km": null}, "geometry": {"type": "Polygon", "coordinates": [[[-46.503993, -22.401791], [-46.503993, -22.401791]]]}}, {"type": "Feature", "id": "osm/1112574373", "properties": {"osm_id": 1112574373, "name": "", "water_type": "pond", "natural": "water", "water": "pond", "waterway": "", "width": null, "depth": null, "area_km2": 0.023, "length_km": null}, "geometry": {"type": "Polygon", "coordinates": [[[-46.5016595, -22.3997824], [-46.5016595, -22.3997824]]]}}, {"type": "Feature", "id": "osm/1112574374", "properties": {"osm_id": 1112574374, "name": "", "water_type": "pond", "natural": "water", "water": "pond", "waterway": "", "width": null, "depth": null, "area_km2": 0.016, "length_km": null}, "geometry": {"type": "Polygon", "coordinates": [[[-46.510154, -22.4012281], [-46.510154, -22.4012281]]]}}, {"type": "Feature", "id": "osm/1112574375", "properties": {"osm_id": 1112574375, "name": "", "water_type": "pond", "natural": "water", "water": "pond", "waterway": "", "width": null, "depth": null, "area_km2": 0.009, "length_km": null}, "geometry": {"type": "Polygon", "coordinates": [[[-46.5113235, -22.4010247], [-46.5113235, -22.4010247]]]}}, {"type": "Feature", "id": "osm/1112574376", "properties": {"osm_id": 1112574376, "name": "", "water_type": "pond", "natural": "water", "water": "pond", "waterway": "", "width": null, "depth": null, "area_km2": 0.003, "length_km": null}, "geometry": {"type": "Polygon", "coordinates": [[[-46.5107924, -22.3988698], [-46.5107924, -22.3988698]]]}}, {"type": "Feature", "id": "osm/1112574377", "properties": {"osm_id": 1112574377, "name": "", "water_type": "pond", "natural": "water", "water": "pond", "waterway": "", "width": null, "depth": null, "area_km2": 0.004, "length_km": null}, "geometry": {"type": "Polygon", "coordinates": [[[-46.5088773, -22.3993186], [-46.5088773, -22.3993186]]]}}, {"type": "Feature", "id": "osm/1112574931", "properties": {"osm_id": 1112574931, "name": "", "water_type": "pond", "natural": "water", "water": "pond", "waterway": "", "width": null, "depth": null, "area_km2": 0.004, "length_km": null}, "geometry": {"type": "Polygon", "coordinates": [[[-46.4910674, -22.4001122], [-46.4910674, -22.4001122]]]}}, {"type": "Feature", "id": "osm/1112574932", "properties": {"osm_id": 1112574932, "name": "", "water_type": "pond", "natural": "water", "water": "pond", "waterway": "", "width": null, "depth": null, "area_km2": 0.001, "length_km": null}, "geometry": {"type": "Polygon", "coordinates": [[[-46.4907187, -22.4002486], [-46.4907187, -22.4002486]]]}}, {"type": "Feature", "id": "osm/1112574933", "properties": {"osm_id": 1112574933, "name": "", "water_type": "pond", "natural": "water", "water": "pond", "waterway": "", "width": null, "depth": null, "area_km2": 0.001, "length_km": null}, "geometry": {"type": "Polygon", "coordinates": [[[-46.4917353, -22.3996522], [-46.4917353, -22.3996522]]]}}, {"type": "Feature", "id": "osm/1115472859", "properties": {"osm_id": 1115472859, "name": "", "water_type": "pond", "natural": "water", "water": "pond", "waterway": "", "width": null, "depth": null, "area_km2": 0.009, "length_km": null}, "geometry": {"type": "Polygon", "coordinates": [[[-46.5288187, -22.4001828], [-46.5288187, -22.4001828]]]}}, {"type": "Feature", "id": "osm/1115490507", "properties": {"osm_id": 1115490507, "name": "", "water_type": "pond", "natural": "water", "water": "pond", "waterway": "", "width": null, "depth": null, "area_km2": 0.099, "length_km": null}, "geometry": {"type": "Polygon", "coordinates": [[[-46.4781867, -22.4021518], [-46.4781867, -22.4021518]]]}}, {"type": "Feature", "id": "osm/1115490508", "properties": {"osm_id": 1115490508, "name": "", "water_type": "pond", "natural": "water", "water": "pond", "waterway": "", "width": null, "depth": null, "area_km2": 0.014, "length_km": null}, "geometry": {"type": "Polygon", "coordinates": [[[-46.4924372, -22.3933681], [-46.4924372, -22.3933681]]]}}, {"type": "Feature", "id": "osm/1115490509", "properties": {"osm_id": 1115490509, "name": "", "water_type": "pond", "natural": "water", "water": "pond", "waterway": "", "width": null, "depth": null, "area_km2": 0.002, "length_km": null}, "geometry": {"type": "Polygon", "coordinates": [[[-46.4924158, -22.3930879], [-46.4924158, -22.3930879]]]}}, {"type": "Feature", "id": "osm/1115490510", "properties": {"osm_id": 1115490510, "name": "", "water_type": "pond", "natural": "water", "water": "pond", "waterway": "", "width": null, "depth": null, "area_km2": 0.001, "length_km": null}, "geometry": {"type": "Polygon", "coordinates": [[[-46.4931748, -22.3928002], [-46.4931748, -22.3928002]]]}}, {"type": "Feature", "id": "osm/1115490511", "properties": {"osm_id": 1115490511, "name": "", "water_type": "pond", "natural": "water", "water": "pond", "waterway": "", "width": null, "depth": null, "area_km2": 0.003, "length_km": null}, "geometry": {"type": "Polygon", "coordinates": [[[-46.4898811, -22.3922522], [-46.4898811, -22.3922522]]]}}, {"type": "Feature", "id": "osm/1115814525", "properties": {"osm_id": 1115814525, "name": "", "water_type": "pond", "natural": "water", "water": "pond", "waterway": "", "width": null, "depth": null, "area_km2": 0.003, "length_km": null}, "geometry": {"type": "Polygon", "coordinates": [[[-46.50531, -22.4036583], [-46.50531, -22.4036583]]]}}, {"type": "Feature", "id": "osm/1115819395", "properties": {"osm_id": 1115819395, "name": "", "water_type": "pond", "natural": "water", "water": "pond", "waterway": "", "width": null, "depth": null, "area_km2": 0.037, "length_km": null}, "geometry": {"type": "Polygon", "coordinates": [[[-46.4899848, -22.3860608], [-46.4899848, -22.3860608]]]}}, {"type": "Feature", "id": "osm/1115819396", "properties": {"osm_id": 1115819396, "name": "", "water_type": "pond", "natural": "water", "water": "pond", "waterway": "", "width": null, "depth": null, "area_km2": 0.005, "length_km": null}, "geometry": {"type": "Polygon", "coordinates": [[[-46.4821447, -22.3794885], [-46.4821447, -22.3794885]]]}}, {"type": "Feature", "id": "osm/1115819411", "properties": {"osm_id": 1115819411, "name": "", "water_type": "pond", "natural": "water", "water": "pond", "waterway": "", "width": null, "depth": null, "area_km2": 0.014, "length_km": null}, "geometry": {"type": "Polygon", "coordinates": [[[-46.4606538, -22.3630299], [-46.4606538, -22.3630299]]]}}, {"type": "Feature", "id": "osm/1115819412", "properties": {"osm_id": 1115819412, "name": "", "water_type": "pond", "natural": "water", "water": "pond", "waterway": "", "width": null, "depth": null, "area_km2": 0.036, "length_km": null}, "geometry": {"type": "Polygon", "coordinates": [[[-46.4612761, -22.3625338], [-46.4612761, -22.3625338]]]}}, {"type": "Feature", "id": "osm/1116395414", "properties": {"osm_id": 1116395414, "name": "", "water_type": "pond", "natural": "water", "water": "pond", "waterway": "", "width": null, "depth": null, "area_km2": 0.003, "length_km": null}, "geometry": {"type": "Polygon", "coordinates": [[[-46.5930089, -22.3866399], [-46.5930089, -22.3866399]]]}}, {"type": "Feature", "id": "osm/1116395422", "properties": {"osm_id": 1116395422, "name": "", "water_type": "pond", "natural": "water", "water": "pond", "waterway": "", "width": null, "depth": null, "area_km2": 0.002, "length_km": null}, "geometry": {"type": "Polygon", "coordinates": [[[-46.5533095, -22.3877919], [-46.5533095, -22.3877919]]]}}, {"type": "Feature", "id": "osm/1116395428", "properties": {"osm_id": 1116395428, "name": "", "water_type": "pond", "natural": "water", "water": "pond", "waterway": "", "width": null, "depth": null, "area_km2": 0.008, "length_km": null}, "geometry": {"type": "Polygon", "coordinates": [[[-46.5429535, -22.3926837], [-46.5429535, -22.3926837]]]}}, {"type": "Feature", "id": "osm/1118213917", "properties": {"osm_id": 1118213917, "name": "", "water_type": "water", "natural": "water", "water": "", "waterway": "", "width": null, "depth": null, "area_km2": 0.105, "length_km": null}, "geometry": {"type": "Polygon", "coordinates": [[[-46.7383981, -21.9577597], [-46.7383981, -21.9577597]]]}}, {"type": "Feature", "id": "osm/1118214135", "properties": {"osm_id": 1118214135, "name": "", "water_type": "water", "natural": "water", "water": "", "waterway": "", "width": null, "depth": null, "area_km2": 0.037, "length_km": null}, "geometry": {"type": "Polygon", "coordinates": [[[-46.7390301, -21.9574424], [-46.7390301, -21.9574424]]]}}, {"type": "Feature", "id": "osm/1119722744", "properties": {"osm_id": 1119722744, "name": "", "water_type": "pond", "natural": "water", "water": "pond", "waterway": "", "width": null, "depth": null, "area_km2": 0.041, "length_km": null}, "geometry": {"type": "Polygon", "coordinates": [[[-46.4672344, -22.365521], [-46.4672344, -22.365521]]]}}, {"type": "Feature", "id": "osm/1119722747", "properties": {"osm_id": 1119722747, "name": "", "water_type": "pond", "natural": "water", "water": "pond", "waterway": "", "width": null, "depth": null, "area_km2": 0.011, "length_km": null}, "geometry": {"type": "Polygon", "coordinates": [[[-46.4711263, -22.3640216], [-46.4711263, -22.3640216]]]}}, {"type": "Feature", "id": "osm/1119722749", "properties": {"osm_id": 1119722749, "name": "", "water_type": "pond", "natural": "water", "water": "pond", "waterway": "", "width": null, "depth": null, "area_km2": 0.001, "length_km": null}, "geometry": {"type": "Polygon", "coordinates": [[[-46.4656492, -22.362764], [-46.4656492, -22.362764]]]}}, {"type": "Feature", "id": "osm/1119722769", "properties": {"osm_id": 1119722769, "name": "", "water_type": "pond", "natural": "water", "water": "pond", "waterway": "", "width": null, "depth": null, "area_km2": 0.003, "length_km": null}, "geometry": {"type": "Polygon", "coordinates": [[[-46.4752837, -22.3645611], [-46.4752837, -22.3645611]]]}}, {"type": "Feature", "id": "osm/1119722770", "properties": {"osm_id": 1119722770, "name": "", "water_type": "pond", "natural": "water", "water": "pond", "waterway": "", "width": null, "depth": null, "area_km2": 0.005, "length_km": null}, "geometry": {"type": "Polygon", "coordinates": [[[-46.4731808, -22.3573427], [-46.4731808, -22.3573427]]]}}, {"type": "Feature", "id": "osm/1119722771", "properties": {"osm_id": 1119722771, "name": "", "water_type": "pond", "natural": "water", "water": "pond", "waterway": "", "width": null, "depth": null, "area_km2": 0.003, "length_km": null}, "geometry": {"type": "Polygon", "coordinates": [[[-46.4729743, -22.3578413], [-46.4729743, -22.3578413]]]}}, {"type": "Feature", "id": "osm/1119722772", "properties": {"osm_id": 1119722772, "name": "", "water_type": "pond", "natural": "water", "water": "pond", "waterway": "", "width": null, "depth": null, "area_km2": 0.002, "length_km": null}, "geometry": {"type": "Polygon", "coordinates": [[[-46.4727061, -22.3595678], [-46.4727061, -22.3595678]]]}}, {"type": "Feature", "id": "osm/1119722773", "properties": {"osm_id": 1119722773, "name": "", "water_type": "pond", "natural": "water", "water": "pond", "waterway": "", "width": null, "depth": null, "area_km2": 0.002, "length_km": null}, "geometry": {"type": "Polygon", "coordinates": [[[-46.4729207, -22.3605129], [-46.4729207, -22.3605129]]]}}, {"type": "Feature", "id": "osm/1119722774", "properties": {"osm_id": 1119722774, "name": "", "water_type": "pond", "natural": "water", "water": "pond", "waterway": "", "width": null, "depth": null, "area_km2": 0.004, "length_km": null}, "geometry": {"type": "Polygon", "coordinates": [[[-46.4731272, -22.3609023], [-46.4731272, -22.3609023]]]}}, {"type": "Feature", "id": "osm/1119722775", "properties": {"osm_id": 1119722775, "name": "", "water_type": "pond", "natural": "water", "water": "pond", "waterway": "", "width": null, "depth": null, "area_km2": 0.002, "length_km": null}, "geometry": {"type": "Polygon", "coordinates": [[[-46.4734142, -22.3625792], [-46.4734142, -22.3625792]]]}}, {"type": "Feature", "id": "osm/1119722776", "properties": {"osm_id": 1119722776, "name": "", "water_type": "pond", "natural": "water", "water": "pond", "waterway": "", "width": null, "depth": null, "area_km2": 0.001, "length_km": null}, "geometry": {"type": "Polygon", "coordinates": [[[-46.4733217, -22.3626957], [-46.4733217, -22.3626957]]]}}, {"type": "Feature", "id": "osm/1119722777", "properties": {"osm_id": 1119722777, "name": "", "water_type": "pond", "natural": "water", "water": "pond", "waterway": "", "width": null, "depth": null, "area_km2": 0.001, "length_km": null}, "geometry": {"type": "Polygon", "coordinates": [[[-46.4723158, -22.3602996], [-46.4723158, -22.3602996]]]}}, {"type": "Feature", "id": "osm/1119722778", "properties": {"osm_id": 1119722778, "name": "", "water_type": "pond", "natural": "water", "water": "pond", "waterway": "", "width": null, "depth": null, "area_km2": 0, "length_km": null}, "geometry": {"type": "Polygon", "coordinates": [[[-46.4736408, -22.3626251], [-46.4736408, -22.3626251]]]}}, {"type": "Feature", "id": "osm/1119726303", "properties": {"osm_id": 1119726303, "name": "", "water_type": "pond", "natural": "water", "water": "pond", "waterway": "", "width": null, "depth": null, "area_km2": 0.001, "length_km": null}, "geometry": {"type": "Polygon", "coordinates": [[[-46.472627, -22.3589898], [-46.472627, -22.3589898]]]}}, {"type": "Feature", "id": "osm/1119726314", "properties": {"osm_id": 1119726314, "name": "", "water_type": "pond", "natural": "water", "water": "pond", "waterway": "", "width": null, "depth": null, "area_km2": 0.006, "length_km": null}, "geometry": {"type": "Polygon", "coordinates": [[[-46.4769105, -22.3648413], [-46.4769105, -22.3648413]]]}}, {"type": "Feature", "id": "osm/1119726315", "properties": {"osm_id": 1119726315, "name": "", "water_type": "pond", "natural": "water", "water": "pond", "waterway": "", "width": null, "depth": null, "area_km2": 0.002, "length_km": null}, "geometry": {"type": "Polygon", "coordinates": [[[-46.4786485, -22.3656201], [-46.4786485, -22.3656201]]]}}, {"type": "Feature", "id": "osm/1119726321", "properties": {"osm_id": 1119726321, "name": "", "water_type": "pond", "natural": "water", "water": "pond", "waterway": "", "width": null, "depth": null, "area_km2": 0.001, "length_km": null}, "geometry": {"type": "Polygon", "coordinates": [[[-46.4605718, -22.3610461], [-46.4605718, -22.3610461]]]}}, {"type": "Feature", "id": "osm/1119992807", "properties": {"osm_id": 1119992807, "name": "", "water_type": "pond", "natural": "water", "water": "pond", "waterway": "", "width": null, "depth": null, "area_km2": 0.006, "length_km": null}, "geometry": {"type": "Polygon", "coordinates": [[[-46.4746436, -22.370604], [-46.4746436, -22.370604]]]}}, {"type": "Feature", "id": "osm/1119992810", "properties": {"osm_id": 1119992810, "name": "", "water_type": "pond", "natural": "water", "water": "pond", "waterway": "", "width": null, "depth": null, "area_km2": 0.007, "length_km": null}, "geometry": {"type": "Polygon", "coordinates": [[[-46.4566057, -22.3586382], [-46.4566057, -22.3586382]]]}}, {"type": "Feature", "id": "osm/1119994936", "properties": {"osm_id": 1119994936, "name": "", "water_type": "pond", "natural": "water", "water": "pond", "waterway": "", "width": null, "depth": null, "area_km2": 0.002, "length_km": null}, "geometry": {"type": "Polygon", "coordinates": [[[-46.4628021, -22.3632974], [-46.4628021, -22.3632974]]]}}, {"type": "Feature", "id": "osm/1119994937", "properties": {"osm_id": 1119994937, "name": "", "water_type": "pond", "natural": "water", "water": "pond", "waterway": "", "width": null, "depth": null, "area_km2": 0.001, "length_km": null}, "geometry": {"type": "Polygon", "coordinates": [[[-46.4617024, -22.3626215], [-46.4617024, -22.3626215]]]}}, {"type": "Feature", "id": "osm/1119994939", "properties": {"osm_id": 1119994939, "name": "", "water_type": "pond", "natural": "water", "water": "pond", "waterway": "", "width": null, "depth": null, "area_km2": 0.003, "length_km": null}, "geometry": {"type": "Polygon", "coordinates": [[[-46.4601252, -22.3817609], [-46.4601252, -22.3817609]]]}}, {"type": "Feature", "id": "osm/1119994952", "properties": {"osm_id": 1119994952, "name": "", "water_type": "pond", "natural": "water", "water": "pond", "waterway": "", "width": null, "depth": null, "area_km2": 0.012, "length_km": null}, "geometry": {"type": "Polygon", "coordinates": [[[-46.4525748, -22.3715274], [-46.4525748, -22.3715274]]]}}, {"type": "Feature", "id": "osm/1119994953", "properties": {"osm_id": 1119994953, "name": "", "water_type": "pond", "natural": "water", "water": "pond", "waterway": "", "width": null, "depth": null, "area_km2": 0.003, "length_km": null}, "geometry": {"type": "Polygon", "coordinates": [[[-46.4526418, -22.3713265], [-46.4526418, -22.3713265]]]}}, {"type": "Feature", "id": "osm/1119994955", "properties": {"osm_id": 1119994955, "name": "", "water_type": "pond", "natural": "water", "water": "pond", "waterway": "", "width": null, "depth": null, "area_km2": 0.003, "length_km": null}, "geometry": {"type": "Polygon", "coordinates": [[[-46.4616483, -22.3737589], [-46.4616483, -22.3737589]]]}}, {"type": "Feature", "id": "osm/1119994956", "properties": {"osm_id": 1119994956, "name": "", "water_type": "pond", "natural": "water", "water": "pond", "waterway": "", "width": null, "depth": null, "area_km2": 0.002, "length_km": null}, "geometry": {"type": "Polygon", "coordinates": [[[-46.4618767, -22.3741094], [-46.4618767, -22.3741094]]]}}, {"type": "Feature", "id": "osm/1119995658", "properties": {"osm_id": 1119995658, "name": "", "water_type": "pond", "natural": "water", "water": "pond", "waterway": "", "width": null, "depth": null, "area_km2": 0.003, "length_km": null}, "geometry": {"type": "Polygon", "coordinates": [[[-46.4530281, -22.363151], [-46.4530281, -22.363151]]]}}, {"type": "Feature", "id": "osm/1119995659", "properties": {"osm_id": 1119995659, "name": "", "water_type": "pond", "natural": "water", "water": "pond", "waterway": "", "width": null, "depth": null, "area_km2": 0.006, "length_km": null}, "geometry": {"type": "Polygon", "coordinates": [[[-46.4536986, -22.3640391], [-46.4536986, -22.3640391]]]}}, {"type": "Feature", "id": "osm/1119995660", "properties": {"osm_id": 1119995660, "name": "", "water_type": "pond", "natural": "water", "water": "pond", "waterway": "", "width": null, "depth": null, "area_km2": 0.003, "length_km": null}, "geometry": {"type": "Polygon", "coordinates": [[[-46.4534465, -22.3645947], [-46.4534465, -22.3645947]]]}}, {"type": "Feature", "id": "osm/1119995661", "properties": {"osm_id": 1119995661, "name": "", "water_type": "pond", "natural": "water", "water": "pond", "waterway": "", "width": null, "depth": null, "area_km2": 0.002, "length_km": null}, "geometry": {"type": "Polygon", "coordinates": [[[-46.453645, -22.3640019], [-46.453645, -22.3640019]]]}}, {"type": "Feature", "id": "osm/1119995662", "properties": {"osm_id": 1119995662, "name": "", "water_type": "pond", "natural": "water", "water": "pond", "waterway": "", "width": null, "depth": null, "area_km2": 0.001, "length_km": null}, "geometry": {"type": "Polygon", "coordinates": [[[-46.4533942, -22.3638047], [-46.4533942, -22.3638047]]]}}, {"type": "Feature", "id": "osm/1120224435", "properties": {"osm_id": 1120224435, "name": "", "water_type": "pond", "natural": "water", "water": "pond", "waterway": "", "width": null, "depth": null, "area_km2": 0.003, "length_km": null}, "geometry": {"type": "Polygon", "coordinates": [[[-46.4816293, -22.3737214], [-46.4816293, -22.3737214]]]}}, {"type": "Feature", "id": "osm/1120224439", "properties": {"osm_id": 1120224439, "name": "", "water_type": "pond", "natural": "water", "water": "pond", "waterway": "", "width": null, "depth": null, "area_km2": 0.003, "length_km": null}, "geometry": {"type": "Polygon", "coordinates": [[[-46.4897899, -22.3724651], [-46.4897899, -22.3724651]]]}}, {"type": "Feature", "id": "osm/1120224440", "properties": {"osm_id": 1120224440, "name": "", "water_type": "pond", "natural": "water", "water": "pond", "waterway": "", "width": null, "depth": null, "area_km2": 0.003, "length_km": null}, "geometry": {"type": "Polygon", "coordinates": [[[-46.4890295, -22.372568], [-46.4890295, -22.372568]]]}}, {"type": "Feature", "id": "osm/1120224441", "properties": {"osm_id": 1120224441, "name": "", "water_type": "pond", "natural": "water", "water": "pond", "waterway": "", "width": null, "depth": null, "area_km2": 0.005, "length_km": null}, "geometry": {"type": "Polygon", "coordinates": [[[-46.4874578, -22.3729215], [-46.4874578, -22.3729215]]]}}, {"type": "Feature", "id": "osm/1120224442", "properties": {"osm_id": 1120224442, "name": "", "water_type": "pond", "natural": "water", "water": "pond", "waterway": "", "width": null, "depth": null, "area_km2": 0.003, "length_km": null}, "geometry": {"type": "Polygon", "coordinates": [[[-46.4851967, -22.374339], [-46.4851967, -22.374339]]]}}, {"type": "Feature", "id": "osm/1120224443", "properties": {"osm_id": 1120224443, "name": "", "water_type": "pond", "natural": "water", "water": "pond", "waterway": "", "width": null, "depth": null, "area_km2": 0.004, "length_km": null}, "geometry": {"type": "Polygon", "coordinates": [[[-46.4844, -22.3751327], [-46.4844, -22.3751327]]]}}, {"type": "Feature", "id": "osm/1120224444", "properties": {"osm_id": 1120224444, "name": "", "water_type": "pond", "natural": "water", "water": "pond", "waterway": "", "width": null, "depth": null, "area_km2": 0.006, "length_km": null}, "geometry": {"type": "Polygon", "coordinates": [[[-46.4818198, -22.3769705], [-46.4818198, -22.3769705]]]}}, {"type": "Feature", "id": "osm/1120226065", "properties": {"osm_id": 1120226065, "name": "", "water_type": "pond", "natural": "water", "water": "pond", "waterway": "", "width": null, "depth": null, "area_km2": 0.003, "length_km": null}, "geometry": {"type": "Polygon", "coordinates": [[[-46.4778648, -22.36552], [-46.4778648, -22.36552]]]}}, {"type": "Feature", "id": "osm/1120227784", "properties": {"osm_id": 1120227784, "name": "", "water_type": "pond", "natural": "water", "water": "pond", "waterway": "", "width": null, "depth": null, "area_km2": 0.008, "length_km": null}, "geometry": {"type": "Polygon", "coordinates": [[[-46.4868529, -22.38812], [-46.4868529, -22.38812]]]}}, {"type": "Feature", "id": "osm/1120227785", "properties": {"osm_id": 1120227785, "name": "", "water_type": "pond", "natural": "water", "water": "pond", "waterway": "", "width": null, "depth": null, "area_km2": 0.003, "length_km": null}, "geometry": {"type": "Polygon", "coordinates": [[[-46.4851792, -22.3878993], [-46.4851792, -22.3878993]]]}}, {"type": "Feature", "id": "osm/1120227786", "properties": {"osm_id": 1120227786, "name": "", "water_type": "pond", "natural": "water", "water": "pond", "waterway": "", "width": null, "depth": null, "area_km2": 0.008, "length_km": null}, "geometry": {"type": "Polygon", "coordinates": [[[-46.5010391, -22.3808632], [-46.5010391, -22.3808632]]]}}, {"type": "Feature", "id": "osm/1120445236", "properties": {"osm_id": 1120445236, "name": "", "water_type": "pond", "natural": "water", "water": "pond", "waterway": "", "width": null, "depth": null, "area_km2": 0.005, "length_km": null}, "geometry": {"type": "Polygon", "coordinates": [[[-46.4923863, -22.3961478], [-46.4923863, -22.3961478]]]}}, {"type": "Feature", "id": "osm/1120445237", "properties": {"osm_id": 1120445237, "name": "", "water_type": "pond", "natural": "water", "water": "pond", "waterway": "", "width": null, "depth": null, "area_km2": 0.001, "length_km": null}, "geometry": {"type": "Polygon", "coordinates": [[[-46.4926666, -22.3965718], [-46.4926666, -22.3965718]]]}}, {"type": "Feature", "id": "osm/1120445238", "properties": {"osm_id": 1120445238, "name": "", "water_type": "pond", "natural": "water", "water": "pond", "waterway": "", "width": null, "depth": null, "area_km2": 0.001, "length_km": null}, "geometry": {"type": "Polygon", "coordinates": [[[-46.4928799, -22.3968173], [-46.4928799, -22.3968173]]]}}, {"type": "Feature", "id": "osm/1120445239", "properties": {"osm_id": 1120445239, "name": "", "water_type": "pond", "natural": "water", "water": "pond", "waterway": "", "width": null, "depth": null, "area_km2": 0, "length_km": null}, "geometry": {"type": "Polygon", "coordinates": [[[-46.493077, -22.397079], [-46.493077, -22.397079]]]}}, {"type": "Feature", "id": "osm/1120445240", "properties": {"osm_id": 1120445240, "name": "", "water_type": "pond", "natural": "water", "water": "pond", "waterway": "", "width": null, "depth": null, "area_km2": 0.002, "length_km": null}, "geometry": {"type": "Polygon", "coordinates": [[[-46.4937502, -22.3975477], [-46.4937502, -22.3975477]]]}}, {"type": "Feature", "id": "osm/1120445241", "properties": {"osm_id": 1120445241, "name": "", "water_type": "pond", "natural": "water", "water": "pond", "waterway": "", "width": null, "depth": null, "area_km2": 0.001, "length_km": null}, "geometry": {"type": "Polygon", "coordinates": [[[-46.4932071, -22.3976555], [-46.4932071, -22.3976555]]]}}, {"type": "Feature", "id": "osm/1120445242", "properties": {"osm_id": 1120445242, "name": "", "water_type": "pond", "natural": "water", "water": "pond", "waterway": "", "width": null, "depth": null, "area_km2": 0, "length_km": null}, "geometry": {"type": "Polygon", "coordinates": [[[-46.493081, -22.3979506], [-46.493081, -22.3979506]]]}}, {"type": "Feature", "id": "osm/1120445248", "properties": {"osm_id": 1120445248, "name": "", "water_type": "pond", "natural": "water", "water": "pond", "waterway": "", "width": null, "depth": null, "area_km2": 0.003, "length_km": null}, "geometry": {"type": "Polygon", "coordinates": [[[-46.4901762, -22.3970405], [-46.4901762, -22.3970405]]]}}, {"type": "Feature", "id": "osm/1120445249", "properties": {"osm_id": 1120445249, "name": "", "water_type": "pond", "natural": "water", "water": "pond", "waterway": "", "width": null, "depth": null, "area_km2": 0.001, "length_km": null}, "geometry": {"type": "Polygon", "coordinates": [[[-46.489688, -22.3971459], [-46.489688, -22.3971459]]]}}, {"type": "Feature", "id": "osm/1120445250", "properties": {"osm_id": 1120445250, "name": "", "water_type": "pond", "natural": "water", "water": "pond", "waterway": "", "width": null, "depth": null, "area_km2": 0.001, "length_km": null}, "geometry": {"type": "Polygon", "coordinates": [[[-46.490954, -22.3964379], [-46.490954, -22.3964379]]]}}, {"type": "Feature", "id": "osm/1121093954", "properties": {"osm_id": 1121093954, "name": "", "water_type": "pond", "natural": "water", "water": "pond", "waterway": "", "width": null, "depth": null, "area_km2": 0.002, "length_km": null}, "geometry": {"type": "Polygon", "coordinates": [[[-46.4817661, -22.3510146], [-46.4817661, -22.3510146]]]}}, {"type": "Feature", "id": "osm/1121093955", "properties": {"osm_id": 1121093955, "name": "", "water_type": "pond", "natural": "water", "water": "pond", "waterway": "", "width": null, "depth": null, "area_km2": 0.002, "length_km": null}, "geometry": {"type": "Polygon", "coordinates": [[[-46.4820182, -22.3503473], [-46.4820182, -22.3503473]]]}}, {"type": "Feature", "id": "osm/1121093957", "properties": {"osm_id": 1121093957, "name": "", "water_type": "pond", "natural": "water", "water": "pond", "waterway": "", "width": null, "depth": null, "area_km2": 0.007, "length_km": null}, "geometry": {"type": "Polygon", "coordinates": [[[-46.4855815, -22.3495956], [-46.4855815, -22.3495956]]]}}, {"type": "Feature", "id": "osm/1121093962", "properties": {"osm_id": 1121093962, "name": "", "water_type": "pond", "natural": "water", "water": "pond", "waterway": "", "width": null, "depth": null, "area_km2": 0.001, "length_km": null}, "geometry": {"type": "Polygon", "coordinates": [[[-46.4833512, -22.3512242], [-46.4833512, -22.3512242]]]}}, {"type": "Feature", "id": "osm/1121093966", "properties": {"osm_id": 1121093966, "name": "", "water_type": "pond", "natural": "water", "water": "pond", "waterway": "", "width": null, "depth": null, "area_km2": 0, "length_km": null}, "geometry": {"type": "Polygon", "coordinates": [[[-46.4838316, -22.3565568], [-46.4838316, -22.3565568]]]}}, {"type": "Feature", "id": "osm/1121228303", "properties": {"osm_id": 1121228303, "name": "", "water_type": "pond", "natural": "water", "water": "pond", "waterway": "", "width": null, "depth": null, "area_km2": 0.007, "length_km": null}, "geometry": {"type": "Polygon", "coordinates": [[[-46.4911976, -22.3464459], [-46.4911976, -22.3464459]]]}}, {"type": "Feature", "id": "osm/1121930035", "properties": {"osm_id": 1121930035, "name": "", "water_type": "pond", "natural": "water", "water": "pond", "waterway": "", "width": null, "depth": null, "area_km2": 0.004, "length_km": null}, "geometry": {"type": "Polygon", "coordinates": [[[-46.522933, -22.403408], [-46.522933, -22.403408]]]}}, {"type": "Feature", "id": "osm/1121930036", "properties": {"osm_id": 1121930036, "name": "", "water_type": "pond", "natural": "water", "water": "pond", "waterway": "", "width": null, "depth": null, "area_km2": 0.001, "length_km": null}, "geometry": {"type": "Polygon", "coordinates": [[[-46.5229076, -22.4033695], [-46.5229076, -22.4033695]]]}}, {"type": "Feature", "id": "osm/1121930046", "properties": {"osm_id": 1121930046, "name": "", "water_type": "pond", "natural": "water", "water": "pond", "waterway": "", "width": null, "depth": null, "area_km2": 0.001, "length_km": null}, "geometry": {"type": "Polygon", "coordinates": [[[-46.5151493, -22.3974651], [-46.5151493, -22.3974651]]]}}, {"type": "Feature", "id": "osm/1121930047", "properties": {"osm_id": 1121930047, "name": "", "water_type": "pond", "natural": "water", "water": "pond", "waterway": "", "width": null, "depth": null, "area_km2": 0.001, "length_km": null}, "geometry": {"type": "Polygon", "coordinates": [[[-46.5156669, -22.3980429], [-46.5156669, -22.3980429]]]}}, {"type": "Feature", "id": "osm/1121930048", "properties": {"osm_id": 1121930048, "name": "", "water_type": "pond", "natural": "water", "water": "pond", "waterway": "", "width": null, "depth": null, "area_km2": 0.001, "length_km": null}, "geometry": {"type": "Polygon", "coordinates": [[[-46.5152995, -22.3978755], [-46.5152995, -22.3978755]]]}}, {"type": "Feature", "id": "osm/1121930049", "properties": {"osm_id": 1121930049, "name": "", "water_type": "pond", "natural": "water", "water": "pond", "waterway": "", "width": null, "depth": null, "area_km2": 0.001, "length_km": null}, "geometry": {"type": "Polygon", "coordinates": [[[-46.5152459, -22.3991001], [-46.5152459, -22.3991001]]]}}, {"type": "Feature", "id": "osm/1122800138", "properties": {"osm_id": 1122800138, "name": "", "water_type": "pond", "natural": "water", "water": "pond", "waterway": "", "width": null, "depth": null, "area_km2": 0.002, "length_km": null}, "geometry": {"type": "Polygon", "coordinates": [[[-46.500875, -22.3986606], [-46.500875, -22.3986606]]]}}, {"type": "Feature", "id": "osm/1122800139", "properties": {"osm_id": 1122800139, "name": "", "water_type": "pond", "natural": "water", "water": "pond", "waterway": "", "width": null, "depth": null, "area_km2": 0.002, "length_km": null}, "geometry": {"type": "Polygon", "coordinates": [[[-46.5006162, -22.3984981], [-46.5006162, -22.3984981]]]}}, {"type": "Feature", "id": "osm/1124307352", "properties": {"osm_id": 1124307352, "name": "", "water_type": "pond", "natural": "water", "water": "pond", "waterway": "", "width": null, "depth": null, "area_km2": 0.003, "length_km": null}, "geometry": {"type": "Polygon", "coordinates": [[[-46.5181849, -22.3884241], [-46.5181849, -22.3884241]]]}}, {"type": "Feature", "id": "osm/1124307357", "properties": {"osm_id": 1124307357, "name": "", "water_type": "pond", "natural": "water", "water": "pond", "waterway": "", "width": null, "depth": null, "area_km2": 0.002, "length_km": null}, "geometry": {"type": "Polygon", "coordinates": [[[-46.5152988, -22.3855845], [-46.5152988, -22.3855845]]]}}, {"type": "Feature", "id": "osm/1124307362", "properties": {"osm_id": 1124307362, "name": "", "water_type": "pond", "natural": "water", "water": "pond", "waterway": "", "width": null, "depth": null, "area_km2": 0.004, "length_km": null}, "geometry": {"type": "Polygon", "coordinates": [[[-46.503091, -22.3957535], [-46.503091, -22.3957535]]]}}, {"type": "Feature", "id": "osm/1127904329", "properties": {"osm_id": 1127904329, "name": "", "water_type": "pond", "natural": "water", "water": "pond", "waterway": "", "width": null, "depth": null, "area_km2": 0.035, "length_km": null}, "geometry": {"type": "Polygon", "coordinates": [[[-46.5922808, -22.2911564], [-46.5922808, -22.2911564]]]}}, {"type": "Feature", "id": "osm/1127904330", "properties": {"osm_id": 1127904330, "name": "", "water_type": "pond", "natural": "water", "water": "pond", "waterway": "", "width": null, "depth": null, "area_km2": 0.006, "length_km": null}, "geometry": {"type": "Polygon", "coordinates": [[[-46.5901127, -22.297708], [-46.5901127, -22.297708]]]}}, {"type": "Feature", "id": "osm/1127904334", "properties": {"osm_id": 1127904334, "name": "", "water_type": "pond", "natural": "water", "water": "pond", "waterway": "", "width": null, "depth": null, "area_km2": 0.005, "length_km": null}, "geometry": {"type": "Polygon", "coordinates": [[[-46.5900868, -22.2945191], [-46.5900868, -22.2945191]]]}}, {"type": "Feature", "id": "osm/1135954061", "properties": {"osm_id": 1135954061, "name": "", "water_type": "pond", "natural": "water", "water": "pond", "waterway": "", "width": null, "depth": null, "area_km2": 0.001, "length_km": null}, "geometry": {"type": "Polygon", "coordinates": [[[-46.5561372, -22.060739], [-46.5561372, -22.060739]]]}}, {"type": "Feature", "id": "osm/1136537047", "properties": {"osm_id": 1136537047, "name": "", "water_type": "reservoir", "natural": "water", "water": "reservoir", "waterway": "", "width": null, "depth": null, "area_km2": 0.045, "length_km": null}, "geometry": {"type": "Polygon", "coordinates": [[[-46.6388941, -22.1017878], [-46.6388941, -22.1017878]]]}}, {"type": "Feature", "id": "osm/1136597311", "properties": {"osm_id": 1136597311, "name": "Piscina", "water_type": "water", "natural": "water", "water": "pool", "waterway": "", "width": null, "depth": null, "area_km2": 0, "length_km": null}, "geometry": {"type": "Polygon", "coordinates": [[[-46.7579878, -21.96919], [-46.7579502, -21.9691925], [-46.7579556, -21.9692435], [-46.7579945, -21.9692398], [-46.7579878, -21.96919]]]}}, {"type": "Feature", "id": "osm/1136861610", "properties": {"osm_id": 1136861610, "name": "", "water_type": "water", "natural": "water", "water": "", "waterway": "", "width": null, "depth": null, "area_km2": 0.291, "length_km": null}, "geometry": {"type": "Polygon", "coordinates": [[[-47.0429878, -21.8014558], [-47.0429878, -21.8014558]]]}}, {"type": "Feature", "id": "osm/1136861618", "properties": {"osm_id": 1136861618, "name": "", "water_type": "water", "natural": "water", "water": "", "waterway": "", "width": null, "depth": null, "area_km2": 0.079, "length_km": null}, "geometry": {"type": "Polygon", "coordinates": [[[-47.0142538, -21.7615532], [-47.0142538, -21.7615532]]]}}, {"type": "Feature", "id": "osm/1136988324", "properties": {"osm_id": 1136988324, "name": "", "water_type": "water", "natural": "water", "water": "", "waterway": "", "width": null, "depth": null, "area_km2": 0.122, "length_km": null}, "geometry": {"type": "Polygon", "coordinates": [[[-46.8781795, -22.2355191], [-46.8781795, -22.2355191]]]}}, {"type": "Feature", "id": "osm/1147252133", "properties": {"osm_id": 1147252133, "name": "", "water_type": "reservoir", "natural": "water", "water": "reservoir", "waterway": "", "width": null, "depth": null, "area_km2": 0.024, "length_km": null}, "geometry": {"type": "Polygon", "coordinates": [[[-46.758202, -22.012577], [-46.758202, -22.012577]]]}}, {"type": "Feature", "id": "osm/1147252134", "properties": {"osm_id": 1147252134, "name": "", "water_type": "water", "natural": "water", "water": "", "waterway": "", "width": null, "depth": null, "area_km2": 0.001, "length_km": null}, "geometry": {"type": "Polygon", "coordinates": [[[-46.7592535, -22.0120249], [-46.7592535, -22.0120249]]]}}, {"type": "Feature", "id": "osm/1147354971", "properties": {"osm_id": 1147354971, "name": "", "water_type": "water", "natural": "water", "water": "", "waterway": "", "width": null, "depth": null, "area_km2": 0.002, "length_km": null}, "geometry": {"type": "Polygon", "coordinates": [[[-46.7517622, -21.9854821], [-46.7517622, -21.9854821]]]}}, {"type": "Feature", "id": "osm/1147354972", "properties": {"osm_id": 1147354972, "name": "", "water_type": "water", "natural": "water", "water": "", "waterway": "", "width": null, "depth": null, "area_km2": 0.001, "length_km": null}, "geometry": {"type": "Polygon", "coordinates": [[[-46.7513338, -21.9849211], [-46.7513338, -21.9849211]]]}}, {"type": "Feature", "id": "osm/1147354973", "properties": {"osm_id": 1147354973, "name": "", "water_type": "water", "natural": "water", "water": "", "waterway": "", "width": null, "depth": null, "area_km2": 0.001, "length_km": null}, "geometry": {"type": "Polygon", "coordinates": [[[-46.7519156, -21.9860834], [-46.7519156, -21.9860834]]]}}, {"type": "Feature", "id": "osm/1147354974", "properties": {"osm_id": 1147354974, "name": "", "water_type": "water", "natural": "water", "water": "", "waterway": "", "width": null, "depth": null, "area_km2": 0.001, "length_km": null}, "geometry": {"type": "Polygon", "coordinates": [[[-46.7521153, -21.9840515], [-46.7521153, -21.9840515]]]}}, {"type": "Feature", "id": "osm/1148034450", "properties": {"osm_id": 1148034450, "name": "", "water_type": "water", "natural": "water", "water": "", "waterway": "", "width": null, "depth": null, "area_km2": 0.001, "length_km": null}, "geometry": {"type": "Polygon", "coordinates": [[[-46.572766, -21.4894307], [-46.572766, -21.4894307]]]}}, {"type": "Feature", "id": "osm/1152656608", "properties": {"osm_id": 1152656608, "name": "", "water_type": "water", "natural": "water", "water": "", "waterway": "", "width": null, "depth": null, "area_km2": 0.066, "length_km": null}, "geometry": {"type": "Polygon", "coordinates": [[[-46.4946862, -21.9719395], [-46.4946862, -21.9719395]]]}}, {"type": "Feature", "id": "osm/1153940974", "properties": {"osm_id": 1153940974, "name": "", "water_type": "reservoir", "natural": "water", "water": "reservoir", "waterway": "", "width": null, "depth": null, "area_km2": 0.013, "length_km": null}, "geometry": {"type": "Polygon", "coordinates": [[[-46.8842134, -21.8769256], [-46.8842134, -21.8769256]]]}}, {"type": "Feature", "id": "osm/1154043886", "properties": {"osm_id": 1154043886, "name": "", "water_type": "water", "natural": "water", "water": "", "waterway": "", "width": null, "depth": null, "area_km2": 0.127, "length_km": null}, "geometry": {"type": "Polygon", "coordinates": [[[-46.5144728, -21.9911383], [-46.5144728, -21.9911383]]]}}, {"type": "Feature", "id": "osm/1154977316", "properties": {"osm_id": 1154977316, "name": "", "water_type": "water", "natural": "water", "water": "", "waterway": "", "width": null, "depth": null, "area_km2": 0.001, "length_km": null}, "geometry": {"type": "Polygon", "coordinates": [[[-46.4965308, -21.9720326], [-46.4965308, -21.9720326]]]}}, {"type": "Feature", "id": "osm/1155580597", "properties": {"osm_id": 1155580597, "name": "", "water_type": "water", "natural": "water", "water": "", "waterway": "", "width": null, "depth": null, "area_km2": 0, "length_km": null}, "geometry": {"type": "Polygon", "coordinates": [[[-46.5176922, -21.4575523], [-46.5177064, -21.4577254], [-46.5175265, -21.4577179], [-46.5175244, -21.4576182], [-46.5176922, -21.4575523]]]}}, {"type": "Feature", "id": "osm/1166006809", "properties": {"osm_id": 1166006809, "name": "", "water_type": "water", "natural": "water", "water": "", "waterway": "", "width": null, "depth": null, "area_km2": 0.001, "length_km": null}, "geometry": {"type": "Polygon", "coordinates": [[[-46.63026, -21.7834261], [-46.63026, -21.7834261]]]}}, {"type": "Feature", "id": "osm/1188064737", "properties": {"osm_id": 1188064737, "name": "", "water_type": "reservoir", "natural": "water", "water": "reservoir", "waterway": "", "width": null, "depth": null, "area_km2": 0.119, "length_km": null}, "geometry": {"type": "Polygon", "coordinates": [[[-46.5016306, -21.9477743], [-46.5016306, -21.9477743]]]}}, {"type": "Feature", "id": "osm/1194172744", "properties": {"osm_id": 1194172744, "name": "", "water_type": "water", "natural": "water", "water": "", "waterway": "", "width": null, "depth": null, "area_km2": 0.001, "length_km": null}, "geometry": {"type": "Polygon", "coordinates": [[[-46.9630793, -21.8165532], [-46.9630793, -21.8165532]]]}}, {"type": "Feature", "id": "osm/1194172746", "properties": {"osm_id": 1194172746, "name": "", "water_type": "water", "natural": "water", "water": "", "waterway": "", "width": null, "depth": null, "area_km2": 0.014, "length_km": null}, "geometry": {"type": "Polygon", "coordinates": [[[-46.9615356, -21.8106819], [-46.9615356, -21.8106819]]]}}, {"type": "Feature", "id": "osm/1194172747", "properties": {"osm_id": 1194172747, "name": "", "water_type": "water", "natural": "water", "water": "", "waterway": "", "width": null, "depth": null, "area_km2": 0.007, "length_km": null}, "geometry": {"type": "Polygon", "coordinates": [[[-46.9613511, -21.8096331], [-46.9613511, -21.8096331]]]}}, {"type": "Feature", "id": "osm/1194172748", "properties": {"osm_id": 1194172748, "name": "", "water_type": "water", "natural": "water", "water": "", "waterway": "", "width": null, "depth": null, "area_km2": 0.013, "length_km": null}, "geometry": {"type": "Polygon", "coordinates": [[[-46.9615887, -21.8082209], [-46.9615887, -21.8082209]]]}}, {"type": "Feature", "id": "osm/1210997822", "properties": {"osm_id": 1210997822, "name": "", "water_type": "reservoir", "natural": "water", "water": "reservoir", "waterway": "", "width": null, "depth": null, "area_km2": 0.023, "length_km": null}, "geometry": {"type": "Polygon", "coordinates": [[[-46.5919081, -21.8393339], [-46.591902, -21.8387304], [-46.5886854, -21.8387047], [-46.5886761, -21.8393196], [-46.5919081, -21.8393339]]]}}, {"type": "Feature", "id": "osm/1233188596", "properties": {"osm_id": 1233188596, "name": "", "water_type": "lake", "natural": "water", "water": "lake", "waterway": "", "width": null, "depth": null, "area_km2": 0, "length_km": null}, "geometry": {"type": "Polygon", "coordinates": [[[-46.4197429, -22.1058241], [-46.4197429, -22.1058241]]]}}, {"type": "Feature", "id": "osm/1234809188", "properties": {"osm_id": 1234809188, "name": "", "water_type": "water", "natural": "water", "water": "", "waterway": "", "width": null, "depth": null, "area_km2": 0.089, "length_km": null}, "geometry": {"type": "Polygon", "coordinates": [[[-46.9967852, -21.7178014], [-46.9967852, -21.7178014]]]}}, {"type": "Feature", "id": "osm/1234809189", "properties": {"osm_id": 1234809189, "name": "", "water_type": "water", "natural": "water", "water": "", "waterway": "", "width": null, "depth": null, "area_km2": 0.086, "length_km": null}, "geometry": {"type": "Polygon", "coordinates": [[[-46.993022, -21.7152261], [-46.993022, -21.7152261]]]}}, {"type": "Feature", "id": "osm/1234809190", "properties": {"osm_id": 1234809190, "name": "", "water_type": "water", "natural": "water", "water": "", "waterway": "", "width": null, "depth": null, "area_km2": 0.01, "length_km": null}, "geometry": {"type": "Polygon", "coordinates": [[[-47.0092157, -21.72662], [-47.0092157, -21.72662]]]}}, {"type": "Feature", "id": "osm/1234810891", "properties": {"osm_id": 1234810891, "name": "", "water_type": "water", "natural": "water", "water": "", "waterway": "", "width": null, "depth": null, "area_km2": 0.012, "length_km": null}, "geometry": {"type": "Polygon", "coordinates": [[[-47.01291, -21.7201603], [-47.01291, -21.7201603]]]}}, {"type": "Feature", "id": "osm/1234810892", "properties": {"osm_id": 1234810892, "name": "", "water_type": "water", "natural": "water", "water": "", "waterway": "", "width": null, "depth": null, "area_km2": 0.007, "length_km": null}, "geometry": {"type": "Polygon", "coordinates": [[[-47.0070856, -21.712656], [-47.0070856, -21.712656]]]}}, {"type": "Feature", "id": "osm/1234811670", "properties": {"osm_id": 1234811670, "name": "", "water_type": "water", "natural": "water", "water": "", "waterway": "", "width": null, "depth": null, "area_km2": 0.01, "length_km": null}, "geometry": {"type": "Polygon", "coordinates": [[[-46.9797555, -21.6826605], [-46.9797555, -21.6826605]]]}}, {"type": "Feature", "id": "osm/1234811671", "properties": {"osm_id": 1234811671, "name": "", "water_type": "water", "natural": "water", "water": "", "waterway": "", "width": null, "depth": null, "area_km2": 0.013, "length_km": null}, "geometry": {"type": "Polygon", "coordinates": [[[-46.9766734, -21.6857183], [-46.9766734, -21.6857183]]]}}, {"type": "Feature", "id": "osm/1234811673", "properties": {"osm_id": 1234811673, "name": "", "water_type": "water", "natural": "water", "water": "", "waterway": "", "width": null, "depth": null, "area_km2": 0.043, "length_km": null}, "geometry": {"type": "Polygon", "coordinates": [[[-46.9640232, -21.6852584], [-46.9640232, -21.6852584]]]}}, {"type": "Feature", "id": "osm/1234811674", "properties": {"osm_id": 1234811674, "name": "", "water_type": "water", "natural": "water", "water": "", "waterway": "", "width": null, "depth": null, "area_km2": 0.013, "length_km": null}, "geometry": {"type": "Polygon", "coordinates": [[[-46.9618377, -21.6847307], [-46.9618377, -21.6847307]]]}}, {"type": "Feature", "id": "osm/1235115748", "properties": {"osm_id": 1235115748, "name": "", "water_type": "water", "natural": "water", "water": "", "waterway": "", "width": null, "depth": null, "area_km2": 0.026, "length_km": null}, "geometry": {"type": "Polygon", "coordinates": [[[-46.9977994, -21.6885362], [-46.9977994, -21.6885362]]]}}, {"type": "Feature", "id": "osm/1235115750", "properties": {"osm_id": 1235115750, "name": "", "water_type": "water", "natural": "water", "water": "", "waterway": "", "width": null, "depth": null, "area_km2": 0.145, "length_km": null}, "geometry": {"type": "Polygon", "coordinates": [[[-46.9947653, -21.7129751], [-46.9947653, -21.7129751]]]}}, {"type": "Feature", "id": "osm/1235115757", "properties": {"osm_id": 1235115757, "name": "", "water_type": "water", "natural": "water", "water": "", "waterway": "", "width": null, "depth": null, "area_km2": 0.005, "length_km": null}, "geometry": {"type": "Polygon", "coordinates": [[[-47.0135994, -21.7020085], [-47.0135994, -21.7020085]]]}}, {"type": "Feature", "id": "osm/1235570191", "properties": {"osm_id": 1235570191, "name": "", "water_type": "water", "natural": "water", "water": "", "waterway": "", "width": null, "depth": null, "area_km2": 0.032, "length_km": null}, "geometry": {"type": "Polygon", "coordinates": [[[-46.9572626, -21.8370751], [-46.9572626, -21.8370751]]]}}, {"type": "Feature", "id": "osm/1235570192", "properties": {"osm_id": 1235570192, "name": "", "water_type": "water", "natural": "water", "water": "", "waterway": "", "width": null, "depth": null, "area_km2": 0.029, "length_km": null}, "geometry": {"type": "Polygon", "coordinates": [[[-46.9559859, -21.8403787], [-46.9559859, -21.8403787]]]}}, {"type": "Feature", "id": "osm/1235570193", "properties": {"osm_id": 1235570193, "name": "", "water_type": "water", "natural": "water", "water": "", "waterway": "", "width": null, "depth": null, "area_km2": 0.053, "length_km": null}, "geometry": {"type": "Polygon", "coordinates": [[[-46.9591946, -21.8454533], [-46.9591946, -21.8454533]]]}}, {"type": "Feature", "id": "osm/1235570674", "properties": {"osm_id": 1235570674, "name": "", "water_type": "water", "natural": "water", "water": "", "waterway": "", "width": null, "depth": null, "area_km2": 0.022, "length_km": null}, "geometry": {"type": "Polygon", "coordinates": [[[-46.9670227, -21.8359999], [-46.9670227, -21.8359999]]]}}, {"type": "Feature", "id": "osm/1235571828", "properties": {"osm_id": 1235571828, "name": "", "water_type": "water", "natural": "water", "water": "", "waterway": "", "width": null, "depth": null, "area_km2": 0.061, "length_km": null}, "geometry": {"type": "Polygon", "coordinates": [[[-46.941081, -21.8424348], [-46.941081, -21.8424348]]]}}, {"type": "Feature", "id": "osm/1235571830", "properties": {"osm_id": 1235571830, "name": "", "water_type": "water", "natural": "water", "water": "", "waterway": "", "width": null, "depth": null, "area_km2": 0.028, "length_km": null}, "geometry": {"type": "Polygon", "coordinates": [[[-46.9530846, -21.8608141], [-46.9530846, -21.8608141]]]}}, {"type": "Feature", "id": "osm/1235574197", "properties": {"osm_id": 1235574197, "name": "", "water_type": "water", "natural": "water", "water": "", "waterway": "", "width": null, "depth": null, "area_km2": 0.089, "length_km": null}, "geometry": {"type": "Polygon", "coordinates": [[[-46.944869, -21.8454855], [-46.944869, -21.8454855]]]}}, {"type": "Feature", "id": "osm/1235657562", "properties": {"osm_id": 1235657562, "name": "", "water_type": "water", "natural": "water", "water": "", "waterway": "", "width": null, "depth": null, "area_km2": 0.012, "length_km": null}, "geometry": {"type": "Polygon", "coordinates": [[[-46.8845636, -21.8357766], [-46.8845636, -21.8357766]]]}}, {"type": "Feature", "id": "osm/1235680597", "properties": {"osm_id": 1235680597, "name": "", "water_type": "water", "natural": "water", "water": "", "waterway": "", "width": null, "depth": null, "area_km2": 0.045, "length_km": null}, "geometry": {"type": "Polygon", "coordinates": [[[-46.9086001, -21.8496427], [-46.9086001, -21.8496427]]]}}, {"type": "Feature", "id": "osm/1235700724", "properties": {"osm_id": 1235700724, "name": "", "water_type": "water", "natural": "water", "water": "", "waterway": "", "width": null, "depth": null, "area_km2": 0.032, "length_km": null}, "geometry": {"type": "Polygon", "coordinates": [[[-46.9204352, -21.826791], [-46.9204352, -21.826791]]]}}, {"type": "Feature", "id": "osm/1235700726", "properties": {"osm_id": 1235700726, "name": "", "water_type": "water", "natural": "water", "water": "", "waterway": "", "width": null, "depth": null, "area_km2": 0.028, "length_km": null}, "geometry": {"type": "Polygon", "coordinates": [[[-46.9169042, -21.8309236], [-46.9169042, -21.8309236]]]}}, {"type": "Feature", "id": "osm/1235700727", "properties": {"osm_id": 1235700727, "name": "", "water_type": "water", "natural": "water", "water": "", "waterway": "", "width": null, "depth": null, "area_km2": 0.018, "length_km": null}, "geometry": {"type": "Polygon", "coordinates": [[[-46.924429, -21.8247292], [-46.924429, -21.8247292]]]}}, {"type": "Feature", "id": "osm/1235722290", "properties": {"osm_id": 1235722290, "name": "", "water_type": "water", "natural": "water", "water": "", "waterway": "", "width": null, "depth": null, "area_km2": 0.037, "length_km": null}, "geometry": {"type": "Polygon", "coordinates": [[[-46.9332794, -21.8125796], [-46.9332794, -21.8125796]]]}}, {"type": "Feature", "id": "osm/1235722292", "properties": {"osm_id": 1235722292, "name": "", "water_type": "water", "natural": "water", "water": "", "waterway": "", "width": null, "depth": null, "area_km2": 0.041, "length_km": null}, "geometry": {"type": "Polygon", "coordinates": [[[-46.9236999, -21.817837], [-46.9236999, -21.817837]]]}}, {"type": "Feature", "id": "osm/1235722293", "properties": {"osm_id": 1235722293, "name": "", "water_type": "water", "natural": "water", "water": "", "waterway": "", "width": null, "depth": null, "area_km2": 0.002, "length_km": null}, "geometry": {"type": "Polygon", "coordinates": [[[-46.9199983, -21.8191949], [-46.9199983, -21.8191949]]]}}, {"type": "Feature", "id": "osm/1235823728", "properties": {"osm_id": 1235823728, "name": "", "water_type": "water", "natural": "water", "water": "", "waterway": "", "width": null, "depth": null, "area_km2": 0.003, "length_km": null}, "geometry": {"type": "Polygon", "coordinates": [[[-46.9226991, -21.8298929], [-46.9226991, -21.8298929]]]}}, {"type": "Feature", "id": "osm/1235823730", "properties": {"osm_id": 1235823730, "name": "", "water_type": "water", "natural": "water", "water": "", "waterway": "", "width": null, "depth": null, "area_km2": 0.008, "length_km": null}, "geometry": {"type": "Polygon", "coordinates": [[[-46.9239212, -21.8267123], [-46.9239212, -21.8267123]]]}}, {"type": "Feature", "id": "osm/1235839757", "properties": {"osm_id": 1235839757, "name": "", "water_type": "water", "natural": "water", "water": "", "waterway": "", "width": null, "depth": null, "area_km2": 0.001, "length_km": null}, "geometry": {"type": "Polygon", "coordinates": [[[-46.9747009, -21.7215586], [-46.9747009, -21.7215586]]]}}, {"type": "Feature", "id": "osm/1236726793", "properties": {"osm_id": 1236726793, "name": "", "water_type": "water", "natural": "water", "water": "", "waterway": "", "width": null, "depth": null, "area_km2": 0.007, "length_km": null}, "geometry": {"type": "Polygon", "coordinates": [[[-46.9123702, -21.8505425], [-46.9123702, -21.8505425]]]}}, {"type": "Feature", "id": "osm/1237038677", "properties": {"osm_id": 1237038677, "name": "", "water_type": "water", "natural": "water", "water": "", "waterway": "", "width": null, "depth": null, "area_km2": 0.001, "length_km": null}, "geometry": {"type": "Polygon", "coordinates": [[[-46.8753308, -21.8309704], [-46.8753308, -21.8309704]]]}}, {"type": "Feature", "id": "osm/1237038678", "properties": {"osm_id": 1237038678, "name": "", "water_type": "water", "natural": "water", "water": "", "waterway": "", "width": null, "depth": null, "area_km2": 0.001, "length_km": null}, "geometry": {"type": "Polygon", "coordinates": [[[-46.873964, -21.8309386], [-46.873964, -21.8309386]]]}}, {"type": "Feature", "id": "osm/1237038679", "properties": {"osm_id": 1237038679, "name": "", "water_type": "water", "natural": "water", "water": "", "waterway": "", "width": null, "depth": null, "area_km2": 0.002, "length_km": null}, "geometry": {"type": "Polygon", "coordinates": [[[-46.8743159, -21.8305701], [-46.8743159, -21.8305701]]]}}, {"type": "Feature", "id": "osm/1237038680", "properties": {"osm_id": 1237038680, "name": "", "water_type": "water", "natural": "water", "water": "", "waterway": "", "width": null, "depth": null, "area_km2": 0.001, "length_km": null}, "geometry": {"type": "Polygon", "coordinates": [[[-46.8744575, -21.830331], [-46.8744575, -21.830331]]]}}, {"type": "Feature", "id": "osm/1237038681", "properties": {"osm_id": 1237038681, "name": "", "water_type": "water", "natural": "water", "water": "", "waterway": "", "width": null, "depth": null, "area_km2": 0.001, "length_km": null}, "geometry": {"type": "Polygon", "coordinates": [[[-46.8756055, -21.8300024], [-46.8756055, -21.8300024]]]}}, {"type": "Feature", "id": "osm/1237038682", "properties": {"osm_id": 1237038682, "name": "", "water_type": "water", "natural": "water", "water": "", "waterway": "", "width": null, "depth": null, "area_km2": 0.002, "length_km": null}, "geometry": {"type": "Polygon", "coordinates": [[[-46.8757246, -21.8321024], [-46.8757246, -21.8321024]]]}}, {"type": "Feature", "id": "osm/1237038683", "properties": {"osm_id": 1237038683, "name": "", "water_type": "water", "natural": "water", "water": "", "waterway": "", "width": null, "depth": null, "area_km2": 0.002, "length_km": null}, "geometry": {"type": "Polygon", "coordinates": [[[-46.8679731, -21.8266135], [-46.8679731, -21.8266135]]]}}, {"type": "Feature", "id": "osm/1237038684", "properties": {"osm_id": 1237038684, "name": "", "water_type": "water", "natural": "water", "water": "", "waterway": "", "width": null, "depth": null, "area_km2": 0.006, "length_km": null}, "geometry": {"type": "Polygon", "coordinates": [[[-46.8534425, -21.8207819], [-46.8534425, -21.8207819]]]}}, {"type": "Feature", "id": "osm/1237038685", "properties": {"osm_id": 1237038685, "name": "", "water_type": "water", "natural": "water", "water": "", "waterway": "", "width": null, "depth": null, "area_km2": 0.002, "length_km": null}, "geometry": {"type": "Polygon", "coordinates": [[[-46.8525453, -21.8207178], [-46.8525453, -21.8207178]]]}}, {"type": "Feature", "id": "osm/1237125458", "properties": {"osm_id": 1237125458, "name": "", "water_type": "water", "natural": "water", "water": "", "waterway": "", "width": null, "depth": null, "area_km2": 0.002, "length_km": null}, "geometry": {"type": "Polygon", "coordinates": [[[-46.979358, -21.7402504], [-46.979358, -21.7402504]]]}}, {"type": "Feature", "id": "osm/1237125459", "properties": {"osm_id": 1237125459, "name": "", "water_type": "water", "natural": "water", "water": "", "waterway": "", "width": null, "depth": null, "area_km2": 0.002, "length_km": null}, "geometry": {"type": "Polygon", "coordinates": [[[-46.9789824, -21.7398969], [-46.9789824, -21.7398969]]]}}, {"type": "Feature", "id": "osm/1237125460", "properties": {"osm_id": 1237125460, "name": "", "water_type": "water", "natural": "water", "water": "", "waterway": "", "width": null, "depth": null, "area_km2": 0.001, "length_km": null}, "geometry": {"type": "Polygon", "coordinates": [[[-46.9788523, -21.739702], [-46.9788523, -21.739702]]]}}, {"type": "Feature", "id": "osm/1254972509", "properties": {"osm_id": 1254972509, "name": "", "water_type": "water", "natural": "water", "water": "", "waterway": "", "width": null, "depth": null, "area_km2": 0, "length_km": null}, "geometry": {"type": "Polygon", "coordinates": [[[-46.1570156, -22.2607088], [-46.1570687, -22.260771], [-46.1570103, -22.2608021], [-46.1569572, -22.2607382], [-46.1570156, -22.2607088]]]}}, {"type": "Feature", "id": "osm/1254972690", "properties": {"osm_id": 1254972690, "name": "", "water_type": "water", "natural": "water", "water": "", "waterway": "", "width": null, "depth": null, "area_km2": 0, "length_km": null}, "geometry": {"type": "Polygon", "coordinates": [[[-46.1571802, -22.2611297], [-46.1570953, -22.2611837], [-46.1571537, -22.2612787], [-46.1572368, -22.2612017], [-46.1571802, -22.2611297]]]}}, {"type": "Feature", "id": "osm/1254976834", "properties": {"osm_id": 1254976834, "name": "", "water_type": "water", "natural": "water", "water": "", "waterway": "", "width": null, "depth": null, "area_km2": 0.008, "length_km": null}, "geometry": {"type": "Polygon", "coordinates": [[[-46.1635953, -22.2630111], [-46.1635953, -22.2630111]]]}}, {"type": "Feature", "id": "osm/1273070277", "properties": {"osm_id": 1273070277, "name": "", "water_type": "lake", "natural": "water", "water": "lake", "waterway": "", "width": null, "depth": null, "area_km2": 0.002, "length_km": null}, "geometry": {"type": "Polygon", "coordinates": [[[-46.9888653, -22.0590818], [-46.9888653, -22.0590818]]]}}, {"type": "Feature", "id": "osm/1273070321", "properties": {"osm_id": 1273070321, "name": "Lago de Carpa", "water_type": "lake", "natural": "water", "water": "lake", "waterway": "", "width": null, "depth": null, "area_km2": 0, "length_km": null}, "geometry": {"type": "Polygon", "coordinates": [[[-46.974151, -22.0656923], [-46.9740585, -22.0656619], [-46.9740421, -22.0657028], [-46.9741356, -22.0657275], [-46.974151, -22.0656923]]]}}, {"type": "Feature", "id": "osm/1285685826", "properties": {"osm_id": 1285685826, "name": "", "water_type": "lake", "natural": "water", "water": "lake", "waterway": "", "width": null, "depth": null, "area_km2": 0, "length_km": null}, "geometry": {"type": "Polygon", "coordinates": [[[-46.6405027, -21.5446334], [-46.6405027, -21.5446334]]]}}, {"type": "Feature", "id": "osm/1285702756", "properties": {"osm_id": 1285702756, "name": "", "water_type": "lake", "natural": "water", "water": "lake", "waterway": "", "width": null, "depth": null, "area_km2": 0.001, "length_km": null}, "geometry": {"type": "Polygon", "coordinates": [[[-46.6484476, -21.5334644], [-46.6484476, -21.5334644]]]}}, {"type": "Feature", "id": "osm/1285725460", "properties": {"osm_id": 1285725460, "name": "", "water_type": "lake", "natural": "water", "water": "lake", "waterway": "", "width": null, "depth": null, "area_km2": 0.001, "length_km": null}, "geometry": {"type": "Polygon", "coordinates": [[[-46.6422024, -21.5323403], [-46.6422024, -21.5323403]]]}}, {"type": "Feature", "id": "osm/1285979112", "properties": {"osm_id": 1285979112, "name": "", "water_type": "lake", "natural": "water", "water": "lake", "waterway": "", "width": null, "depth": null, "area_km2": 0.002, "length_km": null}, "geometry": {"type": "Polygon", "coordinates": [[[-46.6326738, -21.5316729], [-46.6326738, -21.5316729]]]}}, {"type": "Feature", "id": "osm/1285979466", "properties": {"osm_id": 1285979466, "name": "", "water_type": "lake", "natural": "water", "water": "lake", "waterway": "", "width": null, "depth": null, "area_km2": 0.001, "length_km": null}, "geometry": {"type": "Polygon", "coordinates": [[[-46.6273338, -21.5356656], [-46.6273338, -21.5356656]]]}}, {"type": "Feature", "id": "osm/1285979827", "properties": {"osm_id": 1285979827, "name": "", "water_type": "lake", "natural": "water", "water": "lake", "waterway": "", "width": null, "depth": null, "area_km2": 0.001, "length_km": null}, "geometry": {"type": "Polygon", "coordinates": [[[-46.6274244, -21.5356359], [-46.6274244, -21.5356359]]]}}, {"type": "Feature", "id": "osm/1285979964", "properties": {"osm_id": 1285979964, "name": "", "water_type": "lake", "natural": "water", "water": "lake", "waterway": "", "width": null, "depth": null, "area_km2": 0.002, "length_km": null}, "geometry": {"type": "Polygon", "coordinates": [[[-46.6276836, -21.5359183], [-46.6276836, -21.5359183]]]}}, {"type": "Feature", "id": "osm/1297874073", "properties": {"osm_id": 1297874073, "name": "", "water_type": "lake", "natural": "water", "water": "lake", "waterway": "", "width": null, "depth": null, "area_km2": 0.009, "length_km": null}, "geometry": {"type": "Polygon", "coordinates": [[[-46.5893323, -22.1187625], [-46.5893323, -22.1187625]]]}}, {"type": "Feature", "id": "osm/1299603797", "properties": {"osm_id": 1299603797, "name": "", "water_type": "pond", "natural": "water", "water": "pond", "waterway": "", "width": null, "depth": null, "area_km2": 0.003, "length_km": null}, "geometry": {"type": "Polygon", "coordinates": [[[-46.6575897, -21.7615312], [-46.6575897, -21.7615312]]]}}, {"type": "Feature", "id": "osm/1299671407", "properties": {"osm_id": 1299671407, "name": "", "water_type": "water", "natural": "water", "water": "", "waterway": "", "width": null, "depth": null, "area_km2": 0.009, "length_km": null}, "geometry": {"type": "Polygon", "coordinates": [[[-46.6378732, -21.7559005], [-46.6378732, -21.7559005]]]}}, {"type": "Feature", "id": "osm/1299671408", "properties": {"osm_id": 1299671408, "name": "", "water_type": "water", "natural": "water", "water": "", "waterway": "", "width": null, "depth": null, "area_km2": 0.002, "length_km": null}, "geometry": {"type": "Polygon", "coordinates": [[[-46.6358707, -21.7569033], [-46.6358707, -21.7569033]]]}}, {"type": "Feature", "id": "osm/1299671409", "properties": {"osm_id": 1299671409, "name": "", "water_type": "water", "natural": "water", "water": "", "waterway": "", "width": null, "depth": null, "area_km2": 0.001, "length_km": null}, "geometry": {"type": "Polygon", "coordinates": [[[-46.6341707, -21.7593591], [-46.6341707, -21.7593591]]]}}, {"type": "Feature", "id": "osm/1303833200", "properties": {"osm_id": 1303833200, "name": "", "water_type": "water", "natural": "water", "water": "", "waterway": "", "width": null, "depth": null, "area_km2": 0, "length_km": null}, "geometry": {"type": "Polygon", "coordinates": [[[-46.8878181, -21.8302761], [-46.8877913, -21.8303072], [-46.8877283, -21.8302686], [-46.8877605, -21.8302375], [-46.8878181, -21.8302761]]]}}, {"type": "Feature", "id": "osm/1328286296", "properties": {"osm_id": 1328286296, "name": "", "water_type": "pond", "natural": "water", "water": "pond", "waterway": "", "width": null, "depth": null, "area_km2": 0.005, "length_km": null}, "geometry": {"type": "Polygon", "coordinates": [[[-46.6020432, -22.2974995], [-46.6020432, -22.2974995]]]}}, {"type": "Feature", "id": "osm/1337847645", "properties": {"osm_id": 1337847645, "name": "", "water_type": "reservoir", "natural": "water", "water": "reservoir", "waterway": "", "width": null, "depth": null, "area_km2": 0, "length_km": null}, "geometry": {"type": "Polygon", "coordinates": [[[-46.4479998, -22.0561817], [-46.4479998, -22.0561817]]]}}, {"type": "Feature", "id": "osm/1350697822", "properties": {"osm_id": 1350697822, "name": "", "water_type": "lake", "natural": "water", "water": "lake", "waterway": "", "width": null, "depth": null, "area_km2": 0.004, "length_km": null}, "geometry": {"type": "Polygon", "coordinates": [[[-46.6089184, -21.4323883], [-46.6089184, -21.4323883]]]}}, {"type": "Feature", "id": "osm/1389974314", "properties": {"osm_id": 1389974314, "name": "", "water_type": "water", "natural": "water", "water": "", "waterway": "", "width": null, "depth": null, "area_km2": 0.023, "length_km": null}, "geometry": {"type": "Polygon", "coordinates": [[[-46.6512847, -21.8481499], [-46.6512847, -21.8481499]]]}}, {"type": "Feature", "id": "osm/1390025105", "properties": {"osm_id": 1390025105, "name": "", "water_type": "water", "natural": "water", "water": "", "waterway": "", "width": null, "depth": null, "area_km2": 0.002, "length_km": null}, "geometry": {"type": "Polygon", "coordinates": [[[-46.6141688, -21.8094831], [-46.6141688, -21.8094831]]]}}, {"type": "Feature", "id": "osm/1396712344", "properties": {"osm_id": 1396712344, "name": "", "water_type": "water", "natural": "water", "water": "", "waterway": "", "width": null, "depth": null, "area_km2": 0, "length_km": null}, "geometry": {"type": "Polygon", "coordinates": [[[-46.6133414, -22.291276], [-46.6132771, -22.2912884], [-46.613282, -22.2913248], [-46.6133499, -22.2913136], [-46.6133414, -22.291276]]]}}, {"type": "Feature", "id": "osm/1396712345", "properties": {"osm_id": 1396712345, "name": "", "water_type": "water", "natural": "water", "water": "", "waterway": "", "width": null, "depth": null, "area_km2": 0, "length_km": null}, "geometry": {"type": "Polygon", "coordinates": [[[-46.6141018, -22.291178], [-46.614033, -22.2911953], [-46.6140401, -22.2912301], [-46.6141143, -22.291211], [-46.6141018, -22.291178]]]}}, {"type": "Feature", "id": "osm/1416117248", "properties": {"osm_id": 1416117248, "name": "", "water_type": "pond", "natural": "water", "water": "pond", "waterway": "", "width": null, "depth": null, "area_km2": 0.009, "length_km": null}, "geometry": {"type": "Polygon", "coordinates": [[[-46.7968055, -22.2320631], [-46.7968055, -22.2320631]]]}}, {"type": "Feature", "id": "osm/1416152739", "properties": {"osm_id": 1416152739, "name": "", "water_type": "pond", "natural": "water", "water": "pond", "waterway": "", "width": null, "depth": null, "area_km2": 0.002, "length_km": null}, "geometry": {"type": "Polygon", "coordinates": [[[-46.7984093, -22.2385432], [-46.7984093, -22.2385432]]]}}, {"type": "Feature", "id": "osm/1416153627", "properties": {"osm_id": 1416153627, "name": "", "water_type": "pond", "natural": "water", "water": "pond", "waterway": "", "width": null, "depth": null, "area_km2": 0.01, "length_km": null}, "geometry": {"type": "Polygon", "coordinates": [[[-46.8019767, -22.243062], [-46.8019767, -22.243062]]]}}, {"type": "Feature", "id": "osm/1416153628", "properties": {"osm_id": 1416153628, "name": "", "water_type": "pond", "natural": "water", "water": "pond", "waterway": "", "width": null, "depth": null, "area_km2": 0.008, "length_km": null}, "geometry": {"type": "Polygon", "coordinates": [[[-46.8008892, -22.2423545], [-46.8008892, -22.2423545]]]}}, {"type": "Feature", "id": "osm/1419150570", "properties": {"osm_id": 1419150570, "name": "", "water_type": "reservoir", "natural": "water", "water": "reservoir", "waterway": "", "width": null, "depth": null, "area_km2": 0.003, "length_km": null}, "geometry": {"type": "Polygon", "coordinates": [[[-46.3013408, -22.0917441], [-46.3013408, -22.0917441]]]}}, {"type": "Feature", "id": "osm/1419158683", "properties": {"osm_id": 1419158683, "name": "", "water_type": "reservoir", "natural": "water", "water": "reservoir", "waterway": "", "width": null, "depth": null, "area_km2": 0.008, "length_km": null}, "geometry": {"type": "Polygon", "coordinates": [[[-46.7365995, -22.3292502], [-46.7365995, -22.3292502]]]}}, {"type": "Feature", "id": "osm/1419158684", "properties": {"osm_id": 1419158684, "name": "", "water_type": "reservoir", "natural": "water", "water": "reservoir", "waterway": "", "width": null, "depth": null, "area_km2": 0.001, "length_km": null}, "geometry": {"type": "Polygon", "coordinates": [[[-46.7376362, -22.3295062], [-46.7376362, -22.3295062]]]}}, {"type": "Feature", "id": "osm/1419158685", "properties": {"osm_id": 1419158685, "name": "", "water_type": "reservoir", "natural": "water", "water": "reservoir", "waterway": "", "width": null, "depth": null, "area_km2": 0.009, "length_km": null}, "geometry": {"type": "Polygon", "coordinates": [[[-46.7377895, -22.3304632], [-46.7377895, -22.3304632]]]}}, {"type": "Feature", "id": "osm/1496786360", "properties": {"osm_id": 1496786360, "name": "", "water_type": "pond", "natural": "water", "water": "pond", "waterway": "", "width": null, "depth": null, "area_km2": 0.007, "length_km": null}, "geometry": {"type": "Polygon", "coordinates": [[[-46.5517625, -22.3846582], [-46.5517625, -22.3846582]]]}}, {"type": "Feature", "id": "osm/1496786361", "properties": {"osm_id": 1496786361, "name": "", "water_type": "pond", "natural": "water", "water": "pond", "waterway": "", "width": null, "depth": null, "area_km2": 0.002, "length_km": null}, "geometry": {"type": "Polygon", "coordinates": [[[-46.551205, -22.3852221], [-46.551205, -22.3852221]]]}}, {"type": "Feature", "id": "osm/1496786362", "properties": {"osm_id": 1496786362, "name": "", "water_type": "pond", "natural": "water", "water": "pond", "waterway": "", "width": null, "depth": null, "area_km2": 0.001, "length_km": null}, "geometry": {"type": "Polygon", "coordinates": [[[-46.5511633, -22.3856683], [-46.5511633, -22.3856683]]]}}, {"type": "Feature", "id": "osm/1496794633", "properties": {"osm_id": 1496794633, "name": "", "water_type": "pond", "natural": "water", "water": "pond", "waterway": "", "width": null, "depth": null, "area_km2": 0.002, "length_km": null}, "geometry": {"type": "Polygon", "coordinates": [[[-46.3303715, -22.3015392], [-46.3303715, -22.3015392]]]}}, {"type": "Feature", "id": "osm/1496794635", "properties": {"osm_id": 1496794635, "name": "", "water_type": "pond", "natural": "water", "water": "pond", "waterway": "", "width": null, "depth": null, "area_km2": 0.016, "length_km": null}, "geometry": {"type": "Polygon", "coordinates": [[[-46.3344384, -22.3026066], [-46.3344384, -22.3026066]]]}}, {"type": "Feature", "id": "osm/1496794636", "properties": {"osm_id": 1496794636, "name": "", "water_type": "pond", "natural": "water", "water": "pond", "waterway": "", "width": null, "depth": null, "area_km2": 0.002, "length_km": null}, "geometry": {"type": "Polygon", "coordinates": [[[-46.3343489, -22.3021433], [-46.3343489, -22.3021433]]]}}, {"type": "Feature", "id": "osm/1496794637", "properties": {"osm_id": 1496794637, "name": "", "water_type": "pond", "natural": "water", "water": "pond", "waterway": "", "width": null, "depth": null, "area_km2": 0.004, "length_km": null}, "geometry": {"type": "Polygon", "coordinates": [[[-46.3358446, -22.3009267], [-46.3358446, -22.3009267]]]}}, {"type": "Feature", "id": "osm/1496794638", "properties": {"osm_id": 1496794638, "name": "", "water_type": "pond", "natural": "water", "water": "pond", "waterway": "", "width": null, "depth": null, "area_km2": 0.001, "length_km": null}, "geometry": {"type": "Polygon", "coordinates": [[[-46.3359409, -22.3001774], [-46.3359409, -22.3001774]]]}}, {"type": "Feature", "id": "osm/1499091384", "properties": {"osm_id": 1499091384, "name": "", "water_type": "reservoir", "natural": "water", "water": "reservoir", "waterway": "", "width": null, "depth": null, "area_km2": 0.009, "length_km": null}, "geometry": {"type": "Polygon", "coordinates": [[[-46.5882487, -21.8453546], [-46.5882487, -21.8453546]]]}}, {"type": "Feature", "id": "osm/1499091387", "properties": {"osm_id": 1499091387, "name": "", "water_type": "reservoir", "natural": "water", "water": "reservoir", "waterway": "", "width": null, "depth": null, "area_km2": 0.004, "length_km": null}, "geometry": {"type": "Polygon", "coordinates": [[[-46.5947637, -21.8425905], [-46.5947637, -21.8425905]]]}}, {"type": "Feature", "id": "osm/1499091388", "properties": {"osm_id": 1499091388, "name": "", "water_type": "reservoir", "natural": "water", "water": "reservoir", "waterway": "", "width": null, "depth": null, "area_km2": 0.003, "length_km": null}, "geometry": {"type": "Polygon", "coordinates": [[[-46.5946833, -21.8420291], [-46.5946833, -21.8420291]]]}}, {"type": "Feature", "id": "osm/1499091389", "properties": {"osm_id": 1499091389, "name": "", "water_type": "pond", "natural": "water", "water": "pond", "waterway": "", "width": null, "depth": null, "area_km2": 0.007, "length_km": null}, "geometry": {"type": "Polygon", "coordinates": [[[-46.5952412, -21.8400268], [-46.5952412, -21.8400268]]]}}, {"type": "Feature", "id": "osm/1499091390", "properties": {"osm_id": 1499091390, "name": "", "water_type": "pond", "natural": "water", "water": "pond", "waterway": "", "width": null, "depth": null, "area_km2": 0.015, "length_km": null}, "geometry": {"type": "Polygon", "coordinates": [[[-46.5956784, -21.8416364], [-46.5956784, -21.8416364]]]}}, {"type": "Feature", "id": "osm/1499091393", "properties": {"osm_id": 1499091393, "name": "", "water_type": "reservoir", "natural": "water", "water": "reservoir", "waterway": "", "width": null, "depth": null, "area_km2": 0.004, "length_km": null}, "geometry": {"type": "Polygon", "coordinates": [[[-46.5954837, -21.8407386], [-46.5954837, -21.8407386]]]}}], "metadata": {"source": "OpenStreetMap via Overpass API", "license": "ODbL", "query_area": "55.0km radius of Poços de Caldas Alkaline Complex center (-46.53311955736603, -21.914138005195028)", "generated": "2026-09-14T00:00:00.000Z", "total_features": 1789, "description": "Regional water bodies within 55km of the Poços de Caldas Alkaline Complex (Vulcan plateau): DMAE supply reservoirs (Cipó, Saturnino de Brito), Bortolan, Rio Pardo / Jaguari-Mirim reaches, Lagoa Branca. Far-field OSM features (Campinas, Araras, Atibaia, >55km) removed."}}